age_of_business_years,employee_count,avg_monthly_inflow,avg_monthly_outflow,min_ending_balance_avg,bounce_count_last_6m,account_vintage_months,cash_flow_volatility,has_gst_registration,gst_filing_regularity_score,annual_turnover_gst,gst_filing_delay_days_avg,upi_transaction_volume_ratio,pos_terminal_active_status,digital_payment_adoption_score,credit_default_status,net_cash_margin,cash_buffer_ratio,gst_to_bank_turnover_ratio,business_category_encoded,state_encoded
21.1,216,3141928.05,2356446.04,785482.01,0,240,0.05,1,87.5,40486503.33,10.3,0.245,0,12.4,0,0.24999999920431018,0.33333333191877373,1.0738232142203257,4,1
10.1,10,804944.28,765532.05,102572.0,1,96,0.179,1,87.7,8027956.83,0.0,0.466,1,50.7,0,0.04896268099451552,0.13398785850964698,0.8311089588710414,0,2
5.0,115,1426102.2,1257721.51,157201.3,0,20,0.249,1,89.0,18455979.84,13.0,0.266,0,3.8,0,0.1180705632457477,0.12498895721358855,1.0784629039910325,1,12
8.9,43,1275962.41,1304067.57,84142.23,3,85,0.55,1,87.9,11659151.69,3.7,0.703,0,42.7,0,-0.022026636348950242,0.06452290658527762,0.7614612833043152,2,11
3.5,77,708416.99,612102.97,66240.84,1,38,0.37,1,74.6,8375008.49,7.9,0.473,0,16.4,0,0.13595667715422807,0.1082184587341571,0.9851787633815315,4,13
6.0,42,503554.31,418812.78,34074.59,0,68,0.386,1,86.1,4349047.65,0.0,0.629,1,56.8,0,0.1682867732777423,0.08135995754475304,0.7197250233048349,2,5
3.4,47,406055.35,304541.51,75614.56,1,21,0.132,1,87.4,3985437.36,1.7,0.732,1,42.9,0,0.2500000061567961,0.2482898308345552,0.8179175080441621,2,10
0.5,21,275827.13,252381.8,24957.9,0,6,0.23,1,72.6,2842809.12,13.4,0.346,0,29.5,1,0.08500008682974737,0.09888946033351059,0.858874034617262,3,8
17.0,10,807347.82,688065.9,201836.95,0,92,0.05,1,79.4,7481602.68,21.3,0.281,0,23.2,0,0.14774539181885687,0.29333956238784686,0.7722407549202276,4,3
15.9,6,813418.1,692733.55,77642.6,0,127,0.281,1,71.8,8182351.59,7.4,0.206,0,18.6,0,0.14836718042049954,0.11208147779185806,0.8382683302719721,4,13
3.7,7,244314.2,249351.53,1708.29,2,28,0.487,0,,,,0.548,0,29.0,0,-0.02061824486665117,0.006850930491583508,,2,7
1.8,10,267821.23,289589.74,14450.48,2,20,0.282,1,76.8,3530823.68,7.0,0.178,0,7.4,0,-0.08128000158911977,0.04989983415848918,1.0986257761069453,4,10
6.9,6,414805.03,433553.37,16307.32,7,75,0.505,1,82.8,5108168.97,22.9,0.501,1,59.5,0,-0.045197957218599705,0.037613177819376654,1.0262188660055545,0,14
3.1,34,611686.8,672855.48,0.0,4,26,0.57,1,65.4,7800350.07,19.5,0.451,0,36.6,0,-0.09999999999999988,0.0,1.0626830144119506,4,3
3.9,8,319218.18,245515.85,79804.54,0,28,0.05,1,83.3,2922376.67,7.0,0.135,0,8.7,0,0.2308838738445285,0.32504842355391717,0.762899497662278,4,8
3.8,3,896735.26,760779.38,101262.61,0,25,0.457,1,97.3,8655054.23,15.2,0.505,0,26.6,0,0.15161205995178556,0.13310377839104945,0.8043115413646906,2,13
4.4,40,1477105.73,1350731.26,153066.52,0,42,0.354,1,90.6,15467955.49,8.8,0.667,1,61.9,0,0.08555546663541815,0.11332122423819524,0.8726499834465699,2,8
0.7,7,478917.3,457228.31,21685.18,2,7,0.322,1,66.3,4267067.59,24.4,0.251,1,40.8,0,0.045287547557793364,0.047427465722758945,0.7424851134701823,4,13
0.5,100,632766.01,565307.65,59264.98,0,6,0.42,1,92.4,5375479.84,0.0,0.626,0,13.7,0,0.1066086972655184,0.10483668494491451,0.7079341277091248,2,7
4.9,28,221960.4,209399.55,16664.98,3,51,0.108,0,,,,0.826,1,70.3,0,0.05659049992701404,0.07958460273672986,,0,1
1.0,3,155144.98,151759.82,13326.5,0,9,0.358,0,,,,0.371,0,5.2,1,0.02181933311667579,0.08781309835501913,,3,13
10.2,50,1268392.04,1151288.45,149935.76,2,79,0.252,1,87.5,12828151.81,11.2,0.635,1,54.0,1,0.09232444410483692,0.13023300980740318,0.8428093342759652,3,3
5.6,25,413624.31,412640.28,11893.13,4,27,0.371,1,83.2,4948976.36,14.3,0.437,0,27.0,0,0.0023790429532538106,0.028822028717118937,0.9970755748535832,4,13
5.0,1,145977.92,148864.04,1721.84,7,50,0.248,1,65.8,1669610.21,21.3,0.153,0,0.0,1,-0.019770935220888165,0.011566527416560776,0.953118006933286,1,11
1.5,6,815969.9,719148.93,58142.62,0,15,0.162,1,81.2,8547912.45,13.5,0.676,1,65.6,0,0.11865752646022845,0.0808492060191204,0.8729807772321012,2,3
18.2,7,479600.06,448424.97,25685.33,0,111,0.233,1,72.5,4715022.59,14.3,0.69,1,59.3,0,0.065002264595213,0.05727899139960918,0.8192629274622415,2,11
4.8,37,985704.03,1048739.15,0.0,3,37,0.776,1,86.6,8858952.48,9.8,0.728,1,78.6,0,-0.06394933781492186,0.0,0.7489530503390557,2,7
5.2,7,285774.14,243800.05,34761.4,0,59,0.339,1,81.4,3064798.57,5.1,0.528,1,52.0,0,0.1468785454135214,0.14258159504069012,0.8937123591145557,2,11
1.2,1,198699.05,177957.69,16883.64,0,12,0.212,1,74.7,1916399.2,14.4,0.295,0,15.8,0,0.10438580355567874,0.09487446145204514,0.8037277145176757,1,11
8.4,7,405077.36,403989.77,63158.91,0,81,0.329,1,65.4,4436420.99,11.1,0.407,0,13.4,0,0.0026848945593996353,0.15633789439767248,0.9126694939620092,4,12
2.7,14,649499.79,598896.29,76984.43,0,17,0.285,1,92.8,5942188.91,0.0,0.716,1,63.7,0,0.07791149555260056,0.1285438418728558,0.7624058033439344,0,8
7.2,6,265258.46,245623.87,14584.29,2,80,0.42,1,57.0,2784974.3,23.3,0.846,1,71.5,0,0.07402059862671308,0.059376517437006435,0.874924749494009,2,8
4.4,4,1463723.19,1288603.42,26271.58,1,43,0.206,1,92.3,18387892.11,0.1,0.123,0,0.0,0,0.1196399505018432,0.02038763795924118,1.046867572344741,4,3
1.5,1,333888.64,268088.83,55749.61,2,16,0.247,1,88.0,3090619.3,13.9,0.397,0,29.2,0,0.19707112527098855,0.20795200605709682,0.7713697846483585,3,5
4.5,50,1102289.48,974246.92,148029.77,0,23,0.289,1,85.5,12007828.16,14.4,0.472,0,41.1,0,0.11616055702536501,0.15194276416085564,0.9077945175224449,4,0
3.9,20,1084612.19,933114.95,182234.95,1,35,0.064,1,86.9,10678172.21,4.5,0.333,0,16.1,0,0.1396787177912872,0.19529742825361443,0.8204293593331887,4,8
0.8,8,633745.54,588223.65,112080.83,0,6,0.293,1,89.9,6959162.65,9.5,0.392,0,18.0,0,0.07182991773007193,0.19054118276271279,0.9150837114109447,4,11
7.5,2,225572.25,227511.0,10519.76,0,65,0.316,1,78.3,2568803.54,10.7,0.561,0,37.6,1,-0.008594807207003521,0.046238467590578036,0.9489951076281177,2,11
3.8,9,264664.77,198686.26,56511.82,0,41,0.128,0,,,,0.806,0,57.7,0,0.24929086708442535,0.2844274183831333,,0,10
12.2,3,197217.68,216939.45,0.0,8,104,0.631,0,,,,0.409,1,45.5,1,-0.10000001014107873,0.0,,0,11
17.5,45,918854.68,807654.73,124720.42,0,160,0.206,1,90.5,10042709.05,0.0,0.429,0,13.2,0,0.12102017045829278,0.15442294258587455,0.9107995410474846,3,12
13.1,2,200408.69,187238.41,13423.78,0,121,0.378,0,,,,0.425,0,25.5,0,0.06571711037081275,0.07169351630362596,,3,7
4.2,3,268648.56,265506.32,46626.15,0,39,0.315,0,,,,0.553,0,36.4,0,0.011696470660404771,0.17561220388275503,,2,6
4.9,8,925983.31,925857.71,0.0,4,41,0.356,1,68.9,8464346.12,13.9,0.645,0,21.3,0,0.00013563959376340501,0.0,0.7617439418715511,2,13
7.0,45,2536945.75,2104249.4,601406.1,0,51,0.074,1,88.0,28159493.52,3.4,0.128,0,0.0,0,0.17055798296041613,0.2858055228624516,0.9249801498514503,1,8
3.7,3,166659.06,162586.26,8308.83,1,43,0.411,0,,,,0.136,0,8.1,0,0.024437915346456344,0.0511041338917569,,4,8
3.9,3,1267425.22,1178792.25,51695.95,0,23,0.409,1,100.0,15312879.35,0.0,0.034,0,11.2,0,0.06993151832658022,0.043855013468234116,1.0068233289271824,1,11
3.1,1,337423.81,299796.01,41411.89,0,31,0.19,1,75.7,4447345.98,16.5,0.779,1,66.5,0,0.11151495207169876,0.13813355954937492,1.0983580708190097,2,0
14.3,4,486243.27,454906.97,91284.82,0,90,0.207,1,91.1,5433924.36,3.7,0.562,0,23.8,0,0.06444572487347752,0.2006670067068878,0.9312767043541806,3,5
3.9,3,186764.78,164117.89,28549.02,1,42,0.252,1,78.1,1738099.03,17.7,0.857,0,52.7,0,0.12125889046103866,0.17395434464822815,0.7755294431494704,2,6
1.4,7,553915.93,505222.31,22042.52,1,12,0.491,1,92.3,6165705.36,7.4,0.189,1,27.2,0,0.08790796105105705,0.043629348038886094,0.9275934346210264,4,11
4.8,5,834440.78,671012.06,128701.44,0,46,0.356,1,100.0,9979526.97,0.0,0.407,0,10.5,0,0.1958541863210472,0.19180197744881067,0.9966282418507879,2,3
3.1,226,1056448.25,936883.21,125215.15,1,27,0.261,0,,,,0.116,1,28.3,0,0.11317642866084547,0.13365075674693755,,1,1
5.6,3,460087.13,452548.07,24749.7,1,61,0.416,1,91.6,4628633.74,2.3,0.172,0,10.8,0,0.01638615711767464,0.05468965981890057,0.8383618084107967,1,5
2.4,5,691639.47,743261.68,53069.2,5,25,0.378,1,60.6,6465203.46,10.2,0.587,0,41.1,1,-0.07463745526263861,0.0714004252176703,0.7789708054110909,2,14
6.9,7,757412.28,688699.88,147370.6,1,72,0.279,1,81.2,8336643.95,12.4,0.308,0,19.7,0,0.09071994449311017,0.2139837747612211,0.9172287636618022,4,6
3.5,35,578236.28,589560.4,37818.51,2,28,0.394,1,76.1,5579417.89,8.4,0.276,0,12.8,0,-0.019583897433761842,0.06414696441619892,0.8040856426949434,4,8
5.2,1,177361.85,171638.43,20236.76,0,27,0.25,0,,,,0.037,0,3.7,0,0.03226973557165767,0.11790343223251343,,1,0
3.5,4,553788.56,553835.62,95257.03,1,24,0.247,1,69.2,5389753.26,17.0,0.113,0,0.0,0,-8.497828124138111e-05,0.1719951309740605,0.8110425845560983,1,13
4.3,9,287354.4,258329.17,50715.71,0,49,0.194,1,80.1,3389789.12,10.7,0.431,1,56.8,0,0.10100847594468715,0.19632204137070544,0.9830454194077649,0,8
2.9,8,573671.12,455235.93,137395.92,1,26,0.153,1,99.8,6462926.52,0.0,0.069,0,9.4,0,0.206451372347278,0.30181255684277825,0.9388257334620576,1,8
1.8,50,726694.65,758940.7,36653.33,0,20,0.472,1,86.2,9257913.69,11.5,0.457,0,19.9,0,-0.044373589374849434,0.0482953806535873,1.0616464666418004,3,0
7.3,1,133903.38,128138.95,17719.76,0,65,0.408,1,86.6,1756769.15,8.1,0.419,1,32.5,0,0.04304917471089981,0.13828550959719896,1.0933064510146544,0,0
6.9,3,186088.34,175966.28,20439.76,0,78,0.219,1,85.2,1748439.1,2.1,0.481,0,30.1,0,0.0543938432682026,0.1161572546740205,0.782978978335415,3,1
3.6,8,345566.82,294549.02,58192.38,0,40,0.05,0,,,,0.47,0,21.8,0,0.14763512307113277,0.19756433071819418,,3,10
0.5,22,770570.26,746476.92,103050.76,0,6,0.41,1,90.7,8978297.23,6.5,0.646,1,61.5,0,0.03126689576626013,0.13804949254157783,0.9709581003467916,2,0
6.0,7,248295.98,209417.51,49410.61,0,69,0.22,0,,,,0.191,0,1.2,0,0.15658114964245495,0.23594306894394837,,1,3
0.8,9,455689.28,383346.47,74762.75,0,8,0.313,1,70.5,4180836.31,16.4,0.485,0,13.6,1,0.15875468916012256,0.19502657739355211,0.7645626990245048,3,3
0.9,7,273460.42,251432.1,37174.95,0,6,0.278,0,,,,0.894,1,79.4,1,0.0805539609717559,0.14785283979253244,,2,13
7.7,7,283165.09,265778.37,20244.89,0,69,0.304,0,,,,0.158,0,0.7,0,0.061401354241795936,0.07617207525202295,,1,12
0.9,10,184138.04,165112.66,20435.76,0,7,0.323,0,,,,0.62,0,28.1,0,0.10332129091848705,0.12376858322069306,,2,14
15.1,9,569212.73,470238.07,77737.79,0,150,0.14,1,70.2,7007111.8,10.4,0.387,0,17.6,0,0.1738799130511364,0.16531581545492477,1.0258484263578107,3,5
3.1,3,555388.94,524411.36,100032.62,1,30,0.279,1,83.2,5085204.59,13.3,0.818,1,66.6,0,0.05577637178010776,0.19075219880820277,0.763009521159472,2,5
3.3,10,1021943.31,1124137.64,57545.54,1,33,0.374,1,76.2,11077127.5,15.6,0.387,0,26.4,0,-0.09999999902147198,0.05119083104449737,0.9032731554682161,4,10
9.1,37,374004.37,386347.0,0.0,3,54,0.632,1,82.6,4184967.18,14.0,0.213,0,28.9,0,-0.033001298888566476,0.0,0.9324684227620123,1,12
21.5,1,315148.31,276110.85,45513.34,0,85,0.12,1,86.6,4105112.3,7.8,0.588,0,32.3,0,0.1238701232445131,0.1648372021599296,1.08549746519874,3,11
6.6,4,273576.6,287939.44,19454.46,1,74,0.541,1,81.7,3525988.91,10.7,0.485,1,39.3,0,-0.05250025038691184,0.06756441562850855,1.0740407226592723,2,8
7.8,6,432702.36,384679.64,85780.24,0,70,0.05,1,92.2,4199038.99,4.5,0.178,0,11.4,0,0.11098326341460207,0.22299137016973397,0.8086850181111407,4,6
5.2,36,475097.21,410774.28,55882.51,0,39,0.259,1,79.3,4616663.83,14.9,0.424,1,42.8,0,0.13538898702436075,0.13604189142513987,0.809775300160852,3,13
5.5,16,1695634.48,1686388.41,153760.97,0,65,0.467,1,90.8,21477576.11,8.6,0.235,0,2.0,0,0.005452867412792918,0.0911776724082206,1.0555329171925465,1,3
4.7,8,434254.13,390681.96,54158.41,0,52,0.328,1,80.6,4266498.99,11.7,0.652,0,28.7,0,0.10033795188084908,0.13862531558918154,0.818740820035494,2,11
4.5,162,769609.41,711021.72,88419.47,0,46,0.2,1,82.1,9495273.44,0.0,0.167,0,16.2,0,0.07612652501221374,0.1243555119525744,1.0281485340293157,4,6
9.3,44,330249.07,297000.58,51132.96,0,92,0.215,1,86.5,3840335.17,15.7,0.53,0,34.8,1,0.10067701326153618,0.17216451227132282,0.9690502105981202,3,8
6.1,8,226041.25,191765.71,41277.11,0,53,0.1,0,,,,0.183,0,23.8,0,0.15163400485530854,0.2152476060501119,,1,3
6.9,5,138587.1,138624.08,6825.36,0,49,0.569,0,,,,0.456,1,55.6,0,-0.00026683580217770175,0.04923646743047817,,0,4
2.1,41,495821.57,466704.17,64249.16,0,8,0.257,1,74.2,5495430.31,8.0,0.456,1,51.7,0,0.05872556129415673,0.13766570802227887,0.9236236451619749,3,13
3.1,4,333047.47,289045.97,66118.31,0,19,0.32,1,87.8,4384784.11,1.1,0.354,0,19.8,0,0.13211780290659467,0.22874669382174748,1.097136921152211,3,0
13.3,8,286093.9,249346.41,12308.42,1,129,0.45,0,,,,0.517,1,47.9,0,0.12844555581227007,0.04936273195190578,,2,1
5.5,110,1087305.03,988766.05,177189.65,0,50,0.23,1,81.0,10082622.4,16.7,0.394,0,8.2,0,0.0906268041452912,0.17920280535522026,0.7727532846356219,4,6
4.0,230,438712.42,482583.66,0.0,3,31,0.622,1,63.3,5001841.99,24.2,0.265,1,39.3,1,-0.09999999544120496,0.0,0.9500988502521386,3,1
2.5,5,478657.71,474224.67,32885.78,0,16,0.304,1,58.5,5573897.64,26.0,0.283,1,52.6,0,0.009261398923251517,0.06934641337828333,0.9704042372993427,1,7
8.5,3,163746.29,153490.26,19493.81,0,50,0.326,0,,,,0.214,0,24.8,0,0.0626336633336853,0.12700356361374332,,4,11
19.1,9,319701.43,276176.8,45120.22,0,203,0.138,1,85.7,3173450.19,7.2,0.59,0,42.8,0,0.1361414930174069,0.16337440364288386,0.8271911154729585,2,0
4.6,7,800703.86,678678.15,108927.34,0,39,0.367,1,87.0,8078438.23,2.5,0.567,0,30.9,0,0.152398053882243,0.16049925874289603,0.8407642568793579,3,10
11.5,114,2251721.62,1688791.22,403529.32,0,134,0.05,1,93.0,19748591.7,2.9,0.408,0,25.9,0,0.2499999977794769,0.23894565250049085,0.7308700864185866,4,7
5.2,8,455128.89,455330.84,8822.53,3,55,0.332,1,87.1,4827958.26,1.0,0.314,0,19.6,0,-0.00044372045905504185,0.019376087066713954,0.8839910272450514,3,14
8.9,1,361292.69,310635.97,57506.57,2,94,0.351,1,88.9,3078868.46,3.3,0.384,0,18.2,0,0.14020964553697454,0.18512527702442189,0.7101510181860216,4,10
6.3,8,333201.7,290251.15,43096.74,0,51,0.261,1,77.7,4200313.58,13.6,0.579,0,25.5,0,0.12890255361842387,0.14848085873217037,1.050493234778414,2,14
16.8,46,382292.72,365593.75,18398.39,2,188,0.438,1,85.8,3995850.16,3.1,0.142,0,3.4,0,0.04368110907264981,0.050324684161039406,0.871027607675431,4,6
10.3,7,440647.86,416673.52,33707.04,0,119,0.224,1,83.3,5599562.58,11.9,0.171,0,0.0,0,0.05440702696252733,0.08089556542973982,1.0589639877066463,4,13
8.8,4,289884.87,306199.4,309.61,5,89,0.336,0,,,,0.464,1,50.2,1,-0.05627934289913105,0.0010111384934131157,,2,5
2.8,19,1137851.19,1003283.4,157483.8,0,27,0.281,1,69.5,11921808.36,12.5,0.41,0,20.7,0,0.11826484094110754,0.15696840992285926,0.8731229871983524,4,11
10.4,1,476841.39,444752.07,30384.34,0,108,0.553,1,79.1,6186873.64,4.1,0.45,0,28.7,0,0.0672955843870852,0.0683174785448441,1.0812249400861225,4,5
5.9,37,1420469.13,1299246.73,100826.86,0,62,0.325,1,92.6,17161776.36,0.7,0.282,1,39.5,0,0.08533969337299144,0.07760408987136723,1.0068138756383957,1,3
1.1,23,668520.1,555463.04,150817.91,0,12,0.137,1,82.8,7519974.69,2.6,0.204,0,16.3,0,0.16911542375464844,0.2715174532584562,0.937390749358172,4,11
2.2,4,275331.45,260001.0,11039.79,1,18,0.608,1,79.7,3043980.78,13.5,0.822,0,37.8,0,0.055679981346119414,0.042460567459355926,0.9213079907871039,0,1
7.5,3,602307.03,532760.97,16269.49,0,49,0.452,1,63.6,7750535.61,12.7,0.47,0,22.0,0,0.11546612696849985,0.030538066630519126,1.0723400779499452,4,3
1.7,6,675932.12,638905.0,98417.91,0,18,0.218,1,96.4,8186803.11,2.8,0.116,0,0.0,0,0.05477934677819423,0.15404153982203928,1.0093226410072065,1,13
6.5,7,421847.41,463455.06,0.0,4,75,0.307,1,53.8,5274972.0,26.4,0.038,0,10.7,1,-0.09863199112683903,0.0,1.0420379255143466,1,13
8.3,4,240839.61,243433.51,24497.12,0,93,0.449,1,82.9,3087989.44,9.1,0.021,1,18.5,1,-0.010770238334134586,0.10063166734933082,1.0684806097025874,1,10
1.5,42,1194229.03,1182881.99,96414.46,2,8,0.65,1,78.8,15362602.17,11.8,0.121,0,14.9,0,0.009501561019664742,0.08150809701650796,1.0720027861824797,1,14
5.3,11,720450.74,590482.62,166654.76,0,45,0.107,1,75.4,9031647.09,11.0,0.846,1,66.6,0,0.18039834340374195,0.28223482682690987,1.0446755284060087,2,9
7.0,41,281742.79,259914.86,9875.31,5,64,0.285,1,98.3,3349918.05,2.6,0.558,1,57.4,0,0.07747467113532877,0.037994403244200815,0.9908322321220714,0,5
7.9,10,546319.24,551180.3,0.0,1,59,0.46,1,69.6,7167741.3,4.7,0.538,1,59.2,0,-0.008897837828299908,0.0,1.0933383473735978,2,6
9.0,5,595951.56,570816.75,53717.51,0,92,0.32,1,71.6,6858217.72,11.2,0.041,0,0.0,0,0.042175927855613055,0.0941064010472713,0.9590010022514804,1,11
1.8,5,1405059.33,1356667.5,276477.9,0,19,0.174,1,88.3,15833483.5,15.8,0.547,1,72.7,0,0.03444112925822148,0.20379193870274037,0.9390756177771747,3,8
6.6,8,167863.81,149498.02,21233.75,0,55,0.271,0,,,,0.442,0,42.0,0,0.10940887139401881,0.1420336536898616,,2,0
6.2,204,2479275.42,1859456.57,619818.86,0,59,0.05,1,100.0,26516001.79,9.4,0.128,0,2.4,0,0.2499999979832817,0.33333333512597174,0.891255081225842,1,11
9.5,9,599390.45,557201.13,52854.88,0,91,0.355,1,74.7,7173394.52,0.0,0.153,1,49.7,0,0.07038704070109884,0.09485781193588032,0.9973179864088036,1,10
2.7,8,204370.31,209996.88,21916.76,1,29,0.484,0,,,,0.357,0,38.6,0,-0.027531249524453953,0.10436707440605783,,4,8
10.2,19,549907.77,604898.54,0.0,6,85,0.529,1,74.5,6639185.51,19.1,0.822,1,81.1,1,-0.0999999872705927,0.0,1.0061059133000914,2,8
2.8,2,494854.37,422341.09,93451.23,0,25,0.168,1,94.2,4833917.5,1.2,0.801,1,60.3,0,0.14653458551856371,0.22126956673810733,0.8140303142787915,2,13
4.0,151,604810.57,547582.6,37005.65,3,41,0.553,1,78.1,7901860.6,17.9,0.269,0,2.4,0,0.09462131258717912,0.06758003267452253,1.0887514471404383,4,11
4.8,37,782241.81,727871.67,85928.99,0,52,0.467,1,72.0,7943447.55,16.8,0.253,0,5.9,0,0.06950554074832693,0.11805513738431392,0.8462267728951997,1,8
4.5,11,278238.44,247265.74,51990.22,1,22,0.182,0,,,,0.819,1,65.4,0,0.1113171134800785,0.21026050758184292,,2,8
0.7,7,183226.3,179095.37,12215.8,0,7,0.519,1,63.7,2018764.23,13.3,0.864,0,34.8,0,0.022545507931994443,0.06820835178486188,0.9181561407941984,2,8
10.0,5,123126.89,135439.58,7645.63,1,93,0.531,1,80.6,1584956.25,15.1,0.815,1,92.3,0,-0.10000000812170264,0.05645048515360134,1.0727119599950914,0,3
5.2,5,375130.33,376520.16,2926.1,5,58,0.43,1,71.7,3677821.54,10.6,0.445,0,18.6,0,-0.003704925698756371,0.007771429821978191,0.8170097265484594,0,6
10.3,7,189008.58,176380.73,18472.61,0,99,0.363,1,76.9,2390364.91,10.4,0.183,0,16.5,0,0.06681098815725708,0.10473145223970895,1.0539049382484824,1,10
3.1,153,900475.63,897799.47,8265.97,1,29,0.474,1,84.3,7855621.85,2.7,0.551,1,60.0,1,0.0029719405065965336,0.009206922343137493,0.726988196412008,2,2
5.9,8,534994.28,538225.79,11021.6,3,21,0.438,1,62.1,6835238.78,16.8,0.16,0,3.5,1,-0.006040270187561649,0.020477651210284813,1.0646903209257987,1,10
2.9,2,256117.48,281729.23,0.0,4,24,0.824,1,73.6,2247076.29,17.9,0.463,0,2.9,1,-0.10000000780891632,0.0,0.7311346242357217,3,8
15.1,3,256209.58,254862.4,25168.94,0,104,0.35,1,70.9,2634593.36,9.4,0.7,1,68.0,0,0.005258117202330971,0.09875501447055351,0.8569134950639499,2,3
6.6,178,1527143.16,1240661.39,368883.55,4,56,0.173,1,78.4,19172467.22,19.7,0.428,1,70.4,0,0.1875932640133097,0.29732814527257917,1.0462055185884909,2,3
3.3,3,484020.71,513617.42,27188.47,2,38,0.571,1,76.3,4200844.21,13.7,0.239,0,12.3,1,-0.06114761081194224,0.05293525675200036,0.7232549012899331,1,2
13.0,3,803923.35,780982.59,126725.14,0,100,0.374,1,82.1,9085811.88,12.2,0.441,0,25.7,0,0.02853600408546413,0.1622637196048122,0.9418198762357134,4,14
9.8,1,367760.22,348901.19,21777.14,0,108,0.216,1,78.0,4313624.71,9.5,0.472,0,34.3,0,0.051280777458747366,0.062416353466722196,0.9774540754661648,3,11
15.5,3,283577.65,243620.88,39940.28,0,91,0.164,1,81.7,2453940.6,18.1,0.602,0,51.9,0,0.14090239481143882,0.16394440410854766,0.7211254130923223,2,10
2.5,24,729346.25,592423.52,130544.28,1,12,0.05,1,86.7,6145954.9,3.1,0.425,1,48.3,0,0.1877335079189068,0.22035634236804102,0.7022218984924284,0,8
4.2,2,484850.9,434205.18,68187.63,1,38,0.306,1,86.3,5980905.71,0.6,0.666,1,61.8,0,0.10445627717716936,0.15704011177388535,1.0279630483653153,2,3
5.7,1,187552.15,161447.09,32072.59,0,59,0.1,0,,,,0.447,0,20.9,0,0.13918827376812262,0.19865697176703526,,3,10
2.5,1,368984.02,351642.15,39213.91,0,20,0.34,0,,,,0.11,0,0.0,0,0.04699897301785588,0.11151652326093445,,1,5
2.5,8,1331677.51,1246567.5,198768.93,2,26,0.25,1,78.2,14975230.76,8.3,0.286,0,8.3,0,0.0639118775836351,0.1594530019433364,0.9371156960266352,4,8
10.2,136,845728.86,930301.74,0.0,7,113,0.764,1,91.6,8385305.15,0.0,0.355,0,14.4,0,-0.09999999290552768,0.0,0.8262404917418411,3,8
6.8,5,492272.52,501547.87,36283.51,3,71,0.563,1,80.8,5802160.72,7.0,0.442,0,20.0,0,-0.018841900823551916,0.07234306468094462,0.9822067527420245,4,10
0.5,10,460430.8,365902.0,115107.7,0,6,0.05,1,80.7,5125195.93,12.3,0.223,0,9.6,0,0.20530511859762637,0.31458614601723955,0.9276087977462266,4,0
6.1,6,617771.06,572878.93,122196.14,0,58,0.248,1,84.1,5740630.43,6.1,0.317,0,5.4,0,0.07266790710461575,0.21330185768919793,0.7743740361788177,4,8
6.7,5,738386.69,748669.56,77597.92,0,47,0.418,1,84.4,6859240.85,12.6,0.13,1,39.4,0,-0.013926131306619452,0.10364775616094234,0.7741247396627189,4,1
9.8,9,247751.89,221988.29,10094.15,0,111,0.173,0,,,,0.797,1,60.1,0,0.10398951951486628,0.045471542665606365,,0,8
6.8,9,547286.67,569661.93,0.0,3,53,0.486,1,73.3,5952932.42,20.6,0.369,0,14.0,0,-0.040883984987246276,0.0,0.9064311792331186,4,8
5.2,43,543309.86,456271.48,93485.31,0,30,0.166,1,82.6,6370401.38,12.3,0.43,0,25.9,0,0.16020025846760816,0.20488966349595203,0.9770976393961756,2,12
15.3,49,732773.52,729808.21,62739.67,0,177,0.371,1,62.8,6768926.63,16.2,0.254,0,5.3,0,0.0040466937178625885,0.08596733928219306,0.769783846947235,4,6
6.5,39,865506.26,828483.09,160208.48,0,49,0.151,1,70.4,11307288.78,12.2,0.119,0,7.4,0,0.042776316834496425,0.19337567891699517,1.0886969956751091,1,11
3.2,47,1144916.25,1018743.54,113078.48,0,36,0.359,1,76.9,9893154.21,10.6,0.407,1,52.9,1,0.11020256721834454,0.11099798483139338,0.7200784489695208,2,5
4.5,9,266188.0,239475.97,39891.29,0,49,0.161,1,75.7,2667002.69,20.8,0.17,0,0.0,1,0.10035024118292335,0.16657742319615618,0.8349370526344789,1,14
2.3,43,820608.91,772568.62,99897.22,0,22,0.344,1,74.2,10415200.44,7.7,0.266,0,13.9,0,0.05854224760976582,0.12930530365056764,1.0576699319533345,4,11
6.7,4,268679.44,272680.29,4038.2,1,44,0.493,1,91.2,3113579.67,12.6,0.459,1,40.0,0,-0.014890793281391299,0.014809284528779106,0.9657046050862692,3,0
5.9,8,511037.56,413750.18,39235.51,2,67,0.353,1,85.9,4293365.8,0.0,0.371,1,61.3,0,0.19037226931030277,0.09482898593542606,0.7001060417816125,3,8
13.9,20,1442688.9,1278228.4,184198.73,0,146,0.294,1,87.8,15005611.27,3.6,0.313,0,12.6,0,0.11399581711621959,0.14410470773454886,0.8667617847710157,4,11
12.3,2,107471.15,104737.35,9664.79,1,110,0.441,0,,,,0.636,1,62.9,0,0.025437524396082004,0.0922764419760477,,2,13
1.4,5,603045.77,467705.02,101196.12,0,13,0.32,1,77.4,5124422.72,4.0,0.575,0,41.0,0,0.22442865323472877,0.21636740182946934,0.7081307056787193,3,12
2.4,4,993895.2,777914.37,247176.69,1,21,0.05,1,85.7,9561202.21,0.0,0.696,0,46.3,0,0.21730744851167402,0.3177427998919727,0.8016608298675086,2,7
10.6,1,111767.33,97086.36,17114.81,0,125,0.247,0,,,,0.464,0,18.9,0,0.13135296333910815,0.1762843925758469,,4,2
4.5,2,391931.96,431125.16,5793.5,7,45,0.731,1,69.5,3554448.36,23.5,0.438,0,24.8,0,-0.10000001020585295,0.013438093012247302,0.7557537027600402,3,11
2.8,5,348783.45,346599.07,0.0,3,28,0.439,1,77.2,3978266.6,21.0,0.67,0,40.3,0,0.0062628545018406255,0.0,0.9505101709002152,2,1
0.9,1,109293.69,100809.55,4276.43,3,6,0.418,0,,,,0.158,0,0.0,0,0.07762698834671973,0.04242088175177848,,4,12
13.4,48,996124.23,765651.92,179130.49,0,151,0.05,1,99.6,10868655.45,3.1,0.245,0,0.0,0,0.23136904319654983,0.23395812812694308,0.9092453132075704,1,10
6.0,9,312794.77,292850.74,14869.68,4,36,0.408,1,88.1,3188411.29,2.3,0.547,0,28.9,0,0.06376075277729236,0.050775627201761556,0.8494417628316909,0,3
5.4,25,2352103.65,2019450.59,460401.28,0,52,0.39,1,76.5,30738011.86,12.0,0.302,0,23.6,0,0.1414278915812234,0.22798343385068906,1.0890255573275156,4,6
4.1,1,126354.36,109734.81,13105.05,0,32,0.272,1,96.9,1351785.72,3.4,0.563,1,52.9,0,0.13153127442535423,0.11942472949103387,0.8915308502215514,2,8
15.7,1,105205.52,99129.51,7706.47,0,140,0.283,0,,,,0.251,0,6.4,0,0.057753718626171034,0.07774143138607263,,3,8
10.5,29,489107.65,514244.43,43179.78,4,86,0.478,1,69.3,4551744.23,10.2,0.314,0,11.9,0,-0.051393144229087334,0.08396742381828035,0.7755184756702674,4,14
4.0,1,331126.11,333590.15,5059.0,1,27,0.293,1,85.7,2952827.49,0.0,0.551,1,68.3,0,-0.007441394458443756,0.01516531588237842,0.7431276183566438,0,8
2.9,7,321819.32,303926.46,49075.24,1,21,0.252,1,71.9,4195557.05,5.9,0.687,1,53.8,0,0.055599085847300854,0.1614707715807304,1.0864162977122276,0,11
6.0,4,343646.76,318660.54,31555.96,1,56,0.392,0,,,,0.478,0,20.5,0,0.07270902248576425,0.09902688296454905,,2,3
9.8,26,447618.62,427126.02,81123.05,1,60,0.05,1,100.0,4441404.35,0.0,0.312,0,26.1,0,0.04578138416136482,0.1899276705268389,0.8268579827324133,4,0
3.2,90,913734.13,889843.46,69182.57,0,23,0.449,1,93.0,11087763.23,2.0,0.419,0,12.8,0,0.02614619418889392,0.0777468994377955,1.0112134797533137,4,14
10.2,3,701745.29,594516.26,92544.33,0,102,0.257,1,99.8,7575060.64,0.0,0.144,0,12.4,0,0.1528033483488005,0.15566324460158584,0.8995501107436479,1,8
3.8,2,474701.9,408058.78,103184.58,0,28,0.246,1,90.2,5417862.06,8.0,0.713,1,64.4,0,0.14038941070174776,0.25286695215821603,0.9510990055021897,2,11
9.3,5,706797.97,530098.48,176699.49,1,103,0.05,1,81.8,8936979.71,1.4,0.276,0,4.8,0,0.24999999646292137,0.3333333270451936,1.0536933335655543,4,4
7.6,5,345667.43,307152.4,26533.16,1,45,0.521,1,77.3,3692906.88,10.6,0.884,0,56.5,0,0.11142221296348334,0.08638434861651739,0.8902841670677506,2,10
8.7,213,547438.17,590409.64,0.0,4,49,0.459,1,73.6,4733950.11,5.8,0.829,0,58.2,0,-0.07849556781910177,0.0,0.7206217324962926,2,9
4.5,22,933274.8,989980.89,91154.83,2,48,0.3,1,81.1,12188032.56,8.2,0.435,0,13.3,0,-0.06076033554104318,0.09207736323071852,1.0882854439014102,4,1
17.1,2,139088.22,125129.65,31426.11,0,63,0.345,0,,,,0.5,0,24.0,0,0.10035767227447448,0.25114838889104224,,3,10
10.5,13,727481.75,650125.59,72248.58,0,115,0.319,1,80.7,8668692.87,24.9,0.18,0,4.2,0,0.10633415889814422,0.11113018947615953,0.993002329611705,4,11
4.3,2,331816.61,322707.84,30931.44,0,35,0.354,0,,,,0.212,0,6.0,1,0.027451217707274995,0.09584967009168416,,1,7
2.4,10,1199026.72,1161818.75,219249.54,0,26,0.104,1,96.2,10909136.65,2.1,0.44,0,20.0,0,0.031031810533796923,0.18871234433081752,0.7581938798105627,4,8
9.7,44,1735450.96,1549153.03,252995.43,0,87,0.228,1,100.0,17829746.18,0.0,0.801,1,86.9,0,0.10734842660146383,0.16331209706248323,0.8561533664233685,2,7
6.7,28,722862.57,700284.45,96511.59,1,75,0.188,1,85.5,7352595.61,13.5,0.52,0,30.3,0,0.031234318855380763,0.13781769679449543,0.8476248823249118,3,13
6.2,6,535216.73,519401.33,5401.16,3,41,0.423,1,71.5,6106717.35,28.4,0.433,0,29.0,1,0.02954952473178476,0.010398818193245674,0.9508169008468774,4,1
19.3,1,315835.6,290566.05,20033.04,1,143,0.361,1,63.2,3025159.31,9.4,0.274,0,25.8,1,0.08000855508372073,0.06894487501206698,0.7981893401714901,4,0
3.6,3,283366.96,311703.66,0.0,2,38,0.585,1,67.9,2765274.37,14.2,0.248,0,16.9,1,-0.10000001411597156,0.0,0.8132194763755567,1,0
2.1,2,208336.91,212210.28,17808.3,0,9,0.434,0,,,,0.353,0,5.6,0,-0.018591856815002177,0.08391817776217061,,3,8
3.3,4,938049.14,860444.33,94559.43,0,27,0.251,1,81.8,9782825.84,10.0,0.409,1,52.6,0,0.08273000495475115,0.10989604638338427,0.8690754587405375,2,3
4.3,10,729415.88,686308.84,82913.26,1,27,0.222,1,74.9,7271361.39,21.7,0.261,0,29.4,0,0.0590980278630622,0.12081042115092092,0.830728805218773,1,6
5.1,6,635584.67,617179.44,58546.62,0,50,0.24,1,92.2,6493504.97,0.0,0.55,0,34.3,0,0.028957951424473622,0.09486158514936921,0.8513821048683672,3,14
9.3,4,512925.75,444532.18,80923.52,0,89,0.192,1,90.1,6249930.58,0.9,0.593,1,51.3,1,0.13334009844504785,0.18204198400214808,1.0154053453805612,2,10
2.0,32,671098.68,638641.69,75086.42,0,17,0.361,1,87.4,5922718.97,15.4,0.691,0,20.1,0,0.04836396042382337,0.117572061416786,0.7354505810779819,2,14
4.2,20,812795.32,724028.82,99278.35,0,37,0.222,1,79.9,8400718.07,14.5,0.823,1,61.7,0,0.10921138177813328,0.13711933455908568,0.8612990527143619,2,0
3.2,8,232074.51,219981.83,14286.64,2,33,0.259,1,85.6,3014593.93,10.3,0.633,0,45.1,0,0.05210688584455062,0.06494463656384712,1.0824806258702575,2,10
6.9,21,447609.29,335706.97,96376.84,0,50,0.084,1,100.0,5651836.43,0.0,0.153,1,36.1,0,0.2499999944147719,0.28708620497215176,1.0522265281104122,4,11
14.0,25,859753.27,810956.5,96375.32,0,141,0.193,1,85.4,8681540.25,6.6,0.094,0,5.8,0,0.056756713469667895,0.11884154082247322,0.8414759358809999,1,5
5.2,7,337285.37,301380.49,15426.18,2,47,0.274,1,77.0,3699408.94,1.4,0.484,0,30.1,0,0.10645252712858552,0.051185065098274946,0.9140155659088721,0,7
3.9,6,231902.81,202660.21,37529.95,0,37,0.135,0,,,,0.583,1,54.8,0,0.1260985151495146,0.18518657411832345,,2,11
4.1,157,1145081.37,927954.05,222961.7,0,36,0.05,1,99.6,13540137.64,10.3,0.549,1,51.6,0,0.18961737190781477,0.24027234969231503,0.9853839499050913,3,8
5.6,4,793939.54,873333.49,0.0,5,35,0.537,1,81.4,8793099.52,2.3,0.152,0,21.7,1,-0.09999999496183293,0.0,0.9229396653217866,4,9
6.3,1,284706.86,263296.23,29935.43,1,61,0.288,1,77.7,3233779.23,30.2,0.076,0,4.9,0,0.07520236779682796,0.11369486756418808,0.9465230395221247,1,0
2.1,3,84116.78,88127.44,6681.73,1,12,0.379,0,,,,0.458,1,58.9,1,-0.04767966629250434,0.07581895037459388,,3,3
7.1,4,602241.05,544896.83,125515.99,0,84,0.164,1,92.0,6845756.91,4.7,0.307,0,21.7,0,0.09521805263855741,0.23034817435072988,0.9472614703032947,4,5
3.8,8,763864.44,709431.4,91578.83,0,35,0.322,1,84.8,8357521.03,1.2,0.409,1,52.1,0,0.07126007855529959,0.12908764681123502,0.911758748493821,4,13
11.1,29,1068002.86,945397.85,213519.2,0,128,0.188,1,77.2,11561792.98,8.9,0.869,1,65.6,0,0.11479839108296032,0.22585115885338644,0.9021349889768397,2,12
6.8,9,556357.79,484132.91,125981.85,0,71,0.084,1,92.3,5755873.21,20.2,0.309,0,5.6,0,0.12981732492682463,0.2602216197200889,0.8621360380939994,4,11
3.7,1,253475.72,209680.6,21948.23,0,30,0.187,0,,,,0.226,0,5.8,0,0.17277836315052186,0.10467458601320294,,4,8
4.2,9,254346.48,228637.66,10958.11,1,15,0.309,0,,,,0.556,1,57.0,1,0.1010779469014079,0.04792784355823096,,0,8
2.5,2,442836.17,424841.36,32792.74,1,28,0.288,1,97.5,5264541.38,0.0,0.175,0,24.7,0,0.040635366347785,0.07718820032023248,0.9906864239808294,1,8
14.6,6,339477.1,277375.52,67777.19,0,92,0.07,0,,,,0.663,0,16.9,0,0.1829330461465588,0.24435173659160692,,3,3
7.1,10,494647.9,488325.63,79730.03,0,65,0.367,1,86.2,5610325.15,13.6,0.297,0,18.1,0,0.012781354171320687,0.1632722615849592,0.9451714963984145,3,6
3.2,1,271926.09,226799.11,42596.96,0,15,0.384,1,84.8,2792011.4,0.0,0.512,0,24.3,0,0.16595310880246922,0.1878180209790065,0.8556281475847597,3,6
15.4,9,317462.93,323696.03,37760.64,0,48,0.332,1,75.2,3761587.22,15.8,0.112,0,5.9,0,-0.019634103421146007,0.11665462810897,0.9874085193715898,1,12
2.5,8,923701.35,819315.91,172811.68,0,24,0.236,1,86.3,10935978.59,11.0,0.031,0,4.3,0,0.11300778114051684,0.21092191411246974,0.9866084413178207,1,10
2.3,46,281441.44,254257.6,52066.6,0,16,0.203,1,83.0,2945659.17,1.3,0.518,1,56.5,1,0.09658790830518774,0.20477893286179055,0.8721942209363339,0,5
2.3,36,682423.44,728064.6,22381.43,1,23,0.534,1,82.0,7322763.94,11.1,0.614,1,39.2,0,-0.06688099693644761,0.030740994686460518,0.8942106800043876,2,5
14.2,4,182077.78,191311.76,0.0,2,126,0.674,1,77.2,2240326.9,0.0,0.512,1,59.0,0,-0.05071448037206962,0.0,1.0253525077762555,2,2
1.8,47,866793.59,953472.95,144307.31,6,15,0.321,1,83.5,11395028.86,7.7,0.319,0,25.0,1,-0.10000000115367719,0.1513491389556463,1.095515413690742,4,14
6.0,6,535465.97,462696.13,76383.16,1,52,0.297,1,88.2,5477797.14,6.5,0.141,1,53.8,0,0.13590002740977167,0.16508277257473497,0.8524969289831807,4,3
3.3,5,449859.77,366221.12,82634.59,0,37,0.115,1,93.7,4057654.08,0.0,0.639,0,42.2,0,0.18592160397005497,0.22564124646880004,0.7516516535808481,3,14
3.2,28,618144.69,624749.25,71285.79,0,27,0.173,1,90.7,7214995.98,5.8,0.629,1,59.9,0,-0.010684488772361786,0.11410304214050676,0.9726681709423082,3,10
13.1,29,293744.52,267220.45,17367.37,0,139,0.05,0,,,,0.112,0,3.2,0,0.0902963908909688,0.06499266803869239,,4,3
2.1,21,517198.07,477396.43,48600.71,2,19,0.319,1,64.0,5763776.85,6.1,0.662,0,45.8,0,0.07695628098534864,0.10180367289298749,0.9286862526381817,0,8
0.8,6,162155.04,138199.48,18273.1,0,6,0.233,0,,,,0.588,0,48.9,1,0.14773244174217462,0.1322226393326516,,3,13
5.8,3,986307.34,772368.56,146016.1,0,46,0.243,1,70.4,12432118.77,8.3,0.265,0,34.3,0,0.2169088389831915,0.18904977178252827,1.050392565769611,3,7
1.7,4,1243919.56,1153743.54,241422.48,0,13,0.05,1,90.5,11906737.03,4.9,0.275,0,20.1,0,0.07249344965682508,0.20925142514774125,0.7976625802341537,1,1
11.3,2,246579.18,230496.42,18765.24,0,131,0.193,0,,,,0.563,1,42.1,0,0.06522351157141483,0.08141228397386822,,2,13
3.3,2,337850.7,308979.78,24088.22,0,25,0.577,1,86.3,2845037.8,10.5,0.292,0,17.7,0,0.08545466976981247,0.07796050602405115,0.7017492736683194,1,2
0.7,8,997871.22,1049430.25,0.0,7,6,0.374,1,79.1,8493624.25,13.4,0.772,0,42.3,1,-0.051669021980611914,0.0,0.7093119900114299,2,5
3.9,23,1374488.84,1308509.85,44202.7,3,9,0.495,1,60.8,15955220.48,30.1,0.663,1,51.3,0,0.048002565084486234,0.03378094555421191,0.96734267167034,2,8
0.8,3,308053.05,323772.63,7866.16,1,8,0.534,1,71.4,2956541.24,12.5,0.194,0,22.6,1,-0.05102880818742102,0.024295321071456842,0.7997922327555812,4,8
6.6,3,377344.89,372296.39,59484.26,0,76,0.453,1,86.7,4609956.07,10.4,0.412,0,16.9,0,0.01337900719948798,0.15977662313620608,1.0180686581798772,3,13
5.1,6,203934.09,207148.47,378.49,3,40,0.394,1,94.4,2587063.33,5.6,0.575,0,51.1,0,-0.01576185717650249,0.0018271435941573694,1.05714846808267,3,13
12.1,6,238373.15,233855.46,25123.98,0,131,0.382,1,76.4,3128017.46,6.8,0.144,0,1.9,0,0.018952176451081014,0.10743379692738413,1.0935297103162276,4,7
20.3,23,1272169.0,1037508.06,226640.29,0,198,0.094,1,92.5,16709775.08,1.1,0.638,1,59.8,0,0.1844573637622045,0.21844677524722073,1.0945725423797206,2,10
3.3,6,340610.18,289599.4,85152.55,0,15,0.077,1,83.9,3244616.64,8.2,0.51,1,49.0,0,0.14976293427283932,0.2940356575324396,0.7938245415917986,0,13
4.5,7,345210.27,325272.66,6664.58,9,33,0.555,1,86.6,3470788.98,0.0,0.307,0,20.7,0,0.0577549735122308,0.02048921049804801,0.8378441782743021,4,5
15.3,10,413854.2,396384.39,0.0,3,106,0.479,0,,,,0.563,0,39.8,0,0.04221247482809162,0.0,,2,2
9.0,6,525985.05,491999.88,55706.32,0,95,0.29,1,80.5,4987026.53,10.0,0.029,0,3.6,0,0.06461242577141696,0.11322425525794844,0.7901090423894493,1,11
12.0,2,196788.86,156241.5,49197.22,0,65,0.103,1,88.9,2413922.96,0.0,0.824,0,23.1,0,0.20604499665275763,0.31487933743595653,1.0222135880388081,2,5
7.9,8,250502.11,200485.14,51311.02,0,47,0.05,1,77.3,2999928.75,14.8,0.624,0,37.4,0,0.1996668610895133,0.25593428021647885,0.9979718833506034,0,8
2.1,6,812938.57,775639.48,98578.8,0,11,0.113,1,86.7,7220512.17,13.5,0.761,1,68.6,0,0.045881806296876736,0.12709358218846725,0.7401658251988216,2,13
13.9,10,564157.75,608312.37,20625.09,1,112,0.318,1,91.6,5846004.62,5.5,0.305,0,16.3,0,-0.07826644232043253,0.033905425924513094,0.8635298401318898,4,14
6.2,43,927043.83,832470.51,160456.11,0,51,0.128,1,98.6,11786486.45,0.7,0.702,1,63.3,0,0.1020160179481481,0.19274689982711818,1.0595046020280041,2,1
2.5,5,262134.58,214160.62,51980.94,0,22,0.139,1,100.0,2753189.62,0.0,0.587,1,59.8,0,0.18301271049397602,0.2427194131208623,0.8752468611097908,2,13
2.6,9,779765.27,742503.68,30497.81,2,27,0.432,1,81.8,8229302.45,0.0,0.643,1,69.9,1,0.047785649648130604,0.04107428800891599,0.8794636418811864,0,3
3.1,7,219298.54,232705.31,11334.86,3,17,0.474,0,,,,0.481,1,56.9,0,-0.06113478913265902,0.048709073291022024,,2,10
6.1,10,689921.42,628926.35,78689.58,0,67,0.356,1,100.0,7794606.63,0.0,0.213,0,13.5,0,0.08840872051776572,0.1251173209708895,0.941484832432076,1,11
8.1,39,1466772.61,1524805.74,26338.13,4,94,0.411,1,92.3,13973714.63,6.4,0.476,0,42.0,0,-0.039565185226631605,0.017273105228473237,0.7939037116098498,3,10
11.8,8,555301.47,472177.75,75711.38,0,107,0.205,0,,,,0.213,0,16.7,0,0.1496911578498072,0.1603450819103611,,4,8
11.9,25,645116.28,568326.82,80728.42,0,127,0.488,1,90.4,5679728.98,11.5,0.562,0,28.8,0,0.11903196738423664,0.14204576866529017,0.733682846034103,3,3
26.1,8,344083.07,326426.84,6086.11,3,240,0.405,1,80.8,4214892.66,6.9,0.381,0,14.4,0,0.05131385859815765,0.01864463718730972,1.0208030723511041,4,7
19.8,2,514693.19,494456.97,78306.7,1,190,0.263,1,86.7,5720605.73,8.8,0.123,0,3.3,0,0.039317054107516035,0.158369089225297,0.9262161486276255,4,11
5.7,7,158450.2,148752.45,15684.65,2,51,0.401,0,,,,0.083,0,1.0,0,0.06120377254178284,0.10544128853003765,,1,5
1.2,4,255134.67,248450.47,3036.29,0,9,0.581,1,65.5,2156828.03,17.7,0.068,0,1.7,0,0.026198713016933415,0.012220906645900085,0.7044737164363692,1,14
18.3,7,502728.52,427504.6,71363.33,0,152,0.08,1,91.1,5416881.09,0.0,0.791,0,48.3,0,0.14963129603229997,0.16692996987634753,0.897913564760559,2,2
1.4,1,262460.89,222353.61,42399.46,0,12,0.241,1,77.5,3355017.14,15.4,0.588,1,52.0,0,0.15281240568832952,0.19068482854854482,1.0652435174881356,2,0
3.3,111,479184.9,385688.99,59333.63,1,27,0.23,1,75.1,6282431.51,12.3,0.34,0,15.4,1,0.1951144746005144,0.15383801855479462,1.092555210246956,4,5
6.1,8,221239.85,182310.98,48479.89,0,31,0.05,0,,,,0.793,1,67.3,1,0.17595776710208397,0.2659186517454955,,2,8
1.5,47,614436.48,570368.11,89857.46,0,8,0.128,1,93.8,7855919.13,0.0,0.53,0,39.8,0,0.07172160415996133,0.15754292434056316,1.0654639638258459,3,12
2.6,7,516977.94,532960.41,31155.19,0,24,0.36,1,84.2,5646075.49,1.4,0.872,0,56.5,0,-0.03091518759968758,0.05845685611056926,0.910109028701173,2,3
1.9,236,491720.74,469850.93,78320.12,0,19,0.349,1,72.7,6016448.32,18.2,0.818,1,67.6,0,0.04447607802754059,0.1666914227455078,1.0196248653927702,2,8
1.9,8,701045.23,639163.61,59315.69,0,17,0.382,1,97.5,8990135.53,2.2,0.462,0,24.1,0,0.08827051002115797,0.0928020448473279,1.0686585241202387,3,11
7.4,4,307598.24,230698.68,18994.77,0,79,0.164,1,84.6,3467953.55,2.8,0.193,0,22.7,0,0.25,0.08233584171352866,0.9395246512680523,4,3
0.9,10,580664.46,571846.9,74702.76,1,6,0.237,1,77.0,5205356.75,2.6,0.557,0,21.9,0,0.015185293069253696,0.13063419597098452,0.7470402599922624,3,3
3.9,6,524526.41,494212.89,57128.77,0,37,0.382,1,66.3,6661242.99,25.5,0.56,0,27.8,0,0.057792171036726285,0.1155954673703472,1.0582948197022148,3,0
4.6,3,1288924.84,1110956.69,157261.42,0,51,0.163,1,73.1,13426707.48,17.5,0.107,0,18.3,0,0.13807488573189428,0.14155495116555805,0.8680818735714644,1,8
7.7,29,312575.45,270711.52,52646.9,1,78,0.252,1,92.5,4043375.06,4.4,0.132,0,6.9,0,0.1339322394001192,0.19447602377615847,1.07797308351205,1,8
1.8,3,919482.59,920465.04,71624.86,1,16,0.27,1,68.6,10636211.58,7.1,0.394,0,26.7,1,-0.0010684813510172823,0.07781377552372874,0.9639670991486636,4,4
1.1,24,665547.78,539933.9,111487.83,0,10,0.05,1,100.0,8387580.09,5.7,0.251,0,0.0,0,0.18873758394926957,0.2064842196424414,1.0502101103845616,4,8
1.3,8,683293.51,654089.75,78915.78,2,9,0.223,1,70.2,6791642.88,18.8,0.631,0,32.5,0,0.04273970054245065,0.12064977321537297,0.8282974032637892,2,10
1.8,54,1636012.38,1618590.81,161695.06,1,17,0.22,1,75.1,15144682.66,12.7,0.529,0,35.4,0,0.010648800836091371,0.0998986643202305,0.7714225783140671,0,13
0.7,10,300034.3,265401.49,72147.22,1,6,0.05,1,94.0,3401273.91,6.5,0.122,0,17.3,0,0.11542950256020729,0.27184180465603264,0.9446902987425105,1,13
5.6,3,286857.68,262339.17,20919.64,0,48,0.246,1,76.3,2553746.68,5.6,0.499,0,21.7,0,0.08547273337775028,0.079742723894415,0.7418738913782379,2,10
2.0,3,499259.17,469023.6,72550.21,0,19,0.439,1,85.2,5019780.42,10.6,0.535,1,66.6,0,0.060560870619562196,0.15468349567058035,0.8378715107025475,2,10
1.5,7,485095.05,465085.06,22759.49,2,12,0.272,1,74.0,4121638.64,2.5,0.33,0,5.1,0,0.041249627263770246,0.048936188145884546,0.7080465708043541,4,7
2.0,2,138813.84,128742.4,5059.23,2,16,0.523,1,66.5,1247841.54,15.1,0.507,1,48.4,0,0.07255357246799024,0.03929730997713263,0.7491097069283581,0,2
1.1,4,410007.62,395133.99,44445.9,0,9,0.2,1,79.2,3779485.34,8.3,0.456,0,32.0,0,0.036276472129957014,0.11248310984332176,0.768173800444652,4,0
1.6,38,633632.85,633636.79,0.0,5,14,0.41,1,71.9,5440907.32,9.5,0.24,0,21.6,1,-6.218111955623096e-06,0.0,0.7155704495644969,1,7
7.8,14,346118.53,336515.45,60530.89,0,77,0.165,0,,,,0.292,1,53.2,0,0.02774506178562591,0.17987551537381122,,3,13
5.2,6,238993.71,216143.89,46025.43,0,38,0.403,1,85.9,2054672.28,0.0,0.134,0,1.6,0,0.09560845764518229,0.21293884365641794,0.7164317839159867,4,8
10.3,17,857562.13,853305.56,116227.61,0,110,0.292,1,93.8,10989749.97,1.0,0.081,0,2.3,0,0.004963570394602136,0.13620866363509923,1.0679255361940947,1,10
0.8,11,401412.27,417901.9,19479.34,3,6,0.399,1,77.4,3516337.91,21.4,0.115,1,23.6,1,-0.041079038266568196,0.04661223124374404,0.7299930297762613,4,7
5.9,4,264326.13,232535.11,64872.51,0,64,0.188,1,88.6,2395681.14,8.6,0.099,0,9.7,0,0.12027195343873123,0.27897941949497435,0.7552794534539586,1,4
4.1,34,452124.23,405742.6,38642.76,0,47,0.126,1,71.0,5413577.48,14.2,0.387,0,39.2,0,0.10258603039257597,0.09523959278616542,0.9978042023243627,3,2
5.3,9,169266.32,153336.95,12890.62,0,50,0.185,0,,,,0.886,1,76.3,0,0.09410832586187255,0.08406727797833465,,2,10
0.5,49,739015.71,659940.4,103042.93,0,6,0.176,1,87.1,7504027.09,13.2,0.592,1,54.4,0,0.10700085117270368,0.15613975140785438,0.8461736095344081,2,5
7.7,12,520539.65,492297.76,65012.86,0,71,0.358,1,70.0,5839337.15,4.7,0.744,1,74.4,0,0.05425502168758905,0.13206003618623005,0.9348210634226742,2,11
1.2,2,540287.71,451601.24,102992.8,0,10,0.124,1,82.0,4827878.09,10.7,0.222,0,23.8,0,0.164146746924893,0.2280613755622106,0.7446461704018155,4,5
1.6,32,824935.76,706957.6,95958.48,0,16,0.114,1,77.0,9175632.41,4.4,0.337,0,21.0,0,0.1430149664017475,0.135734420282065,0.926903731469547,4,3
18.2,9,715355.35,755238.44,51143.84,1,165,0.531,1,92.7,7051799.53,0.0,0.476,0,22.3,0,-0.055752836684593146,0.06771879884715613,0.8214797873998334,2,10
11.9,129,647431.76,588959.64,114091.87,0,89,0.229,1,86.0,6981119.9,5.9,0.197,0,11.0,0,0.09031395061620084,0.1937176374258854,0.8985657294085584,1,8
2.5,48,565555.46,553488.86,0.0,5,22,0.354,1,88.8,4947632.07,0.0,0.808,1,62.6,1,0.02133583857540687,0.0,0.7290225303456536,0,11
1.3,22,635622.21,669378.55,0.0,3,12,0.44,1,93.5,6253357.55,8.5,0.779,0,58.9,1,-0.053107552676612865,0.0,0.8198472629939515,2,8
4.1,1,285092.49,277159.55,28496.29,0,28,0.197,0,,,,0.237,0,7.9,0,0.02782584697338047,0.10281547217117361,,4,8
6.4,6,775346.04,733774.37,115584.92,0,55,0.285,1,94.7,7767466.69,0.0,0.477,0,14.3,0,0.05361692438643272,0.1575210646836847,0.8348387138642422,2,5
4.7,7,425678.16,380188.86,95077.01,0,49,0.377,1,85.4,4392435.4,5.8,0.153,0,7.1,0,0.10686312870737834,0.250078368945371,0.8598897423662359,1,10
1.3,12,1001054.9,1004049.51,17050.4,1,8,0.548,1,64.4,13066166.11,31.9,0.202,0,0.0,0,-0.002991454314843258,0.01698163270853048,1.0876997613550798,4,0
8.2,160,1842556.17,1573891.08,460639.04,0,79,0.05,1,78.3,16905602.29,4.9,0.414,0,32.7,0,0.14581107180032393,0.29267529745451,0.7645900916189347,3,3
10.6,3,261363.79,266475.36,19329.17,0,81,0.45,1,65.1,2205834.24,21.9,0.106,0,7.4,1,-0.019557299808056722,0.07253642513138926,0.7033090544026777,4,8
10.0,24,897133.6,829409.04,78484.06,2,93,0.257,1,89.2,9242074.48,2.0,0.19,0,6.8,0,0.07548993817643207,0.09462648248926729,0.8584818062029261,1,5
1.8,9,108812.02,105984.92,0.0,6,17,0.399,1,89.0,1298131.65,0.0,0.882,1,70.5,1,0.025981504616861315,0.0,0.9941699225875964,2,13
1.7,1,170857.92,187943.72,3542.27,2,14,0.382,1,78.5,1772485.16,5.2,0.506,0,25.8,0,-0.10000004682252943,0.0188475039229829,0.8645024864323917,0,8
8.4,3,406106.92,378485.53,44184.48,0,23,0.297,1,93.7,3958272.05,0.0,0.697,0,43.0,0,0.06801506854401781,0.11674020932847816,0.8122393092111473,2,14
7.0,9,546696.29,536650.7,77281.2,0,82,0.445,1,81.0,7208216.02,10.7,0.085,0,0.0,0,0.018375083540442688,0.1440065204424405,1.0987538772822718,1,1
8.0,3,415797.25,344166.42,51382.58,0,76,0.324,1,92.4,3876972.47,0.0,0.478,1,47.1,0,0.17227345779703934,0.14929573896256354,0.7770158151999964,0,6
0.6,7,252753.74,247081.41,0.0,6,6,0.621,1,88.0,2342690.61,14.3,0.694,1,66.8,0,0.02244212093557938,0.0,0.7723890356676819,2,3
5.2,4,1254069.02,1055187.45,112661.98,0,56,0.257,1,78.3,12208064.56,16.2,0.285,0,0.7,0,0.15858901450256707,0.10676963604902617,0.8112302410064586,3,9
1.5,4,957191.25,1052910.38,10531.15,6,14,0.591,1,63.4,8802689.56,19.8,0.405,0,21.4,1,-0.10000000522361638,0.010001943375275681,0.7663645727364655,3,8
12.3,2,289796.75,272067.09,32584.57,0,115,0.14,0,,,,0.761,1,67.4,0,0.06117963710773145,0.11976667225719949,,2,5
9.7,5,254515.31,255334.2,23924.35,1,97,0.38,0,,,,0.629,0,30.7,0,-0.003217448883526944,0.09369818065891682,,3,13
1.9,9,675969.96,681831.72,45347.31,1,20,0.4,1,68.2,7426332.41,2.9,0.618,0,45.6,0,-0.0086716279522244,0.06650806741581339,0.9155155861758513,3,13
7.7,9,512825.32,503583.34,64799.06,0,79,0.287,1,98.8,4412788.67,0.0,0.429,0,24.6,0,0.018021692064658548,0.1286759407092379,0.7170714370473491,3,13
1.5,2,453149.25,445259.01,14747.85,4,16,0.321,1,71.3,5464667.26,21.6,0.896,1,66.1,1,0.017412011605447853,0.033121957487171345,1.0049424959510211,2,12
1.5,44,693985.55,589439.93,143031.4,0,15,0.332,1,74.7,8974188.38,20.0,0.756,1,64.3,0,0.150645240380005,0.24265644846965148,1.0776147020160098,0,2
6.6,6,128942.16,118632.55,22006.78,1,54,0.338,0,,,,0.789,1,71.3,0,0.07995530709273058,0.18550372557953107,,0,12
4.2,10,413317.0,355726.99,54168.68,0,47,0.112,1,77.4,5145569.42,5.7,0.62,1,59.5,0,0.13933617538112394,0.15227599120325394,1.0374541856895958,2,11
8.1,199,1276909.6,1188754.58,188759.73,0,92,0.26,1,74.5,16066297.39,8.0,0.832,1,65.0,0,0.06903779249525574,0.15878780462826902,1.0485144099733712,0,11
8.0,5,231370.79,207212.56,37723.42,0,71,0.204,0,,,,0.52,1,54.1,1,0.1044134827909781,0.18205180226526807,,0,8
0.8,5,343528.21,324233.43,37844.06,0,6,0.329,1,79.2,4176608.4,8.5,0.7,0,40.4,0,0.05616650813043862,0.11671856291931403,1.013164828588604,2,14
3.5,8,990361.16,826463.49,211082.98,2,36,0.298,1,89.1,11233535.48,6.7,0.09,0,8.7,1,0.16549282889890396,0.255405087525403,0.9452389638005055,1,0
5.7,36,1189392.5,1291567.8,0.0,6,63,0.628,1,81.3,12935720.97,10.4,0.412,0,22.1,0,-0.08590545173271233,0.0,0.9063254959990079,0,3
13.4,5,303494.18,298557.63,0.0,1,128,0.608,1,84.7,2558180.88,3.7,0.609,0,42.6,0,0.016265715540245248,0.0,0.7024244748284794,3,14
4.8,79,2222404.15,1815237.74,555601.04,0,47,0.05,1,82.8,19790859.18,1.5,0.419,0,39.3,0,0.1832098855646935,0.30607618371795203,0.742096465667597,4,4
2.7,5,178356.29,152528.9,44589.07,1,17,0.05,1,88.4,1581392.59,6.2,0.867,0,37.7,0,0.1448078450162874,0.2923319449625612,0.7388733855886627,0,10
9.2,7,854625.58,911176.8,20984.74,5,91,0.303,1,81.9,7462419.33,8.5,0.419,0,30.5,1,-0.06617075515104531,0.023030371273719877,0.7276499698265526,3,7
1.0,42,872020.21,778748.78,126605.26,0,9,0.231,1,59.6,8495804.09,18.7,0.523,0,22.6,0,0.10696017010890142,0.16257522740517166,0.8118890663860493,3,8
8.1,231,978378.31,837820.72,155808.6,0,84,0.182,1,92.3,11082389.7,8.2,0.455,0,26.4,0,0.1436638451234677,0.18596890275045957,0.9439420984302073,4,11
9.6,41,2109065.67,1732032.12,328127.15,0,94,0.24,1,96.7,21688802.34,0.9,0.289,0,20.8,0,0.17876804661089563,0.18944634236921656,0.8569672441731034,4,1
4.8,5,601201.54,560166.18,46726.11,2,49,0.444,1,83.1,5629968.21,16.4,0.319,0,0.0,0,0.0682555803167104,0.08341472882207919,0.780377271655026,3,11
5.2,3,293639.43,244998.4,50068.25,0,48,0.131,1,80.7,3386986.27,0.0,0.641,0,25.4,0,0.1656488367383086,0.2043615386875996,0.9612089760334072,3,8
4.1,9,347405.44,345854.88,39598.54,0,41,0.283,0,,,,0.258,0,14.1,0,0.004463257685314305,0.11449466897792508,,4,14
10.4,3,382120.38,320632.02,27867.25,2,112,0.416,1,71.0,3374851.43,16.0,0.483,0,7.0,0,0.16091358435265868,0.086913496661999,0.7359922000670748,4,10
2.7,7,1147146.87,966311.26,115124.13,0,19,0.299,1,95.5,9838306.93,9.0,0.321,0,17.6,1,0.15763945727367942,0.11913773001051442,0.714693935252888,4,8
12.4,14,1373327.27,1278367.09,125527.04,2,121,0.173,1,90.0,17311128.71,0.0,0.688,0,32.7,0,0.06914606741916654,0.09819326622371043,1.0504372050856214,3,11
6.4,1,142536.58,123463.15,14377.94,0,72,0.126,1,97.2,1425476.54,0.4,0.46,0,21.4,0,0.13381428121819672,0.11645531480445785,0.8333980769474522,2,9
0.5,2,237224.45,215959.89,11776.19,0,6,0.474,1,86.7,2072713.49,5.8,0.761,0,37.7,0,0.08963898957295505,0.054529523977809025,0.728112655194971,2,8
5.9,7,1553108.45,1283093.53,340009.52,0,46,0.187,1,100.0,17744703.87,0.0,0.166,0,9.4,0,0.1738545173712756,0.26499199945307184,0.9521069327129089,4,2
14.3,4,189646.33,174793.42,14017.49,1,103,0.466,0,,,,0.687,1,54.6,0,0.07831899515271387,0.0801946091563401,,2,7
12.7,5,584381.07,542750.34,66126.53,0,86,0.314,1,79.7,7644391.68,16.7,0.679,0,41.0,0,0.07123901190023145,0.12183599921835149,1.0900980074525686,2,11
5.4,4,165008.08,142479.67,41252.02,0,52,0.05,0,,,,0.595,0,44.7,0,0.1365291323915773,0.2895291658101117,,0,3
11.2,37,1507826.4,1591711.47,51830.96,3,119,0.31,1,74.0,14173456.9,9.3,0.572,0,50.8,0,-0.05563310869208821,0.032563037319822796,0.7833271843053906,3,8
19.2,7,342371.09,314965.91,21911.2,0,226,0.33,0,,,,0.519,1,58.2,0,0.08004525148428873,0.06956689376320124,,2,14
4.3,8,576314.48,474646.29,51448.7,0,43,0.341,1,75.5,7444639.98,17.2,0.824,0,38.3,0,0.17641095882234298,0.10839376833641742,1.076472458231485,0,14
4.5,1,195175.34,163342.02,27323.43,0,50,0.171,0,,,,0.658,0,25.2,0,0.1631011376744624,0.16727740969531296,,0,10
11.0,10,258440.85,260840.56,14339.93,1,70,0.41,1,87.0,3400865.37,6.8,0.423,1,59.6,0,-0.009285335503268898,0.05497584424753574,1.0965969485861078,2,11
6.2,3,503229.86,452169.38,69525.14,3,53,0.216,1,81.7,4396041.77,14.0,0.724,1,63.5,0,0.10146552114375722,0.1537590625884486,0.7279711386098325,2,3
4.7,6,402569.23,373159.69,0.0,6,47,0.267,1,81.4,4565020.58,3.5,0.839,0,50.6,0,0.07305461473048991,0.0,0.9449763005152348,0,8
20.5,13,735544.39,688259.14,79318.33,0,240,0.298,1,82.5,9417739.91,5.6,0.344,0,13.1,0,0.06428605892840811,0.11524486256731731,1.06698068782316,4,11
5.8,44,571626.1,563874.95,11177.64,5,48,0.356,1,77.0,6512018.12,6.9,0.512,0,33.6,0,0.013559825207421466,0.01982290577015347,0.9493411456661387,2,6
10.0,10,606379.02,586551.86,122991.86,0,93,0.368,1,79.8,7753560.45,15.3,0.119,0,9.9,0,0.032697635218316146,0.20968625007855232,1.065554737530332,4,11
7.3,8,469122.06,432661.76,23892.39,0,66,0.536,1,64.4,4516048.64,22.9,0.343,0,10.3,0,0.07772028456730427,0.05522186661469689,0.8022163499765214,3,12
3.2,5,714138.27,635535.62,91435.58,0,36,0.246,1,93.8,7684684.44,1.2,0.538,1,55.3,0,0.11006643013264086,0.14387168417090454,0.8967316231351108,2,13
10.7,10,489054.85,443716.68,60725.21,0,99,0.224,1,76.0,6349282.26,14.0,0.2,1,61.2,0,0.09270569548589486,0.1368558197992467,1.0818967545255918,1,13
10.9,2,596567.85,538932.18,70750.75,0,107,0.337,1,71.5,6272705.76,13.1,0.398,0,16.6,0,0.09661209533835913,0.1312795053359033,0.876221338444571,3,0
11.4,13,898403.64,852516.38,81487.9,0,69,0.079,1,90.2,10308264.73,4.6,0.387,0,24.4,0,0.051076440429382065,0.09558514289191722,0.9561649381043619,3,3
8.3,4,741305.96,772491.65,66667.25,1,39,0.576,1,78.9,9081583.81,0.0,0.625,1,50.3,0,-0.04206858123736124,0.08630158008827668,1.0208991855850362,2,12
2.5,5,271977.42,257543.01,30926.59,0,28,0.259,1,66.1,2572670.73,19.2,0.787,1,61.1,0,0.053072089587436984,0.12008320474316114,0.7882611266038188,0,13
3.8,5,722682.99,697573.27,41013.64,0,38,0.44,1,80.1,9470734.3,10.2,0.148,0,0.0,0,0.03474513769861938,0.05879474137533968,1.0920803025034995,4,0
0.9,4,686490.94,675459.79,91644.26,0,7,0.277,1,95.6,8814213.01,3.9,0.059,0,3.3,0,0.016068893786129076,0.13567685502048907,1.069959861135725,1,14
4.4,10,325481.45,244111.09,81370.36,2,24,0.05,1,80.5,4046043.22,6.0,0.345,0,20.7,0,0.24999999231907075,0.3333333196783481,1.0359123948026325,3,3
1.7,10,948009.53,711007.15,179609.85,0,19,0.05,1,69.0,10079795.02,12.1,0.341,0,22.9,0,0.24999999736289572,0.252613282440268,0.8860490235085857,4,3
10.0,10,554936.13,526748.15,32106.02,1,87,0.276,1,82.6,6967594.96,0.5,0.518,1,55.0,0,0.05079499869651662,0.06095136736597936,1.0463058394365732,2,6
7.9,2,223418.59,186555.82,33204.63,0,68,0.377,0,,,,0.616,1,80.2,0,0.16499419318687844,0.17798763930281025,,2,0
8.5,3,529140.91,527496.43,95017.29,3,72,0.371,1,100.0,6096052.54,0.0,0.363,0,22.9,0,0.003107830010724329,0.18012878305166916,0.9600550037481195,3,1
7.7,123,1068735.09,957975.38,103774.25,0,73,0.407,1,73.9,9828222.42,7.0,0.64,0,38.4,0,0.10363626219103564,0.1083266357012223,0.7663438233323094,3,11
5.7,9,333043.06,310114.23,42853.48,0,48,0.255,0,,,,0.805,0,57.6,0,0.06884644285937085,0.13818611290426758,,2,11
6.1,41,757208.35,793684.95,20874.82,0,48,0.362,1,100.0,9107186.84,0.7,0.176,0,0.0,0,-0.04817247459038187,0.026301141277782828,1.0022766345176553,1,2
4.5,1,316512.4,271986.88,40714.47,0,32,0.265,0,,,,0.271,0,10.4,0,0.14067543641260188,0.14969277194547032,,1,5
1.9,1,201447.45,172418.08,34254.23,0,18,0.05,1,87.9,2552729.77,3.6,0.56,1,49.9,0,0.14410393380506936,0.19866959427920788,1.0559949050401647,0,13
4.6,65,737216.11,633265.58,126860.19,0,49,0.363,1,83.5,7468083.65,2.1,0.705,1,63.4,0,0.14100414870206787,0.20032699392883474,0.8441762133584773,0,8
4.3,5,326233.46,339688.86,34386.91,0,44,0.416,1,97.3,3821337.2,0.0,0.302,0,7.5,0,-0.04124469635947203,0.10123060850450027,0.9761254000943577,3,5
2.2,30,445350.33,355157.11,99153.17,0,9,0.05,1,80.8,4235976.59,6.3,0.382,0,33.6,1,0.20252195614180868,0.2791811488723962,0.7926300383939687,3,7
7.0,6,133818.21,108732.74,31714.26,0,80,0.05,0,,,,0.422,0,3.5,0,0.1874593151410409,0.29167167129238164,,4,11
4.8,10,205879.31,154409.48,45012.03,1,41,0.154,0,,,,0.641,0,39.6,1,0.2500000121430366,0.29151079324922274,,0,9
3.5,14,784891.49,652940.87,126328.65,0,40,0.067,1,99.2,10040487.76,6.0,0.472,0,12.5,0,0.16811319995328272,0.19347640162270743,1.0660165436796027,0,11
5.5,27,1761991.2,1414598.85,407780.56,0,28,0.121,1,85.3,20068954.28,0.0,0.227,1,44.5,0,0.197158958569146,0.2882658642059549,0.949160731714589,1,2
7.3,3,241323.33,224220.52,15812.75,1,74,0.422,1,67.9,2495812.99,11.6,0.647,0,35.0,0,0.0708709348573965,0.0705232063506052,0.8618496016665002,2,11
2.9,45,1171070.45,1207887.51,20962.28,3,26,0.364,1,89.2,11937418.64,11.5,0.161,0,4.9,0,-0.03143880882657406,0.017354496860390582,0.8494663038134613,1,1
4.9,8,316164.21,267447.19,57337.6,1,23,0.136,1,94.7,3698981.94,0.0,0.512,1,53.1,0,0.15408771283757897,0.21438849292078932,0.9749632793667568,0,8
6.8,1,202337.78,198588.02,6108.1,1,69,0.452,0,,,,0.831,0,50.3,0,0.018532179210427283,0.03075764590431991,,2,5
14.6,2,285860.52,314446.58,0.0,4,155,0.662,0,,,,0.876,1,61.5,1,-0.10000002798567635,0.0,,0,8
4.6,5,168059.86,145701.93,42014.97,0,40,0.05,0,,,,0.751,1,62.0,1,0.1330355148457222,0.28836248085389127,,2,8
3.2,1,270741.25,254292.18,37312.91,1,27,0.288,1,98.8,3083698.05,11.1,0.581,0,28.0,1,0.06075568462508025,0.1467324319607469,0.9491528812103807,2,1
3.2,6,781497.36,738369.12,71643.66,0,27,0.379,1,74.8,7001983.61,0.0,0.747,1,65.0,0,0.05518667395114424,0.09702959950437798,0.7466418493936648,2,0
9.6,1,586431.33,480133.68,86409.26,0,94,0.178,1,71.1,5519048.55,20.8,0.796,1,54.7,0,0.18126188790083908,0.17996917025275128,0.7842703637610904,2,8
9.2,8,245097.86,260290.74,2139.06,6,103,0.641,1,94.7,2416561.72,0.5,0.721,1,87.8,0,-0.061986995724891296,0.008217964265651556,0.8216315855770155,2,0
9.1,13,985958.75,938335.96,92365.43,0,103,0.356,1,91.8,9540099.8,4.1,0.554,1,46.0,0,0.04830099636521309,0.09843535144917605,0.8063302005957823,0,11
3.5,1,540246.08,437878.32,81495.92,0,23,0.173,1,87.1,6893257.08,5.9,0.057,0,10.8,0,0.1894835775578417,0.18611544869360053,1.0632896956883058,1,13
3.5,216,1019854.99,942077.98,53998.27,1,37,0.212,1,99.5,12621044.34,6.4,0.494,0,18.3,0,0.07626281261809584,0.05731825936532345,1.0312776868405578,2,10
10.2,9,420694.71,408051.61,30326.54,0,115,0.156,1,80.1,5381954.86,21.5,0.721,0,47.0,0,0.03005290938885358,0.07432035374152794,1.0660848060897492,2,1
5.1,8,759756.91,602981.07,189939.23,0,55,0.05,1,79.1,8252367.38,13.1,0.682,0,32.8,0,0.20635000213423538,0.31500031999346184,0.9051543626851207,3,3
12.0,2,361965.39,341903.21,15643.29,1,107,0.625,1,52.0,4656776.19,25.8,0.259,0,16.2,0,0.05542568586460709,0.045753562828497574,1.0721043868310174,3,11
26.1,39,633787.34,622204.98,45857.64,0,173,0.246,1,78.3,8139269.6,2.5,0.778,1,79.7,0,0.018274836477484683,0.07370182090152991,1.0701893582580344,2,11
8.8,2,93309.26,94119.78,17215.86,0,80,0.192,0,,,,0.284,0,8.6,0,-0.008686383323584434,0.18291436720315327,,3,14
3.6,5,856173.84,822608.17,8121.92,1,26,0.542,1,71.3,10607289.41,16.5,0.202,0,25.7,0,0.03920426954413829,0.00987337628800842,1.032431432577602,1,10
6.2,33,1306108.9,1174271.87,236137.15,0,66,0.166,1,86.6,11611273.56,14.0,0.553,0,27.2,0,0.10093877317580471,0.20109240120007302,0.740831128246657,3,10
2.7,24,730355.31,703141.6,0.0,1,26,0.309,1,92.8,9430249.02,0.0,0.838,1,70.4,0,0.03726091893547002,0.0,1.0759887334837066,2,13
3.0,7,515216.49,392553.08,128804.12,0,25,0.104,1,93.2,5620057.3,0.0,0.284,0,14.5,1,0.23808129666036112,0.32811898966631464,0.9090122645983891,4,2
2.3,7,1073853.0,1171734.38,0.0,2,23,0.522,1,97.3,9906422.4,13.9,0.451,0,13.1,0,-0.09114970112296551,0.0,0.7687599699400197,3,0
6.8,5,222421.42,197908.95,26114.47,0,77,0.126,1,95.8,2606307.58,0.9,0.445,0,15.2,0,0.11020732625481844,0.13195194052618642,0.9764900266050515,2,14
5.3,5,970050.82,1020685.25,13465.24,7,54,0.484,1,63.1,12199668.26,17.1,0.409,0,2.8,1,-0.05219770856953665,0.013192352882536512,1.048026557687634,4,12
3.8,35,960149.22,849608.58,53125.35,1,39,0.514,1,78.1,8929123.67,15.6,0.36,0,25.8,0,0.11512860469750735,0.06252920609629437,0.7749770802986922,4,13
2.0,4,400808.76,402338.86,31809.63,2,20,0.256,1,76.0,4386002.03,0.6,0.547,1,42.1,0,-0.003817531333396946,0.07906178886125989,0.9119066388835081,2,13
2.1,46,1014484.9,906395.38,128017.16,0,17,0.189,1,75.5,10495633.36,8.8,0.548,0,43.9,0,0.10654620881986515,0.14123765723519024,0.862147985971337,2,8
5.0,6,467435.07,350576.3,63870.19,0,55,0.122,1,92.8,3933011.15,8.8,0.264,0,16.8,0,0.25000000534833644,0.18218627442870497,0.7011688899736741,4,1
3.6,34,560447.51,504265.34,39774.09,0,28,0.294,1,79.9,6427766.71,11.4,0.031,0,0.0,0,0.10024519512987039,0.07887531988615358,0.9557491402421135,1,3
1.9,4,873289.71,762717.4,164612.89,0,16,0.05,1,80.4,11066283.57,9.8,0.107,0,12.1,0,0.12661583977669902,0.21582422270686366,1.0559958361355248,1,12
3.5,8,1064698.6,914080.48,164819.33,1,33,0.308,1,94.7,9545599.56,2.3,0.427,0,0.0,0,0.14146550018944337,0.18031161763786924,0.7471284643372312,4,0
6.5,9,260910.45,234459.95,33043.27,1,73,0.251,1,73.9,2881394.54,0.0,0.333,0,19.7,0,0.10137769491409791,0.14093353683646181,0.9203012438431142,3,0
3.2,9,714079.33,649605.99,72706.29,0,37,0.363,1,80.5,6272620.0,0.0,0.121,0,8.7,0,0.09028876385485066,0.11192367545748769,0.7320171742449587,4,14
5.2,5,345454.63,315537.75,69445.08,1,33,0.125,0,,,,0.668,1,59.5,0,0.08660147354227096,0.2200848551401536,,2,7
5.3,6,120941.33,110951.92,17299.34,0,54,0.11,0,,,,0.392,0,23.6,0,0.08259715681975718,0.15591744604329516,,4,11
1.3,3,754377.05,716071.4,87087.72,0,12,0.254,1,88.7,8399766.43,14.2,0.146,0,0.0,0,0.0507778570411176,0.12161876594987595,0.9278921407184023,1,10
2.6,7,342600.67,321208.28,27868.88,0,28,0.297,1,75.8,2895303.98,12.4,0.434,1,39.9,0,0.06244117969763444,0.08676264509744269,0.7042465260405553,0,10
14.0,6,361859.67,345323.48,58495.2,0,123,0.285,1,86.6,4047801.83,9.8,0.159,0,3.4,0,0.04569779771257737,0.1693924780324813,0.9321757773301088,4,1
3.9,6,251718.11,229724.96,15546.93,0,31,0.417,0,,,,0.88,1,61.2,0,0.0873721402087438,0.06767627688345229,,0,5
9.5,9,255905.71,222440.35,46283.87,0,69,0.203,1,100.0,2506019.18,0.0,0.378,0,36.3,0,0.13077222856809248,0.20807317557268726,0.8160620240426315,3,7
0.8,4,170149.69,168213.11,11165.25,0,8,0.27,1,63.9,1927892.29,23.8,0.86,0,39.8,0,0.011381625203078631,0.06637562316040647,0.944213832145879,2,13
8.0,6,521234.7,455498.79,88878.0,1,65,0.447,1,75.4,5864682.88,22.7,0.633,0,34.4,1,0.12611575936905203,0.19512236245457426,0.9376267031595044,0,8
4.2,108,1019895.79,979151.6,82943.29,0,38,0.304,1,75.0,11865184.73,7.3,0.08,0,12.3,0,0.039949365807265526,0.08470934429357006,0.9694768856401169,1,5
5.6,5,207744.62,193540.54,27360.63,0,60,0.243,0,,,,0.581,0,15.8,0,0.06837279348076493,0.1413689865699455,,3,4
4.2,6,194853.75,197439.27,5094.94,2,40,0.306,1,72.9,2413834.85,9.6,0.632,1,64.4,0,-0.013269028694597817,0.025805099461723092,1.0323276004011557,2,1
2.7,6,529875.32,472595.78,114813.25,0,28,0.385,1,75.0,4561226.15,10.5,0.653,0,49.0,0,0.10810003379662961,0.2429417588113038,0.7173426744364443,3,8
5.2,37,343860.78,375328.48,34518.55,2,54,0.353,1,88.6,3337337.59,7.6,0.762,0,27.9,0,-0.09151290821826191,0.09196890680931008,0.8087908886652712,2,3
4.8,8,942000.77,719356.71,201617.95,0,44,0.05,1,80.5,12220491.59,0.8,0.839,0,47.1,0,0.23635231211116745,0.28027534489808265,1.081075867025742,2,13
4.0,3,322012.1,338778.07,9391.26,4,29,0.392,1,76.4,3084003.79,10.0,0.611,0,32.3,1,-0.052066273286003946,0.027720979696235947,0.7981076358103728,2,8
5.9,6,699780.81,536662.53,116369.08,0,64,0.294,1,100.0,7253368.91,0.0,0.536,1,54.9,0,0.23309910427523728,0.21683846643811708,0.8637667688639056,2,12
6.6,7,579207.07,536765.2,59744.43,0,52,0.356,1,89.7,6794397.25,0.0,0.196,0,22.0,0,0.07327581481351739,0.11130458904563859,0.9775429205885442,1,8
7.5,9,1469436.56,1351044.54,91496.68,0,63,0.267,1,94.8,16464387.76,5.6,0.37,1,59.2,0,0.08056967086758751,0.06772291903862769,0.9337132004755165,4,8
4.6,1,168977.03,168464.55,21430.1,1,41,0.274,0,,,,0.32,0,0.0,0,0.003032838250264018,0.12720836520205586,,4,3
5.5,22,675381.72,602730.39,61252.1,0,42,0.158,1,96.4,7138627.67,0.3,0.186,0,18.6,0,0.10757076753572774,0.10162437636502782,0.8808139479503039,1,8
1.8,50,916426.04,962157.39,81698.79,4,16,0.607,1,73.9,11342143.57,12.0,0.899,1,69.5,0,-0.049901844779530684,0.08491208491367508,1.0313746986427113,0,8
6.2,6,482234.76,472735.72,43254.37,0,69,0.438,1,90.7,4898491.66,7.2,0.229,0,2.0,0,0.019697957899177648,0.09149799384738688,0.8464915269345854,1,12
7.4,38,653585.92,492225.95,163396.48,1,65,0.05,1,95.3,7620375.05,0.0,0.608,1,57.0,0,0.24688409750320206,0.33195421736704456,0.9716109768194924,0,3
5.0,4,568196.08,567538.14,51343.45,1,42,0.461,1,92.2,5877827.09,3.3,0.724,0,43.5,0,0.001157945334645646,0.09046695963023735,0.8620596681460152,2,7
3.8,8,471917.49,377231.16,94917.41,0,39,0.196,1,74.3,5128882.29,14.0,0.689,0,38.3,1,0.2006417053964243,0.2516160382933372,0.9056813247163186,3,5
1.5,3,922664.72,941307.34,93489.58,0,11,0.552,1,72.9,12134211.31,6.4,0.676,1,75.7,0,-0.020205194363560358,0.09931886858547179,1.0959390273785838,2,12
4.5,26,285172.8,265378.41,25391.84,0,46,0.4,1,59.6,2688124.05,12.1,0.753,0,30.7,0,0.06941191446028519,0.09568163438766553,0.7855249080557473,0,10
2.2,9,408978.14,408872.74,26225.76,0,22,0.389,1,83.7,4055313.17,5.8,0.844,1,72.9,0,0.0002577154857225946,0.06414162020192395,0.826310091210906,2,1
2.7,3,499119.82,515062.23,41198.88,0,18,0.556,1,74.4,4197680.85,20.6,0.137,0,1.6,1,-0.03194104774280447,0.0799881598773026,0.7008472184093991,4,1
3.6,9,759822.01,730107.61,122774.9,1,32,0.351,1,65.7,7797546.64,19.2,0.197,0,9.9,1,0.03910705350585991,0.16816000589282995,0.8551944334085995,1,9
12.1,5,416264.4,327536.01,61559.04,1,118,0.232,1,90.9,4080180.49,17.6,0.275,0,19.1,0,0.21315392332373367,0.18794586891377227,0.8168246932318337,3,10
6.0,2,222676.68,231917.66,8193.07,2,54,0.595,0,,,,0.229,0,19.5,0,-0.04149954094878732,0.03532749511184271,,4,14
4.4,5,700420.22,674065.4,58493.12,0,40,0.402,1,83.0,8692363.68,15.5,0.127,0,5.0,0,0.03762715473862241,0.08677662434535284,1.034184364352017,4,8
4.9,52,485343.77,453046.08,47631.59,0,55,0.346,1,88.3,5094441.24,6.5,0.183,0,15.5,0,0.06654600717343091,0.10513630313278507,0.8747135458234068,1,9
3.1,48,851958.54,731913.57,177645.25,0,25,0.058,1,98.0,9580645.48,7.2,0.827,1,64.1,0,0.1409047088136473,0.24271342584890182,0.9371196905113872,0,3
10.8,1,154560.65,136613.77,25451.21,0,97,0.347,1,91.1,1341949.49,4.2,0.345,1,61.6,0,0.11611545370700761,0.18630047322462442,0.7235290752637665,4,5
6.0,2,1104477.25,1020962.37,107881.38,0,32,0.355,1,43.1,9817999.12,25.3,0.235,0,18.2,0,0.07561484856297403,0.1056663626104065,0.7407726988793416,1,12
4.9,7,404775.67,384752.6,42117.19,0,50,0.497,1,78.4,3607781.6,15.5,0.571,1,57.2,0,0.04946707888841246,0.10946564103790334,0.7427533049767212,2,14
8.4,187,1328488.59,1321320.9,160616.49,1,94,0.256,1,67.8,13267619.82,15.5,0.326,0,21.7,0,0.005395371894010905,0.12155751869209062,0.8322502679529975,3,13
9.4,228,1495190.25,1426829.73,81996.99,0,82,0.382,1,75.4,14767723.03,14.7,0.862,1,76.0,0,0.045720282084503974,0.05746795730139433,0.823068225487247,2,14
15.8,6,170223.41,172071.31,0.0,6,136,0.381,1,76.0,1877230.9,12.6,0.887,0,42.0,0,-0.010855733650265813,0.0,0.9190034927236702,0,3
11.3,10,423429.2,424286.47,10543.32,5,98,0.492,0,,,,0.281,0,16.8,0,-0.002024588762418748,0.02484953149696242,,3,12
5.0,9,242579.7,192827.6,39187.88,0,54,0.093,0,,,,0.68,0,27.3,0,0.20509589219543103,0.203227546264124,,2,8
1.0,49,717691.88,749118.74,44619.15,2,7,0.471,1,77.3,6212870.47,18.6,0.619,1,57.6,0,-0.043788791368240064,0.059562186363139175,0.7213948217351063,3,10
6.1,5,239227.82,219556.39,10297.04,0,62,0.371,0,,,,0.296,1,40.7,0,0.08222885615895338,0.046899295438406506,,3,7
7.1,3,544710.0,599181.0,18076.02,2,80,0.724,1,81.9,6470762.18,0.0,0.29,0,14.4,0,-0.1,0.03016787915504664,0.9899399343993439,4,1
3.4,8,1276360.08,1129587.4,257258.84,0,23,0.156,1,95.2,11956609.74,4.5,0.888,0,59.7,0,0.11499316086413496,0.22774584773165849,0.7806450237773027,2,12
12.9,30,727011.48,706707.92,122037.15,0,57,0.272,1,90.9,8390634.12,15.5,0.037,0,0.0,0,0.027927426950672005,0.17268399935294343,0.9617723092900816,1,8
6.6,34,733344.64,602474.23,125723.76,0,44,0.28,1,88.0,8426255.82,8.6,0.428,0,41.8,0,0.17845689851909197,0.20867906665485095,0.9575143073248616,3,5
9.1,7,279474.29,225235.02,38198.65,1,60,0.357,1,88.4,2767243.59,3.1,0.418,0,23.7,0,0.19407606331158403,0.1695946305330317,0.8251336196256193,4,12
3.3,6,997426.57,825732.58,144934.85,0,30,0.137,1,81.7,10961405.55,19.9,0.227,1,45.1,0,0.17213697244900947,0.17552274611715094,0.9158072282955126,4,3
0.7,37,877615.04,884276.9,0.0,2,7,0.373,1,77.6,8600621.42,16.7,0.58,0,43.1,0,-0.0075908680872196375,0.0,0.8166660995995085,2,14
4.4,38,1265948.83,1032895.83,215187.86,1,42,0.095,1,80.3,11415741.87,1.9,0.436,1,41.5,1,0.18409353875701287,0.2083345229499087,0.7514615124688727,2,3
2.0,231,1642045.62,1583264.48,66408.02,4,16,0.416,1,69.0,15937555.05,16.7,0.195,0,18.7,0,0.03579750725805056,0.04194373134676779,0.8088262416850514,1,13
17.4,10,708989.26,650763.69,121756.78,0,184,0.142,1,81.5,6307656.46,9.6,0.269,0,2.5,0,0.08212475602239738,0.18709829984521725,0.7413906923404359,4,0
3.5,3,870598.25,784898.48,102805.0,0,25,0.225,1,53.4,7400019.62,25.9,0.754,1,58.1,1,0.09843779263282464,0.1309787222418879,0.70832706321965,0,11
1.7,8,520039.51,472823.72,65588.15,0,17,0.083,1,91.4,5044761.04,4.7,0.115,0,0.0,0,0.09079269765483787,0.13871586222450938,0.8083938724835221,4,13
0.6,7,193996.07,191611.3,28989.8,1,6,0.185,0,,,,0.657,0,46.2,1,0.012292877891804811,0.1512948349079621,,3,0
5.9,2,268019.78,279536.69,8704.44,3,68,0.275,0,,,,0.611,0,28.7,1,-0.04297037330602978,0.031138810436655024,,2,11
6.1,25,2403315.73,2222086.94,296789.17,0,64,0.272,1,84.7,25259158.69,7.9,0.414,1,44.8,0,0.07540781585114496,0.13356325743042258,0.87584409512159,2,3
1.8,2,637116.34,569701.32,74362.3,1,14,0.229,1,93.9,8082179.05,6.2,0.757,1,72.5,0,0.10581273115676176,0.13052857241053964,1.0571301951435326,2,6
1.2,10,220564.21,242620.63,0.0,4,10,0.831,0,,,,0.277,0,8.4,1,-0.09999999546617293,0.0,,3,1
2.9,3,601650.24,492576.24,82881.04,0,21,0.181,1,92.0,6122464.74,12.4,0.397,0,16.2,0,0.18129137619890254,0.16826032859400608,0.8480099584103881,4,1
5.3,5,494322.9,509392.08,12143.23,3,57,0.425,1,69.8,4639961.01,16.2,0.685,0,26.9,0,-0.030484486961862362,0.02383867059731278,0.7822081831531574,3,13
1.7,9,685349.22,598323.31,126028.68,1,16,0.187,1,85.8,7147435.48,6.1,0.252,0,18.8,0,0.12698038818808302,0.2106364199649851,0.8690746351667744,1,1
1.5,10,485466.19,395785.81,86090.44,0,10,0.312,1,92.2,4148305.64,6.2,0.326,0,20.4,0,0.1847304340596819,0.21751775284717761,0.7120828263378479,4,8
6.0,42,793501.5,807922.78,67866.9,1,66,0.301,1,75.5,7832151.25,11.2,0.351,0,6.2,0,-0.01817423155469779,0.08400171610460097,0.8225306074825736,4,11
9.7,6,338661.95,282651.38,55625.69,0,95,0.199,1,83.9,3075228.45,9.7,0.276,0,20.3,0,0.16538784472244375,0.19679964060320526,0.756710452709553,1,8
8.3,1,202211.27,186885.01,11356.23,1,83,0.308,1,99.7,2356709.83,3.2,0.329,0,26.6,0,0.07579330271749928,0.06076586880884668,0.97122423410591,3,10
4.9,37,3099572.98,2520631.4,747179.05,0,25,0.05,1,92.3,39203066.8,0.0,0.743,0,41.2,0,0.18678107717921844,0.29642535199712267,1.0539910672899637,2,14
5.1,46,488192.14,481733.98,14885.07,1,49,0.46,1,82.6,5105384.25,20.5,0.886,0,50.5,0,0.013228725886492217,0.030898941361786437,0.87147795435625,2,5
5.3,1,187142.05,165985.86,21689.16,0,54,0.42,0,,,,0.76,0,46.7,0,0.11304883108846998,0.13066872081754435,,2,2
6.8,7,1352774.62,1358412.87,141796.57,0,49,0.29,1,77.4,12012985.63,12.7,0.108,0,11.6,0,-0.004167915273277377,0.10438400071989895,0.7400213760909657,4,1
4.4,3,269582.82,249764.34,36637.05,0,23,0.42,1,94.6,3026609.12,0.0,0.178,0,23.8,0,0.07351536718845811,0.1466864725364718,0.935584198824935,4,3
1.0,5,303907.13,280431.26,14758.08,1,8,0.541,1,66.1,3472214.49,8.2,0.703,0,34.7,0,0.07724685498494226,0.05262637268042086,0.9521040440874158,2,11
2.9,5,158523.11,146572.9,24611.09,0,22,0.338,0,,,,0.844,1,70.9,0,0.07538465527202938,0.16791023442942046,,0,10
3.1,9,545766.24,548971.46,12962.46,2,24,0.256,1,85.1,4616474.02,3.5,0.119,0,19.0,0,-0.005872880667737844,0.023612265745108135,0.7048918385522221,4,2
8.3,1,189429.88,192273.39,0.0,3,49,0.476,0,,,,0.346,0,15.3,0,-0.015010884238537284,0.0,,4,3
6.1,44,943078.31,787837.42,85342.32,0,72,0.161,1,74.8,10066207.67,14.4,0.276,1,46.2,0,0.16461081582928147,0.10832478609609582,0.8894814251073876,1,11
3.4,2,223997.91,194661.74,39073.46,3,33,0.228,1,92.9,2805693.17,3.2,0.717,1,75.0,0,0.1309662666048983,0.2007249087571086,1.0437944004328732,0,10
10.5,1,171474.33,175566.91,10169.22,0,72,0.324,0,,,,0.418,0,21.0,0,-0.023867012630986905,0.05792219046288392,,2,10
3.4,7,378497.29,360565.82,42647.45,0,39,0.298,1,76.3,4573347.12,7.1,0.475,0,16.5,1,0.047375425065791024,0.11827923678400797,1.0069088209323773,2,3
5.0,17,822200.13,684186.09,106371.78,0,32,0.153,1,57.8,9821866.34,19.2,0.366,0,27.0,0,0.16785942371475912,0.15547200031500202,0.9954861739886451,3,8
6.1,23,528247.47,458854.83,36964.51,0,71,0.194,1,80.9,4621405.57,13.9,0.669,0,34.5,0,0.13136388518812964,0.08055818002395224,0.7290468060989168,0,11
0.9,11,725597.32,700543.8,40781.4,1,8,0.154,1,83.9,8250692.02,7.9,0.444,0,28.0,0,0.034528131939627206,0.058213918958386325,0.9475747075986076,4,11
7.8,3,174745.94,144028.78,24174.6,0,31,0.169,0,,,,0.617,1,53.1,1,0.1757818236005941,0.16784562085438756,,2,10
2.2,8,540765.91,480131.97,44646.59,0,19,0.293,1,88.4,6417118.55,11.7,0.309,0,0.0,0,0.1121260398977444,0.09298816323353765,0.9888934736412409,4,11
11.6,39,553282.46,484649.42,83606.43,1,90,0.284,1,73.9,7096970.9,8.9,0.107,0,2.6,1,0.12404701931089589,0.1725090891473676,1.0689191948479024,4,8
8.2,10,1044454.8,909808.4,171736.52,0,36,0.05,1,88.6,11999659.23,0.0,0.517,0,25.0,0,0.12891548777409995,0.18876119411515654,0.9574101267953385,3,14
1.2,46,401079.93,381656.27,75107.93,2,10,0.248,1,94.8,3941485.66,0.0,0.291,1,34.3,0,0.04842840179013688,0.19679469696646143,0.8189318730890707,3,12
3.9,9,384779.69,382762.18,33145.27,0,25,0.335,1,48.8,4741796.69,22.7,0.367,1,49.8,0,0.005243286099637976,0.08659494519547359,1.026950575709094,4,1
0.6,8,803372.6,790420.8,48315.2,1,6,0.428,1,81.2,7375439.31,11.4,0.397,1,40.3,1,0.016121784586628832,0.06112592178748332,0.765049669978787,4,0
22.5,6,289797.4,294224.45,0.0,5,240,0.533,0,,,,0.3,0,0.0,0,-0.01527636203775461,0.0,,3,14
15.1,20,363088.4,332329.58,35606.88,0,159,0.1,1,73.3,4745933.89,8.6,0.861,0,41.4,0,0.08471441114615616,0.10714327626207693,1.089251242488973,0,3
2.5,7,284711.19,290400.57,19950.89,1,14,0.61,1,85.3,2839520.56,0.0,0.193,0,19.7,0,-0.019982986970059045,0.0687012769981822,0.8311113916292975,4,3
8.7,10,414326.54,354688.09,42275.7,0,74,0.475,1,70.4,3880259.88,13.5,0.287,0,17.8,0,0.14394069469940293,0.11919120261410523,0.7804351369815702,4,0
11.0,9,542880.18,532846.26,61121.7,0,96,0.186,1,52.5,6947271.07,22.4,0.18,0,0.0,0,0.018482752492456147,0.11470794596550231,1.0664217946459813,4,3
3.9,8,983927.85,829653.59,213243.5,0,36,0.05,1,72.1,9739175.82,16.5,0.276,0,15.8,0,0.15679428120669622,0.25702715274214627,0.8248551812005323,3,13
5.4,7,182963.26,185431.6,15908.66,0,51,0.221,1,72.4,2061587.15,19.5,0.499,0,41.6,0,-0.01349090522326721,0.08579260492817836,0.9389804771005209,2,9
0.6,27,338485.37,310384.37,53448.18,0,6,0.402,1,100.0,2933924.56,4.6,0.406,0,29.8,0,0.08301983627830059,0.17219997256949504,0.7223169300739153,3,8
1.3,223,2617202.99,2533844.08,203515.82,0,9,0.239,1,50.4,27005990.04,22.7,0.214,0,1.4,0,0.03185038008840122,0.08031899894961177,0.8598871308793666,1,0
2.8,5,423048.61,385606.95,51619.92,0,21,0.067,1,74.8,3771053.1,5.4,0.596,0,27.0,0,0.08850439196573645,0.13386667434287686,0.7428328980917819,0,7
1.5,28,727726.38,622251.85,106140.82,0,15,0.151,0,,,,0.054,0,8.2,1,0.14493707099088537,0.17057533858677962,,1,12
10.2,1,239353.34,187993.95,44003.32,0,99,0.17,0,,,,0.564,1,73.9,0,0.21457561444515455,0.23406774526520666,,2,3
1.9,10,218003.83,207333.58,7321.87,2,21,0.488,1,86.4,2627228.87,4.5,0.518,0,28.6,0,0.04894524100792175,0.035314443516578455,1.0042747375890904,3,0
6.4,7,321905.37,340685.64,0.0,2,75,0.602,1,61.9,2714899.36,18.8,0.599,0,36.3,0,-0.058340965234596795,0.0,0.702820252216772,2,7
4.1,9,427696.07,372561.94,60691.93,1,40,0.161,1,99.5,3771700.7,0.0,0.351,0,15.9,0,0.12890960162434975,0.16290426767693983,0.7348872568940525,4,7
5.6,10,536039.79,460672.23,86742.18,0,60,0.11,1,91.1,6171774.11,6.9,0.674,0,36.9,0,0.14060068190087166,0.1882947882489031,0.959470768329841,2,5
5.0,23,1062890.26,1113810.63,93411.11,1,51,0.562,1,77.0,10998518.41,7.3,0.52,1,46.4,0,-0.047907457539407575,0.0838662403500315,0.8623121646004482,2,6
7.1,3,184924.3,178543.8,20983.88,0,82,0.264,0,,,,0.785,0,37.7,0,0.03450330756963796,0.11752791191853205,,2,8
7.2,6,455615.58,494046.29,13816.84,1,78,0.545,1,69.5,4874160.69,17.6,0.189,0,12.3,0,-0.08434898121789418,0.0279666911373831,0.891497295812404,4,11
7.9,40,726888.37,641686.39,111090.15,0,82,0.261,1,86.0,7532433.07,12.4,0.795,1,88.2,0,0.11721466942716387,0.17312218512223704,0.8635476666566193,2,14
1.7,6,1722363.2,1291772.4,401958.25,1,11,0.05,1,100.0,14829621.03,5.2,0.865,1,56.3,0,0.25000000000000006,0.31116801225974483,0.717503574449338,2,3
2.8,5,134284.02,133052.27,2121.47,2,17,0.439,1,84.5,1298727.8,10.3,0.633,1,65.5,1,0.009172722115408819,0.015944635893848334,0.8059582716295408,0,5
2.8,10,444543.75,378685.36,102529.28,0,24,0.288,1,82.3,4405108.64,14.9,0.573,1,43.4,0,0.14814827561966626,0.2707505777355639,0.8257733612645923,2,1
8.7,4,691140.61,576157.58,83695.28,0,48,0.255,1,81.5,5947294.95,13.6,0.395,0,30.3,0,0.1663670580723075,0.14526456460053863,0.717086950656828,4,12
0.9,2,217637.68,222417.02,14151.53,1,7,0.449,0,,,,0.479,1,54.9,0,-0.02196007603095198,0.06362611098736959,,2,7
10.5,9,400289.22,357293.56,55285.33,0,116,0.249,1,94.9,3570075.88,0.0,0.451,0,31.8,0,0.1074114861249573,0.1547336313590427,0.7432284170264024,2,5
9.5,6,808381.51,848092.29,41006.62,2,80,0.346,1,94.2,8514606.6,2.1,0.379,0,14.5,0,-0.04912381036523216,0.04835160097965282,0.8777421814113485,4,1
9.9,4,1120442.46,1204213.7,0.0,2,83,0.477,1,77.7,11755780.56,14.8,0.464,0,28.6,0,-0.07476621334039768,0.0,0.874340642178091,4,10
7.9,40,1043854.37,927577.81,68022.58,0,19,0.206,1,83.0,13209016.51,2.5,0.248,0,18.0,0,0.11139155359382165,0.0733335567826919,1.054506650993216,1,5
2.5,29,1026797.27,1084509.69,78741.51,3,22,0.385,1,100.0,12108853.62,4.0,0.308,0,14.0,1,-0.05620624604894005,0.07260563066061677,0.9827364802011987,4,8
4.2,4,399992.72,347913.76,11702.38,3,43,0.401,1,86.8,5098061.45,8.7,0.536,1,47.4,0,0.1301997696358073,0.03363586424405864,1.0621154659181464,2,6
4.5,6,276271.32,234015.55,69067.83,0,48,0.05,0,,,,0.461,0,21.7,0,0.15295025918723673,0.2951420535943018,,3,14
5.5,2,559379.37,517639.97,139844.84,1,46,0.091,1,100.0,6647716.71,1.8,0.474,0,19.3,0,0.07461733885538185,0.27015850418197035,0.9903411212680225,4,7
3.3,5,426802.7,393239.01,52500.68,0,34,0.199,1,59.5,5230491.98,23.9,0.637,0,42.9,0,0.07863982584927415,0.13350832105899157,1.0212548600715663,0,1
10.5,8,365193.02,336771.57,47588.79,0,71,0.25,1,58.6,3142083.7,10.0,0.224,0,12.6,0,0.07782583029653746,0.14130881059823427,0.7169915469176638,4,12
7.4,7,220025.77,200740.43,19090.2,0,72,0.274,0,,,,0.775,1,72.4,0,0.08765036931810305,0.0950989294981584,,2,14
2.6,5,523570.04,438038.98,76969.86,0,26,0.146,1,96.5,6835792.05,5.1,0.653,0,51.6,0,0.1633612572636891,0.17571463617233335,1.088009805717684,3,1
1.6,7,171302.62,141568.44,31087.55,0,16,0.11,0,,,,0.076,0,20.6,0,0.17357691318439844,0.21959378799399074,,1,11
0.5,5,579486.31,493733.75,109400.2,0,6,0.132,1,80.6,4889383.75,16.7,0.487,1,63.8,0,0.14798030345186247,0.2215773177345077,0.7031203995713605,2,2
7.1,35,648465.19,713311.71,0.0,2,78,0.569,1,69.1,7650010.39,20.3,0.386,0,35.3,0,-0.10000000154210285,0.0,0.9830918847522615,4,3
1.8,46,363354.51,313454.72,77238.66,2,15,0.105,0,,,,0.745,0,48.1,0,0.1373308673119264,0.24641090107049596,,0,13
7.8,1,204731.93,202473.49,21742.76,0,58,0.43,1,86.3,1751380.69,0.0,0.128,0,0.0,1,0.011031205537895347,0.10738571256908744,0.712875567740378,4,1
1.3,7,382395.48,333926.51,45092.02,0,12,0.303,1,74.1,4538010.03,2.4,0.544,1,53.8,0,0.12675089674177104,0.13503575981433757,0.9889434427938323,2,0
1.2,13,232082.03,223545.61,16770.79,2,13,0.264,0,,,,0.409,0,27.5,1,0.036781908534667736,0.07502178190839892,,3,8
1.3,7,510586.53,446948.19,94340.31,0,10,0.108,1,76.8,6716051.94,16.5,0.186,1,35.2,0,0.1246377181160655,0.21107661270537867,1.0961334898513677,1,10
7.3,10,131337.62,120495.41,23084.62,0,64,0.224,0,,,,0.879,1,79.4,0,0.08255220400674226,0.1915809075217056,,0,5
5.4,5,406272.13,376240.0,25663.41,0,43,0.373,1,64.2,3420994.64,6.2,0.479,0,32.1,0,0.07392121630395863,0.06821021156708484,0.7017042657261935,3,1
4.9,1,130409.79,127600.94,5531.25,5,50,0.419,1,70.2,1719655.89,11.1,0.672,0,42.6,0,0.02153864368618331,0.04334803489692161,1.0988795971529437,2,13
10.8,21,793837.97,612910.21,138239.79,0,84,0.209,1,85.8,8493381.35,17.4,0.54,1,51.0,1,0.22791522557178767,0.2255465608902159,0.8915947660788593,0,3
7.2,9,659998.45,587779.1,0.0,1,74,0.478,1,72.7,6635209.57,12.6,0.234,0,6.3,0,0.10942351455522355,0.0,0.8377809536269871,4,10
13.3,1,82082.11,67002.53,11096.18,1,138,0.085,1,71.2,960738.51,11.6,0.604,0,23.4,0,0.18371335727115204,0.16560837329575467,0.9753835823664864,3,13
2.9,4,324967.74,354844.5,0.0,2,25,0.698,1,92.8,3920958.49,1.3,0.327,0,7.7,0,-0.09193761817711509,0.0,1.0054737766688269,4,5
9.2,9,1003150.5,956469.1,74420.08,0,86,0.398,1,82.5,10095791.38,0.0,0.436,0,21.8,0,0.04653479213737124,0.07780709277487376,0.838673706819997,0,7
4.2,3,461613.12,470987.19,54219.07,2,40,0.356,1,64.8,5517650.73,15.7,0.86,1,69.4,1,-0.020307200107310658,0.11511792921586678,0.9960813667947741,2,5
5.3,18,1222473.36,1194630.0,799.94,5,58,0.418,1,67.6,11944520.01,13.1,0.331,0,14.9,1,0.02277625092787306,0.0006696131856725513,0.8142317862043227,3,1
7.8,2,278179.12,255769.02,6096.69,3,41,0.226,0,,,,0.662,0,45.6,1,0.08055996438553693,0.02383670234964344,,2,7
8.6,20,394320.15,384455.92,56033.27,0,65,0.451,1,73.5,4321212.31,9.7,0.657,0,22.4,0,0.025015789834732106,0.14574692984308837,0.9132199453498211,2,5
6.0,7,210528.65,209362.9,27758.57,0,27,0.419,0,,,,0.06,0,15.4,0,0.005537251105728365,0.13258590705421067,,1,1
1.5,2,261218.18,233293.26,40694.3,2,13,0.094,1,100.0,2198924.04,3.4,0.569,0,30.4,1,0.10690266657550399,0.1744341006679747,0.7014966186503557,2,11
3.9,22,414681.89,349071.88,83282.97,0,32,0.197,1,84.9,4244457.74,0.0,0.597,0,23.9,0,0.15821768826220023,0.23858401312646552,0.8529545663705418,3,1
7.0,29,511189.22,525145.03,5912.66,4,74,0.563,1,67.7,5165476.63,13.4,0.461,0,23.9,1,-0.027300673515767912,0.011259099224456146,0.8420685902440066,4,10
5.9,10,260847.79,205168.1,33005.56,1,35,0.281,1,80.1,3269016.29,17.0,0.371,0,19.4,0,0.213456629247271,0.16087081763685485,1.0443562667970723,3,5
17.9,18,435596.43,351540.92,44898.73,0,195,0.281,1,87.8,5084169.07,5.6,0.659,1,63.7,0,0.19296648046449785,0.12771978294873895,0.9726451519203988,2,7
7.9,43,522677.92,470660.24,65230.04,0,78,0.09,1,72.2,6568810.77,14.7,0.602,1,52.3,0,0.09952147969059033,0.13859262894184562,1.0473005967039892,2,2
7.3,8,319032.8,308635.57,9938.76,4,68,0.421,1,79.3,3657236.08,16.4,0.629,0,24.1,1,0.03258984656123126,0.03220225069974922,0.9552926010533506,0,10
8.8,7,657977.46,674786.12,0.0,4,63,0.422,1,78.9,7912145.64,4.9,0.499,0,17.6,0,-0.02554595107254895,0.0,1.0020791137738974,4,3
7.4,6,686664.97,680072.15,0.0,5,68,0.457,1,70.9,8344339.85,16.1,0.523,0,10.5,0,0.009601217898154829,0.0,1.012665105323003,2,12
6.2,4,720229.29,634702.85,63727.16,0,33,0.172,1,88.5,6179732.28,4.2,0.275,0,28.1,0,0.11874890564364586,0.10040471694746606,0.715019087879639,4,3
4.9,3,255300.05,256435.61,22679.62,0,43,0.323,0,,,,0.447,1,40.7,0,-0.004447942724648889,0.0884417729659309,,0,13
9.4,6,237473.11,196440.24,22924.22,0,61,0.21,0,,,,0.516,0,24.1,0,0.17278954236123828,0.11669818770329339,,3,2
4.0,18,466980.54,434095.35,104208.95,0,42,0.288,1,77.9,5859938.92,14.2,0.101,0,6.8,0,0.0704209001942565,0.24006004671554304,1.0457143317649453,1,11
17.2,3,161595.52,173154.51,20608.5,0,189,0.681,0,,,,0.518,0,14.7,0,-0.07153038648596212,0.11901797995327987,,2,13
4.1,3,797984.1,709927.23,136712.78,0,19,0.065,1,81.8,10193919.82,16.8,0.443,0,27.1,0,0.11034915357336067,0.19257294863869356,1.0645491787785413,3,9
6.2,9,276100.42,282330.06,0.0,8,69,0.537,1,70.3,3392961.42,4.0,0.65,1,63.7,1,-0.0225629501034443,0.0,1.0240722741385182,2,12
2.9,8,171321.53,147208.54,25549.0,1,19,0.172,1,75.6,1937268.78,0.0,0.873,1,79.8,0,0.1407469919279847,0.17355650697982603,0.942316269297852,2,7
5.0,1,320668.35,349821.0,0.0,4,58,0.427,0,,,,0.879,0,54.0,0,-0.09091215269608,0.0,,2,12
3.5,8,483180.59,484089.92,50947.84,1,36,0.274,1,79.6,6249001.0,19.6,0.278,0,9.3,0,-0.001881967154351043,0.10524457935418279,1.0777545582560204,1,12
3.1,36,512839.23,550806.24,0.0,5,32,0.663,1,69.6,6745668.68,8.2,0.855,1,78.5,0,-0.07403296740773908,0.0,1.0961311533570992,2,1
5.9,44,479324.35,487151.09,37707.76,2,49,0.239,1,82.0,4424649.67,15.8,0.332,0,35.6,0,-0.01632869266917078,0.07740465078298397,0.7692511466052859,4,7
3.2,5,165853.83,138301.73,22982.22,0,26,0.317,0,,,,0.295,0,17.5,0,0.1661227841407098,0.1661744939849993,,3,3
4.1,8,301517.12,311822.79,8104.41,2,34,0.644,1,76.5,3022115.76,11.1,0.562,1,50.4,0,-0.03417938590021019,0.025990435144268964,0.8352526715564277,0,1
10.7,5,530608.12,478575.55,37635.33,0,86,0.435,1,66.4,4605971.2,5.5,0.329,0,28.2,0,0.0980621442430998,0.07864031081403972,0.7233793054907139,4,5
3.1,8,536300.12,446083.33,98452.09,0,34,0.166,1,93.6,6071552.82,15.1,0.611,1,59.1,0,0.16822071566942776,0.2207033605133821,0.943432074935952,2,8
2.3,1,155274.32,169651.58,0.0,5,25,0.67,1,91.8,1684795.31,2.3,0.655,0,35.4,0,-0.09259264506841813,0.0,0.9042036646282957,2,5
3.3,43,676117.33,605921.29,109057.1,1,19,0.304,1,97.8,7246832.57,0.0,0.77,1,76.8,0,0.10382227593545032,0.17998558855722002,0.8931921833251438,2,6
2.8,1,198139.74,181587.2,43099.87,0,16,0.115,0,,,,0.478,0,35.8,1,0.08353972807272271,0.2373508154759807,,3,13
1.7,7,522379.91,558507.95,0.0,5,8,0.651,1,82.6,5313737.78,1.1,0.559,1,68.9,1,-0.06916046981975241,0.0,0.8476809180250954,2,12
4.4,2,177113.54,133077.7,44278.39,0,47,0.05,1,89.5,1943069.66,1.6,0.68,0,33.5,0,0.24863056771379533,0.33272584362368746,0.9142297741136373,2,5
4.0,5,337768.17,330760.89,18986.02,1,44,0.264,1,63.7,4354293.67,4.6,0.582,0,32.5,0,0.02074582693804443,0.057401042789551084,1.0742806399825457,3,12
1.1,9,660607.09,552777.15,157885.61,1,8,0.052,1,64.6,5590388.43,21.6,0.197,0,2.1,0,0.1632285539048634,0.28562253342056554,0.7052084507600425,1,14
4.7,15,459000.86,478200.9,23745.13,1,49,0.314,1,81.6,3948727.1,13.0,0.451,0,9.3,0,-0.041830074131015874,0.049655134484272195,0.7169062638938556,4,8
4.5,28,1105332.16,1046755.12,78284.43,0,39,0.355,1,76.1,13067881.13,12.8,0.536,0,36.9,1,0.05299496578476458,0.07478772112430651,0.9852152444082211,3,11
1.4,10,402426.41,384766.2,27566.77,1,6,0.474,0,,,,0.32,0,1.6,1,0.04388432160801763,0.0716455083632606,,4,2
5.3,1,425916.78,389269.72,40137.86,2,25,0.356,1,100.0,5498950.53,5.5,0.503,0,15.3,0,0.08604277107842535,0.10311066578720791,1.0759047283837937,3,11
3.7,30,2606207.09,2617589.76,0.0,0,38,0.385,1,77.9,30120746.68,20.4,0.455,0,20.8,0,-0.0043675232270202775,0.0,0.9631092759145757,4,0
10.1,33,1853897.13,1556758.73,405567.76,0,65,0.159,1,98.9,22601818.72,8.1,0.104,1,43.4,0,0.16027771724313525,0.26052062672550425,1.0159597654338746,4,0
2.3,10,325182.04,344052.02,3996.46,2,26,0.469,1,65.0,3093253.2,21.1,0.653,0,40.4,1,-0.05802897355585825,0.011615859717957767,0.7926978378018664,2,13
5.8,17,346469.61,309996.17,25626.96,3,64,0.231,1,84.6,3139793.46,11.7,0.565,1,43.8,0,0.10527168602175528,0.08266863426086846,0.755187316428705,3,8
2.6,74,1141833.96,1063829.23,187596.38,0,22,0.186,1,86.0,13552975.67,15.5,0.474,0,13.7,0,0.06831530041373089,0.1763406895672532,0.9891233565751247,2,5
1.5,7,851768.48,777864.91,105491.27,0,13,0.25,1,80.6,8832257.22,13.6,0.101,0,22.6,0,0.08676485657229292,0.1356164401348301,0.8641097343728897,4,0
13.5,37,1270950.81,1201451.77,121792.6,0,141,0.282,1,100.0,16357362.78,5.1,0.32,0,15.7,0,0.05468271427436286,0.10137119361853368,1.0725148088146699,3,2
1.0,7,920376.21,819603.4,159685.29,0,11,0.255,1,96.9,8406528.16,4.8,0.809,0,42.0,0,0.10949088960046016,0.19483239088564056,0.7611496317721352,2,3
5.5,9,309676.31,286467.01,35486.56,0,35,0.464,1,94.1,3863476.22,12.1,0.27,1,49.3,0,0.0749469663985598,0.12387660275436252,1.0396544432690595,1,3
10.8,10,439704.03,350564.12,52420.1,0,117,0.265,1,73.1,5506591.55,4.0,0.145,0,17.1,0,0.20272707075256968,0.14953070496775311,1.0436170647939402,4,5
7.2,4,566845.3,527074.05,48371.83,0,74,0.476,1,75.0,6455193.56,26.3,0.485,0,23.0,0,0.07016244114575881,0.09177425828496015,0.9489940141810589,4,3
3.5,5,1596732.17,1561834.04,0.0,5,30,0.708,1,81.7,16246808.3,15.9,0.435,0,25.5,1,0.021855969746009368,0.0,0.8479197182246706,3,10
5.0,23,3276945.25,3005389.04,358297.34,0,39,0.26,1,73.4,43028621.45,9.7,0.129,0,0.0,0,0.08286870523698861,0.1192182892900947,1.0942259270784787,4,14
3.2,5,1267138.77,1177827.2,48913.68,1,33,0.342,1,79.9,11515092.59,0.0,0.413,0,40.1,0,0.07048286431958835,0.04152874037889429,0.7572896291119454,4,13
4.4,7,401392.1,370693.63,53533.27,1,41,0.444,1,96.2,4457875.26,0.0,0.311,0,18.5,0,0.07648000546099432,0.1444137845044707,0.9255030305778316,4,13
2.9,6,177185.64,163234.05,20865.21,0,29,0.229,0,,,,0.358,0,13.5,0,0.07873995883639343,0.12782388233337347,,4,1
4.0,48,2568535.23,2139786.9,467200.28,0,35,0.293,1,96.2,26493589.23,0.0,0.183,0,0.0,0,0.16692328179590515,0.21833962998838813,0.8595557019087491,4,12
7.1,3,254049.25,222053.5,39231.31,0,79,0.147,1,75.6,3011148.37,12.4,0.214,0,11.3,0,0.1259430996155273,0.1766750355207191,0.987718054012493,1,1
4.8,20,445484.14,490032.55,0.0,3,37,0.482,1,52.4,4688343.35,22.1,0.763,1,56.9,1,-0.09999999102100464,0.0,0.8770127689992884,2,10
4.5,46,814996.45,794398.77,24535.53,5,35,0.226,1,86.5,8582581.96,15.1,0.337,0,20.8,0,0.025273337080179842,0.030885659603929142,0.8775684401242895,4,5
3.8,7,213642.98,197190.61,37681.79,0,30,0.265,1,100.0,2258340.16,14.9,0.463,1,58.9,0,0.07700870864092994,0.19109322700507902,0.8808855471559764,2,3
10.2,63,2629059.61,2317150.88,72721.93,0,118,0.365,1,98.3,31987812.26,0.0,0.066,0,7.3,0,0.11863889613366355,0.03138420144656268,1.013918060863849,1,12
11.4,10,860651.68,837697.76,22957.19,4,88,0.555,1,79.3,10710482.29,10.4,0.546,1,56.3,1,0.026670394694401852,0.02740509894642669,1.037051587273185,2,2
1.0,46,494929.91,427587.06,77622.16,1,8,0.16,1,77.3,6100161.91,8.6,0.432,0,33.4,0,0.1360654279309973,0.18153533458192117,1.0271087189564545,3,5
4.1,3,1026200.41,982125.25,139429.42,0,37,0.375,1,82.1,11007109.9,13.1,0.234,0,12.0,0,0.042949856159188275,0.14196704544557837,0.8938401791647437,1,14
3.6,5,482183.17,497193.61,11962.06,1,22,0.483,1,82.3,4330070.15,2.4,0.527,0,14.3,0,-0.03113016159398513,0.024059158765133766,0.748344615940591,2,8
4.1,6,188662.53,161337.44,39458.07,1,46,0.067,1,80.0,2426874.87,4.9,0.097,0,15.9,0,0.14483580814907973,0.24456858866732978,1.0719647006747977,1,12
6.9,4,226416.29,245935.33,1550.89,3,65,0.579,0,,,,0.172,0,0.0,1,-0.08620863807988365,0.006306088677865031,,1,13
6.8,40,493782.76,456481.78,40246.44,0,73,0.225,1,69.1,5686733.98,0.0,0.391,0,7.0,0,0.07554127649171061,0.08816658575069525,0.9597226487480717,3,5
7.1,1,195480.9,205484.07,771.34,4,69,0.505,0,,,,0.336,0,9.0,1,-0.051172109397900324,0.003753770304432845,,3,11
3.8,1,162133.91,161135.22,10166.56,0,39,0.41,0,,,,0.596,0,21.9,1,0.006159661479822465,0.06309334483175062,,3,10
7.1,242,1042125.76,1127316.76,46369.3,2,63,0.463,1,61.1,8997727.86,23.9,0.584,1,46.2,0,-0.08174733153127316,0.041132449765050955,0.7195011233577029,2,8
14.7,1,253571.72,225976.79,54314.14,0,113,0.334,1,79.6,2863577.73,4.6,0.441,0,32.7,0,0.10882495098428166,0.24035273711074487,0.9410808015184027,3,0
7.3,4,723502.13,717357.78,68077.39,1,59,0.566,1,82.3,6769272.24,13.6,0.122,0,2.0,0,0.008492511279821632,0.09490019052975211,0.7796881261427662,1,8
15.4,43,968192.36,1022956.04,0.0,6,149,0.406,1,99.9,11175850.1,4.4,0.252,1,57.8,0,-0.05656280948137212,0.0,0.9619171562835578,1,0
1.8,7,289451.03,235486.43,72362.76,0,17,0.05,1,91.4,2797040.35,7.4,0.27,0,31.0,0,0.18643775425501175,0.3072905729642256,0.8052716061619588,1,11
4.8,19,554576.41,533522.2,59787.99,0,35,0.424,1,66.1,5306651.72,14.3,0.84,0,52.3,0,0.0379644889691577,0.11206279701200812,0.7974031507518804,2,5
4.3,50,1131567.69,911236.07,57937.71,1,43,0.389,1,78.3,12882044.1,9.3,0.532,0,51.4,0,0.1947136012694035,0.06358144931642137,0.9486871041713819,3,3
1.7,9,475363.02,454181.36,36747.27,0,19,0.416,1,78.4,4908055.76,10.9,0.457,1,61.6,1,0.04455891415365047,0.08090880259815153,0.8604048473662647,0,8
8.5,10,729140.48,737227.14,31709.9,4,76,0.617,1,67.9,6530463.2,10.2,0.483,0,21.9,0,-0.011090674872419692,0.04301238828510844,0.7463654557578078,2,10
14.9,191,3532409.41,3019292.94,564970.35,0,120,0.126,1,85.0,42290370.57,9.7,0.103,0,1.4,0,0.14525962606355988,0.1871200844791165,0.9976752800859513,1,13
10.6,3,368422.68,288436.81,88857.24,0,116,0.201,1,100.0,4616437.0,2.3,0.851,0,34.7,0,0.21710354530833986,0.3080648409611797,1.04418947099927,2,11
12.3,6,158810.77,137963.4,24741.06,0,95,0.429,0,,,,0.409,0,28.4,0,0.1312717645031253,0.17933060507351953,,3,14
17.2,7,632786.83,631730.43,98770.89,1,146,0.31,1,82.0,6783631.85,10.8,0.516,0,22.3,0,0.0016694405602593009,0.15634974240515848,0.8933540133360024,3,5
8.3,23,709981.75,732913.58,16092.13,0,84,0.398,1,73.4,7362491.73,22.5,0.765,1,79.9,0,-0.03229918233813751,0.021956381269398775,0.8641644345083519,2,7
1.6,9,508014.32,459303.72,76756.63,1,8,0.351,1,71.0,6640508.89,19.8,0.499,0,30.6,0,0.09588430499360734,0.16711519340622805,1.0892916184593642,2,13
4.2,23,362232.52,311049.2,66747.16,0,29,0.24,1,89.5,3189722.16,8.0,0.609,0,35.1,0,0.14129962710139887,0.21458714569913698,0.733810923436692,2,1
16.8,17,261582.91,234180.85,29022.07,0,117,0.254,1,74.4,2984617.27,9.2,0.439,0,28.6,0,0.10475477927820284,0.12393015910566556,0.950819401134934,4,14
9.9,42,1531090.3,1336243.44,123695.41,0,100,0.341,1,100.0,15748100.23,0.6,0.137,0,12.4,0,0.12726020143945793,0.092569517123317,0.857128861591856,1,11
2.3,219,1774352.17,1820588.39,82370.01,1,20,0.458,1,84.7,20271568.26,9.1,0.781,1,76.2,1,-0.026058085188353546,0.04524362038802192,0.9520642990506221,2,6
2.4,19,1078050.12,850276.48,210087.67,1,24,0.102,1,82.8,13605901.62,14.9,0.262,1,41.3,0,0.21128297819771136,0.24708159632970209,1.0517369405793489,3,13
5.4,25,695052.04,684934.71,72637.46,0,44,0.346,1,73.6,5953047.53,14.2,0.424,0,24.7,0,0.014556219416318919,0.10605019564565506,0.7137412245659572,3,3
8.5,35,1262185.79,1201921.84,202453.55,0,79,0.256,1,82.5,11598647.72,5.6,0.76,0,31.0,0,0.04774570469534438,0.16844152694654418,0.7657778944466382,2,4
3.1,3,230606.45,202368.66,40260.24,0,15,0.158,1,73.0,1995624.83,14.3,0.456,0,31.6,0,0.12245013094820204,0.1989450342755642,0.7211509876096989,4,11
1.2,2,563658.01,604737.08,0.0,1,13,0.661,1,66.6,5765096.18,2.5,0.278,0,12.4,1,-0.07287942204529294,0.0,0.8523336369630703,1,8
2.6,8,389295.09,370363.33,53806.37,1,25,0.417,1,78.3,3428384.85,21.4,0.595,1,46.0,0,0.048630872791126156,0.14527996062677156,0.7338873385225588,2,10
29.5,3,186928.55,180225.47,21669.52,2,240,0.27,1,64.0,1866201.2,12.7,0.762,1,57.4,0,0.03585904881838536,0.12023561375647959,0.8319583427286344,0,1
12.2,9,276343.14,270048.99,38403.41,1,77,0.282,0,,,,0.589,1,52.0,0,0.022776574081050185,0.14220904880999558,,2,14
5.8,9,240117.22,228799.13,26370.62,2,43,0.299,0,,,,0.283,1,32.4,0,0.04713568647846246,0.11525664455105226,,3,10
4.5,8,265983.92,264968.99,25895.66,1,45,0.314,0,,,,0.813,1,73.2,0,0.0038157569826025315,0.09773090805833544,,0,13
3.7,24,501363.89,480217.54,14013.93,4,34,0.51,1,75.2,5422910.52,2.7,0.079,0,12.6,1,0.042177648653555874,0.02918246176514086,0.9013597090129486,1,8
7.1,17,383957.64,336666.23,48381.17,0,51,0.39,1,96.6,3395238.33,5.2,0.527,1,41.2,0,0.1231683005448206,0.1437066319363246,0.736895162445524,2,14
4.6,9,539644.32,454273.18,59773.7,0,43,0.218,1,80.0,4653394.67,14.4,0.679,1,64.6,0,0.1581989040485036,0.13158095751987822,0.7185897725499393,2,7
4.8,9,336523.63,369299.78,0.0,0,54,0.666,1,56.9,4330671.45,10.2,0.57,1,49.1,0,-0.09739628090901083,0.0,1.0724040017635612,2,8
1.4,24,275677.71,213884.0,55509.36,0,11,0.05,1,77.4,3257123.57,0.2,0.631,1,58.5,0,0.2241519998116642,0.2595302126386265,0.9845807416445335,2,13
4.7,7,557968.32,562609.54,52984.06,0,52,0.381,1,72.2,7114912.01,4.6,0.657,0,28.3,0,-0.008318070818070978,0.09417554490810802,1.062621860263799,2,1
7.8,9,429974.21,408095.4,32130.79,0,74,0.385,1,82.0,5643249.76,4.4,0.11,0,0.0,0,0.05088400534534385,0.07873352652345506,1.0937186519473652,4,13
3.5,7,922158.18,692572.21,206086.02,0,19,0.112,1,68.4,8113940.61,18.7,0.226,0,10.7,0,0.24896593120282257,0.2975661122758593,0.7332383230608007,1,13
7.3,7,251534.76,276688.23,0.0,4,83,0.527,1,79.2,2372738.79,17.7,0.527,1,42.2,0,-0.09999997614643785,0.0,0.7860871097895178,2,13
4.9,10,876899.08,776786.17,147346.26,0,48,0.534,1,92.5,8157301.06,7.9,0.458,1,57.3,0,0.11416696890593148,0.18968702802728837,0.7752033316460241,2,3
10.9,5,349423.79,335764.27,37946.58,1,88,0.328,1,63.8,3589436.6,24.0,0.28,0,17.8,0,0.039091556988721236,0.11301553914596095,0.8560370679588436,4,6
6.5,6,331455.55,280374.02,45344.2,0,53,0.223,1,100.0,3994022.17,0.0,0.679,1,53.3,0,0.15411276112287145,0.1617275380935794,1.0041623404204074,2,1
2.5,6,714242.96,614716.3,85377.12,0,27,0.334,1,87.8,7310818.48,7.3,0.158,0,3.6,1,0.1393456646741046,0.13888865481523752,0.852979878630282,1,10
2.5,1,183334.87,166422.99,24695.06,0,20,0.229,1,68.9,2081028.66,19.5,0.074,0,0.0,0,0.09224584499391744,0.14838731115214313,0.9459141897010644,1,1
1.4,40,1102245.38,933785.6,147741.32,0,13,0.177,1,80.8,10771549.65,12.9,0.722,0,37.9,0,0.1528332829120136,0.1582176036983222,0.8143641640847704,2,7
14.1,4,296206.77,231379.96,36402.22,0,115,0.05,1,79.4,2958583.93,10.4,0.285,0,0.0,0,0.2188566115487503,0.15732658956289905,0.8323532268804434,4,11
4.1,1,233260.52,206335.69,19335.87,0,32,0.301,1,80.2,2879652.34,21.3,0.379,1,52.8,0,0.11542814874973266,0.09371073903889336,1.0287682987816942,3,0
0.9,30,591636.93,539717.8,78317.48,0,6,0.124,1,84.6,7669410.86,3.3,0.412,0,13.4,0,0.08775505274831306,0.14510820284230017,1.0802530052792119,2,5
5.8,18,290492.44,258899.59,53358.13,0,51,0.42,0,,,,0.506,1,43.5,0,0.10875618656375362,0.20609584588372656,,2,1
4.3,52,362794.27,349184.04,37671.03,2,39,0.322,1,74.9,4254649.37,11.8,0.107,0,3.8,0,0.037515008161512695,0.10788302351963165,0.977286973597093,1,0
13.2,5,406327.45,364123.77,47178.69,2,126,0.277,1,81.5,4753519.94,8.3,0.731,0,36.7,0,0.10386617985075827,0.1295677291268296,0.9748951533219492,2,4
5.5,10,1108796.08,936853.97,109189.53,0,44,0.439,1,83.0,10293922.82,3.6,0.445,0,30.0,0,0.15507099375748162,0.11654914586101396,0.7736561457420256,3,7
6.0,1,66378.87,68550.71,2784.46,3,56,0.367,1,83.3,566511.23,3.6,0.255,0,5.8,0,-0.032718845620602025,0.04061898118925391,0.7112092924550639,4,13
8.7,122,991590.3,900531.33,88611.56,0,73,0.12,1,93.8,9046689.29,8.7,0.873,0,44.5,0,0.0918312432059895,0.09839919728278637,0.7602845390547552,2,13
3.9,32,552138.72,607352.59,0.0,5,27,0.537,1,96.1,5514627.67,4.4,0.41,0,32.3,0,-0.09999999637772189,0.0,0.8323131292681907,4,13
19.7,48,695646.79,587005.86,84251.38,0,188,0.2,1,91.1,8902780.84,12.0,0.45,0,40.6,0,0.1561725455528948,0.14352732356027928,1.0664872087361077,4,0
3.3,122,1002592.03,978671.79,46863.85,2,38,0.529,1,67.7,10757582.77,15.7,0.182,0,6.4,0,0.02385839831581345,0.0478851546339146,0.8941475734983982,4,1
11.7,33,348023.95,308140.98,58035.22,0,75,0.069,1,100.0,3914362.98,0.0,0.456,1,46.8,0,0.11459834876306653,0.18833983068399407,0.9372829513601003,2,0
8.8,5,416207.75,390590.62,66793.72,0,85,0.272,1,86.1,4563273.99,14.2,0.672,0,31.5,0,0.061548901960619434,0.1710069740026015,0.9136611043403204,0,11
3.1,3,536076.58,507532.7,18186.08,0,32,0.414,1,88.0,6648745.35,10.4,0.276,0,30.7,0,0.05324590005405561,0.03583233159163932,1.0335503045105983,1,13
4.5,5,264568.29,273153.57,17461.16,3,45,0.393,0,,,,0.383,1,50.8,0,-0.032450147370268856,0.06392433384634146,,3,6
8.9,1,158684.63,120143.56,39671.16,0,103,0.05,0,,,,0.192,0,16.1,0,0.24287840605608751,0.3301979731581119,,4,12
5.7,3,450306.72,380893.28,83254.75,0,54,0.135,1,90.8,4944221.64,7.2,0.273,0,29.1,0,0.15414702227850374,0.21857762888334495,0.9149729544342576,1,3
4.5,16,349997.84,312112.29,54843.65,1,26,0.225,1,77.1,3567688.54,0.0,0.44,0,15.4,0,0.10824509659831057,0.17571768801542548,0.8494548947311599,3,3
7.2,44,257293.71,207907.52,40561.62,0,58,0.192,0,,,,0.291,0,17.2,0,0.19194480113796797,0.1950945304912492,,3,1
8.6,10,290071.45,268242.9,38246.63,0,64,0.326,0,,,,0.785,1,77.3,1,0.07525232145390381,0.14258207766170136,,2,14
3.5,6,547069.21,568382.21,26687.46,2,37,0.321,1,85.3,6218807.31,10.7,0.381,0,16.2,0,-0.038958507644763996,0.04695336963484484,0.9472913719637046,4,3
13.6,22,1594150.45,1350127.59,313547.39,0,138,0.05,1,100.0,17911797.23,0.0,0.55,0,20.8,0,0.15307392097151173,0.23223537710239667,0.9363292963764285,3,5
17.7,46,402665.54,373770.35,55043.98,0,138,0.484,1,86.1,4495917.82,6.6,0.65,0,44.0,1,0.07175977859938053,0.14726684446746513,0.9304491721177168,2,10
11.0,10,177558.91,152621.37,23346.33,0,124,0.183,1,85.2,1576904.32,16.1,0.41,1,50.1,0,0.14044657066209748,0.15296894530562793,0.7400850418226455,0,0
8.0,3,397075.14,376902.22,68859.21,1,89,0.167,1,75.1,4336241.43,11.5,0.3,1,7.8,0,0.05080378489572538,0.18269780952736234,0.9100379653583954,4,2
3.3,4,813504.78,894855.26,0.0,6,23,0.634,1,49.1,7694006.38,27.1,0.152,0,0.0,1,-0.10000000245849813,0.0,0.7881541867932643,1,7
5.6,45,1069115.32,911544.14,138481.17,1,65,0.076,1,92.4,14061278.18,3.1,0.826,1,67.3,0,0.14738464322071454,0.1519193244991954,1.096021317575607,0,14
5.3,8,920524.2,849785.13,60031.88,0,50,0.286,1,68.5,11157087.24,16.2,0.134,0,10.9,1,0.0768465076746488,0.07064359904720856,1.0100302306012163,1,1
9.0,38,197278.0,184225.8,0.0,3,103,0.514,1,95.5,2030049.15,0.0,0.326,0,19.0,0,0.06616145743569993,0.0,0.8575247239935522,3,8
6.9,10,357302.38,358623.68,9034.69,3,54,0.471,1,68.5,4441093.35,8.1,0.794,1,59.7,0,-0.003697988241779941,0.025192675508767297,1.0357924637949514,0,0
4.9,4,220734.45,207522.9,9267.71,1,57,0.479,1,70.7,2488333.09,14.8,0.317,0,34.7,0,0.05985268724478674,0.04465873404814601,0.93941426376052,4,5
4.6,7,647592.12,634464.81,35880.21,2,48,0.256,1,85.1,6911014.57,1.8,0.867,1,58.2,0,0.020270953883750067,0.056551930752471516,0.8893219405346275,2,12
1.1,4,752070.33,651302.58,92944.13,1,11,0.05,1,96.2,9079661.53,0.0,0.291,0,21.2,0,0.13398713654878527,0.14270499281608867,1.0060740739942944,3,8
5.6,4,534745.15,456329.24,111335.94,0,37,0.089,1,87.6,5406889.88,5.8,0.761,1,76.5,0,0.14664164789526382,0.2439816041593127,0.8425960603226913,2,11
1.4,3,276854.09,289279.32,2556.61,5,13,0.412,1,80.5,3470657.79,17.6,0.185,0,7.5,0,-0.04488006660837115,0.008837859546959665,1.0446711569260183,4,7
16.1,2,385845.27,299928.56,96461.32,0,163,0.05,0,,,,0.361,1,43.1,0,0.222671409189492,0.3216143204235035,,3,12
0.5,12,467678.36,460695.33,40759.56,0,6,0.394,1,76.0,5211798.66,8.9,0.54,0,31.4,1,0.014931266009400071,0.08847400298153661,0.9286650658798923,2,11
8.8,32,418647.16,387973.61,47445.35,0,84,0.272,1,85.3,3789309.68,15.1,0.576,1,66.6,0,0.0732682624671334,0.1222901475180232,0.754276719963099,0,5
5.1,43,389757.34,401514.69,57059.38,0,56,0.55,1,92.6,4800808.57,17.0,0.505,0,33.6,0,-0.030165820610331486,0.14211031730868925,1.026452460993636,3,3
3.4,4,141715.58,129107.33,16613.72,0,34,0.263,1,94.9,1413389.7,0.7,0.315,0,12.4,1,0.08896869349156943,0.12868146216020424,0.831118745024365,4,13
6.4,6,1031845.33,1082712.72,0.0,2,44,0.622,1,66.0,8710217.96,15.3,0.144,0,3.3,0,-0.049297495003442056,0.0,0.7034499023866947,1,2
6.0,44,1344931.81,1242895.38,212270.97,2,52,0.242,1,78.1,17634217.94,13.2,0.679,0,35.3,0,0.07586736311932436,0.17078748011759448,1.0926339541829015,3,11
4.1,7,1116152.85,984422.35,130081.92,0,45,0.295,1,87.1,11117991.1,19.5,0.471,0,26.7,0,0.11802191787621212,0.1321403562200716,0.8300827779397179,4,1
2.2,5,336602.03,304380.86,66718.33,0,19,0.169,1,71.6,3015750.05,7.8,0.62,1,59.9,1,0.09572482376294653,0.21919357872896478,0.7466161275577174,0,1
1.8,22,3817077.89,3210350.53,659178.78,0,19,0.05,1,86.6,49800136.69,3.4,0.12,0,6.5,0,0.15895074124358524,0.2053292230365885,1.0872220872687859,4,13
3.6,39,1882713.26,1537215.92,220922.54,0,38,0.292,1,82.3,19852919.99,11.3,0.413,0,40.0,0,0.18351033444147521,0.14371601095570233,0.8787371047499111,4,6
4.8,49,1148709.91,1134975.66,108497.27,0,28,0.336,1,52.1,9705785.84,14.4,0.2,0,0.0,0,0.011956238803580968,0.09559435838474281,0.7041076947500755,4,10
5.1,3,153622.32,133496.24,24513.12,0,56,0.087,1,83.7,1490099.8,3.0,0.077,0,15.0,0,0.13101012925725908,0.18362404813798502,0.8083134230321045,1,14
6.2,34,1460479.99,1379152.81,163614.41,0,50,0.249,1,100.0,18799914.16,9.0,0.672,0,47.2,0,0.0556852408501673,0.11863399676501402,1.0727017994497368,3,0
2.8,5,114850.0,98073.61,28712.5,0,25,0.162,0,,,,0.605,1,46.9,0,0.14607218110579015,0.29276479167025665,,2,9
5.6,1,134930.04,136962.39,7600.95,2,34,0.354,1,63.8,1510102.27,13.8,0.897,0,44.4,0,-0.015062250037130395,0.055496622101877745,0.9326452125363139,0,13
4.5,12,233777.02,238972.32,0.0,5,27,0.392,0,,,,0.807,0,36.7,0,-0.022223313480512402,0.0,,2,14
18.0,5,325377.31,317509.23,0.0,2,181,0.391,1,74.0,2969078.99,5.8,0.472,0,14.5,0,0.024181403429759794,0.0,0.7604194931928926,3,5
3.2,4,961893.22,955311.0,83849.19,1,19,0.462,1,79.9,9056074.45,15.0,0.225,0,0.0,0,0.00684298408923183,0.08777161573560861,0.7845703193888124,4,9
1.0,6,620936.42,493156.81,127998.86,0,10,0.213,1,84.0,5238878.22,20.8,0.191,0,9.4,1,0.2057853362829,0.2595500202055407,0.7030883854421036,4,0
2.6,8,429366.48,396849.31,78178.17,1,28,0.412,1,79.9,4233197.55,8.1,0.324,0,14.1,0,0.07573290304357244,0.19699711711732595,0.8215975837238156,4,1
19.0,31,518681.44,468601.02,62054.31,0,184,0.34,1,99.7,4867129.96,4.3,0.402,1,35.4,0,0.09655332953498391,0.13242461572106692,0.781971615050142,0,9
3.1,103,449230.27,398731.82,62371.4,1,8,0.299,1,81.9,4848156.42,13.0,0.383,1,42.1,0,0.112411058141741,0.15642443585264904,0.899345084203698,3,2
2.7,7,379818.91,325964.66,36341.52,0,29,0.265,1,90.0,4538239.28,4.1,0.141,0,9.3,0,0.1417892805811064,0.11148914118481433,0.9957024168877392,4,11
4.4,5,229072.27,243616.52,2821.08,3,43,0.605,0,,,,0.173,0,16.5,0,-0.06349197133288983,0.01158000286680066,,1,10
1.1,10,313390.29,280657.46,71517.46,0,8,0.08,1,88.0,3418960.44,5.8,0.703,1,64.2,0,0.10444749261376274,0.2548211617107915,0.9091327303089066,2,1
4.4,3,503370.43,503990.97,35855.15,1,33,0.36,1,90.3,5653056.18,1.1,0.368,0,33.4,0,-0.0012327700695489384,0.0711424452703984,0.9358674783498903,4,12
6.0,3,338436.74,321793.88,25852.91,0,46,0.391,1,88.0,4029177.82,12.6,0.732,0,26.7,0,0.04917568937698663,0.08033996793226769,0.9921051075404324,2,10
1.4,7,147897.59,143771.97,10338.23,2,9,0.364,0,,,,0.484,1,40.2,0,0.027895113098191766,0.07190713182826944,,0,8
4.2,6,406921.77,381107.89,64608.84,0,41,0.333,1,76.3,4593843.49,13.3,0.719,1,50.4,0,0.0634369598854345,0.16952900135444585,0.9407712220295644,2,3
1.8,2,240209.38,252977.59,15457.2,2,19,0.36,0,,,,0.298,0,17.2,0,-0.05315450212643649,0.0611010643274766,,1,1
8.5,1,199930.07,180742.9,11723.11,0,85,0.394,0,,,,0.495,1,61.0,0,0.09596940570270401,0.06486069438965515,,4,3
3.4,9,358165.39,327579.81,47017.51,0,30,0.257,1,82.7,4558690.47,13.5,0.423,0,27.0,1,0.08539512988678223,0.14352993855146323,1.0606576824745686,3,5
13.5,4,929154.98,963873.32,124041.82,1,141,0.288,1,80.0,9004728.87,7.3,0.745,0,39.9,0,-0.03736549956391556,0.12869099852250296,0.8076091595613037,0,11
3.4,4,224118.55,202212.13,32668.79,0,28,0.231,1,85.7,2192237.76,0.0,0.169,0,7.3,0,0.09774478730118495,0.16155702429918523,0.8151332408673891,4,8
6.3,5,856975.26,779708.8,92677.97,0,67,0.271,1,80.4,11301828.43,6.2,0.137,0,0.0,0,0.09016183267647652,0.1188622855096672,1.0990037633447356,4,3
10.6,7,282484.4,272589.72,34316.62,0,66,0.296,1,78.0,2627204.75,9.2,0.891,1,55.3,0,0.03502735018287753,0.12589110110241872,0.7750294500038467,2,13
12.7,3,415149.19,395426.22,11244.51,2,124,0.358,1,71.4,4882203.27,12.2,0.349,0,20.1,0,0.04750815002192352,0.028436429936284955,0.9800097947920842,4,3
1.7,8,647584.97,550367.37,94501.8,2,15,0.203,1,98.6,7811200.48,0.0,0.477,0,40.4,0,0.15012331123126588,0.17170676379306427,1.005170600752722,4,6
5.6,6,261385.63,211931.05,37153.72,2,52,0.05,0,,,,0.555,1,40.1,0,0.18920160224569352,0.17531041345758444,,0,13
9.8,3,663598.1,607097.67,118725.2,0,85,0.323,1,98.2,7069040.85,0.0,0.199,0,13.5,0,0.08514254335568462,0.19556194310546438,0.8877161304410004,1,10
6.6,45,539467.09,511825.5,20599.85,1,74,0.401,1,92.5,7070628.26,4.2,0.359,0,18.4,0,0.05123869558011401,0.04024779929878445,1.0922242201404104,4,8
1.0,6,493858.82,400420.5,56196.83,0,11,0.144,1,90.0,4861904.54,0.0,0.547,1,50.0,0,0.1892004682633794,0.14034453780463288,0.8203937952685885,2,13
7.3,9,381880.94,349079.13,27567.15,0,72,0.226,1,72.1,4126544.96,15.8,0.49,1,42.3,0,0.08589538404299517,0.07897106309391799,0.900486802684278,2,8
6.1,9,478562.99,448559.16,25989.25,0,51,0.395,1,70.7,5412376.35,17.3,0.764,1,57.5,0,0.06269567565180921,0.057939403132465296,0.9424702117060911,2,10
10.4,43,455793.63,501372.99,0.0,5,55,0.912,1,72.2,4073383.56,14.7,0.589,1,55.4,0,-0.09999999341807385,0.0,0.7447419350726775,2,14
2.4,2,359454.78,335758.96,48000.21,0,16,0.367,1,78.6,3383802.81,16.5,0.253,0,24.9,1,0.06592156042548664,0.1429603248711516,0.7844757760628471,3,7
7.2,7,327502.26,360252.48,4159.42,1,75,0.539,1,66.2,3202340.18,22.9,0.701,1,64.2,1,-0.09999998167951565,0.011545846957111857,0.8148392065039999,2,10
4.2,10,638630.74,577962.44,98938.89,0,47,0.285,1,95.2,6400575.62,6.3,0.145,0,0.0,1,0.09499746285310358,0.17118567428014875,0.8351951577944192,1,12
10.5,5,368865.97,364459.85,27054.41,0,118,0.369,1,87.2,4005045.66,8.2,0.231,0,17.2,0,0.011945043344605619,0.07423152371927937,0.9048105061033417,1,7
7.0,21,717058.78,704981.93,19774.7,3,79,0.347,1,72.5,6083829.46,12.2,0.725,1,63.4,0,0.016842203647516842,0.02804993881190685,0.7070351866179414,2,1
1.7,98,2261000.09,2108867.09,247484.78,0,19,0.396,1,58.0,28644646.4,17.8,0.46,0,22.0,1,0.06728571160737991,0.11735437532955195,1.0557513364215154,4,6
2.1,10,461687.72,459117.57,53326.36,2,20,0.391,1,67.8,5491875.76,2.6,0.658,0,52.3,0,0.005566858048552743,0.11614968253120872,0.991268109390766,3,10
5.3,3,239220.48,233299.11,14675.54,2,51,0.293,1,99.2,2652412.61,7.7,0.851,1,77.7,0,0.02475277200346736,0.06290439770644647,0.923977680199733,2,4
8.5,4,289996.36,262800.71,41506.23,0,84,0.184,1,82.6,3656166.73,5.0,0.52,1,71.9,0,0.09377928053993494,0.1579380436224849,1.0506358108540856,0,5
7.7,2,120859.26,132945.19,0.0,5,70,0.493,1,82.5,1318089.77,17.0,0.342,0,29.7,0,-0.100000033096347,0.0,0.9088324234871757,3,8
0.5,21,642016.44,560229.97,85869.24,1,6,0.261,1,85.8,5805052.12,7.9,0.834,1,68.9,0,0.12738999331543593,0.15327498455678837,0.7534921431814634,2,6
5.8,2,365401.87,355515.79,47577.25,0,48,0.163,0,,,,0.201,0,2.6,0,0.027055362360351404,0.13382598280655833,,4,1
5.5,235,3343900.66,3093194.25,555116.58,1,54,0.178,1,75.8,28406483.35,8.9,0.753,1,70.1,0,0.07497423981488736,0.17946386005340595,0.7079178440167339,2,10
6.0,8,523383.49,488864.96,31111.37,1,67,0.299,1,83.7,5541694.12,9.4,0.472,1,46.7,0,0.06595265356956516,0.06364000807094049,0.8823508042512639,2,12
8.5,15,762000.13,758459.86,28204.49,4,74,0.496,1,73.8,8207586.33,8.3,0.354,0,15.7,0,0.004646022829418702,0.037186529554774334,0.897592402641716,4,7
7.1,5,357596.69,316290.36,49617.97,0,79,0.31,1,79.4,3173273.33,5.2,0.697,1,59.5,0,0.11551094055149116,0.1568747463564808,0.739490749108071,2,9
10.7,52,827850.21,750303.1,131093.88,0,122,0.112,1,80.2,9915084.45,3.8,0.478,0,34.5,0,0.09367287591797553,0.17472122932718792,0.998075530475495,4,1
6.4,5,233772.3,203076.95,58443.08,0,68,0.05,1,95.4,2625923.84,0.0,0.606,0,28.0,0,0.1313044787598872,0.28778785578570093,0.9360689297520137,3,12
9.3,3,325008.21,318842.63,29294.79,1,73,0.238,1,72.2,3014977.72,22.8,0.873,0,47.6,0,0.0189705361596866,0.0918785232702415,0.7730516817816181,2,3
9.9,209,1260828.9,1343633.78,110464.5,1,80,0.531,1,68.7,12932294.4,4.2,0.607,0,40.1,0,-0.06567495399256801,0.08221325010152691,0.854748173998867,3,3
2.1,10,741948.36,635795.41,155701.96,0,24,0.184,1,92.2,6998038.1,0.0,0.349,0,34.8,1,0.14307323221254908,0.24489318033925409,0.7859978849022142,4,13
7.3,19,488613.34,424282.24,54204.08,1,38,0.289,1,89.7,6358442.98,2.8,0.401,1,50.8,0,0.1316605477861084,0.12775477003232566,1.0844367211368673,4,11
2.1,8,152041.11,140195.93,25998.64,0,21,0.227,1,95.7,2000057.95,6.6,0.436,0,27.0,0,0.0779077448198056,0.185445041093561,1.0962265129038675,4,6
5.5,5,825363.24,776387.55,96452.4,0,59,0.367,1,71.5,9050291.71,3.9,0.049,0,6.0,0,0.059338346592707404,0.12423228579592754,0.9137685558098437,1,11
3.7,20,407587.96,314960.99,93608.24,0,41,0.12,1,76.2,4337377.03,14.8,0.153,0,16.4,1,0.22725639393273547,0.29720582221944375,0.8867977499466209,4,12
3.5,12,269142.33,220675.42,38541.12,0,32,0.159,0,,,,0.684,1,59.3,0,0.18007910535663416,0.17465071551693434,,3,14
7.3,5,157807.36,132402.32,18706.75,1,83,0.255,0,,,,0.57,0,17.0,0,0.16098767509956433,0.14128717684101003,,3,7
3.1,7,637571.77,548515.49,114127.66,0,36,0.183,1,76.9,6883800.31,18.6,0.246,0,0.0,0,0.13968040021596317,0.20806643035732683,0.8997418844835826,1,0
1.7,3,244768.78,268170.63,7305.32,4,18,0.557,0,,,,0.416,0,40.7,0,-0.09560798562627149,0.027241312741816653,,2,11
2.6,4,255903.56,210334.47,46077.27,0,27,0.23,0,,,,0.586,0,29.4,0,0.17807134062535118,0.2190666608283464,,3,12
4.1,8,119358.42,130317.8,0.0,3,36,0.754,0,,,,0.767,0,34.0,1,-0.09181907736379222,0.0,,0,8
6.9,8,658672.95,599522.34,68529.86,0,74,0.351,1,86.2,7147410.17,0.0,0.539,1,65.6,0,0.08980270102180452,0.11430743348112767,0.904268976229655,3,5
3.5,1,415869.32,399864.83,47785.76,0,40,0.259,1,95.6,3622014.67,6.4,0.503,0,22.2,0,0.03848442101956449,0.11950478365401629,0.7257918324759647,0,3
4.3,30,666487.24,574233.26,120472.05,2,38,0.205,1,91.9,6117254.69,9.5,0.515,0,29.6,0,0.13841822388077524,0.20979636393753995,0.764862691394762,3,13
4.8,5,358037.8,381911.49,178.69,2,35,0.642,1,84.7,4676358.35,5.9,0.221,0,33.6,1,-0.06667924448200721,0.00046788327840044825,1.0884228681068497,1,8
10.9,4,345432.6,359898.89,677.53,1,124,0.56,0,,,,0.393,0,22.2,0,-0.0418787630351045,0.0018825565146922236,,3,12
2.3,49,1461756.29,1373449.72,128187.32,0,21,0.234,1,91.1,12294250.17,4.7,0.448,1,70.7,1,0.060411281007725345,0.0933323718614177,0.7008834882454995,0,7
2.5,9,139541.54,130000.03,10112.54,0,25,0.265,0,,,,0.613,0,50.2,0,0.06837755982913768,0.07778875127951894,,2,10
4.5,4,268160.2,288997.79,0.0,3,48,0.579,0,,,,0.555,0,32.3,1,-0.07770575200943304,0.0,,3,11
1.7,10,251663.72,234895.99,15931.9,0,15,0.58,0,,,,0.505,0,30.1,0,0.06662752183747427,0.06782533835507366,,2,12
4.6,46,1682590.0,1529579.14,319228.43,2,35,0.315,1,87.7,14657908.41,15.3,0.488,0,24.1,0,0.09093769724056372,0.20870344113087214,0.7259596024581152,3,14
2.4,3,170040.76,143489.11,35718.85,0,19,0.22,1,78.6,2157426.37,4.4,0.633,1,63.3,1,0.15614873751446431,0.24893073767061488,1.0573084408310887,0,8
4.4,97,1336192.0,1233704.89,128006.53,0,46,0.305,1,93.8,15706070.28,12.3,0.442,0,19.8,0,0.07670088580084307,0.10375782007316191,0.9795292817199923,3,9
2.8,40,505436.09,528814.13,7462.73,3,25,0.457,1,82.7,4913814.65,10.1,0.75,1,74.6,1,-0.04625320680998458,0.01411219855263701,0.8101608932727117,0,7
4.3,7,1098639.68,1005875.81,80422.63,0,38,0.401,1,92.2,9599045.59,0.0,0.132,1,29.5,0,0.08443520809297539,0.07995284228974549,0.7281008326891427,1,6
4.0,10,219931.23,196754.51,32709.52,0,31,0.161,0,,,,0.348,0,14.6,0,0.10538166862432406,0.16624533790864565,,3,14
14.1,10,203900.38,208755.46,1887.53,5,96,0.385,1,65.6,1735654.22,15.2,0.611,1,63.6,1,-0.02381103948898961,0.009041823385122478,0.7093554787228286,0,5
3.7,1,171431.19,149736.74,16559.95,0,36,0.273,0,,,,0.69,0,35.4,0,0.12654902529697198,0.11059376609908832,,3,8
7.7,2,107242.23,109948.18,0.0,2,83,0.564,0,,,,0.519,0,20.9,0,-0.02523213103643963,0.0,,0,7
20.3,13,372694.89,369278.88,36571.04,0,126,0.308,1,91.1,3981665.98,6.1,0.742,0,45.8,0,0.009165701198640016,0.09903366258043243,0.890287222165384,2,0
3.4,7,528744.54,510431.48,57475.78,1,37,0.244,1,86.9,6294206.5,1.2,0.684,0,20.3,0,0.03463498649082987,0.11260234184615729,0.9920049639346314,0,3
3.3,46,1084610.49,1002690.25,115413.2,0,29,0.228,1,73.7,11597934.83,16.3,0.114,0,0.3,0,0.07552964013836892,0.11510354269426674,0.891098304946937,1,11
10.1,9,343409.55,377750.51,0.0,6,26,0.391,1,92.3,3582312.04,6.1,0.379,0,21.4,0,-0.10000001455987471,0.0,0.869300237379343,4,3
3.7,214,853760.71,783596.28,117791.45,0,40,0.184,1,89.7,9227678.48,0.0,0.57,0,38.4,0,0.08218278163678899,0.15032160438536027,0.9006893824695525,2,14
11.3,23,865771.11,940596.23,0.0,2,96,0.688,1,78.9,8792228.72,10.7,0.406,0,25.7,0,-0.08642598388389282,0.0,0.8462810992465049,4,0
8.1,10,187068.96,181387.89,4136.06,4,65,0.428,0,,,,0.444,0,15.7,0,0.030368854351892363,0.022802294023046413,,4,8
9.5,10,1432945.19,1343656.38,18864.18,2,100,0.426,1,100.0,14935213.58,12.3,0.327,0,13.6,0,0.06231139238479879,0.014039437672301308,0.8685615753849361,4,10
3.6,38,599946.71,583330.48,65166.46,0,41,0.245,1,86.3,7479835.16,12.0,0.575,0,40.0,0,0.02769617654874711,0.11171447787196033,1.0389582712549033,2,3
2.7,1,210214.22,206665.29,0.0,2,22,0.511,0,,,,0.353,0,19.6,1,0.016882444964950484,0.0,,4,8
1.1,8,360832.18,270624.14,90208.05,0,12,0.05,1,95.0,3425836.58,0.0,0.377,0,16.0,0,0.24999998614314273,0.3333333456505395,0.7911888060168765,4,3
1.9,15,667364.17,573080.4,108111.92,0,17,0.263,1,83.8,7216060.78,6.8,0.819,1,73.2,0,0.141277842351051,0.18865052791894468,0.9010648538912919,2,12
3.2,7,776545.94,751066.86,49178.03,1,27,0.301,1,93.0,9180121.13,17.8,0.275,0,16.0,0,0.032810782579070545,0.06547756613838614,0.9851446704707087,1,1
6.9,13,548231.83,470085.48,79885.99,0,39,0.324,1,73.3,5546079.7,13.8,0.411,0,32.6,0,0.1425425262155975,0.16993928423400784,0.8430253098097814,4,5
5.4,10,591371.49,592778.58,26365.56,1,48,0.364,1,89.0,7099334.12,6.0,0.137,0,2.1,0,-0.0023793673245897724,0.04447792293709399,1.0004053064287335,4,5
6.9,36,398907.45,372416.86,17064.79,1,69,0.368,1,76.9,4685106.23,14.0,0.246,0,8.5,1,0.06640785976797381,0.0458217439457494,0.9787370959521229,1,6
9.3,21,430153.08,375890.08,61947.23,5,107,0.141,1,100.0,4574383.29,7.9,0.166,0,3.3,0,0.12614811452704233,0.16480144940244235,0.8861929048607533,4,1
4.6,8,365150.66,362064.22,28734.5,2,40,0.446,1,96.9,3719944.94,1.1,0.778,0,43.1,0,0.008452511081316415,0.07936299256524161,0.8489520782097633,2,5
4.1,14,216674.65,227230.82,10363.82,3,40,0.393,1,76.8,2642459.12,20.0,0.892,1,73.4,1,-0.048718989508002034,0.04560921797492083,1.0162929842815793,2,5
8.8,9,674722.66,681760.44,49624.2,0,58,0.574,1,76.0,6918637.88,8.1,0.204,0,7.2,0,-0.010430626414710766,0.07278832429760812,0.8545039181975401,4,0
13.5,4,513212.77,395343.68,83272.24,0,123,0.169,1,96.4,4363042.96,0.0,0.673,1,51.1,0,0.2296690512981585,0.21063253116883013,0.7084525845553946,2,0
16.5,41,598015.52,520297.81,62692.3,0,171,0.333,1,100.0,5330960.12,2.5,0.77,1,56.8,0,0.12995935289438645,0.1204931075915926,0.7428681393865274,2,5
5.9,17,732535.4,797670.88,30014.85,3,29,0.562,1,69.4,9249151.46,15.2,0.264,0,17.2,0,-0.0889178598058196,0.03762811298815371,1.0521848113642926,1,8
5.8,3,86076.32,83690.91,6762.31,0,61,0.294,0,,,,0.626,1,65.2,0,0.02771273214282399,0.0808010093330327,,2,12
3.4,9,450123.31,495135.64,0.0,3,37,0.458,1,67.2,5316127.1,20.5,0.46,0,18.8,0,-0.09999999777838658,0.0,0.9841982892791459,4,3
5.7,3,405855.16,398708.71,59993.5,0,54,0.287,1,87.7,4391851.1,6.5,0.896,0,62.9,0,0.017608375362284302,0.15046949939969959,0.9017689750862515,2,13
3.0,4,489315.78,467195.36,56902.77,1,33,0.345,1,81.3,6028008.89,14.0,0.445,0,22.4,0,0.04520683964044658,0.12179652212299369,1.0266050977686978,3,2
4.8,217,610335.24,502544.56,84453.25,0,35,0.05,1,78.6,5501205.84,19.4,0.694,1,62.0,0,0.1766089731276208,0.1680512669364086,0.751118057675975,2,11
2.2,97,678069.09,688213.57,41616.99,1,20,0.297,1,56.9,6983733.62,12.6,0.232,0,11.3,1,-0.01496083533316639,0.06047103953500946,0.8582868770299892,1,6
3.0,8,527371.59,500885.54,83194.08,0,32,0.317,1,81.5,6210918.06,9.6,0.72,0,57.6,0,0.05022274711461038,0.16609399424866608,0.9814265971361862,2,13
5.3,8,689419.88,726715.2,15520.58,5,40,0.303,1,75.0,7274541.28,17.5,0.392,1,21.8,0,-0.05409667037741927,0.021357169906450285,0.8793070680429658,3,11
6.3,2,665316.38,672080.06,55686.2,0,65,0.475,1,90.3,5769706.04,2.1,0.404,0,21.9,1,-0.010166110745687715,0.082856497780934,0.7226769866490685,4,8
2.9,2,365665.79,366628.26,21173.32,3,24,0.315,0,,,,0.555,0,25.3,0,-0.0026321029374939075,0.057751467385520144,,0,12
5.4,27,637970.08,613179.95,70825.44,0,54,0.267,1,84.6,7834499.63,1.9,0.078,0,1.8,0,0.038857825432816545,0.11550514657238875,1.0233629908892699,1,7
9.9,4,377558.27,358728.23,30309.79,0,107,0.334,0,,,,0.303,0,12.4,0,0.04987320235363944,0.0844923467550909,,3,2
3.1,36,545067.01,517996.58,71324.16,2,28,0.245,1,78.6,5314782.79,19.4,0.2,0,9.6,0,0.04966440731755164,0.13769233765983552,0.8125580115981214,4,5
4.2,1,426906.94,426037.28,81769.06,1,41,0.163,1,87.4,5449025.2,3.6,0.553,0,29.9,0,0.002037118440847962,0.1919293541635605,1.063663742110478,3,3
7.4,3,141182.58,132364.4,16136.95,0,74,0.159,1,86.7,1385051.36,13.1,0.414,0,19.6,0,0.06245940540256449,0.12191306725977681,0.8175296602928398,3,11
13.7,48,920428.69,810897.11,125160.8,0,161,0.109,1,95.5,10885747.35,6.2,0.163,0,17.7,0,0.11900061481134401,0.15434855847494636,0.9855685968458893,4,14
4.4,10,1054702.48,791026.86,263675.62,0,42,0.05,1,89.2,13435488.35,7.2,0.347,0,23.7,0,0.25,0.3333333333333333,1.061554372344575,4,8
9.4,30,654262.49,639270.26,82109.24,0,111,0.256,1,68.7,7877361.82,17.2,0.404,0,3.7,0,0.022914702018145626,0.12844213963590298,1.003338611592013,4,8
6.4,5,347711.53,353340.7,0.0,1,60,0.637,0,,,,0.51,0,42.2,1,-0.01618919568183426,0.0,,3,11
0.6,16,528221.79,456030.26,110717.34,0,6,0.064,1,100.0,5501993.23,0.0,0.401,0,27.1,0,0.1366689738414616,0.24278507307826458,0.8680055319818089,2,1
4.5,2,335964.76,338887.2,0.0,1,51,0.552,1,86.4,3660304.75,8.2,0.886,1,76.7,0,-0.008698650417978368,0.0,0.9079089004255486,2,6
5.3,1,390773.18,397163.35,6003.44,1,52,0.41,1,80.9,4897260.37,17.0,0.435,0,24.1,0,-0.01635263197950275,0.015115795553643105,1.044352713339573,0,11
1.9,14,696117.47,592140.65,95807.01,0,15,0.246,1,92.9,8559233.08,3.3,0.782,1,73.4,0,0.149366772823558,0.1617977249155247,1.0246394524954723,2,6
2.2,7,121201.68,98657.23,1768.16,4,24,0.41,1,73.5,1304937.18,6.0,0.851,1,74.9,0,0.18600773520631067,0.017922254658883086,0.8972215979184447,0,8
2.2,5,276113.82,232561.1,69028.46,0,22,0.206,0,,,,0.894,1,85.7,0,0.15773466174203088,0.2968185994992284,,2,3
4.7,5,429901.49,335996.05,87082.45,0,38,0.187,1,100.0,4857677.7,0.0,0.243,0,27.0,0,0.2184347860715719,0.2591770052058648,0.9416261269529446,4,0
8.4,35,366831.28,366801.21,44673.62,0,66,0.229,1,82.4,3748636.33,4.9,0.725,1,77.0,0,8.19722898221956e-05,0.12179245537385223,0.8515804890829738,2,8
3.3,2,477525.8,449308.08,62770.99,0,30,0.33,1,73.5,4315259.87,10.4,0.199,0,7.8,0,0.05909150877292907,0.13970590068177718,0.7530587649225795,4,6
1.8,5,949199.54,760599.65,237299.89,0,13,0.093,1,93.4,10334620.11,0.3,0.281,0,19.5,0,0.1986936171502991,0.3119905327329562,0.9073101136353268,4,5
2.9,5,195468.76,176844.66,20679.93,0,19,0.229,1,74.9,1720515.03,15.8,0.483,0,41.1,0,0.0952791637906743,0.1169383910150298,0.7334995755843542,3,13
4.3,8,895240.59,912647.97,46237.08,1,33,0.355,1,64.6,11031086.25,11.6,0.199,0,11.7,1,-0.01944435964414885,0.05066255721798187,1.026826975640146,4,6
7.1,8,321705.46,246402.93,79267.19,0,38,0.05,1,97.1,2869243.62,0.0,0.048,0,0.0,0,0.23407290009936427,0.32169743273750845,0.7432377274541749,1,13
5.5,3,754085.49,820202.07,20740.16,1,31,0.649,1,90.0,9285076.09,1.3,0.675,1,56.3,0,-0.08767783079873338,0.025286646740601375,1.0260857039343556,2,1
2.4,5,494260.4,493686.67,1653.84,2,17,0.413,1,80.1,4497326.83,2.3,0.89,1,77.3,0,0.0011607848818154145,0.0033499790464263496,0.7582586746446475,2,8
3.7,4,469511.19,435472.43,21494.96,2,35,0.293,1,83.9,5572050.99,6.6,0.334,0,28.0,1,0.07249829338465823,0.04936009381810922,0.9889808643325413,4,10
10.4,11,319350.07,289606.37,45520.55,0,117,0.131,1,82.8,3969504.08,13.5,0.024,1,29.5,0,0.09313822915398143,0.15718076228779085,1.0358288215395308,1,3
7.9,37,378722.09,350997.37,33584.0,0,60,0.306,1,100.0,3373442.89,0.0,0.221,0,0.0,0,0.07320597538950006,0.0956816286116332,0.7422863578761232,1,13
9.7,44,333564.79,301963.7,44280.31,0,75,0.305,1,79.9,2846825.41,8.4,0.691,0,30.8,0,0.09473748713106071,0.1466411691206592,0.7112125078709098,3,8
1.2,10,169167.71,161223.3,8421.23,2,11,0.355,1,79.1,1445901.46,7.7,0.856,0,35.8,0,0.04696173992069765,0.05223333103837969,0.7122623361948526,0,8
8.2,8,197264.86,207205.13,1889.99,2,62,0.509,0,,,,0.684,0,28.2,1,-0.05039047501922045,0.009121347526482573,,3,1
8.1,3,402076.52,442284.18,0.0,6,79,0.42,1,66.8,5103093.61,22.5,0.432,1,55.1,0,-0.10000001989671015,0.0,1.057653903374744,0,5
5.5,4,283493.89,254433.62,38641.93,0,19,0.459,1,84.5,3633346.29,4.6,0.735,1,84.9,0,0.10250757079808676,0.15187430812012973,1.0680260428187711,2,9
4.5,46,2100243.42,1969427.6,280575.74,0,27,0.23,1,91.8,20274353.84,5.9,0.288,0,26.2,0,0.0622860277786276,0.14246562808401791,0.8044446041719615,4,5
2.6,12,403247.41,364221.87,51272.94,0,25,0.255,1,79.9,4699954.02,15.7,0.033,0,0.0,0,0.09677815413619142,0.14077391893023888,0.9712717931653918,1,13
5.1,50,1172128.33,1132537.26,17491.99,0,52,0.413,1,69.3,12052823.11,19.2,0.891,1,74.8,0,0.033777077975753786,0.015444957634329843,0.8569044021257751,0,8
5.7,8,1026935.57,907041.12,45849.07,0,61,0.31,1,91.3,13320373.72,10.1,0.642,1,59.9,0,0.1167497294888714,0.05054795090215976,1.0809160533151396,2,6
1.1,6,419009.51,396939.83,34154.25,0,6,0.165,1,75.0,4868006.98,5.5,0.401,0,24.1,0,0.05267107183319059,0.08604389738364124,0.968157616120296,3,3
4.8,8,374990.53,312188.11,89316.32,0,40,0.05,1,85.5,4167796.07,12.9,0.621,1,56.8,0,0.1674773493613293,0.28609776330046655,0.9262002940892045,0,11
8.9,49,823173.38,742564.6,120985.96,0,94,0.145,1,100.0,9854296.96,2.0,0.873,1,74.1,0,0.09792442510713846,0.16292987842404555,0.9975922852769283,0,9
11.0,7,304846.9,270937.25,44205.66,1,123,0.062,1,100.0,2657378.69,2.1,0.664,0,33.2,0,0.1112350166591821,0.16315829587847372,0.7264243925940091,0,7
0.6,43,562328.94,486702.2,98219.48,0,6,0.156,1,78.5,4833429.2,10.4,0.458,1,56.9,0,0.13448843660793972,0.20180611470422774,0.7162814111375216,2,12
2.7,28,694819.54,612392.63,96490.71,0,27,0.235,1,88.9,8080956.5,10.3,0.156,0,11.3,0,0.1186306735127225,0.15756347361659137,0.9691912833462724,1,4
6.3,5,289327.76,246461.27,46120.93,0,62,0.051,0,,,,0.867,1,61.9,0,0.14815892536547484,0.18713256650831997,,2,5
8.4,218,2068658.4,1668486.08,142196.17,1,93,0.063,1,87.8,26364721.67,0.0,0.069,0,1.3,0,0.1934453363590624,0.08522466666308658,1.0620700542760793,1,8
5.0,5,328039.19,314092.22,17262.46,1,41,0.523,0,,,,0.889,0,35.3,0,0.042516170095408506,0.05495984586947108,,2,11
4.5,19,255026.1,223246.49,39577.66,0,36,0.079,0,,,,0.787,1,62.5,0,0.12461316704447119,0.1772823393550331,,2,13
5.4,9,254064.67,201638.32,26683.25,0,61,0.203,0,,,,0.829,1,63.9,0,0.20635041464049292,0.13233223724538073,,2,8
6.0,7,386077.89,327342.0,66355.3,0,61,0.182,1,84.5,3964443.98,11.5,0.825,1,68.8,0,0.15213481922002842,0.2027093987328238,0.8557090168169607,0,11
5.1,7,426878.39,327057.02,106719.6,0,58,0.05,1,89.4,5111331.0,9.0,0.435,0,25.5,0,0.23384029817016502,0.3263027346118423,0.997811695269934,2,1
4.6,1,628461.38,574643.1,113976.35,1,49,0.05,1,72.3,7397363.93,13.6,0.098,1,28.3,0,0.08563498364847817,0.1983428496748678,0.980882857378868,1,14
7.4,1,137523.15,103749.98,34380.79,0,67,0.054,1,87.3,1737219.83,8.6,0.348,1,55.9,0,0.24558170751615274,0.33138117231444286,1.05268326944712,4,12
0.8,9,255190.97,219146.91,48553.47,0,6,0.057,0,,,,0.235,0,20.7,0,0.1412434773847993,0.22155671736370822,,1,4
2.0,14,752366.38,737530.65,131710.55,0,22,0.285,1,75.2,8518413.76,13.4,0.067,0,1.7,0,0.01971875723633475,0.1785831544763597,0.9435134692399909,1,6
16.3,6,870969.77,873603.11,0.0,3,118,0.494,1,86.3,8286139.68,4.1,0.357,0,16.9,1,-0.003023457404267851,0.0,0.7928078146730626,4,11
13.8,3,403272.67,329776.06,100818.17,0,120,0.194,1,80.7,3793043.31,12.4,0.138,0,10.1,0,0.1822504113655904,0.30571706751545275,0.7838045223843213,4,7
6.6,43,1016287.46,1057970.72,28476.45,5,56,0.509,1,94.3,11440680.03,12.8,0.116,0,14.2,1,-0.04101522614477602,0.026916104067605955,0.9381105642098545,4,6
23.1,100,885947.67,814337.14,89212.67,0,154,0.221,1,72.9,9186631.03,4.6,0.683,0,53.4,0,0.08082929999691746,0.10955250057734073,0.864105874146419,3,3
2.4,5,482069.1,497128.93,49117.64,2,22,0.59,1,76.5,5556148.94,4.1,0.295,1,48.0,1,-0.031239981985985033,0.09880261846760759,0.9604689694209124,3,7
10.1,6,151994.71,118829.97,21505.57,0,77,0.099,0,,,,0.683,0,47.3,0,0.2181966727657824,0.18097766077025854,,2,6
4.6,26,333291.6,325585.01,36009.08,0,34,0.396,0,,,,0.276,1,29.0,0,0.0231226649576526,0.11059808926707038,,4,8
2.9,43,835037.82,829934.09,39979.61,2,25,0.357,1,91.3,7905245.11,0.7,0.502,1,60.1,0,0.0061119746648121654,0.048172030142779175,0.7889108852977861,2,0
12.6,32,448486.61,367694.13,77704.58,0,120,0.052,1,77.4,4398059.68,5.3,0.24,0,3.3,0,0.1801446870398204,0.21132940033608913,0.8172038254014613,4,11
6.4,10,465441.12,468058.58,0.0,6,47,0.567,1,73.5,5025898.58,2.5,0.264,0,8.1,0,-0.005623611424792079,0.0,0.899845036611004,1,14
17.6,26,361855.46,347355.02,58286.06,0,199,0.231,1,77.2,3049413.56,11.1,0.898,1,65.1,0,0.04007246429278696,0.1677996765384303,0.7022632646379486,2,8
6.3,3,245236.79,209320.79,27578.26,1,61,0.253,1,89.7,2884380.0,2.6,0.423,0,21.2,0,0.14645437171152012,0.13175117483552398,0.9801343428121042,4,3
2.5,7,418645.14,415232.88,45530.98,1,18,0.436,1,65.3,4107038.94,16.6,0.415,1,38.8,0,0.00815072163503441,0.10965167305633408,0.8175259003364999,2,6
12.8,4,357155.34,320981.1,57645.22,0,114,0.32,1,66.4,4532178.09,7.5,0.68,1,69.9,0,0.10128433191003121,0.17959069864238114,1.057471260264511,2,9
7.3,8,445380.98,474064.55,0.0,3,65,0.521,1,79.0,3821730.5,4.8,0.425,0,15.2,0,-0.06440232360169491,0.0,0.715067674570806,3,13
3.2,1,261465.05,257904.81,17834.89,2,27,0.264,0,,,,0.617,1,58.7,0,0.013616504385576546,0.06915299485883958,,2,3
4.4,6,394291.99,433721.18,0.0,5,28,0.632,1,81.3,5163831.65,20.5,0.289,0,12.5,0,-0.09999997717427636,0.0,1.0913721685461242,4,5
0.5,11,381670.15,387608.78,15404.85,1,6,0.318,1,75.9,3282774.74,7.6,0.113,0,5.7,0,-0.015559587250928595,0.03974329477263131,0.7167565020913127,4,0
3.9,16,528453.93,493185.12,47414.11,0,37,0.295,1,86.7,5953815.37,0.6,0.473,0,9.2,0,0.06673961153056436,0.09613856557553886,0.9388732918181407,3,12
3.2,105,501981.96,496959.36,27720.85,4,30,0.442,1,69.0,5817873.14,24.6,0.175,1,25.6,0,0.010005538844463722,0.055780919389464764,0.9658171016079276,4,14
6.7,4,261538.68,266144.56,0.0,3,77,0.491,1,97.0,2735947.75,3.2,0.668,1,62.8,0,-0.017610702936942273,0.0,0.8717473294326228,0,14
11.3,12,749147.37,632802.39,64283.98,2,115,0.263,1,67.2,9436577.38,20.6,0.347,1,44.6,0,0.155303194884072,0.10158618395862885,1.0497019409323074,3,7
2.6,46,457310.63,467474.85,62586.11,2,24,0.418,1,61.6,5700277.85,12.4,0.388,0,7.2,1,-0.022226074211307907,0.13388123446641034,1.0387319318745478,4,8
7.2,8,806244.39,778710.9,31549.28,0,79,0.464,1,89.4,7065699.02,12.0,0.813,0,48.5,0,0.034150302738850676,0.04051475329291011,0.7303098898668512,2,11
2.0,2,226493.98,198692.02,22658.8,0,18,0.208,1,70.8,2812426.38,14.1,0.164,0,11.1,0,0.12274922273872366,0.11403980894652942,1.0347686282876039,4,2
4.8,8,598686.91,627829.82,25188.44,2,52,0.632,1,92.4,6376199.98,1.1,0.36,0,26.5,0,-0.048678047762894826,0.04011985286076408,0.887525665682808,4,1
9.9,9,254665.59,221843.54,30884.29,1,37,0.396,1,77.9,2288605.26,12.7,0.127,0,11.3,1,0.12888294017263968,0.13921653972885575,0.7488923218876958,4,13
23.8,6,424761.47,379602.26,43842.32,1,240,0.482,1,76.8,5110476.3,7.5,0.405,0,6.0,0,0.10631663460435799,0.1154954135415316,1.0026168922524918,2,13
1.6,177,562470.95,572865.14,35053.28,1,13,0.38,1,82.0,7047302.9,6.1,0.41,0,17.2,1,-0.018479514364253054,0.061189410128883036,1.0440987959763375,3,1
9.6,7,815133.36,736394.88,141424.04,0,111,0.309,1,78.7,10381744.22,8.7,0.441,1,54.7,0,0.09659582574316426,0.1920491896956155,1.0613543674211379,2,12
5.0,8,806627.81,809809.96,20535.98,2,21,0.584,0,,,,0.48,1,51.3,0,-0.003945004078150872,0.02535901139077124,,4,13
2.5,9,391571.0,395918.0,0.0,2,20,0.571,1,95.8,4511014.77,0.5,0.537,1,55.3,0,-0.01110143498880152,0.0,0.9600248677762142,2,12
0.5,5,462006.57,435143.44,51390.09,0,6,0.222,1,86.6,5634073.01,1.4,0.2,0,13.5,0,0.05814447617054451,0.11809919506082867,1.0162324838078962,4,11
11.5,5,422689.7,390694.59,67233.74,1,126,0.173,1,87.2,5520142.37,5.4,0.511,1,48.9,0,0.07569408480973155,0.1720877169043984,1.0882968384767044,2,14
2.0,10,399775.07,352818.86,53282.39,0,20,0.25,1,78.2,4141132.25,8.3,0.609,0,26.9,0,0.11745657376784405,0.15101910935260093,0.8632212963321266,3,3
1.5,3,363110.99,299631.85,82976.72,0,13,0.05,1,76.9,3051947.79,0.0,0.816,0,32.5,0,0.17482021130784287,0.27692890458741287,0.7004166480887841,2,10
4.5,5,144165.86,142575.69,13789.87,1,51,0.264,0,,,,0.596,0,17.3,0,0.011030142642647739,0.09671964414129787,,3,7
8.7,15,1321658.93,1394135.41,13675.63,5,91,0.421,1,89.8,16052842.51,6.3,0.837,1,63.5,1,-0.054837506375415616,0.009809398643708505,1.0121649734802105,2,6
9.5,36,254905.1,239507.24,10677.23,1,58,0.21,0,,,,0.707,1,64.3,0,0.06040624530462519,0.0445799884796802,,2,8
2.8,8,567884.21,483836.89,131899.77,0,31,0.165,1,87.6,5277520.03,3.4,0.281,0,12.5,0,0.14800080460064202,0.27261205734023297,0.7744419163077864,1,2
2.7,35,177896.09,156759.14,30906.51,0,22,0.119,0,,,,0.131,0,12.2,0,0.11881627077919465,0.19715922146549156,,4,14
9.3,5,606079.38,493988.89,146610.21,0,77,0.05,1,81.4,5097933.88,1.3,0.173,0,16.0,0,0.18494357950273774,0.29678847635621924,0.7009441953516605,4,4
3.9,3,564176.0,466709.16,77171.03,0,40,0.146,1,96.2,6893134.56,14.7,0.688,0,45.8,0,0.17275963529111488,0.16535143642777442,1.0181714216840134,2,10
1.2,3,348501.27,343950.69,0.0,4,13,0.473,1,62.5,3571280.81,18.4,0.695,0,38.4,1,0.013057570780158179,0.0,0.8539616919234373,3,6
6.3,32,702584.31,665159.83,119695.41,0,65,0.322,1,67.4,7703540.95,20.1,0.846,0,36.2,1,0.053266888353940174,0.17994984754265755,0.9137148904354743,2,12
4.0,7,435946.94,416019.5,49041.47,0,33,0.408,1,78.8,5734383.96,9.1,0.739,1,43.1,0,0.04571070048111819,0.1178826232904948,1.0961547981045583,2,13
12.4,1,399498.25,345735.07,83943.97,0,114,0.229,1,87.1,3735979.55,3.7,0.254,1,40.0,0,0.1345767597229775,0.2427985393555823,0.779306615652676,1,8
4.5,248,577539.52,505644.78,93726.84,0,29,0.183,1,79.4,5164505.21,10.1,0.45,0,37.6,0,0.12448453743910025,0.18536103546841715,0.7451878516757895,2,8
10.7,6,352013.68,289525.32,80844.17,1,110,0.237,1,93.4,4482704.16,9.2,0.501,0,18.0,0,0.17751685104965234,0.2792300514511131,1.061205007714473,2,7
11.4,4,486125.58,468849.87,9691.66,1,133,0.506,1,76.8,5921483.54,13.8,0.352,0,7.6,0,0.03553754566875501,0.020671137223521038,1.0150812505416125,3,8
4.2,4,534534.33,517331.95,29304.32,1,44,0.389,1,76.3,6016267.87,17.4,0.209,0,3.7,0,0.03218199287592987,0.05664509992085352,0.9379297599713258,1,11
6.4,1,162410.24,158245.57,25545.24,2,42,0.321,0,,,,0.874,1,46.7,0,0.02564290281203934,0.16142783649488576,,2,12
4.5,34,1100076.17,1171862.32,39882.27,1,36,0.379,1,75.5,13428549.25,20.8,0.603,1,54.5,1,-0.06525561770872661,0.034033238648717705,1.017243897605139,2,3
4.0,24,1352657.83,1184331.7,141318.54,0,43,0.269,1,87.4,15180157.91,9.2,0.026,0,0.0,0,0.12444102733652908,0.11932344629464872,0.9352055864465492,1,7
4.3,34,298048.95,294663.69,37239.81,0,47,0.327,1,78.8,3033078.33,9.6,0.69,1,66.5,0,0.011358067189970001,0.12638072237539683,0.8480369667465696,2,11
3.1,45,1539551.19,1435722.88,88130.68,0,26,0.393,1,77.7,13176815.17,5.7,0.577,0,31.7,1,0.06744063508534592,0.061384185783819226,0.7132389867681719,3,11
5.9,9,423329.99,402665.42,57418.08,0,52,0.368,1,79.6,5322962.91,20.9,0.447,0,29.1,0,0.048814330399790495,0.14259501101435532,1.0478356199143841,4,4
2.1,3,804299.32,716563.26,101198.75,0,20,0.372,1,70.8,8610377.59,14.3,0.4,0,11.3,0,0.1090838420701387,0.14122793568846942,0.8921199458844915,4,4
1.3,4,157451.84,170454.05,0.0,3,12,0.499,0,,,,0.46,1,46.7,1,-0.08257896509815314,0.0,,0,13
3.0,8,169648.02,147185.18,37299.52,0,25,0.204,0,,,,0.736,0,48.5,0,0.1324085008478142,0.2534189923197431,,0,13
2.7,16,294369.91,252825.02,42206.42,0,19,0.115,1,99.3,2982763.42,0.0,0.365,1,40.7,0,0.1411315782920883,0.16693925308499927,0.8443920723192575,3,13
6.3,10,631055.96,647467.78,0.0,5,49,0.529,1,78.6,8064821.17,13.8,0.866,1,65.7,0,-0.02600691704108153,0.0,1.0649902281777568,2,8
4.5,33,614686.89,579544.64,46196.87,0,32,0.413,1,82.1,5863978.82,9.9,0.292,1,39.1,0,0.05717097691802082,0.07971235830944792,0.794981818575416,3,10
4.9,19,535478.29,428534.17,133869.57,0,46,0.05,1,90.5,5497580.06,15.7,0.828,0,43.3,0,0.1997170043999357,0.3123894881007972,0.8555560145429362,0,8
0.8,3,252495.05,228167.43,23697.45,0,6,0.209,1,100.0,2694951.32,1.2,0.236,0,0.0,0,0.09634889872098482,0.10385991550152449,0.8894403144404878,1,5
2.5,10,576821.7,590152.26,0.0,2,25,0.656,1,51.8,6766589.32,21.9,0.157,0,3.3,1,-0.023110364953329698,0.0,0.9775680133624193,1,8
10.3,47,201324.13,199546.12,1558.15,4,105,0.348,1,91.5,1814452.39,0.0,0.252,0,27.8,0,0.008831579205135566,0.0078084705430503994,0.751049393996305,3,7
3.9,16,599799.75,523360.37,54414.94,0,30,0.297,1,82.0,5501678.85,3.7,0.147,0,13.0,0,0.1274415002673809,0.10397222090010369,0.764377173381616,4,7
5.8,3,333425.59,306834.32,66915.82,0,48,0.108,1,74.7,4202248.94,4.5,0.187,0,0.0,0,0.07975173711171964,0.21808453500247302,1.050271551342735,4,7
2.1,2,258421.87,284264.05,3372.2,7,16,0.581,0,,,,0.401,1,42.4,1,-0.09999997291250927,0.011862914075838995,,4,6
10.6,10,519881.17,555192.73,0.0,3,50,0.382,1,85.9,6143717.1,12.0,0.212,0,15.3,0,-0.0679223677210698,0.0,0.9847950926939707,4,10
1.3,5,964906.62,791918.13,117883.2,0,7,0.32,1,90.5,10869555.03,5.8,0.257,1,43.2,1,0.17928003229991313,0.14885781185486938,0.9387398052051917,3,0
3.5,8,593436.32,509252.39,82003.99,0,40,0.136,1,78.1,5700406.53,21.5,0.894,1,77.3,0,0.14185840529612334,0.1610281887925946,0.8004799529290691,2,12
11.3,7,819998.64,762093.84,135031.94,0,110,0.218,1,100.0,10646740.15,0.0,0.192,1,35.7,0,0.07061572687486414,0.1771854500227951,1.081987582117616,4,11
13.9,4,361915.55,352012.07,22357.74,0,137,0.366,1,70.6,3725132.68,1.9,0.186,0,24.7,0,0.02736406324624621,0.06351412893313574,0.8577352460631585,1,7
8.9,6,526933.26,448216.58,43739.59,0,85,0.177,1,86.7,5306013.75,3.8,0.475,0,25.8,0,0.14938643273343571,0.09758583673990819,0.8391343763344906,3,10
2.6,10,794009.89,716776.02,93343.33,0,28,0.187,1,91.4,7642029.11,8.5,0.497,1,57.7,0,0.09727066497874477,0.13022663620917452,0.8020501598118214,0,1
7.7,3,490315.33,436423.84,65156.32,0,79,0.201,1,78.6,5591854.02,10.2,0.475,0,37.5,0,0.10991190098013046,0.14929596879950463,0.9503839804478477,3,10
7.2,6,558753.84,561792.65,70423.85,0,81,0.369,1,85.1,5028566.9,2.2,0.143,0,0.6,0,-0.005438548753418958,0.12535559160483856,0.7499675378815592,1,1
6.4,32,468903.16,410569.54,23916.28,2,26,0.424,1,80.9,4579151.03,10.4,0.022,0,0.0,0,0.12440440793787783,0.058251471845670776,0.8138053903639009,1,7
6.8,3,332776.57,287223.27,49734.58,0,23,0.315,0,,,,0.873,1,69.8,0,0.13688854356543187,0.17315651339809618,,2,3
3.2,21,599280.67,486672.89,95147.88,2,32,0.217,1,88.6,6523996.19,9.2,0.605,0,35.7,0,0.1879049093974615,0.1955068423885292,0.9071982067545523,2,5
4.9,1,342546.4,337269.29,35918.14,0,50,0.406,1,67.9,4314857.86,17.3,0.045,0,0.0,0,0.015405533381755125,0.10649691823409123,1.0497015538138288,1,8
13.6,9,645123.44,668841.69,70236.34,1,127,0.28,1,79.6,5635627.37,2.3,0.686,0,42.2,0,-0.036765444455095296,0.10501190498457116,0.727977910966414,2,3
7.1,30,481111.1,502734.76,1761.0,3,76,0.375,1,84.6,4390807.95,9.8,0.225,0,4.6,0,-0.04494525277009829,0.003502841140326163,0.7605325724141473,4,14
11.1,49,635801.04,603745.83,118795.87,0,94,0.35,1,82.1,6304411.91,5.1,0.658,0,7.4,0,0.050417045558780585,0.19676470477651167,0.8263082727368087,3,5
1.8,146,1022769.41,959202.36,108078.43,2,14,0.136,1,69.0,9001968.73,8.0,0.416,0,24.2,0,0.06215188817584996,0.11267531702069623,0.7334635290210072,3,4
10.2,5,222258.29,202221.16,23979.71,0,113,0.302,1,97.0,2643548.69,4.6,0.492,1,36.9,0,0.09015245280614731,0.11858160639569074,0.9911698869215032,2,5
5.8,6,259479.67,235632.37,44996.68,0,38,0.112,1,89.6,2545405.48,0.0,0.813,1,63.0,0,0.09190430988292847,0.1909613691870943,0.8174710694419078,0,7
6.2,9,623042.31,643679.11,112614.32,0,58,0.32,1,84.2,7844399.21,9.9,0.715,1,63.8,0,-0.03312263014689954,0.1749541320363807,1.0492063278441983,2,3
0.7,2,830705.71,651679.7,207676.43,0,7,0.05,1,100.0,9614649.66,8.4,0.439,0,16.7,0,0.21551074928809627,0.3186786852498244,0.9645061967853815,4,11
4.4,6,243087.09,218850.33,39919.58,0,46,0.204,1,100.0,2325594.35,0.0,0.305,0,21.2,0,0.09970401965813984,0.18240584786872382,0.7972431985864271,3,5
3.3,2,170470.41,142345.9,34039.66,0,28,0.18,1,98.0,2000834.88,6.6,0.423,1,54.4,0,0.164981770150022,0.23913340672263833,0.9780949080840481,2,2
5.4,32,795652.85,852894.4,0.0,6,31,0.564,1,64.4,7247425.96,20.1,0.28,0,0.0,0,-0.07194287056220568,0.0,0.759064915475805,3,11
1.9,4,359929.97,312158.55,79210.77,0,18,0.089,1,69.5,3917663.3,15.0,0.297,0,16.4,0,0.1327242074340183,0.2537517232829279,0.9070429496789797,4,13
13.0,12,1625021.35,1589060.81,312401.12,0,85,0.116,1,81.2,15962105.45,15.7,0.466,1,52.8,0,0.022129272332329687,0.19659481753879512,0.818558755653682,2,12
14.1,9,739023.75,785732.39,20663.03,8,132,0.464,1,70.5,8422606.72,17.2,0.251,0,14.3,0,-0.06320316498624032,0.026297795869150816,0.9497447048668374,4,10
1.1,3,306441.64,310526.59,14650.17,2,11,0.466,0,,,,0.616,0,33.2,1,-0.013330270651207883,0.047178471898332436,,0,11
7.8,24,867644.96,949465.57,0.0,4,91,0.559,1,67.6,8518751.32,18.1,0.263,1,48.0,0,-0.09430194811481414,0.0,0.8181871342090588,3,9
4.7,2,327450.66,294121.97,0.0,6,49,0.437,0,,,,0.197,0,12.9,1,0.1017823265343243,0.0,,4,8
4.9,41,1560662.95,1492238.85,195000.2,0,44,0.362,1,83.1,14837368.04,4.6,0.637,1,56.1,0,0.043842970706775515,0.1306762653981298,0.792257762425043,2,13
12.5,10,227701.12,225468.99,5429.9,3,139,0.463,1,79.5,2786453.65,12.4,0.251,0,19.7,0,0.00980289425014688,0.024082690927918735,1.0197774645699298,1,0
6.3,22,1203438.97,1128919.87,194361.08,0,49,0.254,1,71.8,14646085.71,19.6,0.073,0,5.5,0,0.061921794006720474,0.17216552313850225,1.0141828318057542,1,11
6.9,7,205786.22,173966.74,51446.55,0,46,0.05,1,61.3,2002781.4,16.6,0.197,0,13.4,0,0.15462395878596735,0.2957263555091048,0.8110283088925972,1,5
2.3,7,303328.81,299039.72,6944.09,2,20,0.373,1,74.9,3195470.1,13.8,0.095,0,0.0,1,0.014140068000794339,0.023221296488640374,0.8778894922641869,1,14
8.1,39,514980.95,512422.74,19119.1,1,65,0.22,1,78.4,4770455.96,8.6,0.436,0,34.1,0,0.004967581810550508,0.03731118568235282,0.7719469946736217,4,8
7.9,9,254757.47,235797.08,30904.55,0,55,0.077,0,,,,0.89,1,89.8,1,0.0744252563035738,0.13106417602796439,,2,14
19.1,5,258407.38,207985.41,64601.85,0,104,0.209,1,69.0,3366833.43,12.4,0.894,1,70.2,0,0.1951258899803868,0.3106076046391908,1.0857640849885943,0,13
0.6,40,2659745.61,2564491.59,379946.63,0,6,0.364,1,78.3,33249390.34,9.5,0.123,0,10.4,0,0.03581320696305239,0.14815670734954528,1.0417471948880606,4,3
3.2,4,609830.39,485561.11,132595.04,1,28,0.166,1,79.1,7942093.8,22.3,0.153,0,9.6,0,0.20377679111728103,0.27307590593488845,1.0852872550349615,4,1
4.3,2,255903.77,243034.44,28928.71,1,49,0.342,0,,,,0.824,0,44.4,0,0.05028972414122695,0.1190313191825817,,2,8
5.7,1,222446.52,236840.59,10743.88,2,47,0.471,0,,,,0.213,0,21.2,1,-0.06470800262463089,0.04536333911345179,,1,1
1.2,5,549614.89,479578.98,88330.02,0,11,0.13,1,67.4,5706516.63,16.6,0.488,0,29.4,0,0.1274272427371828,0.1841824260104144,0.865229565559987,2,8
7.6,7,477911.81,485908.49,49763.03,0,37,0.272,1,79.3,4301066.69,11.8,0.465,0,19.7,0,-0.01673254318615812,0.10241234928823738,0.7499756579915167,0,5
15.9,9,996369.46,759955.16,249092.37,0,148,0.05,1,82.7,11829939.76,12.7,0.61,0,34.8,0,0.23727573906169297,0.32777245699601537,0.9894204438314813,3,13
8.3,25,819289.17,807173.72,77580.06,1,79,0.315,1,71.7,9111877.81,15.8,0.768,1,77.4,0,0.014787758026875993,0.09611321339847388,0.9268072600463317,2,5
14.3,44,481778.11,413757.41,53473.2,0,163,0.238,1,67.4,6191964.26,6.3,0.366,0,11.1,0,0.14118677994730813,0.1292380479663192,1.0710262898135132,3,12
4.5,5,626345.98,673683.01,0.0,2,41,0.552,1,98.4,6653757.93,9.6,0.602,1,49.4,0,-0.07557648889196994,0.0,0.8852612536924082,0,8
3.9,150,1059975.42,825199.92,261644.41,0,42,0.05,1,92.8,11977727.78,0.0,0.797,0,41.6,0,0.22149145684906532,0.31706790519320455,0.9416671017396485,2,13
6.5,4,282874.7,272917.4,24762.3,1,56,0.635,0,,,,0.134,0,2.6,0,0.03520039084442684,0.09073184780450054,,4,8
10.3,7,249739.23,254123.21,7260.2,3,78,0.436,1,90.0,2874911.91,10.5,0.581,0,27.1,0,-0.017554230466715146,0.028569606058415523,0.9593046014436738,2,14
9.8,20,351097.7,344620.86,28893.59,0,70,0.383,0,,,,0.542,0,24.4,0,0.01844740082318974,0.08384167458696494,,0,3
7.0,20,239988.53,243528.89,15637.29,0,76,0.381,0,,,,0.261,0,22.7,0,-0.014752205032465573,0.06421123177623812,,4,11
3.9,9,401982.37,404009.66,49885.17,0,38,0.269,1,85.8,4885964.4,9.3,0.172,0,1.5,0,-0.005043231124787833,0.12347519116250835,1.0128894458729623,1,12
5.1,42,1166440.54,1070557.4,177032.97,0,36,0.401,1,89.8,10754923.67,0.0,0.502,1,53.3,0,0.08220148109735634,0.1653652293655623,0.7683577588675601,2,6
5.3,9,394112.65,387188.57,2933.12,3,55,0.336,1,90.5,3716959.58,10.3,0.43,0,19.0,0,0.017568783950477142,0.007575430235453489,0.7859342542460046,4,12
1.8,8,657060.35,633882.05,30005.01,1,19,0.312,1,93.0,6237773.74,8.9,0.069,0,6.8,1,0.0352757551113835,0.047335320506393885,0.7911213609729052,1,2
4.5,7,846773.1,635079.82,137388.18,0,35,0.077,1,94.0,7670741.21,3.2,0.471,1,56.3,0,0.25000000590476956,0.21633214546165236,0.7548993162001328,0,6
7.5,15,670422.58,640256.58,94764.04,0,75,0.192,1,75.6,6871864.46,8.8,0.411,0,28.6,0,0.0449955011956787,0.14800947457658303,0.8541707704216447,0,10
11.1,40,525887.67,460979.68,35230.99,0,74,0.295,1,74.3,6391366.84,16.5,0.637,1,64.8,0,0.12342557869820382,0.07642634052763453,1.012790247265796,0,14
17.9,5,641719.31,701937.71,4704.18,4,160,0.495,1,82.7,7536025.13,10.9,0.036,0,3.3,0,-0.09383915843205638,0.006701705768165669,0.9786242744770554,1,3
3.9,30,525736.16,473045.1,53627.08,0,22,0.12,1,85.8,4510325.35,6.6,0.484,0,27.2,0,0.10022338961809295,0.11336568120037605,0.7149221880293212,3,5
4.4,20,364998.93,332633.51,13452.95,3,46,0.392,1,84.7,4335029.0,2.0,0.592,0,39.0,0,0.08867264350610558,0.04044376046177669,0.9897355498183698,3,7
5.0,10,1066756.18,873689.84,192490.3,0,48,0.29,1,100.0,9372328.6,1.7,0.042,0,6.2,0,0.1809845057565075,0.22031880329522888,0.7321517306169563,1,2
10.0,5,404816.74,392355.85,5616.97,1,97,0.58,1,79.9,4181471.64,11.9,0.631,1,71.2,0,0.03078155809465788,0.014316009306347797,0.8607746063070416,2,3
5.8,7,290104.77,248910.81,45637.58,1,51,0.05,1,82.2,3584045.95,7.6,0.539,1,55.5,0,0.14199683790101078,0.1833491281475481,1.029526318486019,2,10
4.9,48,191408.67,170717.06,14518.84,1,41,0.314,0,,,,0.578,1,52.9,0,0.10810173854716201,0.08504621623638552,,0,11
10.4,7,543027.67,573356.09,33877.2,1,118,0.345,1,75.2,7037106.04,4.9,0.427,1,51.9,0,-0.05585059781576125,0.059085794309780504,1.0799182725501506,2,5
5.8,3,174603.35,149994.45,28005.7,0,64,0.304,0,,,,0.15,0,16.5,0,0.14094174023579728,0.18671157499494148,,1,4
2.4,166,3944127.13,3811905.74,239625.77,1,15,0.322,1,86.8,47192682.3,13.0,0.306,0,3.8,0,0.033523612612355036,0.06286245944790858,0.9971087126190071,4,11
13.2,10,670006.72,685141.91,65429.16,1,115,0.362,1,82.2,8018607.95,7.9,0.095,0,2.6,0,-0.022589609250486416,0.09549723793717421,0.9973292941997159,1,5
6.3,8,968636.72,852708.65,207643.26,1,64,0.066,1,68.8,9261250.28,23.1,0.25,0,18.1,0,0.1196816800420285,0.24351020714988642,0.7967598592242782,1,11
11.3,34,565533.45,503536.2,6620.55,2,78,0.61,1,74.1,5704076.17,10.1,0.532,1,42.2,0,0.10962614147757298,0.01314811129765844,0.8405155890130519,0,2
0.9,6,200390.98,186963.19,27758.41,0,8,0.344,1,91.4,2489996.17,3.0,0.854,1,69.6,1,0.06700795614652919,0.14846992073680385,1.0354741557396112,2,13
8.7,2,192230.15,164314.88,40278.03,0,94,0.285,1,86.3,2180097.24,15.6,0.485,0,15.9,0,0.14521795878534138,0.2451270998706873,0.9450898831426809,0,13
4.9,33,332190.49,283874.66,53333.04,0,38,0.146,1,94.5,2800221.55,0.0,0.226,0,2.5,0,0.14544615651098267,0.187875310885445,0.7024638057318658,1,5
13.0,10,305289.17,305439.56,26551.72,0,138,0.438,1,83.8,2679609.28,25.4,0.49,0,17.8,0,-0.0004926149198152492,0.08692953853128914,0.7314402058000725,3,6
10.6,4,365452.4,359281.45,9570.54,3,87,0.332,1,75.5,4586326.6,12.8,0.633,1,55.0,0,0.01688578321007062,0.026638002045471596,1.0458102979576362,2,8
9.7,19,772071.49,699432.29,79327.86,0,109,0.314,1,88.2,8233347.16,9.7,0.24,0,28.3,0,0.09408351550450329,0.11341749749643386,0.8886641615704958,4,8
8.8,7,359992.3,355970.6,29099.75,3,76,0.422,1,87.5,4101143.33,7.3,0.415,0,13.6,0,0.011171627837595448,0.08174762185416437,0.9493590395313086,4,8
4.8,41,466181.23,469953.03,20220.06,3,43,0.428,1,82.0,5845792.54,6.5,0.477,1,63.5,1,-0.00809084484160816,0.04302570407940555,1.04497853406353,0,3
3.8,5,149458.79,128874.37,22244.65,0,11,0.272,0,,,,0.59,1,49.4,0,0.13772639267319112,0.17260724533512756,,2,3
1.6,9,609433.63,639823.64,67763.74,2,14,0.187,1,80.8,7190971.76,0.3,0.288,0,27.9,1,-0.04986598786811291,0.10591002858225121,0.9832861482663282,3,11
6.0,3,251661.79,195924.69,46416.75,0,67,0.05,1,100.0,2379451.02,0.0,0.619,0,15.9,0,0.22147621218143607,0.23691118255693042,0.7879129565119918,2,1
0.5,7,368539.71,364091.26,54846.33,0,6,0.342,1,77.0,4315813.39,16.1,0.478,1,47.6,0,0.012070476747268324,0.1506389634291139,0.9758815836516864,2,14
1.4,3,616694.84,541240.71,145973.25,0,13,0.205,1,77.4,6342477.29,7.6,0.696,1,47.0,0,0.12235245879469335,0.2697011649400874,0.8570523699641571,3,11
5.4,4,325837.8,286749.33,81459.45,0,56,0.05,0,,,,0.495,0,24.5,0,0.11996296930558693,0.2840789549534431,,3,5
3.8,1,394075.01,409191.55,0.0,4,21,0.635,1,88.8,4497233.09,6.7,0.37,0,31.4,0,-0.0383595498735126,0.0,0.9510103778635104,3,13
4.5,2,281827.29,281701.2,13288.0,3,35,0.443,1,77.0,3566094.24,7.5,0.294,0,27.1,0,0.00044740166929883694,0.047170548084282206,1.0544561529154968,3,12
4.8,8,341971.03,355956.84,32769.0,0,48,0.367,1,96.1,3547835.87,0.0,0.286,0,11.7,0,-0.04089764562805217,0.09205891365930768,0.8645556589008918,4,13
6.7,26,889659.98,804562.22,131895.76,1,61,0.124,1,87.7,9583872.83,0.0,0.82,0,51.0,0,0.09565200403866655,0.16393481662611503,0.8977093351627065,2,12
0.9,6,217514.15,226694.88,20581.88,1,9,0.373,1,74.1,2263428.86,11.1,0.507,0,10.5,1,-0.04220750695989208,0.09079111094172043,0.8671577075177255,3,3
6.2,3,195999.69,195870.06,0.0,2,70,0.474,1,86.7,2489039.13,9.1,0.74,0,34.4,1,0.0006613785970784171,0.0,1.0582666100135156,0,3
5.0,10,331998.53,304845.14,73949.56,0,59,0.05,1,80.0,3459669.75,11.2,0.556,0,30.2,0,0.0817876814093123,0.2425807411592653,0.8683948465073023,3,5
8.6,15,544454.1,560584.38,46011.92,2,68,0.414,1,70.0,5823518.31,18.8,0.755,1,61.2,0,-0.029626519480705587,0.0820784910203884,0.891339035742407,2,12
4.7,6,521319.32,509892.88,79168.05,0,42,0.087,1,100.0,6040570.43,3.7,0.685,0,40.9,0,0.02191831294493364,0.15526408213427104,0.9655902819152504,2,8
4.2,5,257834.69,235643.66,25560.26,0,40,0.368,0,,,,0.375,0,21.7,0,0.08606689037848242,0.10846996689832435,,3,4
3.8,13,544511.8,598962.98,0.0,6,38,0.605,1,68.9,7011486.72,16.1,0.642,1,52.0,0,-0.09999999999999987,0.0,1.0730539907491443,2,14
2.2,10,603175.01,578575.48,96930.0,0,24,0.245,1,74.5,5343455.12,10.3,0.763,1,68.6,0,0.0407834038084569,0.16753216019455233,0.7382400120765392,2,3
16.0,9,678252.13,660332.14,139364.35,0,191,0.254,1,62.2,6907040.21,13.1,0.684,1,77.9,0,0.026420838516201917,0.21105189579292627,0.848632328167796,2,12
4.6,4,190705.96,184042.26,5675.67,1,44,0.507,0,,,,0.461,1,48.4,0,0.034942274483712954,0.030838949706442423,,4,13
2.5,5,151989.9,140513.86,21155.19,0,21,0.343,0,,,,0.236,0,12.6,0,0.07550528028507163,0.15055589534014652,,4,9
13.6,10,941033.97,810460.94,81954.44,0,147,0.283,1,90.5,8870456.11,5.1,0.101,0,12.3,0,0.13875485281365563,0.10112077702350468,0.7855239017921247,1,5
0.8,4,80553.09,75546.95,7602.1,0,7,0.542,1,46.5,688927.09,25.8,0.726,1,71.0,0,0.06214708833640025,0.10062749058697937,0.7127050102402445,2,10
3.8,4,1050992.65,1082413.35,84507.74,0,41,0.348,1,64.6,13053670.91,5.8,0.154,0,8.4,0,-0.029896212880271035,0.07807344578667659,1.0350271328411924,1,13
4.4,138,974007.0,871132.64,227864.19,0,48,0.207,1,64.6,9221681.71,21.3,0.403,0,28.1,0,0.10561973373907989,0.2615723249676421,0.7889814712146149,3,14
16.5,16,1000141.21,883951.68,120396.99,0,183,0.247,1,80.3,10988987.15,10.3,0.242,0,10.4,0,0.11617312519299142,0.13620313499489023,0.9156196345180765,4,11
0.7,7,542159.38,527824.86,36422.82,0,7,0.515,1,59.2,4956926.15,11.4,0.602,1,54.6,1,0.02643967904788444,0.06900550307539513,0.7619109701037851,2,10
1.7,6,550043.47,579634.49,12368.02,9,18,0.48,0,,,,0.329,0,20.3,1,-0.05379760257857442,0.02133761916065416,,4,8
6.8,8,193443.14,192710.52,20706.25,0,76,0.293,0,,,,0.508,0,35.4,0,0.003787262758452041,0.10744742943976282,,3,4
8.2,7,163350.7,142614.8,14962.19,0,69,0.443,1,79.5,1803497.11,8.2,0.75,1,69.5,0,0.1269409926005828,0.10491330493048409,0.9200537606103514,2,13
0.8,7,1265832.24,1300266.4,130559.36,0,6,0.273,1,64.0,11792078.95,22.0,0.448,0,9.6,0,-0.027202783206090497,0.10040970065826511,0.7763060655125464,4,4
6.8,22,560395.45,605078.64,17474.87,2,65,0.493,1,82.3,5523449.86,8.2,0.587,1,46.2,0,-0.07973510491564495,0.028880328679260596,0.8213619299252579,2,14
10.9,4,413577.29,380128.19,24305.19,1,81,0.273,1,68.1,5317458.02,8.6,0.876,1,79.4,0,0.08087750659616726,0.06393945684480806,1.0714357687934621,2,2
3.1,7,294611.62,269029.99,31092.06,0,19,0.176,0,,,,0.682,0,35.7,1,0.08683170745267958,0.11557098151027699,,2,10
3.8,3,368064.29,368804.82,39437.64,0,21,0.117,0,,,,0.052,0,0.0,0,-0.002011958291308369,0.10693363497798103,,1,0
4.5,38,548973.26,449770.81,20828.65,1,38,0.141,1,90.5,5424329.11,11.2,0.546,0,22.8,0,0.18070543180919232,0.046309474818963914,0.8234051797592716,3,10
17.0,7,730133.46,631220.98,73867.81,0,123,0.139,1,78.3,9484805.04,8.1,0.658,0,43.5,0,0.1354717807344427,0.11702369271693093,1.0825423888942167,2,4
6.1,1,566821.37,551161.64,119036.47,0,63,0.146,1,97.8,7149960.74,1.9,0.2,0,3.7,0,0.027627275238405323,0.21597379309634102,1.0511778369729898,4,13
5.7,8,1018834.63,1039878.84,0.0,2,50,0.486,1,68.5,10492910.69,7.3,0.641,0,19.4,1,-0.020655177376528673,0.0,0.8582445064383674,2,10
3.3,1,305185.54,257506.25,65321.88,0,26,0.05,1,79.7,3751144.19,7.7,0.041,0,10.9,0,0.156230501615509,0.25367104681925196,1.0242796862743455,1,0
4.5,3,314078.56,258472.0,32884.18,0,46,0.318,1,86.5,4030746.73,3.1,0.731,1,57.5,0,0.17704665991846116,0.12722530873750348,1.0694635152215846,2,13
2.8,7,570252.44,549337.23,53431.6,0,21,0.393,1,76.9,7382809.65,15.3,0.466,0,35.5,0,0.03667710742281079,0.09726557218777981,1.0788803244752447,3,11
17.6,4,117658.39,98181.43,18803.21,0,189,0.231,1,70.4,1240194.11,18.7,0.428,0,25.7,0,0.16553821618670803,0.19151493311922632,0.8783862261472954,3,13
2.3,10,898850.08,882621.45,68589.99,0,24,0.476,1,76.5,10813447.55,15.3,0.114,0,0.0,0,0.018054879630204856,0.07771167356061878,1.0025260599261079,4,5
5.4,65,1279675.1,1355138.64,183247.01,2,55,0.407,1,86.9,11639146.79,2.7,0.214,0,0.0,0,-0.058970859087591684,0.135223810015483,0.7579493413341141,4,13
4.3,3,188980.99,176811.78,27487.52,0,30,0.33,1,81.1,1870748.26,5.2,0.744,1,77.0,0,0.06439383135838156,0.1554620399161187,0.824927884721809,2,13
5.6,6,238179.94,229764.19,30970.05,0,56,0.42,1,72.1,2589562.27,16.1,0.296,1,38.5,0,0.03533358014952896,0.13479058681859865,0.9060244781039634,3,13
6.3,8,624746.04,570314.69,114669.78,0,62,0.07,1,82.9,5397679.12,11.9,0.307,0,3.4,0,0.08712556225246357,0.20106404764008448,0.7199831043880379,3,12
6.9,6,393438.9,334493.95,94022.94,0,54,0.171,1,84.7,5032148.7,3.3,0.181,0,0.0,0,0.14981983225349604,0.28109010641298593,1.0658471366201967,1,8
3.4,10,242619.96,209777.63,30726.45,0,20,0.145,1,63.8,2247252.5,21.0,0.322,0,9.2,0,0.13536532608446555,0.14647152796987933,0.7718698892979237,4,9
4.9,6,797504.05,736713.25,95762.32,1,16,0.316,1,73.3,9649824.88,6.1,0.181,1,45.9,0,0.07622632135849347,0.12998587985216772,1.008336037081358,1,13
1.5,44,583553.8,594970.26,47585.05,2,17,0.255,1,86.8,5191279.02,22.6,0.342,0,19.3,1,-0.019563680332473136,0.07997887154897457,0.7413311077744673,4,0
7.6,1,131931.63,124397.2,16373.61,0,82,0.134,1,90.6,1127253.01,9.9,0.226,0,2.4,0,0.05710859480778042,0.1316236217535443,0.7120184207027028,4,2
2.0,38,627943.36,649789.34,39633.75,1,21,0.528,1,78.2,7436599.98,9.8,0.171,0,13.6,0,-0.034789730080114205,0.06099476793509725,0.986898985602778,4,8
8.7,46,980961.98,883359.96,118813.35,0,97,0.1,1,94.9,11775978.84,1.3,0.221,1,41.8,0,0.09949623124027704,0.1345016249095103,1.0003767628180655,4,14
5.8,3,203949.15,201893.44,0.0,2,46,0.429,1,71.9,1894245.76,21.9,0.587,1,46.8,0,0.010079522273076362,0.0,0.7739861300394405,2,12
0.9,12,341646.53,336998.65,29168.84,1,8,0.196,1,80.3,3448891.7,19.5,0.483,0,22.4,0,0.013604353013624943,0.0865547680977357,0.8412426775318533,3,8
2.2,5,583701.87,567313.13,41517.84,0,22,0.666,1,89.5,5170740.4,0.0,0.875,0,60.3,0,0.028077244295962235,0.07318328768452793,0.7382108152802961,2,3
7.5,10,373414.94,375947.25,30283.33,0,75,0.383,1,99.5,4720142.6,0.6,0.87,0,60.4,0,-0.006781490853044063,0.08055207213246007,1.0533730028762818,2,12
12.9,3,312484.06,276004.4,58402.41,0,120,0.134,1,100.0,3329698.54,1.7,0.103,0,11.2,0,0.11674086671812947,0.21159956145626663,0.887964903980489,4,11
1.4,10,464685.97,392229.83,87269.88,0,10,0.143,1,100.0,5101323.54,0.0,0.375,0,23.0,0,0.15592495723509783,0.22249679480013032,0.9148335057329147,4,14
6.9,109,1626704.93,1746166.78,0.0,3,50,0.452,1,91.6,21368808.46,7.6,0.64,0,38.3,1,-0.07343793443842338,0.0,1.0946877983171375,0,5
16.2,2,204946.77,179839.28,16672.96,0,105,0.351,1,71.6,2353266.81,13.2,0.695,1,47.8,0,0.12250737106030016,0.09271033558408374,0.9568609815124192,2,0
6.6,6,349469.85,307060.26,69683.78,0,78,0.216,0,,,,0.632,0,36.7,0,0.12135407389221121,0.22693845175536553,,0,10
2.6,6,490199.59,481266.07,60533.29,1,26,0.272,1,86.9,5110568.92,11.6,0.504,0,24.2,1,0.018224250248760954,0.12577925969308412,0.8687904927324263,0,5
6.8,1,196226.85,186872.6,10426.4,0,67,0.422,1,81.3,2477400.57,6.5,0.678,1,65.0,0,0.04767059146085258,0.05579416136983163,1.0520988717904811,2,7
6.6,1,74106.16,73044.29,5877.68,2,62,0.272,0,,,,0.749,0,31.9,0,0.014329038233798781,0.0804673438539823,,2,11
11.1,4,645207.11,661130.51,0.0,3,110,0.494,1,79.9,6854123.87,17.2,0.299,0,3.0,0,-0.0246795172483453,0.0,0.885261461496707,3,10
5.3,5,87675.62,80608.35,10448.79,0,58,0.277,1,74.6,1043425.32,15.8,0.613,0,40.9,0,0.08060701481209931,0.12962416424601172,0.9917478770038923,2,5
10.4,9,377978.5,309160.19,59859.82,0,113,0.231,1,89.5,4830374.49,4.6,0.697,0,27.2,0,0.18206937696191713,0.19362072458294194,1.064957947343566,2,8
5.2,20,820109.27,689380.33,118806.26,0,56,0.484,1,87.7,7530357.7,0.0,0.283,0,16.0,0,0.15940429499108094,0.17233775730154646,0.7651782893922578,4,5
6.6,10,1176392.47,1038100.37,163208.24,0,53,0.253,1,89.3,13385624.41,4.1,0.519,0,23.2,0,0.11755609078320603,0.15721816956870943,0.9482113574165715,3,1
3.4,10,684709.02,550154.4,165747.7,0,33,0.05,1,96.2,8584318.54,0.0,0.291,0,21.5,0,0.19651357886303292,0.3012748784704803,1.0447647941505622,3,1
5.6,19,375977.14,334892.05,70687.88,0,63,0.076,0,,,,0.651,0,31.6,0,0.10927550010088385,0.2110766140910183,,3,8
0.5,9,449695.16,450986.97,38190.0,0,6,0.074,1,93.7,5244700.49,0.0,0.508,1,59.7,0,-0.002872634875589939,0.08468093878632459,0.9718992176092505,0,14
4.9,87,1585794.72,1489084.42,122481.08,0,52,0.404,1,76.7,17634016.0,3.5,0.687,0,34.2,0,0.060985384035078666,0.08225260996283879,0.9266655480687521,2,8
3.1,9,444491.36,414577.91,91882.89,0,31,0.33,1,71.0,4459724.39,9.1,0.808,0,36.6,0,0.0672981585063881,0.2216299705886404,0.836110063346713,2,13
2.8,6,195687.71,185625.93,14079.86,0,28,0.502,1,80.6,1715812.69,6.9,0.795,1,68.9,0,0.051417536645505225,0.07585071762334067,0.7306763967616225,0,1
7.3,9,333306.97,326676.72,0.0,2,50,0.456,1,70.7,3269275.53,21.2,0.592,0,12.3,0,0.01989232328384852,0.0,0.8173835293633374,0,10
2.6,3,93491.12,92851.86,7335.63,0,21,0.245,0,,,,0.551,1,59.9,0,0.006837654741969021,0.07900358700407294,,2,10
4.4,1,138928.43,131757.49,12597.09,0,43,0.491,1,89.2,1337384.24,0.7,0.562,1,62.6,0,0.051616073110449766,0.09560815100530529,0.8022021602537844,3,11
7.4,120,530447.6,461788.75,75916.72,1,82,0.207,1,75.8,5168759.8,8.1,0.401,0,9.5,0,0.12943568789829565,0.16439707550259725,0.8120123143800319,4,13
3.0,7,317303.16,238946.92,71074.56,0,31,0.05,1,100.0,2741955.36,0.0,0.484,0,32.1,0,0.24694440483983823,0.29744915732749344,0.7201197744138444,3,10
6.3,1,370756.96,407832.66,0.0,5,57,0.58,1,52.1,3150678.5,13.6,0.053,0,0.0,0,-0.10000001078873867,0.0,0.7081634871174546,1,10
7.2,2,112037.18,104572.32,19982.68,0,52,0.181,0,,,,0.71,0,47.0,0,0.06662841745927545,0.191089573225496,,2,5
7.3,26,810298.19,796643.86,74557.14,1,57,0.228,1,87.3,8197837.36,0.0,0.117,0,19.3,1,0.01685099407663734,0.0935890474320608,0.8430885342756762,1,13
6.6,4,310825.81,286751.41,45913.42,0,74,0.307,1,74.8,3659459.73,19.5,0.522,0,35.3,0,0.07745302746898665,0.16011576019800566,0.9811121460602001,0,9
2.2,10,89900.85,77834.88,17804.54,0,21,0.325,0,,,,0.345,0,21.8,0,0.1342141926355535,0.22874757435226983,,4,7
6.7,235,932137.37,724105.87,233034.34,1,52,0.175,1,88.4,8751658.04,18.1,0.026,0,0.0,0,0.2231768693062912,0.3218235753288397,0.7824005990304483,1,10
10.9,3,487615.8,434212.67,115066.76,0,115,0.095,1,100.0,5800968.06,7.1,0.296,0,13.6,0,0.10951886710807977,0.2650009268499696,0.991382980206958,1,13
2.5,12,609171.66,570945.45,18757.73,0,15,0.583,1,73.5,5710479.87,11.0,0.397,1,44.0,0,0.06275112995243422,0.03285380415939912,0.7811809933837041,3,9
1.9,3,396409.36,387965.43,56498.91,0,18,0.311,1,77.8,4848331.53,6.1,0.106,0,17.7,0,0.02130103587866844,0.14562872264160237,1.0192181826887237,4,10
9.0,1,183811.73,192082.59,16284.65,2,95,0.404,0,,,,0.404,0,31.1,1,-0.04499636666278037,0.08477941702056391,,3,8
7.4,3,216310.01,192310.22,24174.89,1,57,0.143,1,90.1,1992234.75,7.5,0.317,0,24.1,0,0.1109508986662245,0.12570777569699623,0.7675075346721124,4,13
0.5,9,327734.21,315266.03,47670.47,0,6,0.194,0,,,,0.441,0,34.2,0,0.03804357195423692,0.15120712497949745,,0,1
1.1,8,588235.59,619788.23,14661.39,2,11,0.477,1,82.3,7220848.69,18.5,0.157,0,0.0,0,-0.05363946101935113,0.023655483099445113,1.0229530498712827,1,3
3.1,8,678857.74,627115.7,94243.36,0,34,0.204,1,77.2,6203225.56,13.6,0.843,0,56.3,1,0.07621926797210861,0.15028065793919687,0.7614783376165576,2,8
11.5,6,313062.34,325222.81,11296.69,1,127,0.4,1,94.1,3675107.64,0.0,0.133,0,20.5,0,-0.038843605398209094,0.03473523274705117,0.9782683218939717,4,10
3.5,6,426581.43,415186.95,57298.81,0,20,0.479,1,68.6,5273599.69,12.6,0.241,0,18.3,0,0.02671114867799093,0.13800725191386676,1.0302057471965749,1,1
3.4,20,579327.85,514860.4,77399.51,1,36,0.258,1,82.9,7082650.6,7.8,0.144,0,17.0,0,0.11127973564536894,0.15033106061371196,1.0188028822252087,4,8
7.4,6,483746.02,457395.27,46005.56,0,55,0.351,1,71.5,6013212.25,16.0,0.667,0,37.5,0,0.05447228279004755,0.10058162604086394,1.0358762658829386,2,10
1.5,8,632347.71,613360.57,114698.3,0,11,0.21,1,67.3,6702443.43,5.0,0.21,0,4.9,0,0.030026423279053253,0.18699979361242608,0.8832750457813787,4,14
3.2,9,739074.18,759688.08,1118.88,3,27,0.401,1,76.8,6227521.01,7.7,0.64,0,44.7,0,-0.027891516924593285,0.0014728150005986669,0.7021759090091155,2,11
5.8,38,808821.57,745023.13,75827.36,0,58,0.262,1,91.4,8450046.29,11.5,0.666,0,41.9,0,0.07887826235890315,0.1017785313591539,0.8706129389782058,3,5
8.3,10,1631868.26,1724908.74,31246.89,2,53,0.429,1,70.5,20954791.09,17.6,0.114,0,0.6,0,-0.05701470043911509,0.018115097497853713,1.0700818403278052,4,10
3.4,1,217386.46,212892.46,10423.81,2,34,0.498,0,,,,0.873,1,79.9,0,0.020672860674027262,0.04896279558233298,,2,4
0.5,9,974528.49,942675.13,154685.92,0,6,0.153,1,100.0,8384767.3,0.0,0.615,0,27.5,0,0.03268591973129486,0.16409250130530123,0.7169935158420391,3,12
13.7,1,438249.39,410849.33,52192.81,0,108,0.21,1,85.8,5093577.34,2.5,0.241,0,13.3,0,0.06252161583157023,0.12703637608463422,0.9685461931466313,4,8
5.5,7,558349.14,545706.05,1331.08,3,58,0.302,1,89.9,7056300.32,9.7,0.429,0,20.9,0,0.0226436992452428,0.00243918864377626,1.053149337109513,3,0
3.6,6,517093.65,518857.44,0.0,6,36,0.532,1,94.3,4780675.22,5.3,0.822,1,68.6,0,-0.0034109682066294548,0.0,0.7704399419073635,2,13
3.8,16,567987.33,609365.53,60064.14,0,33,0.413,1,69.4,5006432.26,5.3,0.463,0,29.8,0,-0.07285056869138273,0.09856832564848228,0.7345281598681671,3,3
8.2,2,148688.03,126971.51,6116.23,1,36,0.437,1,86.3,1465714.52,21.6,0.83,1,62.0,0,0.14605425870529057,0.04817009737066213,0.8214708115150001,2,13
14.0,122,1210606.1,1331666.71,0.0,2,157,0.567,1,65.9,12489793.17,14.5,0.215,0,14.8,0,-0.09999999999999988,0.0,0.8597479374174638,4,11
4.1,2,385483.99,289156.1,86155.55,0,26,0.05,1,83.6,4513301.67,9.5,0.101,0,1.2,0,0.24988817304708302,0.297955152943341,0.9756785813595008,1,7
2.1,48,762371.35,705760.64,18056.15,2,21,0.454,1,78.2,8543599.62,11.0,0.439,0,3.4,0,0.07425608268201575,0.025583957189791715,0.9338843006101948,4,12
0.8,37,155366.19,148768.93,7054.32,2,7,0.402,0,,,,0.845,0,19.7,0,0.04246264904867661,0.047417965565793876,,0,13
1.4,10,805859.39,727681.37,69619.42,0,15,0.112,1,71.9,10603213.48,17.8,0.321,0,23.1,0,0.09701198617292282,0.09567294542665013,1.0964705931308107,4,13
3.2,4,255610.06,226038.09,19107.84,0,19,0.221,0,,,,0.241,0,19.5,0,0.11569172981689375,0.08453371730401721,,4,5
0.5,5,340994.32,375093.75,25464.59,2,6,0.519,1,98.6,4349929.95,0.4,0.42,1,45.8,0,-0.09999999413479964,0.06788860118303758,1.0630504417199678,3,0
6.2,209,836693.88,627520.41,209173.47,0,63,0.05,1,78.3,7965805.68,4.2,0.707,1,59.0,0,0.24999999999999997,0.3333333333333333,0.7933811348064359,2,6
0.5,6,568329.38,431819.99,142082.35,0,6,0.134,1,87.8,5625970.29,6.3,0.282,0,6.3,0,0.24019414586660998,0.3290314327504848,0.8249280681213418,4,2
8.8,34,2285739.41,1768225.86,571434.85,0,91,0.229,1,75.7,25865466.37,6.3,0.472,0,34.1,1,0.2264096894579947,0.32316847238055885,0.9430014293857467,4,1
6.5,4,839428.47,830400.72,41555.7,1,37,0.476,1,74.6,10756399.01,6.8,0.49,1,41.1,0,0.010754638807997543,0.050042947939640516,1.0678296200350061,3,3
2.2,3,314458.33,293983.15,30562.54,0,25,0.366,0,,,,0.726,0,35.1,0,0.06511253812230063,0.10396017594885965,,0,10
5.5,9,527461.79,395596.34,121287.75,0,63,0.19,1,100.0,6414015.7,7.3,0.251,0,20.0,0,0.2500000047396798,0.3065947222868644,1.01334602518475,4,13
6.8,2,362264.86,316000.61,25918.39,0,69,0.204,1,77.8,3397128.27,8.0,0.415,0,25.1,0,0.1277083568083308,0.08202006318911853,0.7814559284055318,3,4
5.3,9,934894.04,924084.24,0.0,4,49,0.397,1,71.2,11566565.27,9.6,0.4,0,22.6,0,0.011562593767310834,0.0,1.0310050101150143,4,2
1.4,1,486564.76,471514.67,56289.11,0,10,0.331,1,100.0,4167698.34,2.5,0.578,0,26.6,1,0.030931319399292348,0.11937933977748773,0.7137964430469645,3,11
4.7,5,186703.42,194425.86,16898.87,2,34,0.309,0,,,,0.496,0,36.1,0,-0.04136207038949781,0.08691678154336054,,2,14
4.0,193,806863.53,816592.47,60272.82,1,22,0.382,1,69.3,7047661.6,11.6,0.699,0,41.7,0,-0.012057726788072754,0.07381015894011367,0.727886577465378,0,14
13.2,37,487753.89,463646.11,59056.04,0,120,0.167,1,78.6,6330655.02,9.4,0.707,1,66.1,1,0.04942611528941374,0.12737309496676247,1.0815999540259946,2,3
3.1,1,589025.96,624277.65,8169.87,5,29,0.268,1,80.8,5353190.04,26.4,0.474,0,42.1,1,-0.05984743015401233,0.013086917335579769,0.7573506098101347,3,1
1.6,3,243389.83,225396.47,14974.64,0,16,0.308,1,79.5,2953206.56,13.2,0.895,0,45.7,0,0.07392815057227324,0.06643688785365627,1.0111373456592934,2,14
2.5,3,305670.41,307988.67,45963.45,0,22,0.255,1,94.3,3255168.35,5.6,0.091,0,0.0,0,-0.0075841819298112945,0.14923747032642468,0.8874396091092581,1,6
2.3,10,252331.16,227093.39,37548.76,1,21,0.258,0,,,,0.876,1,76.1,0,0.10001844401618884,0.16534501510589983,,2,10
5.4,8,715960.84,716663.75,83193.88,2,44,0.42,1,78.6,7956218.22,0.4,0.284,1,35.2,0,-0.000981771572869869,0.11608495615970531,0.9260537000878427,4,3
1.6,31,445643.53,341587.43,74707.16,0,11,0.239,1,94.0,5266047.49,15.9,0.858,0,62.2,0,0.2334962655017117,0.21870582298651917,0.9847271670999763,2,11
3.3,2,265125.08,245070.99,13852.12,1,29,0.277,0,,,,0.302,0,35.1,0,0.0756401091892175,0.05652288751108404,,3,0
3.7,43,1366620.14,1283877.08,70360.69,1,27,0.37,1,88.6,13796187.15,11.0,0.39,0,16.2,0,0.06054576365309517,0.05480329160483183,0.8412595635389949,4,11
3.8,3,424334.13,370938.56,86193.4,0,30,0.281,1,77.8,4132999.2,13.8,0.762,0,36.9,0,0.12583378574803777,0.23236570498359618,0.8116636764523277,2,12
3.8,5,283206.0,280955.3,22625.97,1,24,0.224,1,82.6,3239304.18,2.0,0.655,0,28.3,0,0.007947218632373649,0.08053227684261519,0.9531648870433537,3,1
8.7,199,2535466.87,2110603.01,464490.5,0,49,0.266,1,94.2,31303100.29,2.9,0.137,0,15.4,0,0.1675682948284788,0.2200747832724829,1.0288407715748749,1,1
4.3,7,457389.1,494521.45,4443.61,6,30,0.537,1,74.3,5414277.42,20.1,0.36,1,46.5,1,-0.0811832857407403,0.008985676961029698,0.9864462992231342,4,8
4.6,9,459037.13,502416.24,0.0,4,43,0.493,1,91.9,4722254.8,7.5,0.379,0,24.2,1,-0.09450022049414605,0.0,0.8572753871420669,3,8
6.0,2,1157909.45,1077608.11,144058.24,0,53,0.233,1,96.9,12326899.05,0.0,0.033,1,20.5,0,0.0693502760513785,0.13368332946195066,0.8871519163264452,1,11
8.8,12,734617.88,762245.32,0.0,2,87,0.737,1,52.4,8344947.98,17.8,0.558,0,23.7,0,-0.03760790575911376,0.0,0.9466313720361212,3,8
3.3,1,199857.05,167443.47,49964.26,0,25,0.05,1,80.3,2301937.83,4.3,0.585,1,71.2,0,0.16218382088597819,0.2983947955689165,0.9598267987043742,3,13
3.6,152,1016108.39,1008174.33,41025.87,3,24,0.405,1,65.9,10342014.2,16.5,0.488,0,35.0,0,0.007808281161815873,0.04069323010832859,0.8481718339779348,0,5
5.5,32,470104.76,393471.8,16874.52,1,43,0.464,1,93.1,5481114.63,21.8,0.622,0,39.8,0,0.1630125166143819,0.042886224629058556,0.9716122689334181,0,12
1.5,5,202465.19,171622.27,32130.31,0,17,0.109,1,98.2,2369400.65,0.0,0.493,1,72.9,0,0.15233690295107033,0.18721527223710538,0.9752296390637157,2,10
18.6,233,3337501.47,2982460.05,834375.37,0,155,0.05,0,,,,0.441,1,58.6,0,0.10637940483064427,0.27976078673710986,,2,0
7.8,4,559482.94,485187.17,97611.83,0,84,0.131,1,86.3,6945112.4,6.3,0.568,1,74.0,0,0.13279362906043207,0.2011838647753196,1.0344540025950868,3,14
18.2,4,424903.04,429625.57,39964.19,1,170,0.504,1,80.5,4446252.04,12.9,0.185,0,21.8,0,-0.011114370939779645,0.09302097638182942,0.872013067577331,1,8
6.8,2,305768.57,305227.63,34445.86,0,80,0.425,1,84.4,3434410.12,18.1,0.212,0,15.7,0,0.0017691157727558536,0.1128530205473207,0.936004780783497,4,0
9.0,2,343213.37,262899.73,55455.91,3,55,0.278,1,93.5,3250927.35,2.6,0.277,0,20.5,0,0.23400498646075477,0.21093939503094966,0.7893358364797969,1,5
7.1,9,566208.59,575953.11,44592.05,2,38,0.396,1,79.8,6872340.08,21.1,0.502,1,31.8,0,-0.017210123922704917,0.07742305619289043,1.0114558782420922,0,13
19.4,9,274945.0,234468.96,51384.76,0,201,0.14,1,87.8,2441041.31,4.7,0.576,1,53.1,0,0.14721504300860175,0.21915378479095912,0.739857459370662,2,12
9.1,1,167844.07,126848.22,41961.02,0,107,0.05,1,92.4,1614226.93,0.0,0.472,0,18.5,0,0.2442496181128115,0.3307970738572445,0.8014516737668083,2,5
14.3,4,358653.7,328377.97,35927.59,0,148,0.187,0,,,,0.447,1,57.8,0,0.08441493842110102,0.10940925787439394,,4,13
4.5,10,477569.03,435392.3,59809.66,0,38,0.387,1,76.4,5377946.17,10.0,0.449,1,36.4,0,0.0883154630022806,0.13736958600324353,0.9384238773467645,2,11
1.1,45,592189.75,529986.38,54583.28,0,11,0.246,1,85.9,7775870.86,10.2,0.147,0,23.4,0,0.10503959246170673,0.10298996740255853,1.0942256908927137,4,7
2.5,4,754769.07,737285.98,0.0,1,24,0.612,1,96.6,6882116.51,0.2,0.176,0,0.0,1,0.023163495557654436,0.0,0.7598479216519387,1,1
1.6,1,96633.38,106296.72,0.0,4,16,0.407,0,,,,0.875,1,49.3,1,-0.10000002069678196,0.0,,0,13
17.4,3,198296.62,189123.73,22194.84,0,140,0.365,1,64.4,2199427.5,19.3,0.626,0,28.6,0,0.04625842840891582,0.11735618793051511,0.9243002982098233,2,8
0.7,3,259858.98,285844.88,4817.63,5,7,0.396,1,69.9,2262884.67,11.3,0.744,1,68.4,1,-0.10000000769648212,0.016854001373052405,0.725677144195671,2,11
11.2,4,481757.01,438734.2,68836.41,0,120,0.351,1,80.8,5688378.73,13.9,0.575,1,53.2,0,0.08930396259309231,0.1568977526712073,0.9839640129644057,2,12
3.3,5,357372.27,361032.56,35265.33,0,36,0.311,1,74.8,4544440.71,16.3,0.389,1,45.0,0,-0.01024223284028159,0.0976790846786783,1.0596888015401977,4,14
7.8,6,215790.03,208108.84,14604.89,0,45,0.428,0,,,,0.891,1,49.9,0,0.035595666769220075,0.07017909474676809,,2,11
21.9,20,600105.29,526552.73,47490.97,0,144,0.327,1,100.0,6592941.33,12.8,0.138,0,6.4,0,0.12256609169367604,0.0901922396262194,0.9155256363429157,4,12
9.2,3,316369.83,298117.06,35008.06,0,61,0.418,1,79.1,3875709.86,16.9,0.482,0,37.2,0,0.05769440783907877,0.1174305824698526,1.0208805993500285,0,3
15.2,3,221991.46,226900.26,25730.14,1,167,0.394,0,,,,0.401,1,34.6,0,-0.022112562348119237,0.11339845974614572,,3,11
12.2,9,854311.69,723454.56,156541.15,0,137,0.212,1,81.8,7804743.33,13.7,0.259,0,22.2,0,0.1531725850549931,0.21638007230198394,0.7613091159972305,1,0
1.0,7,743008.65,739033.03,57725.13,2,10,0.43,1,80.7,7355294.77,5.7,0.183,0,0.7,1,0.005350704867298645,0.07810899872770233,0.8249449462443449,4,13
8.8,4,443225.46,401560.98,32476.96,0,89,0.5,1,69.9,4858884.28,9.3,0.274,0,0.6,0,0.09400290317257505,0.08087678240052108,0.9135463999142408,3,13
0.7,5,241110.93,229111.75,25778.05,0,6,0.184,0,,,,0.769,0,35.6,0,0.04976622171379785,0.11251299856947537,,2,13
0.5,12,658257.23,651163.74,22742.82,1,6,0.468,1,84.7,5602094.8,5.9,0.23,0,20.5,0,0.010776167243920725,0.034926422653693834,0.7092079084848537,4,13
7.6,7,380860.34,352942.24,27943.99,0,69,0.357,1,88.7,3586003.49,0.2,0.255,0,18.5,0,0.07330272298764433,0.07917439975447542,0.7846278354072432,3,2
8.5,5,364380.04,319419.32,53373.1,0,75,0.05,1,78.2,3218653.43,5.7,0.68,0,40.4,0,0.12338963462433336,0.16709415072325617,0.7361026667834679,0,10
1.4,3,180918.4,189635.19,0.0,1,14,0.441,0,,,,0.733,0,35.6,1,-0.04818078205423002,0.0,,2,3
5.4,18,1294775.12,1176462.18,46224.69,2,29,0.61,1,91.0,12398464.22,9.2,0.719,1,69.9,0,0.09137721151144777,0.0392912673146875,0.7979805417226944,2,12
3.1,7,728873.92,604945.87,132347.22,0,27,0.146,1,81.4,7617883.33,13.4,0.771,1,55.3,0,0.17002673109774602,0.21877530959918778,0.8709649137032277,2,1
7.9,1,725970.77,674103.11,96387.17,1,56,0.33,1,89.8,7741077.85,0.0,0.852,1,74.8,0,0.07144593438658699,0.14298579634204625,0.8885892483430611,2,11
4.7,165,1738916.24,1760512.05,76969.81,3,40,0.582,1,87.3,16780620.66,10.6,0.635,0,33.2,0,-0.012419120313696108,0.04372012676652795,0.8041704498659464,2,10
5.2,1,126129.42,124806.7,8554.9,0,59,0.384,1,82.9,1147088.13,0.2,0.21,0,20.4,1,0.010487006124344353,0.06854519829464284,0.7578777219462358,1,0
5.0,8,526338.78,413824.73,118650.67,1,47,0.05,1,82.7,5532109.71,13.9,0.294,1,44.7,0,0.21376735721430223,0.2867172051317475,0.8758791105986907,4,3
2.8,10,220756.82,203096.38,45809.19,0,31,0.05,0,,,,0.141,0,17.8,0,0.07999952164558269,0.22555394635788192,,4,13
9.2,6,205361.68,199231.53,22854.05,3,75,0.494,0,,,,0.533,1,70.6,0,0.029850505702913973,0.11471100984869212,,0,2
1.7,2,295594.06,262902.48,46781.63,0,14,0.324,1,91.2,3562153.44,13.6,0.21,0,12.1,0,0.11059620074909494,0.17794290110918695,1.0042357414083356,4,7
7.6,5,201202.47,194400.51,30274.37,1,72,0.224,1,92.5,2127047.98,12.2,0.075,0,18.6,0,0.0338065432298122,0.1557319474110433,0.8809732720146692,1,11
1.6,3,293367.1,284053.14,32114.06,0,13,0.329,1,79.5,2957173.75,7.9,0.354,0,28.5,0,0.031748481680460974,0.11305652174800813,0.8400094824311702,3,11
12.4,6,300557.36,283394.64,55579.53,0,137,0.239,1,70.0,2846903.99,8.9,0.133,0,17.9,0,0.05710297694922518,0.19612061117316826,0.7893401750889304,4,1
16.2,5,188017.83,206819.61,0.0,4,165,0.67,0,,,,0.787,1,63.1,0,-0.09999998404406646,0.0,,2,6
1.4,1,456061.98,378888.45,71097.46,0,12,0.233,1,77.4,4633513.01,15.3,0.101,0,0.0,0,0.16921719718885572,0.18764747249487285,0.846652650516201,1,3
3.4,7,300264.47,228731.42,74959.58,0,31,0.063,0,,,,0.535,0,20.7,0,0.23823348130399832,0.3277187716492994,,2,9
6.8,7,183725.3,159525.09,17002.14,0,53,0.328,0,,,,0.798,1,67.3,0,0.13171952910132678,0.10657972360335292,,0,9
8.9,3,657608.7,667521.01,16305.83,3,80,0.511,1,72.8,6293011.78,6.9,0.08,0,17.2,0,-0.015073264693730567,0.024427440868115897,0.797461542606315,1,7
3.7,6,475660.9,441048.06,58716.79,0,23,0.465,1,97.4,5449509.94,3.7,0.438,0,31.8,0,0.07276788989803455,0.13313014005775245,0.9547259998316727,4,3
4.1,12,247105.58,210730.33,41685.4,0,42,0.164,1,89.9,2908704.04,7.8,0.792,1,64.3,0,0.1472052958091841,0.1978139549252355,0.9809248473196491,2,14
0.9,8,725733.49,637596.98,109916.91,0,6,0.256,1,83.9,8695213.08,6.1,0.732,0,37.8,0,0.12144473310719064,0.17239245706590392,0.998439647590192,0,13
1.1,2,707364.84,581190.97,148146.05,0,8,0.148,1,78.6,7550653.67,25.1,0.718,0,23.6,0,0.17837170136983344,0.25490081169017476,0.8895284350953415,0,0
2.1,5,506743.6,434417.03,80889.1,1,20,0.243,1,82.2,4999657.85,11.8,0.579,0,34.9,0,0.14272813706971327,0.18620149398839175,0.8221873037304599,2,13
8.7,3,326548.24,319610.12,36291.02,0,92,0.32,1,93.1,3401975.35,0.0,0.581,1,54.1,0,0.02124684548904626,0.1135477812780146,0.8681655911951427,0,3
11.4,25,234512.03,223942.42,58628.01,0,131,0.153,1,96.0,2798543.88,1.0,0.388,0,12.4,0,0.0450706515994083,0.26179948399235836,0.9944564037930165,4,10
2.3,50,251207.75,273104.47,0.0,7,18,0.508,0,,,,0.659,1,56.6,1,-0.08716578210664269,0.0,,0,5
7.3,7,651776.96,488832.72,162944.24,0,72,0.05,1,100.0,5632760.46,7.6,0.688,1,70.1,0,0.25,0.3333333333333333,0.720179960028044,2,5
12.1,16,504169.7,469458.8,32320.82,0,80,0.415,1,81.2,6477085.62,6.4,0.847,0,63.3,0,0.06884765189181345,0.06884697869120783,1.0705862232498302,2,1
8.5,4,483224.89,396299.64,65135.47,0,86,0.281,1,68.3,5682090.59,21.5,0.679,0,43.9,0,0.17988570497682765,0.1643591450146157,0.9798906450507272,3,10
4.1,7,299416.87,281173.99,23185.72,0,28,0.22,1,89.6,3198657.37,0.0,0.497,1,52.0,0,0.060928029873533865,0.08246040112031701,0.8902463673250387,0,11
7.1,3,556160.17,499695.68,54686.68,0,79,0.177,1,74.3,5306383.93,9.5,0.55,0,26.4,0,0.10152559109006322,0.10943996954306269,0.7950922857948156,3,14
4.0,7,713137.21,741030.99,46321.05,2,42,0.552,1,78.7,6514232.8,21.7,0.299,0,19.9,1,-0.03911418393102784,0.06250892422191412,0.7612177933238589,4,11
1.8,40,212360.56,200389.02,32251.35,0,17,0.177,1,70.6,2731605.49,16.0,0.533,1,46.5,0,0.05637365054980081,0.1609436984122184,1.0719212213102725,0,4
12.5,4,586753.73,595341.08,7390.8,8,117,0.266,1,73.9,7161656.54,10.8,0.54,1,48.0,0,-0.01463535647229712,0.012414396130702086,1.0171298129909914,2,1
2.5,10,245298.86,208384.26,23552.35,0,17,0.317,0,,,,0.781,0,46.1,0,0.15048826562014997,0.11302365159441503,,0,11
13.2,5,372945.24,379728.27,31633.07,0,145,0.326,1,79.6,3407569.81,19.4,0.626,1,42.9,0,-0.018187737159482256,0.08330449033989488,0.7614097738137999,2,11
2.5,5,519196.59,481765.16,92838.33,0,27,0.255,1,90.6,5106059.73,3.5,0.251,0,4.3,1,0.07209490724890942,0.19270453263992773,0.8195450156943442,4,0
2.1,41,970599.28,971072.89,56404.8,0,21,0.449,1,79.9,12361034.5,17.4,0.393,0,37.6,0,-0.00048795626553523307,0.05808503211329481,1.0612888650951127,4,10
4.2,30,962885.38,910285.82,176100.81,0,44,0.156,1,77.8,11087718.26,5.4,0.282,0,7.3,0,0.054627021131009444,0.19345661124326863,0.9595913915181333,4,10
2.2,19,688085.41,570557.43,139437.71,0,18,0.105,1,76.9,7426164.36,11.7,0.814,0,35.7,0,0.1708043482567084,0.244388562252182,0.899375311561976,2,8
4.5,9,113091.68,106896.47,16056.26,0,42,0.246,1,82.7,1345966.15,7.5,0.249,0,22.4,0,0.05478042239712057,0.1502038374139015,0.9917957345167507,4,12
14.7,3,482583.71,409829.22,93601.16,1,147,0.05,1,72.5,5306838.42,23.3,0.458,1,37.4,0,0.15076035202265747,0.22839064525462585,0.9163934170094551,0,8
1.8,4,225960.61,235931.37,0.0,7,15,0.625,1,90.0,1926251.61,6.2,0.487,1,46.6,0,-0.04412609790706447,0.0,0.7103935836427421,0,0
6.0,21,684688.83,634357.35,80159.29,0,34,0.275,1,79.6,7690067.61,15.7,0.285,0,29.6,0,0.07351000599790708,0.1263629876756374,0.9359565096162006,1,12
4.4,4,283303.59,237721.42,58828.76,0,45,0.05,0,,,,0.629,0,34.6,0,0.16089513726246818,0.24746932775346875,,3,12
5.8,185,1196549.15,964335.69,216639.15,0,47,0.053,1,89.5,12257750.85,8.8,0.652,1,63.4,0,0.19406930337963968,0.22465117930043635,0.8536876546191187,2,8
9.1,7,1150783.54,1151395.41,87513.56,0,101,0.469,1,69.7,13973790.39,13.0,0.275,0,19.3,0,-0.0005316986025016302,0.07600652151288323,1.0119040566916695,4,12
4.0,43,321096.85,296925.92,14972.5,4,22,0.381,1,74.3,3931138.62,12.1,0.472,1,51.8,0,0.07527613553356252,0.05042503530847021,1.0202369939163216,3,10
2.4,1,607699.14,487209.36,117485.3,0,18,0.05,1,85.2,7297746.74,11.8,0.222,0,3.3,0,0.1982720923383239,0.2411392506909145,1.000734609673245,1,11
0.8,8,148255.0,147659.39,17229.72,0,7,0.508,1,89.0,1861268.09,4.7,0.771,0,26.6,0,0.00401746989983465,0.11668556940401825,1.0462087225838363,0,11
8.3,4,411101.94,355224.71,52614.96,0,88,0.267,1,75.3,3929386.94,20.0,0.675,1,78.5,0,0.1359206186183407,0.1481173987023594,0.7965151214481416,2,6
8.2,2,365085.92,330410.87,54212.01,0,87,0.143,0,,,,0.478,1,58.4,0,0.0949777794772255,0.16407453544128256,,2,10
11.9,10,440439.76,354224.0,83166.6,0,126,0.066,1,79.3,3879940.76,6.6,0.327,0,25.4,0,0.19574926659663971,0.23478533357423553,0.7341035620096302,3,5
11.7,4,216867.4,205210.86,26573.73,1,83,0.09,1,88.2,2556336.75,4.8,0.492,0,21.1,0,0.05374961843043265,0.12949475480976008,0.9822963824899456,4,3
6.4,9,1652573.98,1660788.96,18996.6,2,52,0.501,1,79.4,16116010.49,13.2,0.532,0,17.6,0,-0.004971021025031498,0.011438298578285346,0.8126721650105291,2,14
7.3,32,924314.25,880599.0,143624.24,0,68,0.164,1,88.7,8994462.71,9.4,0.531,0,34.3,0,0.0472947917875333,0.1630983455579668,0.8109131273986815,2,12
18.6,1,78630.05,72865.22,11974.0,0,177,0.253,0,,,,0.171,0,17.3,0,0.0733158633372356,0.16433080144409087,,1,10
7.8,2,317462.8,291586.08,48442.9,0,63,0.216,1,91.7,3419085.47,3.6,0.569,1,54.3,0,0.08151103058374075,0.16613584571664053,0.897502917402186,0,13
28.8,147,1106779.2,1049630.12,204942.97,0,240,0.238,1,79.4,11107206.66,6.4,0.567,1,52.1,0,0.051635484295331754,0.19525256192152715,0.8363010029462066,0,14
5.5,28,1580484.93,1185363.69,306278.61,0,47,0.12,1,77.1,20002233.78,19.7,0.062,0,0.0,0,0.25000000474537903,0.25838366113610245,1.0546464463916148,1,3
12.5,5,1229217.27,1118265.07,86341.3,0,133,0.256,1,89.9,11677681.21,20.7,0.836,1,68.1,0,0.09026248061093378,0.07721004824017261,0.7916746083736144,2,14
5.9,5,642244.95,647896.85,5942.2,4,63,0.416,1,94.7,7689214.63,1.9,0.672,0,40.7,0,-0.008800224898615433,0.009171521670463438,0.9977001544867474,2,5
9.5,2,574478.81,548798.15,58213.61,1,108,0.335,1,77.3,6767103.61,10.7,0.253,0,18.6,0,0.0447025365478668,0.10607471982185071,0.9816294196009306,4,6
0.9,14,652762.12,618787.28,14526.73,0,7,0.297,1,85.3,6230100.15,8.7,0.786,1,61.5,0,0.05204781184300334,0.02347612898571541,0.7953510116365209,2,8
5.3,5,427316.54,396668.04,22808.2,1,49,0.271,1,78.9,5524313.38,21.8,0.692,0,32.5,1,0.07172317738976357,0.05749946479176896,1.0773265372160257,2,6
9.2,10,398140.57,369737.95,15649.93,3,100,0.295,1,75.3,4934765.96,4.2,0.469,0,12.4,0,0.07133817083750092,0.042327085980760154,1.0328776508926651,4,11
2.6,9,637470.08,583577.78,134480.37,0,23,0.083,1,78.0,7174919.05,16.3,0.821,1,52.5,0,0.08454090896313116,0.23044121042442703,0.9379419357741988,0,7
5.3,2,308544.07,272984.76,37501.56,0,57,0.451,0,,,,0.838,1,76.9,0,0.11524872281616041,0.13737602055147694,,2,11
2.7,37,791690.37,736140.17,133675.98,0,27,0.3,1,78.5,10386667.02,12.7,0.473,0,11.7,0,0.07016657282316059,0.1815903892325289,1.0933006359544326,3,6
2.0,2,196244.54,215433.85,11259.47,0,19,0.649,0,,,,0.254,1,59.2,0,-0.09778264404196925,0.05226416368644017,,3,1
7.8,7,408669.83,363892.11,54988.46,0,62,0.247,1,83.3,5386407.95,0.0,0.702,1,62.2,0,0.10956942918932877,0.15111198756136812,1.0983617977541105,0,10
10.5,2,225458.48,178522.9,34564.1,0,89,0.36,1,100.0,2485713.87,0.6,0.252,0,27.4,0,0.2081783750161006,0.19361157588186165,0.9187626142959892,4,7
9.2,19,274203.75,268349.74,17799.34,0,100,0.445,1,81.9,2739621.43,9.8,0.438,0,28.9,0,0.02134912451051457,0.06632888856162111,0.8325990648681257,2,8
4.1,34,1520340.77,1532240.38,164377.59,0,34,0.492,1,92.2,18558194.87,2.8,0.151,0,0.0,1,-0.007826936062498588,0.10727924426583772,1.0172168435413769,1,13
18.2,2,628512.13,593742.32,94578.57,0,202,0.204,1,86.3,5914472.57,4.6,0.199,0,18.6,0,0.05532082570944184,0.1592922835616636,0.7841896610120582,4,11
7.6,47,1069790.16,907345.0,189904.47,0,74,0.326,1,90.2,10139803.8,21.3,0.455,1,45.7,0,0.15184768571810375,0.20929687164198843,0.7898592467891088,0,3
11.8,5,376359.09,289466.86,87056.0,0,123,0.07,1,100.0,3178608.75,0.0,0.117,0,12.8,0,0.23087586379274122,0.30074599904113375,0.7038067354770148,4,11
13.4,5,162692.0,149504.67,24554.67,0,128,0.231,1,97.8,2067790.03,0.0,0.457,1,39.0,0,0.0810570280038354,0.16424015383599722,1.0591537127414583,3,7
11.8,35,979860.01,877865.7,174709.7,1,71,0.274,1,92.3,9492495.09,2.6,0.642,1,66.8,0,0.10409069556782918,0.19901643269579847,0.8073002770058959,2,2
1.8,31,1071672.69,836754.02,239444.37,0,14,0.132,1,94.7,12543352.64,0.0,0.532,0,17.5,0,0.21920748022420908,0.286158613256498,0.9753718615957889,2,8
18.6,2,270024.34,277012.41,18750.56,1,176,0.39,1,100.0,2385886.96,0.0,0.772,0,31.8,0,-0.02587940776005581,0.06768851980313807,0.7363184864495301,2,13
4.5,1,448505.91,455249.73,80827.69,1,41,0.276,1,79.8,5024801.25,4.3,0.583,0,30.1,0,-0.015036189824120728,0.17754582742970546,0.9336185503107417,2,8
2.9,2,335885.8,312403.7,22091.37,0,31,0.22,1,77.5,4010257.55,0.4,0.656,0,25.3,0,0.06991096378590574,0.07071417528025435,0.9949456903705566,3,11
0.7,3,1003281.59,944254.07,133764.03,1,7,0.294,1,82.3,11769846.28,0.0,0.63,0,33.8,1,0.05883444945899986,0.14166105738892923,0.9776124002567746,2,12
2.9,25,949761.58,832672.73,61364.56,0,18,0.292,1,97.1,11539379.61,0.0,0.186,1,27.7,0,0.12328236103212344,0.0736958925026883,1.0124803821818102,1,14
5.2,8,238002.96,205768.43,27413.53,1,42,0.109,0,,,,0.62,0,35.1,1,0.13543751724768466,0.13322515023320147,,3,2
10.6,5,655807.79,679740.52,0.0,5,113,0.531,0,,,,0.571,1,44.5,0,-0.03649351283247181,0.0,,2,11
1.7,8,514534.33,453221.15,75402.88,0,14,0.382,1,83.7,4874166.19,5.2,0.103,0,0.0,0,0.11916246676873823,0.16637105307199365,0.78941382945883,4,13
6.3,1,224342.69,191179.19,26213.63,0,67,0.274,1,80.2,2228042.84,20.1,0.367,1,44.8,0,0.14782518654831142,0.1371154988155353,0.8276188391369768,3,6
9.6,10,486742.08,438314.91,31772.79,0,100,0.332,1,79.5,5557061.92,3.9,0.21,0,6.8,0,0.0994924663180961,0.07248849919342237,0.9514042700670822,1,13
10.2,9,290177.11,278216.73,27631.97,0,81,0.418,1,94.7,3173857.1,0.0,0.755,1,66.8,0,0.041217517122560096,0.09931814668370231,0.911471244808616,0,11
3.7,6,312097.43,260274.19,46112.66,0,37,0.314,1,80.8,3367602.59,8.9,0.114,0,19.9,0,0.16604827537349473,0.1771695457010163,0.8991857099453419,1,12
2.0,9,532862.37,563789.88,61238.51,1,19,0.294,1,76.4,5700457.82,4.9,0.46,0,24.4,0,-0.05804033412980543,0.10861938493823267,0.8914837646851789,3,13
3.2,22,1087350.96,1106986.37,110847.81,0,23,0.479,1,79.2,12141136.5,0.0,0.728,1,78.2,1,-0.018058024246375936,0.10013475595006648,0.9304828084209352,2,0
13.7,4,202719.63,197191.15,486.19,3,104,0.457,0,,,,0.123,0,0.0,0,0.027271557273461925,0.0024655771823431224,,1,1
1.7,10,283036.6,270056.4,12165.66,3,14,0.431,1,65.4,2529299.11,23.6,0.667,1,61.7,1,0.04586050002013858,0.04504858985012019,0.7446914138783937,2,11
14.3,1,569471.27,427130.6,117491.56,1,118,0.05,1,94.9,7016236.91,2.2,0.752,0,38.8,0,0.24995232858718236,0.27507174620596136,1.0267180101406461,2,3
1.6,8,97558.37,86522.78,19501.17,0,9,0.16,1,81.0,1235948.73,15.8,0.731,1,72.7,1,0.11311781859414008,0.2253876955872199,1.0557344029015656,0,11
5.3,7,517069.8,568776.78,0.0,6,60,0.558,1,53.4,5086470.95,19.0,0.471,0,6.6,0,-0.10000000000000007,0.0,0.8197589168167754,2,7
8.5,27,504252.89,532082.2,11121.79,5,91,0.551,1,73.0,4334978.76,2.0,0.226,0,16.8,0,-0.0551891928670948,0.020902390645655883,0.7164028945872775,4,10
3.0,24,862176.19,768977.1,110196.48,2,28,0.419,1,87.0,10847143.6,5.0,0.695,1,54.1,1,0.10809749918981174,0.14330268092508866,1.0484268109205537,2,7
1.7,1,189530.8,185807.83,18382.62,1,14,0.396,0,,,,0.613,0,27.8,0,0.01964308703387524,0.09893350565474017,,0,8
5.3,6,503493.9,445869.82,63633.38,0,57,0.17,1,69.2,4580049.94,14.1,0.317,0,5.7,0,0.11444841734924696,0.14271739675046854,0.7580445926620627,4,8
1.7,2,124158.36,115617.2,1074.26,4,15,0.452,1,54.7,1509945.97,18.8,0.739,0,38.3,1,0.06879246794174797,0.009291524098490536,1.0134543564632565,2,3
8.3,1,258543.87,279282.68,0.0,5,87,0.75,1,79.6,2252335.69,5.2,0.468,0,30.3,0,-0.08021389174688225,0.0,0.7259682499273076,4,1
2.7,4,570118.44,545858.75,118569.17,0,28,0.167,1,91.0,4845321.82,9.8,0.566,0,34.0,0,0.0425520177877424,0.21721584567436172,0.7082332196329826,2,1
9.3,8,188270.86,153211.18,11773.08,0,106,0.05,0,,,,0.698,0,52.4,0,0.18621936501485145,0.07684217300591249,,3,10
10.0,9,793072.85,653306.59,139588.4,0,105,0.09,1,93.4,8207537.59,7.5,0.725,0,41.2,0,0.17623382265576235,0.21366446035696654,0.862419468568787,0,4
4.1,6,652137.3,586469.45,77450.75,0,44,0.289,1,86.7,5531465.69,15.0,0.556,1,61.3,0,0.10069635642678326,0.13206271869745304,0.706838075611787,0,13
2.1,28,283888.49,305096.56,22822.78,0,20,0.308,1,73.4,2635629.54,18.8,0.228,0,3.6,0,-0.07470563530067742,0.0748051043250045,0.7736692495000415,4,5
12.2,9,1374556.35,1132845.38,144447.56,0,97,0.344,1,65.9,15082370.87,2.7,0.551,0,36.9,0,0.17584653404714923,0.12750862787647155,0.9143781112841729,3,13
14.8,6,269587.78,276979.12,24319.96,1,99,0.33,1,89.1,2591347.76,5.9,0.259,1,35.9,0,-0.02741719227778042,0.08780430813701769,0.801021643735731,4,11
7.9,3,571848.69,519771.44,99612.52,0,79,0.226,1,99.9,7338394.16,5.9,0.212,0,12.1,0,0.09106823345175442,0.19164677459000057,1.0693962535206065,4,3
9.0,9,375015.21,380590.83,0.0,4,102,0.608,1,86.4,4394342.93,0.0,0.487,0,22.4,0,-0.01486771696539987,0.0,0.9764810450399242,4,3
3.5,4,232655.81,205949.09,18611.98,2,32,0.245,1,73.9,2048531.22,13.3,0.099,0,13.5,0,0.11479068586337905,0.09037175158190794,0.7337488584531803,1,13
1.5,15,791656.78,774089.63,40588.21,1,15,0.31,1,82.4,9768396.49,15.8,0.277,1,49.1,1,0.022190361333101982,0.05243347595290741,1.0282651035128296,3,6
9.2,7,161595.47,135936.32,29513.83,0,47,0.32,0,,,,0.797,1,74.1,1,0.15878631993830022,0.2171151168429453,,0,12
0.6,13,642294.34,591809.26,48356.48,1,6,0.354,1,66.9,5967827.21,11.6,0.547,0,37.8,1,0.07860115971129368,0.08170956973535697,0.7742850951585011,0,12
8.0,33,451416.52,428594.57,15282.93,2,76,0.499,1,77.5,3828280.6,10.7,0.693,0,46.6,0,0.050556302192928185,0.03565824457365384,0.7067162347831961,3,5
11.4,37,1111067.34,982019.39,94203.72,0,121,0.311,1,79.6,10671361.02,8.4,0.186,0,25.7,0,0.1161477305236963,0.09592857428202105,0.8003836068118066,4,8
1.3,6,152909.44,141402.62,30309.35,0,7,0.116,1,82.0,1532489.25,16.4,0.71,0,32.9,0,0.07525251547582679,0.21434786710458406,0.8351834752648365,0,3
5.7,4,506871.79,548386.38,24716.0,2,54,0.411,1,91.1,6019586.64,0.0,0.461,0,33.6,1,-0.08190353225220924,0.04507041185085596,0.9896629283709003,4,4
2.0,66,543407.14,481453.82,53211.8,1,21,0.496,1,69.5,4609562.55,19.5,0.137,0,0.0,1,0.11400902829506437,0.11052316502546392,0.7068920965963016,4,11
8.4,5,1158556.29,1115688.86,14410.78,2,44,0.386,1,75.0,13582269.57,6.2,0.266,0,3.5,0,0.03700073131535105,0.01291648641181198,0.9769536510824174,4,3
6.9,17,1276282.17,1049239.18,124887.79,0,71,0.228,1,71.7,13453940.68,27.9,0.703,1,73.3,0,0.1778940389020713,0.11902699821026508,0.8784591289348918,2,11
3.2,14,243968.34,258041.62,1957.63,2,12,0.284,0,,,,0.342,0,19.0,1,-0.05768486189642475,0.007586489342300673,,3,2
7.0,30,536154.18,588988.8,51063.88,2,55,0.338,1,93.6,4667666.4,5.4,0.682,0,29.6,0,-0.09854370621525321,0.086697539919265,0.7254857175598258,2,13
3.2,6,510422.67,482121.64,47114.66,0,25,0.295,1,78.4,4687786.0,12.1,0.762,1,61.3,0,0.05544626377978073,0.09772359523210782,0.7653438146337296,2,13
2.6,7,383316.78,421648.46,23703.57,1,19,0.364,1,100.0,3746492.46,3.2,0.275,0,21.4,0,-0.1000000052176166,0.05621642730534341,0.8144900544140018,1,9
16.6,8,385433.84,405510.05,30591.71,1,116,0.316,1,74.5,3966040.4,3.0,0.662,0,40.3,0,-0.052087305048254096,0.07544007848880688,0.8574840410138006,3,13
3.2,20,612769.45,531579.23,23815.91,2,31,0.326,1,71.1,7457555.93,10.9,0.813,1,72.3,0,0.13249717328434044,0.04480218311012641,1.014187300242639,2,6
14.1,44,606844.52,633392.49,0.0,4,118,0.822,1,76.5,5652710.05,3.0,0.655,1,58.1,0,-0.04374756486224836,0.0,0.7762435933891819,2,8
5.1,2,348441.32,355570.38,9958.91,7,56,0.412,1,68.5,4225995.46,15.0,0.804,1,54.9,0,-0.020459858205106093,0.028008266605334224,1.0106903748767033,2,3
2.6,3,804321.84,684277.74,182425.18,0,27,0.133,1,84.3,7279170.83,1.7,0.606,1,57.5,1,0.14924883800245928,0.2665952278383336,0.7541726943118524,3,10
4.6,1,67635.65,70545.74,6988.69,0,37,0.357,0,,,,0.693,1,68.0,0,-0.04302597816388268,0.09906608109858936,,0,12
5.9,2,379141.13,355074.62,2808.55,3,51,0.497,1,81.8,4469547.98,6.7,0.864,1,76.0,0,0.0634763893856623,0.007909745844408705,0.9823844004122335,2,11
0.8,15,594438.57,527254.63,103465.85,0,7,0.173,1,72.3,7770027.47,17.1,0.484,0,24.4,0,0.11302082904882829,0.19623507146822022,1.0892669517838767,4,14
4.1,31,2730329.78,2209661.61,418615.52,2,35,0.108,1,95.2,34576993.07,0.0,0.395,0,17.5,0,0.19069790536438422,0.1894477951309477,1.0553362858484687,4,10
4.7,42,627994.42,605676.41,15546.16,8,44,0.396,1,64.6,7628379.79,15.4,0.754,1,44.8,1,0.03553854825652752,0.02566743519035189,1.0122674590537497,2,5
11.0,4,366507.26,358148.95,24847.64,1,91,0.491,1,88.4,3377207.07,8.7,0.41,1,37.8,0,0.02280530541195827,0.06937795015174553,0.7678808940919751,2,13
19.3,1,94098.11,70573.58,16474.81,0,101,0.149,1,92.7,811428.82,0.0,0.615,1,47.2,0,0.250000026568015,0.23344160803518826,0.718601769295189,2,11
4.2,7,456066.23,426911.8,57195.28,0,24,0.316,1,77.9,4992404.32,3.8,0.777,0,52.8,0,0.06392586883707657,0.13397446498316515,0.9122220983854327,2,10
2.2,4,281556.19,285532.49,13437.37,1,21,0.408,1,81.5,2932147.16,3.6,0.313,0,18.2,0,-0.01412258064722352,0.04706073904234156,0.8678395480016499,4,5
5.3,47,406624.69,349171.44,88708.49,1,46,0.101,1,93.2,4878125.71,0.0,0.829,0,60.1,0,0.14129306806234515,0.25405425483825367,0.9997191164986399,2,3
3.9,10,636521.94,592615.2,26436.69,3,31,0.364,1,95.4,7449530.68,0.0,0.653,1,55.9,0,0.06897914626477761,0.0446102124953933,0.975291163307479,2,3
8.7,36,993177.12,920671.07,0.0,3,57,0.531,1,69.2,9845861.68,31.2,0.091,0,0.0,0,0.07300414854502493,0.0,0.826125025245581,1,1
4.6,10,767804.61,778827.79,0.0,1,54,0.449,1,100.0,8341069.64,0.0,0.744,1,65.8,0,-0.01435675151781135,0.0,0.9052942996352504,2,7
0.7,7,182676.17,197793.94,8400.68,3,7,0.453,0,,,,0.546,1,59.9,1,-0.08275720910943113,0.04247187755095025,,3,14
4.8,3,177042.23,148548.62,30694.19,0,39,0.079,1,71.1,2199006.13,14.5,0.253,0,0.0,0,0.16094244858980827,0.2066272308689236,1.0350666664859187,1,3
6.0,229,1233385.43,1120229.82,9844.92,5,45,0.346,1,84.1,12757109.82,12.1,0.147,0,4.6,0,0.09174391657926417,0.008788303814301247,0.8619304713207128,4,7
3.1,3,614416.93,570321.98,89704.24,0,25,0.209,1,72.1,6580726.67,6.5,0.366,0,31.7,0,0.07176714678093273,0.1572870118034027,0.8925435846415668,4,10
3.8,7,460469.02,432058.27,52102.9,0,33,0.192,1,81.9,4887643.71,9.9,0.043,0,0.0,0,0.06169959056094588,0.1205922988119172,0.8845408155797321,1,14
2.7,5,387799.31,305071.29,64335.98,0,31,0.143,1,91.9,5105633.87,8.1,0.561,0,42.5,0,0.2133268880751748,0.21088834678609059,1.0971383346882868,2,5
2.7,10,509050.43,559955.47,0.0,5,25,0.812,1,57.4,5303029.77,30.8,0.608,1,58.9,1,-0.09999999410667422,0.0,0.8681244950524842,0,13
2.5,6,463190.04,424331.96,48785.09,0,24,0.358,1,56.6,4327966.5,19.7,0.452,0,24.5,0,0.0838923047654478,0.11496916235109887,0.7786520517582806,3,11
3.8,23,911784.3,778312.57,162066.29,1,36,0.05,1,76.6,8209379.05,3.1,0.146,0,19.0,0,0.14638520316702108,0.2082277689540592,0.7503034663278729,1,11
2.6,4,159714.85,144998.32,16657.71,0,16,0.25,0,,,,0.681,0,46.9,0,0.09214252776119439,0.11488208966834924,,3,8
8.9,3,248099.02,205307.83,62024.75,0,76,0.085,1,68.6,2315423.43,16.9,0.741,1,84.3,0,0.1724762556498611,0.3021061106144856,0.777721542390615,0,14
11.2,13,612129.71,600895.36,71113.62,0,62,0.407,1,69.4,6821487.0,14.7,0.224,1,21.1,0,0.018352891252411154,0.118346096065711,0.9286548924410155,1,13
7.3,1,238333.37,243147.7,11725.35,5,65,0.363,0,,,,0.139,0,0.0,0,-0.020199982906296404,0.04822315818738981,,4,8
4.8,10,337798.77,371578.65,11747.55,1,20,0.417,0,,,,0.42,0,17.3,0,-0.10000000888102702,0.03161524484789424,,3,12
2.4,243,1441652.34,1271727.28,232707.19,1,25,0.224,1,92.2,16724136.81,0.0,0.732,1,69.1,1,0.11786826496601813,0.1829851365616691,0.9667227172814771,2,7
3.6,16,928116.37,941650.53,91387.73,0,25,0.37,1,87.8,8479692.35,15.9,0.576,0,34.8,0,-0.014582395524388857,0.09705057990037981,0.7613711512993426,3,11
2.4,2,257823.11,216483.28,40914.82,0,26,0.165,0,,,,0.646,0,42.0,0,0.16034183281708142,0.18899759833646276,,3,12
7.6,4,306161.9,283701.27,14128.31,0,84,0.534,1,73.1,3671982.64,11.2,0.78,0,24.5,0,0.07336193693598062,0.04979995331004334,0.9994664696467239,2,8
0.6,8,1083929.58,1137344.99,172051.03,0,6,0.265,1,77.5,12635400.79,0.0,0.382,0,34.3,0,-0.04927940983029535,0.15127426727399573,0.9714192556986342,4,3
0.5,1,147087.67,133993.78,8048.33,0,6,0.524,0,,,,0.717,1,72.6,0,0.0890209899986859,0.06006495226867994,,0,13
9.3,1,280285.81,247609.81,41944.52,0,88,0.272,1,85.8,2694813.05,13.9,0.437,1,52.2,0,0.11658099994430685,0.1693976502788803,0.801209858489328,2,12
4.8,9,1422608.55,1203274.9,355652.14,0,50,0.226,1,85.8,13436392.44,4.8,0.186,0,25.4,0,0.15417709249673786,0.2955701477692255,0.7870748211094329,4,11
4.1,34,741273.34,780725.98,0.0,2,45,0.424,1,86.0,8572367.82,21.7,0.693,0,22.6,0,-0.053222796330433274,0.0,0.9636984718754353,2,10
7.3,46,961572.46,1041095.02,0.0,8,81,0.721,1,76.0,11091204.31,6.6,0.349,0,10.8,1,-0.08270053824128872,0.0,0.961203720241045,4,8
4.0,7,324046.02,298005.64,31629.93,0,44,0.286,1,52.5,4241716.36,28.7,0.251,0,2.1,0,0.08036012909524395,0.10613869589850715,1.090821492988352,1,8
2.1,6,174838.56,142151.38,28207.02,0,17,0.119,1,92.2,2299366.8,1.3,0.585,0,26.9,0,0.1869563556231531,0.198429448943795,1.0959475987448077,2,6
13.7,9,447519.4,398348.9,98564.42,0,148,0.251,1,86.9,5344336.89,2.5,0.821,0,53.8,0,0.10987344906164961,0.24743238904387585,0.9951778794394163,2,10
4.1,28,1127706.32,1175242.36,31618.45,2,45,0.606,1,61.4,13984226.52,21.9,0.78,0,55.8,1,-0.04215285412251661,0.026903769874326175,1.0333827072991841,0,8
0.9,2,139279.3,133637.76,16982.92,0,6,0.26,0,,,,0.578,1,72.0,0,0.04050522942030854,0.12708174695535152,,2,11
4.7,6,323102.17,315864.78,21386.38,1,28,0.264,1,79.9,2723133.21,9.9,0.68,0,34.2,0,0.022399694808611023,0.06770739048525765,0.702340586260996,3,10
6.3,3,611106.77,672217.45,0.0,10,38,0.571,1,60.7,6949982.91,6.1,0.291,0,26.1,1,-0.10000000490912567,0.0,0.947731674613914,4,8
10.1,37,250468.31,275515.15,28703.27,1,119,0.425,0,,,,0.622,0,40.2,0,-0.10000003593268955,0.10418036902870857,,2,14
3.3,13,370126.41,330522.57,67717.97,0,24,0.113,1,96.6,3766751.82,2.9,0.717,1,66.2,0,0.10700084871003929,0.20488153048065674,0.8480777823987216,2,6
7.4,3,389464.59,305068.76,97366.15,0,80,0.06,1,86.7,4183326.86,8.0,0.519,0,20.2,0,0.21669705582219942,0.31916132612201914,0.8951020981565144,3,5
10.0,14,527322.13,468402.22,55353.25,0,111,0.425,1,77.6,6613631.14,9.7,0.789,0,42.8,0,0.11173418798107342,0.11817461070103383,1.0451598690412125,0,11
12.6,6,548176.06,523496.54,55576.89,1,108,0.545,1,68.3,7000874.61,10.8,0.643,0,19.7,0,0.04502115615920928,0.10616477044910363,1.0642679607350967,3,7
5.3,2,250627.69,196434.62,62656.92,0,48,0.05,0,,,,0.508,0,23.1,0,0.2162293799220669,0.31897086165361277,,2,12
8.1,5,462579.75,432455.38,33770.74,0,63,0.365,1,66.4,6042280.33,14.5,0.273,1,42.2,0,0.06512254373435065,0.07809069226980134,1.0885114638791114,1,7
7.2,15,1267274.87,1287644.63,90279.29,0,71,0.287,1,100.0,16660734.26,0.0,0.861,1,68.6,0,-0.01607367153110183,0.07011196093754532,1.0955748863438495,2,1
7.2,8,250190.06,223544.91,32694.67,0,65,0.242,1,71.5,2671660.66,10.2,0.407,1,42.6,0,0.10649963471770219,0.14625548843854239,0.8898770332176001,2,13
1.6,3,301800.79,291509.71,24875.07,2,15,0.401,1,62.4,2904710.37,16.3,0.749,0,35.5,0,0.034098916705950166,0.0853318745368722,0.8020495821101066,2,4
6.0,2,503809.71,506748.87,59544.06,0,50,0.384,1,70.6,5029249.58,10.8,0.479,1,54.0,0,-0.005833869299581332,0.11750210710879336,0.8318698972012005,0,13
5.7,16,362086.35,371982.58,28644.5,2,57,0.365,1,93.3,4766989.41,0.9,0.645,1,67.6,0,-0.027331132477101224,0.07700495007051136,1.097111552258184,0,1
3.7,24,362716.56,363234.69,737.13,2,28,0.458,1,77.3,3630097.09,3.1,0.498,0,18.8,0,-0.0014284707596477113,0.002029349124115871,0.8340068367248888,3,7
0.8,48,1532180.78,1325005.05,360107.87,0,7,0.282,1,87.8,17898461.62,5.6,0.604,0,40.1,0,0.1352162438690818,0.27177848869330723,0.9734742060485405,2,9
2.5,2,114357.26,114669.95,8731.9,2,26,0.516,0,,,,0.654,0,51.1,0,-0.002734325743726304,0.0761481102939349,,3,8
5.6,9,249772.87,240866.85,29658.39,0,36,0.362,0,,,,0.3,0,30.3,0,0.035656474620322016,0.1231318880119867,,4,5
9.7,25,324850.24,323114.41,18499.09,1,87,0.336,1,66.1,3194540.85,18.2,0.422,0,23.8,0,0.005343477659120758,0.05725244503951403,0.8194906597575548,4,14
10.3,7,359375.79,316356.46,75944.69,1,84,0.256,1,75.3,4546297.13,13.9,0.285,0,20.0,0,0.11970569859477724,0.24006050010801105,1.0542115098144667,3,10
2.7,1,148609.16,159214.12,6568.48,2,28,0.525,0,,,,0.628,0,34.7,1,-0.07136141540669493,0.041255637376885916,,3,13
0.9,4,771656.82,740520.22,15492.02,1,9,0.389,1,68.6,7092153.3,20.7,0.106,1,18.2,0,0.04035032049609823,0.02092045508223935,0.7659010581932004,4,0
8.4,41,1369598.36,1400708.14,0.0,3,90,0.696,1,90.8,14747864.62,13.3,0.222,0,26.8,0,-0.02271452778316688,0.0,0.8973351270173346,1,12
1.9,9,377685.01,333691.74,36119.12,0,18,0.288,1,93.4,4795289.36,0.9,0.217,0,26.1,0,0.11648137690187921,0.10824097713656324,1.0580442328560158,1,13
10.9,6,195105.17,185032.98,19507.25,0,102,0.18,0,,,,0.201,0,3.0,0,0.05162441364316487,0.1054258003086801,,4,3
1.9,39,1086019.46,999789.91,134996.94,0,21,0.5,1,78.4,9416623.48,9.4,0.339,0,10.6,1,0.07939963617226521,0.1350253074668457,0.7225640536250919,3,3
9.8,7,966879.58,898348.89,96885.28,0,80,0.122,1,72.2,11818766.04,9.3,0.262,1,35.1,0,0.07087820594990737,0.10784816576107752,1.0186347817998183,1,13
0.5,28,704293.24,583590.39,72392.0,0,6,0.386,1,74.3,8986562.56,13.5,0.164,0,4.9,0,0.17138152568381884,0.12404590829537135,1.0633073992494,1,1
10.2,8,1068486.74,1067056.56,59909.66,1,84,0.462,1,85.0,11319475.84,8.3,0.245,0,20.3,0,0.0013385098255874798,0.05614478392785477,0.8828276646028694,4,13
16.0,4,505889.44,431150.55,74445.36,2,169,0.184,1,81.3,4516100.11,12.3,0.792,1,58.7,0,0.14773759657841448,0.17266674019086836,0.7439207978591792,2,7
2.6,5,194408.23,211886.11,0.0,3,21,0.456,1,81.3,2281840.48,13.0,0.528,0,13.3,0,-0.08990298404547983,0.0,0.9781138037897538,3,10
13.2,10,608891.64,513934.8,104142.94,0,116,0.288,1,78.7,7443649.04,0.0,0.209,0,16.9,0,0.15595030997633672,0.20263842806519428,1.0187429846576095,4,3
2.9,50,730231.06,613948.2,182557.76,0,33,0.174,1,85.8,8633023.53,10.8,0.661,1,76.8,0,0.15924118593366884,0.2973504279351255,0.9851931353070628,2,14
3.7,9,256109.99,209450.94,38516.44,0,43,0.251,1,100.0,2847497.03,0.0,0.46,1,49.0,0,0.18218363914660257,0.18389241891203736,0.9265215275931511,2,13
14.5,6,457568.64,397437.26,55748.52,0,171,0.072,1,98.2,4644222.03,0.0,0.773,1,61.4,0,0.13141499382475164,0.14026998877759975,0.8458151819582742,2,5
8.4,70,860871.32,896895.81,0.0,4,83,0.487,1,76.2,10937672.89,7.9,0.518,1,51.9,0,-0.041846544498659925,0.0,1.0587793084259485,0,0
6.7,9,619612.03,561659.01,87301.21,1,70,0.44,1,71.9,6223703.24,14.4,0.202,0,3.9,0,0.09353114076884533,0.15543454025601763,0.8370430391202486,4,7
11.2,2,104343.7,89426.5,18882.88,0,29,0.168,0,,,,0.663,0,32.2,0,0.14296215296179834,0.21115530631300566,,3,5
11.5,9,598074.08,610023.65,102724.7,0,75,0.12,1,84.8,7108739.23,6.9,0.24,0,0.0,0,-0.019980083403714915,0.16839461879879575,0.9905042797262397,4,8
1.2,8,468474.8,440323.96,64392.89,0,10,0.385,1,63.6,5817037.54,23.4,0.767,1,70.9,0,0.06009040400892421,0.14623980489274305,1.0347475004703206,0,5
2.7,11,474750.78,460909.87,38551.74,0,18,0.394,1,80.9,4180724.67,7.4,0.484,0,21.3,0,0.02915405425979507,0.08364268701817992,0.7338454978420467,4,11
7.0,7,1059524.78,971047.19,129786.76,0,68,0.442,1,83.7,8912772.7,12.5,0.111,1,28.7,0,0.08350686238787174,0.1336564909888674,0.701003952293908,1,14
15.3,3,387162.89,387708.21,20904.61,1,136,0.401,1,94.5,4949500.69,0.0,0.389,0,44.2,0,-0.0014085027622353138,0.05391840941413131,1.0653355512284077,3,10
5.3,3,278088.47,276452.36,28349.88,1,55,0.447,1,89.5,3378968.28,2.2,0.177,0,15.0,0,0.005883415446889927,0.10254888039299069,1.0125579460378202,4,2
7.3,10,376131.05,338852.7,40985.25,0,38,0.17,1,91.0,3877079.58,0.0,0.587,1,51.2,0,0.09911000434555982,0.12095299816114789,0.8589824344467175,3,5
15.4,220,579154.86,574222.49,77578.71,0,157,0.182,1,72.6,6455067.48,23.2,0.853,0,50.6,0,0.008516495916135446,0.1351021796446879,0.9288056220403641,2,3
4.2,40,886858.86,894481.58,0.0,4,44,0.632,1,59.2,8646996.13,16.7,0.258,1,25.0,1,-0.008595189543463513,0.0,0.8125114867018788,1,10
8.4,1,276020.08,209451.87,69005.02,0,84,0.05,1,83.7,2334993.0,18.5,0.431,1,45.2,0,0.24117162055746094,0.3294552586233773,0.7049586754702774,2,2
4.0,2,198997.89,167449.51,49197.6,0,33,0.099,1,89.2,2084784.33,7.7,0.243,0,14.4,0,0.15853625382661093,0.29380557757380116,0.8730345206172789,1,8
1.7,33,342825.06,342592.04,19529.34,0,15,0.189,1,84.8,3441636.67,12.6,0.649,1,66.1,1,0.0006797052700873694,0.05700465194696293,0.8365871964941342,0,11
11.6,7,413212.59,352299.07,63346.39,0,75,0.249,1,89.2,4048915.08,9.2,0.607,0,29.9,0,0.14741448221604286,0.17980856435414377,0.8165520561704086,0,8
0.5,13,1068345.52,1089554.54,17387.47,0,6,0.26,1,92.2,11214052.03,1.9,0.102,0,6.4,0,-0.019852210359809455,0.01595832917184669,0.8747210694844616,4,14
8.9,45,357752.6,321563.3,47180.27,0,90,0.185,1,83.3,3620429.28,14.1,0.506,0,35.3,0,0.10115733610321767,0.14672156306394418,0.8433270366169248,3,1
17.9,7,326162.33,341678.54,13925.05,3,176,0.5,1,77.9,3967862.19,5.2,0.459,1,47.2,0,-0.04757204794312072,0.04075482762247813,1.013774896996842,0,7
5.8,38,726968.14,621026.23,101931.71,1,47,0.185,1,85.3,9265564.31,7.8,0.447,1,53.8,0,0.14573115955260438,0.16413430717733132,1.0621240693803538,2,8
20.5,3,389177.57,291883.18,65096.09,0,167,0.308,1,89.7,4792931.26,4.8,0.379,0,11.1,0,0.24999999357619715,0.2230210387594105,1.0262948564413241,3,5
14.9,32,208483.15,179982.72,23783.61,0,116,0.129,0,,,,0.324,0,27.4,0,0.1367037575938391,0.13214385247650443,,4,7
16.0,5,738274.37,644232.44,75618.9,0,38,0.28,1,66.8,8924452.6,7.2,0.662,0,38.2,0,0.12738073245045747,0.11737828663207335,1.0073550072357698,3,4
4.5,3,772515.57,744673.11,50965.36,0,53,0.343,1,95.2,6805162.76,11.0,0.599,0,35.1,0,0.03604129299296837,0.06843990915691853,0.7340912192445088,3,13
0.5,45,880824.3,660618.22,178848.02,0,6,0.363,1,98.1,10951342.35,0.0,0.353,0,29.9,0,0.25000000567650105,0.27072825814583196,1.0360884259210377,4,8
3.9,10,1372050.97,1347497.41,88835.25,1,30,0.386,1,76.0,17030769.5,10.2,0.288,0,2.1,0,0.017895515936991797,0.06592610074107676,1.0343863476636488,1,13
5.0,12,208269.52,176531.6,47135.72,0,31,0.178,0,,,,0.795,0,43.6,0,0.15238869326630217,0.267010099041758,,2,1
13.5,9,306868.98,287848.43,55535.29,3,123,0.305,0,,,,0.346,0,30.2,0,0.061982641582084934,0.1929324054329565,,3,3
4.3,9,380435.67,334674.87,32706.32,0,45,0.284,0,,,,0.398,0,23.9,0,0.12028525085463199,0.09772565236224638,,3,5
8.0,31,571363.78,456167.38,106755.62,0,64,0.202,1,64.5,4910404.9,14.4,0.461,0,28.5,0,0.20161656029368893,0.23402729936542152,0.7161819188702044,3,8
2.2,18,364518.2,350716.09,39916.81,0,16,0.184,1,66.2,3791804.24,11.8,0.303,0,19.8,0,0.0378639804541995,0.1138151659936674,0.8668529765226172,3,10
0.9,6,296412.76,272033.66,30039.77,0,8,0.532,1,73.3,3020229.39,16.9,0.551,1,62.7,0,0.08224713403026251,0.11042666558248712,0.8491057621810884,2,8
3.1,8,305504.5,294117.02,34183.47,0,20,0.376,1,92.6,3095092.12,3.6,0.266,0,0.6,0,0.0372743445677559,0.11622404578966562,0.8442571004136873,4,8
8.6,137,879090.32,828604.84,169232.18,0,85,0.267,1,93.6,11456216.51,0.0,0.835,1,60.2,0,0.057429229797456974,0.20423749878168707,1.0859916068313284,2,11
1.5,3,1204228.52,1074863.46,264127.27,1,15,0.192,1,96.2,12704749.66,24.3,0.214,0,11.3,0,0.10742567365868402,0.2457309973119749,0.8791762699104098,1,14
18.2,4,217450.92,177440.46,50305.37,0,127,0.05,1,88.1,2778198.32,20.7,0.278,0,24.4,0,0.18399765795426398,0.2835056333826006,1.0646840522296555,4,11
6.7,10,357545.47,294283.54,84760.98,2,53,0.134,0,,,,0.76,1,74.8,1,0.17693394353451045,0.2880248756012654,,0,13
2.5,49,698038.33,635945.6,88797.17,0,29,0.287,1,56.7,6880524.57,20.2,0.457,1,41.1,0,0.0889531811240222,0.13963013503041768,0.8214119810584042,0,13
14.1,10,305144.62,278875.86,3289.04,2,111,0.383,0,,,,0.815,1,62.9,0,0.0860862629660651,0.011793921496109416,,2,11
4.4,2,242613.79,226838.55,25358.42,0,45,0.175,0,,,,0.518,0,21.1,0,0.06502202533499855,0.11179061054657596,,2,10
10.8,66,680562.56,588872.86,113234.08,0,123,0.214,1,100.0,6703501.22,0.0,0.088,0,0.0,0,0.1347263358125373,0.1922895206955199,0.820828435914351,1,1
8.1,18,328410.4,297701.99,58073.28,0,86,0.185,1,78.7,4074944.45,8.9,0.835,1,55.7,0,0.09350620443201564,0.19507185692645185,1.0340071574063021,0,12
2.6,11,916104.05,868610.38,180134.49,0,30,0.193,1,83.8,12016409.11,11.0,0.454,0,9.5,0,0.05184309577061693,0.20738238242098833,1.0930717158529462,3,8
1.5,237,423529.77,391957.15,65562.86,0,13,0.371,1,69.7,4124574.99,6.8,0.563,0,27.7,0,0.07454640083505817,0.16727047841836792,0.8115476333576268,2,11
0.7,2,442753.11,401261.52,100104.4,0,6,0.261,1,73.9,4028864.22,13.0,0.452,1,30.7,0,0.09371270141953372,0.24947420824204622,0.7582977452151607,4,5
8.4,40,751582.88,563687.16,172368.25,0,47,0.05,1,100.0,7456257.65,4.8,0.659,0,29.9,0,0.24999999999999997,0.30578707877610695,0.8267282567248826,2,13
3.2,5,284680.46,289083.39,19407.43,1,33,0.415,1,69.1,3069537.42,19.3,0.888,1,80.8,1,-0.015466217807853734,0.06713436562370463,0.8985329902867234,0,10
2.0,9,178657.94,153551.9,20590.03,0,13,0.241,1,65.0,2118110.58,11.2,0.539,1,60.8,0,0.14052574433579615,0.13409166542387296,0.9879729666646777,2,3
6.5,222,2790625.69,2566175.98,220437.73,0,52,0.428,1,90.0,32059035.35,4.5,0.139,0,10.5,1,0.08042988739202783,0.08590125218146576,0.957343110808482,4,1
5.2,3,272214.19,227954.01,52218.24,0,53,0.05,1,78.7,2809609.83,0.3,0.559,1,54.2,0,0.162593213821807,0.22907357497242534,0.8601100203483146,2,5
0.9,5,391607.22,386247.52,30661.16,0,8,0.111,1,82.1,4958423.19,8.2,0.475,0,24.0,0,0.01368641773254322,0.07938215370288979,1.055143805826665,2,0
4.6,6,379028.67,356831.34,67888.67,0,48,0.231,1,79.6,4607586.41,16.6,0.177,0,7.8,0,0.05856372289726779,0.1902542248671319,1.0130250415269817,4,14
8.7,3,411906.91,387967.77,36767.79,0,67,0.38,1,76.1,3649514.78,5.0,0.435,0,19.1,0,0.058117840266384356,0.09477021763947041,0.7383372900121211,4,13
7.9,38,441159.11,405892.34,23928.06,0,71,0.362,1,81.3,5534790.03,0.0,0.523,0,34.4,0,0.079941157737851,0.05895174074977616,1.045501480180246,3,8
3.2,26,1025249.5,938292.16,146202.59,0,35,0.416,1,79.1,8703940.37,10.7,0.044,1,1.8,0,0.08481578386529325,0.1558177678901207,0.7074652210673271,1,7
10.3,4,168030.3,148995.83,36393.15,0,71,0.285,0,,,,0.072,0,16.7,0,0.11327998581208272,0.24425616475306727,,1,1
2.4,9,327295.54,303256.89,31194.62,2,11,0.265,1,91.8,3290335.78,16.4,0.212,1,41.7,0,0.0734463109396479,0.10286532978690112,0.8377585845909582,1,8
8.7,5,559363.99,525748.25,70340.09,2,62,0.315,1,93.3,5113727.73,0.0,0.206,0,15.0,1,0.06009636051115838,0.133790440576835,0.7618366307419969,1,10
1.3,10,785166.96,708085.71,167306.4,0,8,0.206,1,88.8,8232619.39,1.3,0.205,0,12.5,0,0.09817179520646158,0.23627987069531456,0.8737652636750448,4,11
0.9,2,498753.88,446292.12,53820.65,0,8,0.307,1,86.2,5889803.2,12.0,0.702,1,62.6,1,0.10518566792903948,0.12059511604193236,0.9840864462715223,0,10
10.1,48,229362.58,212793.57,54030.1,0,101,0.121,0,,,,0.548,1,60.1,0,0.07223937749566639,0.25390851800644165,,0,14
7.5,1,260274.42,250675.55,4019.86,0,49,0.108,0,,,,0.432,1,43.1,0,0.03687980555292381,0.016036107231040285,,4,0
3.3,36,2796481.63,2838003.1,137006.08,2,34,0.513,1,70.8,36239776.01,17.2,0.555,1,52.0,1,-0.014847753532355658,0.048275521615885476,1.0799217494472388,2,5
6.5,7,470203.62,430871.72,84047.55,1,52,0.294,1,81.9,4656518.34,6.2,0.513,0,12.0,0,0.08364865417242008,0.1950639740292076,0.8252662856997997,2,11
8.5,4,442974.92,373538.36,9297.95,8,93,0.312,1,80.4,4404620.81,0.3,0.394,0,21.5,0,0.15675054470352406,0.02489155330660016,0.8286061300415533,4,10
20.3,1,263197.38,274329.21,0.0,1,227,0.555,0,,,,0.271,1,52.4,0,-0.042294607947845134,0.0,,1,3
1.8,17,361743.22,364437.72,16853.37,0,12,0.538,1,74.6,3060100.56,6.4,0.55,0,21.4,0,-0.007448653771589694,0.04624485632277581,0.7049430808958908,0,7
5.8,5,845500.52,762304.6,100758.22,0,54,0.385,1,82.0,10671494.16,3.8,0.279,0,7.2,0,0.09839842558582937,0.13217579954259753,1.0517925878981127,3,8
3.1,10,185136.53,199311.4,11350.09,2,22,0.404,0,,,,0.635,0,32.4,0,-0.07656441438110564,0.05694651685754051,,0,8
12.2,42,310623.44,313962.63,23353.76,1,140,0.314,0,,,,0.069,1,22.0,0,-0.01074996143240189,0.07438388447695192,,1,3
5.0,2,103457.19,82904.33,14190.39,0,47,0.199,0,,,,0.603,0,32.6,0,0.19866052808896123,0.171165848635409,,3,13
10.2,3,340393.66,316652.67,38488.59,0,67,0.308,1,87.1,3948632.62,8.3,0.158,0,3.4,0,0.0697456879778548,0.12154828822381317,0.9666828645790093,4,13
6.0,1,50000.0,40695.96,8059.84,0,66,0.064,0,,,,0.405,0,23.5,0,0.18608080000000002,0.1980501258601591,,3,3
5.9,1,222865.98,224879.07,20988.39,1,64,0.363,0,,,,0.686,0,26.8,0,-0.009032737971044286,0.09333189611643271,,2,6
5.7,7,446604.43,418495.59,34147.13,1,33,0.279,1,64.9,3943009.64,23.5,0.537,0,17.3,0,0.06293900846438082,0.08159495778677141,0.7357386416132654,2,10
10.2,3,216331.72,208463.52,10345.09,0,86,0.404,1,76.1,1821801.29,9.7,0.221,0,25.4,1,0.036370995432385096,0.04962542127274835,0.701777687371351,4,2
9.1,8,316372.87,237279.66,79093.22,0,76,0.05,1,98.9,3842541.15,12.2,0.541,1,40.8,0,0.24999997629379533,0.3333333333333333,1.012134076161461,2,14
11.4,5,574490.93,556410.56,55781.06,0,116,0.381,1,90.0,6171673.5,7.8,0.497,0,35.3,0,0.0314719851190688,0.10025161995487647,0.8952380240363411,3,8
0.9,2,92178.81,86598.43,15527.04,0,7,0.209,0,,,,0.424,0,21.4,0,0.06053864223241768,0.17929932447967015,,4,0
7.6,5,664587.97,630166.35,153311.59,0,58,0.252,1,74.2,7983261.2,6.1,0.698,0,30.7,1,0.051793925791344064,0.24328749067607308,1.0010289031663735,2,5
15.6,8,225186.07,182708.44,49274.3,0,158,0.211,0,,,,0.299,0,13.8,0,0.18863347097802277,0.269688143580012,,3,11
6.3,40,944275.67,937769.45,115611.77,1,71,0.179,1,87.4,12225397.47,8.0,0.339,0,11.6,0,0.006890170113140888,0.12328378792889874,1.078904344215498,3,5
18.0,5,927689.16,787261.49,123119.79,0,197,0.253,1,75.5,9853815.1,8.8,0.125,0,0.2,0,0.15137362389790135,0.1563899562774244,0.8851577594518117,1,7
1.7,8,276180.78,272190.07,32978.99,0,11,0.395,1,77.6,2770990.07,19.5,0.45,0,26.0,0,0.014449629695448107,0.12116162062782083,0.8361039431008437,3,10
6.4,3,467817.47,407002.78,82022.6,1,62,0.212,1,71.1,5088948.53,23.6,0.682,0,40.5,0,0.12999662026302683,0.20152835319699783,0.9065053602351932,3,6
2.5,9,158285.06,151615.26,5323.23,1,15,0.448,0,,,,0.723,0,40.0,0,0.04213789981189626,0.03511012018183393,,2,3
4.5,9,1658139.44,1673405.69,205420.02,1,47,0.303,1,79.5,20796706.07,13.2,0.134,0,20.4,0,-0.009206855365553575,0.12275566004559241,1.0451828099370621,4,10
6.2,40,2708925.63,2548449.68,254648.58,0,57,0.321,1,89.9,35553547.16,5.9,0.265,0,9.9,0,0.05923970308479813,0.09992293824691095,1.0937161079120015,4,11
11.9,5,233175.11,193500.49,43567.85,0,116,0.224,0,,,,0.102,0,16.8,0,0.17014946406586878,0.2251562773820366,,1,0
8.9,16,224679.77,202835.02,56169.94,1,77,0.05,1,91.5,2877759.98,6.1,0.282,0,9.3,0,0.09722615436182795,0.27692427076941645,1.0673561383237427,4,1
9.6,4,262407.48,215886.17,54965.91,0,97,0.05,1,64.1,2790405.39,25.5,0.301,0,20.8,0,0.17728652399695302,0.2546059805498425,0.8861553127220307,4,13
2.4,2,188453.54,186812.01,9595.89,3,17,0.411,0,,,,0.22,0,11.5,1,0.008710528865629156,0.05136655828498392,,4,2
8.5,9,518214.56,495594.52,24900.59,3,91,0.32,1,67.3,5860796.55,17.7,0.401,0,17.4,0,0.043649950707675945,0.05024387678862954,0.9424662103280155,3,3
13.6,6,215326.85,177476.4,39538.8,1,138,0.195,0,,,,0.55,0,30.6,0,0.17578137608013125,0.22278342359885597,,0,13
4.0,9,486799.03,475441.8,13229.85,1,44,0.299,1,91.4,4732401.43,7.3,0.512,1,40.6,0,0.02333042857542267,0.027826434276498196,0.8101223739770667,2,1
6.5,6,389908.73,337617.34,28306.39,0,59,0.409,1,89.8,4319964.4,13.4,0.481,0,35.4,0,0.13411187279648742,0.08384163562215138,0.9232853886942551,4,7
12.3,2,301046.5,281035.66,14433.93,2,99,0.228,0,,,,0.872,1,76.9,0,0.06647092724878059,0.051359781175100705,,2,9
5.0,8,270161.18,239064.81,44478.25,0,51,0.255,1,86.2,2517477.24,8.7,0.261,0,7.9,0,0.11510302849580387,0.18605101269400545,0.7765355851643823,1,3
7.8,2,125831.13,117919.36,18309.73,0,55,0.286,0,,,,0.803,1,73.7,1,0.06287609433373127,0.15527331559465724,,0,8
3.7,10,485283.59,407211.07,60183.27,1,27,0.144,1,83.5,5849473.62,19.2,0.486,0,9.4,0,0.16088019790654784,0.14779379647021873,1.00447685651188,2,13
10.3,36,1424568.85,1358547.63,0.0,1,121,0.371,1,72.8,17212339.46,5.6,0.144,0,2.4,0,0.04634470282008497,0.0,1.0068742003355378,4,13
1.4,33,1786318.31,1826790.14,177712.6,1,13,0.416,1,94.2,19793000.18,1.7,0.261,0,14.3,0,-0.022656561136631826,0.0972813439862337,0.923361011547078,4,3
1.6,24,561004.82,420753.61,140251.2,0,17,0.11,1,100.0,5668372.42,16.3,0.376,1,39.7,0,0.25000000891257934,0.3333333254110405,0.841996987358029,4,13
5.4,7,373357.3,340314.76,57044.12,0,46,0.263,1,74.8,3898242.41,7.0,0.716,1,50.1,0,0.08850112211546414,0.1676216453262268,0.8700875385767647,2,7
8.6,10,115734.88,112239.47,886.05,5,79,0.413,0,,,,0.444,1,45.0,0,0.030201871726138252,0.007894281753112341,,0,10
6.1,6,1078036.36,1092679.88,0.0,3,26,0.445,1,76.9,13272301.23,6.8,0.293,0,25.4,0,-0.013583512155378306,0.0,1.0259627073246398,4,7
2.5,30,636819.36,669344.81,44494.35,1,25,0.504,1,90.1,7619384.45,9.4,0.186,0,26.9,0,-0.05107484483511945,0.06647448271093638,0.9970625016278818,1,14
3.0,5,92366.47,89292.39,4356.86,2,27,0.337,1,80.3,981730.56,0.0,0.319,0,22.1,0,0.03328134116200394,0.0487931838312313,0.8857205433963211,3,5
11.0,1,88466.3,80737.72,9388.46,0,55,0.279,0,,,,0.702,1,63.0,1,0.08736185417497964,0.11628344223740773,,2,11
3.1,42,526342.75,550360.35,45552.61,1,24,0.375,1,76.1,6667838.95,0.0,0.487,0,32.8,0,-0.045631102546771996,0.0827686987262073,1.055687089512173,3,1
2.1,3,436564.4,401636.24,16602.65,4,22,0.275,1,82.4,5585603.38,9.6,0.32,0,9.3,1,0.08000689016328412,0.04133752970100507,1.0662045469885617,4,1
0.5,31,1134148.29,981365.55,101255.27,0,6,0.199,1,83.2,10451832.24,8.4,0.576,0,38.4,1,0.13471143178287556,0.10317793405321798,0.7679648487588867,3,13
4.0,4,131456.93,142625.9,9144.15,2,37,0.402,0,,,,0.785,0,48.6,1,-0.08496296087243177,0.06411282943700969,,2,6
9.8,11,443291.33,449199.57,0.0,4,69,0.375,1,80.4,5307721.16,16.9,0.434,0,19.3,0,-0.013328119907059744,0.0,0.9977864820109761,4,13
9.1,7,601385.23,551675.84,68166.33,0,93,0.239,1,70.8,5546107.8,8.5,0.138,0,19.7,0,0.08265814908690061,0.12356228976784629,0.7685184586259294,4,0
2.1,5,1494788.21,1522751.47,56994.64,3,13,0.533,1,91.5,12656023.43,14.5,0.737,0,45.0,1,-0.018707171900961148,0.037428721050586145,0.7055639134099584,2,8
3.4,10,177712.85,145216.69,26655.91,0,26,0.391,0,,,,0.27,0,28.9,0,0.18285768305443306,0.18355954814835676,,4,3
23.7,28,211426.39,187756.1,33012.31,0,240,0.351,0,,,,0.739,1,59.7,0,0.11195522942996854,0.17582549914490125,,0,13
10.7,4,286904.98,290374.25,38219.33,1,100,0.366,1,86.1,2727989.27,14.7,0.378,0,12.6,0,-0.01209205221882178,0.13162093401877062,0.7923614263045092,3,11
1.5,2,159710.9,144283.33,17611.87,0,17,0.414,1,71.8,1450725.74,11.7,0.524,1,58.1,0,0.09659685093503328,0.12206448243189286,0.7569540442553807,3,5
2.1,4,161724.98,149042.65,11796.49,0,17,0.106,0,,,,0.447,0,31.3,0,0.07841911620579589,0.07914841825477473,,2,12
4.5,9,340608.48,326528.58,31057.14,1,29,0.357,1,81.7,3857116.34,0.0,0.215,0,9.5,0,0.04133749106892455,0.09511308321005162,0.9436827928261406,4,1
6.7,12,425037.31,424609.24,0.0,4,66,0.596,1,70.1,4708630.44,25.0,0.282,1,45.4,1,0.0010071351147973504,0.0,0.9231798262604289,1,12
1.9,10,1114076.04,1140467.0,50639.85,0,17,0.315,1,84.3,11997448.96,5.1,0.83,1,78.8,0,-0.023688652347284987,0.0444027315126172,0.8974139802282557,2,11
16.4,5,916080.42,846943.25,124515.75,0,195,0.207,1,99.6,10563614.0,5.9,0.351,0,20.9,0,0.07547063389915051,0.14701781967091657,0.9609431087574895,4,8
3.1,2,119371.01,118079.51,8530.64,1,25,0.263,0,,,,0.657,1,56.6,0,0.0108192097897136,0.07224487974247183,,0,8
15.3,10,797645.49,877410.03,0.0,2,129,0.553,1,64.5,8851762.82,14.4,0.4,0,11.8,0,-0.09999998871679201,0.0,0.924780382907533,4,5
3.5,30,546767.61,496594.21,78278.68,0,27,0.307,1,94.3,4889536.86,6.6,0.699,0,28.1,1,0.09176366537147283,0.15763107668935566,0.7452186222223368,2,5
4.4,6,749681.51,622178.52,31735.18,0,34,0.1,1,90.6,9025281.35,4.1,0.866,0,43.3,0,0.17007621009620472,0.05100655033863914,1.003235066003784,0,4
2.0,8,248307.26,212080.37,40749.28,0,14,0.353,0,,,,0.455,0,25.0,0,0.14589541199882763,0.19214074362469286,,4,10
3.9,3,399780.48,381162.63,72280.4,1,41,0.357,1,60.9,5168442.43,20.6,0.132,1,42.5,1,0.04657018271627464,0.1896313917237899,1.077350089312348,4,11
4.3,2,97839.46,88124.5,24459.87,0,40,0.05,0,,,,0.153,0,0.4,0,0.09929490616567187,0.2775603833213238,,1,13
12.3,46,399817.86,381563.97,58958.73,0,121,0.103,1,84.8,3387925.32,1.6,0.463,0,31.2,0,0.045655514238408496,0.15451859880795352,0.7061393155373299,0,8
10.2,19,399514.79,414929.1,24136.1,3,53,0.421,1,85.7,3576347.95,2.3,0.038,1,9.2,0,-0.03858257663001662,0.058169214933346446,0.7459773787932441,1,10
7.2,1,609616.36,540477.17,95739.85,0,58,0.236,1,92.0,7060926.81,5.1,0.628,1,40.0,0,0.11341426270121745,0.17713948953662556,0.9652145285274167,0,8
7.5,70,1084123.53,874089.82,269556.74,1,81,0.09,1,71.5,14269750.29,10.3,0.268,0,0.0,0,0.19373595737747715,0.30838563020903276,1.0968730265452313,4,8
7.3,8,438263.01,385204.9,109565.75,0,56,0.094,0,,,,0.515,1,50.6,0,0.12106454067387523,0.28443498512090576,,2,0
1.4,10,575261.32,605582.65,2785.02,1,13,0.515,1,74.7,7106448.41,13.3,0.461,0,12.4,1,-0.05270879328372031,0.004598909826759402,1.0294522047243968,2,13
1.7,10,2231775.5,1797398.03,468055.3,0,19,0.079,1,88.3,28575796.57,4.5,0.136,0,0.0,0,0.19463313850340233,0.2604071508857724,1.0670053420845123,1,0
5.0,3,331891.73,300502.17,33925.35,0,55,0.293,1,62.3,4338622.79,17.9,0.079,0,9.5,0,0.09457771062870413,0.11289552418207163,1.0893670028074116,1,0
2.0,3,523818.93,494961.95,65766.96,0,16,0.359,1,77.3,5061491.4,4.3,0.595,1,49.9,0,0.05508960892268629,0.1328727592090665,0.8052228085762384,2,10
9.8,10,804184.76,884603.23,12758.89,3,80,0.383,1,82.4,10471447.39,3.3,0.419,0,37.6,1,-0.09999999253902793,0.014423291219499616,1.0850996676849898,4,13
16.2,168,553416.81,493399.0,98216.92,0,190,0.195,1,73.7,5320308.49,8.1,0.74,0,41.0,0,0.10844956082920584,0.19906185460448844,0.8011304189211985,2,8
1.7,42,1843055.58,1828142.87,224912.07,1,15,0.406,1,68.4,22674202.2,26.3,0.13,0,2.5,0,0.008091296953725053,0.12302762201512182,1.025208827397381,4,13
1.7,8,654519.54,627756.4,84538.89,2,19,0.26,1,98.9,7534764.89,0.0,0.073,1,43.6,0,0.04088974944888584,0.13466830445695177,0.9593251779261878,1,8
7.3,5,416849.12,358039.53,79014.05,0,71,0.05,1,87.8,4309872.36,3.7,0.717,0,28.1,0,0.1410812382187588,0.22068526902602068,0.8615971889301339,2,0
7.7,17,474682.09,417020.89,86432.17,0,85,0.05,1,65.2,5519480.68,12.2,0.203,0,13.6,0,0.12147330016179883,0.20726100795574054,0.9689784658471806,1,8
5.9,1,254486.3,236308.3,38286.95,0,60,0.184,1,81.9,3174088.89,7.5,0.775,1,79.0,0,0.07143017129016375,0.16202118165125812,1.03937778772374,2,5
6.0,29,595802.08,526747.38,79679.9,0,64,0.307,1,81.7,6822184.3,14.3,0.455,1,44.2,0,0.1159020794287928,0.1512677671030846,0.9542017012316126,2,10
1.4,3,265454.45,243482.69,36127.09,0,14,0.307,0,,,,0.133,1,34.7,0,0.08277035853043717,0.1483764205167932,,1,13
3.2,6,258973.55,238897.13,24772.64,1,36,0.268,1,68.7,2898577.66,5.9,0.466,0,22.4,0,0.07752305206458338,0.10369584599028041,0.9327135467438021,4,0
5.2,1,222349.62,232811.3,18342.1,2,57,0.386,1,69.9,1881618.9,24.5,0.322,0,14.6,0,-0.04705058636934029,0.07878526514821231,0.7052028017857642,4,9
4.0,21,258249.76,193687.32,39873.38,0,45,0.145,1,63.3,2622307.61,28.3,0.813,1,66.9,0,0.25,0.20586468954188636,0.8461794278789132,2,3
3.2,1,330724.84,248043.63,82681.21,0,24,0.05,1,75.5,4247216.28,25.5,0.497,0,21.1,0,0.25000000000000006,0.33333333333333337,1.0701787322657712,2,3
4.0,4,404631.79,402460.57,63166.75,3,36,0.233,0,,,,0.504,0,21.7,0,0.005365915515436818,0.1569514002328228,,3,3
9.5,3,197896.73,160098.41,42651.41,0,105,0.304,1,74.6,1826696.89,11.7,0.782,0,42.5,0,0.19100022521847634,0.26640745526454634,0.7692130174830747,2,13
2.6,4,441380.48,426405.59,59146.34,0,30,0.226,1,80.7,5794271.49,7.2,0.287,0,21.7,1,0.033927395248652494,0.13870911026283683,1.093967629696719,4,5
12.4,5,350546.34,284756.72,70016.63,3,64,0.158,1,83.3,4514977.68,10.0,0.232,0,10.7,0,0.18767738382320595,0.24588227452542652,1.0733192650078731,1,13
1.5,6,517838.01,460608.68,81916.54,0,12,0.17,1,63.2,5673244.12,18.0,0.339,1,37.3,0,0.11051589279821313,0.17784410836547848,0.9129695661647806,3,11
4.6,1,157055.3,144218.4,14801.28,1,41,0.552,1,92.2,1327345.96,8.3,0.445,0,26.1,0,0.08173490483925086,0.10263100963538634,0.7042880013175826,4,3
5.0,11,292898.59,245372.48,42064.4,0,40,0.22,1,79.4,3724888.99,15.5,0.765,1,70.5,0,0.1622613137195369,0.1714307977813975,1.059777774393975,2,11
2.5,8,374697.18,341346.26,0.0,3,29,0.318,1,96.1,4381919.44,0.7,0.246,0,13.7,1,0.08900766213399307,0.0,0.9745468416211015,4,1
4.2,7,313542.7,329250.04,13613.36,2,37,0.387,1,67.5,3663292.54,17.0,0.878,0,46.5,0,-0.05009633456623282,0.04134657052737185,0.9736293599989198,0,3
5.8,28,1182400.6,1077849.79,144537.41,0,48,0.259,1,85.9,12841492.66,18.0,0.5,0,34.6,0,0.08842249403459373,0.13409791544330124,0.9050438475194729,4,11
2.6,12,615979.44,642581.04,0.0,4,25,0.439,1,82.0,5736676.2,14.5,0.664,1,70.9,0,-0.043185856982499445,0.0,0.7760914065573359,2,3
4.2,6,646335.16,603326.56,118813.95,1,49,0.092,1,72.2,8178328.17,3.4,0.708,0,42.7,0,0.06654225649738747,0.19693140974930723,1.0544488211038991,0,14
5.0,40,643889.55,497541.39,160972.39,0,48,0.05,1,76.3,6808145.5,4.7,0.604,1,54.5,0,0.2272876769004871,0.3235356760972188,0.8811223265439442,2,13
3.5,9,213245.56,202891.79,0.0,3,17,0.499,0,,,,0.351,0,22.4,0,0.04855327351247074,0.0,,3,8
7.1,4,434622.19,379838.75,86252.83,0,72,0.064,1,100.0,5123765.42,0.0,0.281,0,23.5,1,0.12604841920289436,0.22707749011916242,0.982417514546753,4,8
6.5,15,265588.07,281686.78,13161.63,3,70,0.296,1,84.3,2994612.81,5.4,0.613,0,24.2,0,-0.060615335621061674,0.046724343968147876,0.9396170072699426,2,11
1.8,40,2942161.61,2816284.86,535466.43,0,13,0.143,1,90.5,36361865.13,7.2,0.597,0,26.0,0,0.04278376468925513,0.19013219777774898,1.0299078803832262,2,1
2.1,45,857867.09,825930.94,96399.23,0,21,0.203,1,91.9,8006347.53,3.4,0.269,0,12.1,0,0.03722738682049223,0.11671584793760117,0.7777377583047276,1,10
5.6,4,634123.42,632494.35,76745.77,0,42,0.43,1,79.5,6599453.76,20.8,0.107,0,0.0,0,0.0025690109348114995,0.1213382696620136,0.8672672584778527,1,3
4.0,8,382930.66,370495.63,46558.83,0,42,0.456,1,91.3,4225892.77,10.5,0.645,0,49.0,0,0.03247332036562434,0.1256663405179705,0.9196383774371405,3,5
0.8,6,854000.06,852937.77,0.0,3,6,0.48,1,64.0,11014641.92,15.0,0.429,0,23.9,0,0.001243899210030544,0.0,1.074808855009526,4,1
7.5,2,183598.15,190023.85,11270.93,1,80,0.152,1,84.3,2183565.98,0.0,0.771,0,24.7,0,-0.03499871866900626,0.05931323883817742,0.9910983943284106,2,2
0.6,50,641383.58,607615.07,77914.32,0,6,0.303,1,63.0,6043778.63,21.2,0.755,0,47.5,0,0.05264947693235304,0.12822973597412587,0.7852527487009673,2,7
16.5,2,504800.07,517203.95,2121.16,5,178,0.436,1,83.0,4879879.38,5.7,0.553,0,36.4,0,-0.024571866640192827,0.0041012061102781595,0.8055795535052125,2,0
5.7,16,161847.94,158205.73,5039.69,1,59,0.577,0,,,,0.412,1,50.2,0,0.022503900883755406,0.03185529373683241,,0,1
6.9,66,1208331.45,1055905.05,208989.69,0,62,0.283,1,87.9,11577428.81,5.8,0.671,1,81.2,0,0.12614618282094694,0.19792469976348726,0.7984446106791864,2,11
4.5,7,339126.33,299771.79,49151.84,2,50,0.27,1,80.9,3579221.96,18.2,0.308,0,8.8,0,0.11604684307467378,0.16396419422921682,0.8795203152367045,4,3
9.0,7,328789.58,327354.72,31759.16,1,82,0.095,1,84.3,3579438.27,0.0,0.687,0,52.2,0,0.004364067742049624,0.09701757164216238,0.9072262037622969,2,0
11.8,9,429235.39,407500.39,26210.2,0,122,0.334,1,69.6,4629479.96,13.8,0.035,1,39.1,0,0.05063655165991788,0.06431944764519121,0.8987842234226462,1,14
3.5,7,459355.79,450859.29,42042.41,0,40,0.208,1,75.2,3915293.24,7.1,0.444,0,17.2,1,0.018496555796107414,0.09324951472110068,0.7102869796561544,2,14
11.5,25,394335.04,350034.48,67682.31,1,122,0.128,1,97.8,3739477.35,5.4,0.59,0,47.1,0,0.11234243855174524,0.1933589799496324,0.7902496123600886,3,5
3.3,31,1239379.56,1118663.36,153091.75,0,32,0.18,1,85.8,13978936.99,9.7,0.688,0,31.3,0,0.09740050900952404,0.13685238604757735,0.9399149811969897,3,11
4.4,43,276764.51,264899.08,30602.06,1,42,0.318,0,,,,0.453,0,21.7,0,0.042871934700009016,0.11552346652166554,,3,1
8.0,4,393265.72,324281.3,73142.92,0,77,0.083,1,98.6,4232596.46,7.6,0.569,1,46.1,0,0.17541427206012258,0.2255539249410928,0.8968907121288545,0,8
2.0,10,710361.14,691360.15,47807.02,2,17,0.345,1,68.8,9137394.6,23.8,0.577,0,35.5,0,0.026748352253615663,0.06914922707072428,1.0719189256326718,0,14
5.7,38,1523704.86,1446462.72,138948.89,1,66,0.337,1,93.3,17205898.84,2.9,0.07,0,31.2,0,0.050693636299092806,0.09606116222615127,0.9410122268254322,1,2
1.5,49,967142.51,931039.58,93862.13,1,17,0.296,1,82.9,12306303.5,0.0,0.407,0,26.7,0,0.03732948311826356,0.10081432843059154,1.0603662656361434,3,11
1.3,33,1482505.59,1472371.09,193268.99,0,10,0.374,1,80.6,16940736.73,12.2,0.043,1,13.0,0,0.0068360619132640165,0.13126377671542028,0.9522581704621654,1,0
3.7,9,756224.32,721117.23,39729.82,1,26,0.43,1,85.1,9264362.81,2.5,0.031,1,15.1,1,0.04642417477396121,0.055094814472814634,1.020901092108049,1,1
18.8,7,248704.51,218370.86,0.0,2,187,0.374,1,75.0,2374172.08,18.9,0.83,1,64.6,0,0.12196662617819043,0.0,0.7955130099302716,0,12
8.2,17,1023762.29,1008390.18,15982.1,3,76,0.421,1,78.1,11672464.12,16.4,0.402,0,25.3,1,0.015015311806415516,0.015849123005144693,0.950128123329619,4,0
4.4,24,768258.71,638944.92,131755.99,0,30,0.3,1,86.7,6817785.86,6.9,0.607,1,70.8,0,0.16832062990864097,0.20620868227577424,0.739527992681875,2,0
5.2,9,498862.63,459100.96,81088.12,0,51,0.171,1,100.0,5612792.97,0.0,0.46,0,19.3,0,0.0797046473495118,0.17662372128344056,0.9375982873281167,4,13
7.8,19,671685.12,615984.06,74764.28,0,86,0.202,1,78.2,8345350.4,1.8,0.577,0,40.0,0,0.08292733952480581,0.12137372515775813,1.0353748296026966,2,6
2.2,48,809903.37,736207.64,132510.43,0,16,0.05,1,76.0,8558978.36,24.8,0.604,1,48.7,0,0.09099323787231553,0.1799905662484024,0.8806583885021576,2,10
3.4,5,684622.84,556763.12,171155.71,0,33,0.142,1,69.9,7223708.98,18.3,0.727,0,21.3,0,0.18675935497565344,0.30741208217958116,0.8792808436442661,2,3
2.9,10,170511.73,171859.9,15520.68,0,23,0.365,1,75.7,1527320.34,8.9,0.566,1,55.9,0,-0.00790661146890002,0.09031007233217289,0.746439526477152,3,8
7.7,7,515421.57,455908.5,104152.31,0,82,0.05,1,82.0,4686074.01,2.8,0.443,0,17.1,0,0.11546484172169978,0.22845002889834254,0.7576442086038425,4,8
9.9,2,149083.38,158267.71,3092.54,0,61,0.216,1,81.8,1803264.09,9.9,0.063,0,4.1,0,-0.06160532448352048,0.01953993016010657,1.0079729041560501,1,0
3.8,26,817344.44,773602.95,45075.18,2,39,0.244,1,77.2,9041366.67,15.4,0.402,0,21.7,0,0.053516593322638854,0.05826655650679719,0.9218233900263639,3,11
10.0,141,2578549.18,2444983.55,380718.42,0,82,0.241,1,84.9,32210098.72,7.1,0.182,0,21.8,0,0.05179875219599277,0.15571410286175547,1.040963233958304,1,13
1.7,27,371687.81,357459.56,19688.32,3,10,0.335,1,82.4,4882028.67,2.2,0.689,1,68.9,0,0.03828010932077649,0.05507845418933543,1.0945629949499824,2,8
11.6,6,431599.84,434339.71,6605.07,4,113,0.397,1,69.8,4234544.93,17.9,0.377,0,5.5,0,-0.006348171954836673,0.01520715202393076,0.8176062905089738,4,12
4.0,15,286245.26,249156.84,61913.98,0,37,0.171,1,97.6,3511849.37,0.1,0.505,0,22.9,0,0.12956867827261143,0.24849400080688133,1.022389380933912,2,1
3.7,44,496445.08,491079.98,10346.72,1,17,0.503,1,72.1,4888124.39,16.2,0.558,1,47.1,0,0.010807036298959866,0.021069317466372788,0.8205211725870395,2,8
6.9,5,173696.95,170785.21,30173.17,1,57,0.19,0,,,,0.036,0,0.0,0,0.016763334071208617,0.1766732025565914,,1,3
7.6,1,537981.97,484857.88,65540.26,0,86,0.19,1,90.3,6665824.71,9.2,0.136,0,12.5,0,0.09874697101837812,0.13517416691258063,1.0325353329220308,4,3
6.4,5,489920.02,442535.09,62707.86,0,47,0.273,1,87.2,5791616.08,4.6,0.118,0,23.6,0,0.09671972580340765,0.14170144112187805,0.9851295183514511,4,3
1.3,10,667850.46,589338.92,88137.42,0,6,0.214,1,87.1,6278832.5,4.1,0.437,0,34.3,0,0.11755856243626743,0.1495530279927889,0.7834628753069462,2,3
9.9,5,230833.14,196715.28,42316.59,0,62,0.05,1,83.0,2177291.07,4.6,0.405,0,24.3,0,0.14780312740189738,0.21511592795435105,0.7860263153722207,4,11
3.1,5,158843.34,135740.07,38597.45,0,26,0.088,1,85.7,1450847.23,5.3,0.595,1,55.6,0,0.14544689125776372,0.28434823998543685,0.7611520623611499,2,13
9.1,6,722877.64,733292.38,55728.68,1,72,0.123,1,68.1,9352175.0,15.1,0.105,0,10.3,1,-0.014407334552497696,0.07599789868265097,1.0781187209866758,1,5
7.3,5,226311.54,211529.14,28115.4,0,85,0.276,1,76.2,1907028.25,10.2,0.594,1,36.7,0,0.06531880786989472,0.13291502059716218,0.7022135098958424,3,8
6.3,5,266499.19,229342.03,39900.96,0,60,0.1,1,91.2,2590415.42,0.0,0.402,1,53.3,0,0.13942691533133741,0.17398014659589434,0.8100135376271375,2,5
5.2,7,275853.77,250621.78,41254.61,0,49,0.12,0,,,,0.319,0,27.6,0,0.09146871547196915,0.1646090375704777,,3,7
5.4,3,499467.67,477904.24,75322.38,0,55,0.253,1,96.6,5349184.81,0.0,0.803,1,72.4,0,0.04317282437920355,0.15760977554834,0.8924809904779889,0,13
3.8,6,557742.19,484981.1,64557.31,0,40,0.2,1,86.2,5121249.25,9.6,0.296,0,5.4,0,0.13045649281077334,0.13311304296188037,0.7651757003237165,1,10
4.0,20,208330.19,178909.24,20099.57,0,42,0.264,0,,,,0.238,0,12.5,0,0.14122269076795835,0.11234506389943863,,4,8
11.0,30,303064.46,310312.6,16409.83,2,63,0.303,1,71.9,3719217.28,20.7,0.25,0,10.5,0,-0.02391616621757614,0.052881610350337054,1.022669478741695,4,13
16.7,11,1078625.69,896178.06,129737.53,0,173,0.05,1,90.8,11036476.68,8.8,0.844,1,75.7,0,0.16914823343397273,0.14476758112109997,0.8526650148672057,2,11
4.4,3,275379.34,271955.14,22753.87,0,29,0.41,1,74.0,3165643.09,10.9,0.623,1,60.2,0,0.012434484010311055,0.08366773284741004,0.9579643514046235,2,1
3.6,46,676248.69,622861.64,69043.61,0,39,0.213,1,78.2,8267696.53,5.6,0.523,0,12.4,0,0.07894588305967726,0.11084903221845545,1.0188185515499237,0,3
6.5,4,470552.8,398332.41,25164.88,0,41,0.451,1,93.1,6069541.09,9.9,0.028,0,0.0,0,0.15347988578539967,0.06317557740280286,1.0748955076525597,1,8
2.1,1,67840.68,64753.56,11947.63,0,24,0.376,1,80.5,706776.58,8.8,0.464,1,45.4,0,0.04550544009877253,0.184509237793258,0.8681818686565839,0,10
6.5,153,1305243.24,1060730.33,302757.09,0,64,0.301,1,79.2,12432532.72,8.5,0.042,0,0.0,0,0.18733129772807705,0.28542324230513894,0.7937558008983318,1,4
3.9,18,366670.6,342648.01,25101.81,1,32,0.387,1,85.4,3090237.04,11.4,0.395,0,33.3,0,0.06551545174333576,0.07325829792503391,0.7023190660318372,4,8
1.3,8,866266.72,794215.26,146617.02,0,13,0.223,1,100.0,10118958.95,0.0,0.483,0,7.7,0,0.08317468319687955,0.18460614821226173,0.9734260357672133,2,1
3.7,7,582315.42,601038.95,81390.33,2,43,0.408,1,93.5,5700086.04,2.6,0.697,0,36.0,1,-0.03215358782702321,0.13541606579739968,0.8157214349570203,2,11
4.4,5,633999.21,620091.82,30556.64,2,50,0.437,1,92.2,7678788.8,6.4,0.368,1,43.0,0,0.021935973705708583,0.04927760537141097,1.0093057792085682,3,5
8.9,9,1845767.16,1707975.31,258907.38,0,54,0.24,1,76.1,16153518.68,11.7,0.03,0,0.0,0,0.07465288850409489,0.15158730836688733,0.7293046413647682,1,10
3.7,24,2170178.81,2011784.49,134926.7,0,34,0.18,1,83.1,25028276.86,8.2,0.585,1,59.0,0,0.07298676001725408,0.06706816792289716,0.9610681519525727,3,2
2.5,10,394602.87,429647.5,14600.21,1,21,0.256,1,82.9,3994885.3,15.8,0.048,0,0.0,0,-0.08880987104832766,0.03398183394526909,0.843651006221352,1,1
5.1,30,933615.77,920410.49,5409.18,1,47,0.714,1,74.8,11999209.81,24.2,0.445,0,14.1,0,0.014144234088933639,0.0058769212854147285,1.0710339124127406,2,5
5.1,5,750592.39,684647.64,126134.29,0,49,0.254,1,87.9,6521264.93,0.0,0.87,1,79.5,0,0.08785693923702051,0.1842324177148993,0.724013128039663,2,2
2.7,4,781745.56,594588.77,195436.39,0,22,0.169,1,93.7,8122101.12,2.7,0.052,0,10.6,0,0.23940883015696313,0.32869169392486175,0.8658082560775913,1,6
2.6,8,279454.76,233001.91,59780.41,0,28,0.066,1,90.4,3420113.77,6.1,0.586,1,54.9,0,0.16622672664441288,0.25656618007981136,1.0198769948786464,2,11
1.2,4,354624.97,350256.2,0.0,4,12,0.402,1,84.0,4211668.27,12.1,0.551,1,54.5,1,0.012319408867345017,0.0,0.9897000649258662,2,1
6.2,3,487087.15,452590.91,69974.58,0,68,0.382,1,85.5,5472400.62,12.9,0.206,0,2.5,0,0.07082149467502899,0.15460889393470145,0.9362459777475138,4,5
3.3,1,343160.64,283080.32,54069.78,1,31,0.05,1,88.1,3077258.0,15.3,0.141,0,9.5,0,0.17507928648227258,0.19100508293900473,0.7472831577265582,4,7
0.7,1,390164.57,405777.85,0.0,3,6,0.528,1,74.6,4424247.6,18.6,0.449,0,18.2,0,-0.04001716506447515,0.0,0.9449533052168216,2,8
5.6,6,254360.22,234459.32,46530.19,0,56,0.181,1,87.9,2419559.07,0.0,0.551,0,39.0,0,0.07823904225275476,0.19845741256948113,0.7926944020570511,2,10
4.7,29,430105.54,449166.12,17495.47,2,45,0.42,1,61.6,4199880.86,17.8,0.481,1,38.9,1,-0.044316053218007884,0.03895100102385283,0.8137306756538564,4,14
13.3,2,471849.95,430422.64,117962.49,0,76,0.05,1,89.6,6212333.79,16.3,0.035,0,20.7,0,0.08779763566786432,0.2740620010137013,1.0971591339577338,1,8
0.7,7,486857.32,457157.29,69850.62,0,7,0.187,1,83.1,6066436.69,0.0,0.209,0,36.4,0,0.061003560550347745,0.15279340727564467,1.0383666221416439,1,6
18.2,2,204845.0,196926.54,12600.55,2,150,0.231,0,,,,0.352,0,12.1,0,0.03865586174912735,0.06398604271420195,,3,10
6.9,27,453873.7,499261.07,0.0,6,46,0.736,1,71.7,3985428.98,16.8,0.766,0,29.1,1,-0.09999999999999999,0.0,0.7317433939588627,2,1
1.8,23,1024928.14,859020.07,141644.42,0,15,0.201,1,67.6,11556230.92,9.9,0.851,0,48.3,1,0.16187288018065352,0.16489069923593289,0.9395968417193944,2,10
3.2,27,1462808.67,1473288.46,166517.5,1,32,0.243,1,83.5,15099861.44,1.4,0.654,1,80.8,1,-0.007164156334949831,0.1130243699865809,0.8602094125314876,2,3
4.2,1,351851.4,351214.47,10705.41,0,44,0.467,1,60.7,4031179.66,20.3,0.349,0,9.4,0,0.0018102244299725713,0.030481118844562415,0.9547543034739475,3,0
1.0,47,1098078.98,1114891.82,85975.72,0,11,0.449,1,82.8,13531396.48,13.9,0.334,0,3.3,1,-0.015311139094931116,0.07711575101519715,1.0268991519474613,3,8
8.4,92,629640.4,602242.02,22216.6,3,68,0.283,1,93.2,6779413.23,0.0,0.855,0,52.4,0,0.04351432976664141,0.0368898204744996,0.8972599320183393,2,11
2.4,4,180760.34,145749.15,26069.46,0,25,0.27,0,,,,0.722,1,61.5,0,0.19368844957914996,0.17886526267906194,,0,0
4.7,7,457829.82,471199.97,32940.28,0,47,0.188,1,63.0,5700780.13,28.1,0.696,0,35.2,0,-0.029203318385857796,0.06990722007049364,1.0376454090153702,0,8
3.0,3,114356.92,106904.68,13445.0,1,28,0.115,0,,,,0.452,1,49.8,0,0.06516649801341279,0.1257662433487477,,4,10
13.4,2,106108.61,93934.81,11543.82,0,124,0.27,0,,,,0.632,0,43.8,0,0.11472961524988408,0.1228918225309659,,3,11
1.5,15,1236541.73,962008.09,245336.91,0,14,0.185,1,84.0,12919769.03,9.4,0.466,0,0.0,0,0.2220172868731248,0.2550258283170987,0.8706923454711606,3,1
18.2,19,739167.12,699348.72,89030.63,0,133,0.395,1,74.4,6553589.49,12.3,0.16,0,20.9,0,0.05386927925040825,0.12730505891252653,0.7388484183387378,4,1
3.8,40,521435.86,494690.51,43080.97,0,24,0.423,1,71.9,4816696.27,18.2,0.885,0,48.1,0,0.05129173509470557,0.08708671205356254,0.7697808812637729,2,10
4.8,1,244066.86,219515.96,8211.1,3,45,0.444,0,,,,0.247,0,23.1,0,0.10059087907305397,0.03740548067666698,,4,11
2.8,165,1193845.69,1142132.22,71610.04,0,27,0.471,1,79.7,12058059.13,11.9,0.259,0,14.3,0,0.04331671206184107,0.06269855516377955,0.841681859933953,4,3
3.9,9,396436.23,421922.98,21182.07,3,38,0.516,1,70.3,4355130.55,21.5,0.898,1,71.1,1,-0.0642896588941934,0.050203641432377065,0.9154752224168142,2,3
8.6,101,454656.27,363409.71,91475.43,0,58,0.116,1,88.3,4325077.85,11.3,0.464,1,46.6,0,0.20069350412785464,0.25171432540974203,0.7927376744780549,3,8
1.7,3,686031.19,640734.95,57593.59,0,10,0.149,1,91.9,6103116.78,10.7,0.305,0,8.7,0,0.06602650238103605,0.08988676206908956,0.7413556007562864,3,6
0.8,11,426886.92,406368.24,38494.32,0,7,0.436,1,84.1,4838455.65,12.8,0.141,0,0.0,0,0.048065843760216394,0.09472767852133326,0.9445232885092849,1,13
0.6,36,1573424.09,1420666.12,48417.35,3,6,0.568,1,76.1,18129187.43,12.0,0.5,0,34.9,1,0.09708632972563676,0.03408073812585887,0.9601769979044026,2,5
1.4,26,302545.3,279507.32,13410.0,3,10,0.506,0,,,,0.624,1,57.3,1,0.07614720836846575,0.04797727658796199,,2,2
2.2,10,347983.04,307673.15,86995.76,0,21,0.05,1,100.0,3222269.14,2.4,0.712,1,36.0,0,0.11583866271183779,0.28275382496002655,0.7716537804064628,2,8
8.1,7,685338.7,610834.08,169202.56,0,87,0.2,1,94.1,6524348.78,13.8,0.833,1,71.5,0,0.10871211562983384,0.27700248813884126,0.7933241354481613,0,14
10.2,2,663303.59,497477.69,109154.12,0,86,0.05,1,90.8,7024841.33,2.4,0.074,0,17.9,0,0.25000000376901316,0.21941510583117807,0.8825573281861276,1,2
9.2,203,972151.3,949408.71,138817.4,0,87,0.123,1,78.3,10430415.19,7.0,0.464,0,24.6,0,0.023394084850784116,0.14621458444382715,0.8941008110911678,4,5
4.2,1,363272.62,351454.54,41479.94,0,36,0.378,1,86.6,4289164.37,3.1,0.596,0,13.4,0,0.03253226185887617,0.11802362831904235,0.9839177094234812,3,11
5.6,41,825875.8,836662.56,0.0,4,53,0.363,1,77.8,6977021.87,4.3,0.279,0,11.1,0,-0.013060995370006009,0.0,0.7040023320294245,4,11
4.3,10,848014.11,806109.35,34887.85,1,20,0.37,1,89.7,7510431.3,7.8,0.432,1,46.7,1,0.04941516833959285,0.04327930199544268,0.7380411099527577,0,2
10.9,3,746314.74,678396.83,94105.57,0,119,0.192,1,84.2,6462462.98,5.3,0.153,0,12.6,0,0.09100437973394447,0.13871758510428184,0.7215971396554043,4,2
1.3,43,868767.83,955644.62,63239.23,2,13,0.424,1,82.6,11215976.55,10.7,0.654,0,29.1,1,-0.10000000805738864,0.066174421617107,1.0758509698730443,3,9
14.5,4,1154069.18,1108615.81,107725.57,0,56,0.187,1,99.1,11234634.83,1.9,0.244,0,10.6,0,0.039385307906758135,0.09717123734686771,0.8112334904972219,4,12
1.1,49,1975187.74,1997509.49,270932.87,0,8,0.43,1,73.4,24540906.04,28.1,0.325,1,45.7,1,-0.011301077638321104,0.13563533557980742,1.0353828458520775,4,8
15.2,10,363267.2,380388.68,35220.56,1,160,0.382,1,81.6,3914025.7,12.4,0.32,1,38.2,0,-0.047131918323481944,0.0925909782593951,0.8978757463743859,3,11
1.3,7,295757.84,282158.79,3030.46,4,11,0.345,1,56.4,2588420.9,30.6,0.458,0,27.6,1,0.045980353386405735,0.01074026437383007,0.7293187618176635,4,1
0.7,217,993532.1,843090.43,174261.68,0,6,0.254,1,70.6,12979926.7,3.7,0.629,0,44.1,0,0.1514210461846174,0.20669393673463946,1.0887021751318688,0,14
1.1,5,425231.14,414834.43,15815.11,1,11,0.445,1,78.8,3845162.5,5.4,0.896,1,65.3,1,0.024449549955349037,0.038123908856842,0.7535436100313193,2,13
14.6,2,325207.32,296589.83,40984.24,0,109,0.357,1,74.9,3031451.73,12.0,0.522,1,52.3,1,0.0879976809870085,0.13818491348809903,0.7767997888239416,0,11
0.5,8,858064.89,678761.18,170466.3,0,6,0.05,1,91.0,8296159.79,0.0,0.128,0,3.5,0,0.20896287925264015,0.25114326661993247,0.8057043904531122,4,13
5.6,43,889812.62,962648.38,0.0,6,56,0.4,1,75.9,8447264.0,1.1,0.139,0,11.2,0,-0.08185516631580254,0.0,0.7911088816279844,4,11
8.7,155,966423.2,937428.03,105447.63,0,77,0.302,1,82.2,9123405.69,10.3,0.615,0,23.0,0,0.03000255995510034,0.11248610733348778,0.7866986300618611,2,7
1.2,19,655431.9,644840.94,55259.0,0,6,0.128,1,86.1,7930414.57,0.0,0.188,0,2.7,1,0.016158749673307143,0.0856940007562175,1.0082937385765527,4,13
3.0,5,308656.65,298815.7,1509.75,6,26,0.386,1,79.4,2737130.34,3.0,0.262,0,12.7,1,0.031883162083175626,0.005052445370172986,0.7389900557788078,1,10
8.2,4,475941.59,398309.45,101387.51,0,45,0.211,1,100.0,4458388.6,0.0,0.094,0,9.5,0,0.16311274667128797,0.2545445758316806,0.7806260077698469,1,10
3.2,8,633684.65,636708.33,29040.31,1,23,0.495,1,83.6,5771389.24,0.3,0.698,1,52.2,0,-0.004771584730669955,0.045610067642746256,0.7589723111224697,3,1
7.9,47,770659.14,577994.36,155443.21,0,76,0.05,1,89.7,9557310.32,8.2,0.27,0,1.8,0,0.24999999351204738,0.2689355134884015,1.033456278305694,3,14
3.4,8,430802.33,415242.22,0.0,2,25,0.512,1,78.5,4070253.51,4.1,0.715,1,79.8,0,0.03611890864192876,0.0,0.787339735372369,2,11
3.7,10,126693.74,124460.85,3125.98,4,40,0.425,0,,,,0.301,0,27.5,0,0.017624311982580982,0.025116171069055046,,4,12
9.4,29,456289.62,409335.19,87252.25,1,64,0.05,1,97.0,4934417.22,3.8,0.184,0,10.4,0,0.1029048830871936,0.2131559957012247,0.901185161740037,1,9
5.8,8,648983.44,522301.23,162245.86,1,52,0.116,1,92.3,7835830.03,3.5,0.715,1,77.3,0,0.19520099002834337,0.3106365650335535,1.0061671771368055,2,14
4.9,1,206923.09,180531.16,18710.4,0,34,0.448,1,86.0,1887714.22,15.6,0.807,1,69.2,0,0.12754463506223493,0.10364083408094205,0.7602318249419788,2,10
7.8,10,495929.34,479220.78,64953.18,0,73,0.249,1,85.3,5837981.75,7.2,0.463,0,24.9,0,0.033691412570992466,0.1355391558771721,0.9809834585843755,3,2
8.0,2,354296.4,330049.73,49291.25,1,79,0.332,1,86.4,3640490.08,0.0,0.292,0,12.1,0,0.06843611733000968,0.14934491841577935,0.8562722436167381,3,7
1.2,6,384613.18,359950.16,51336.86,1,10,0.376,1,83.7,3873186.31,0.4,0.677,1,68.7,0,0.06412421956002656,0.14262213413101416,0.8391951774334236,2,8
8.2,3,182466.86,176296.99,5332.63,2,58,0.475,0,,,,0.236,0,9.0,0,0.03381364703705646,0.0302479923225008,,1,1
8.6,4,296071.26,284859.0,0.0,3,77,0.433,1,76.7,2530294.74,6.4,0.624,1,73.3,0,0.03787013977648492,0.0,0.7121862993388822,2,8
7.6,9,188430.49,177864.62,28872.62,0,78,0.402,0,,,,0.332,0,20.5,1,0.056073037861335474,0.16232919171896018,,4,7
7.1,4,393721.78,378812.88,43991.84,0,80,0.286,1,77.7,5091743.49,7.6,0.297,0,19.0,0,0.03786658690814621,0.1161307925960701,1.0776949080642682,1,8
10.8,4,298689.9,260984.96,42965.11,0,96,0.15,0,,,,0.124,0,20.3,0,0.12623439895356364,0.16462676623204647,,4,11
5.2,3,313346.81,274009.03,45882.98,0,46,0.241,0,,,,0.441,0,34.8,0,0.12554070679704693,0.16745061285024074,,0,5
10.0,42,982921.48,875887.95,80751.46,0,53,0.254,1,83.9,12190085.37,6.9,0.586,1,58.1,0,0.10889326581814046,0.09219382456397535,1.0334909432440116,2,0
2.7,1,745799.8,684269.03,47400.77,0,24,0.235,1,84.8,7999758.02,0.0,0.518,0,34.3,1,0.08250306583616678,0.06927212532181969,0.8938679008316528,2,8
2.5,184,502477.84,488331.57,479.47,7,27,0.453,1,72.7,4229625.6,11.2,0.513,0,38.1,0,0.02815302262881885,0.0009818533747469982,0.7014613818591482,3,13
21.0,5,655511.27,544860.83,163877.82,0,145,0.05,1,81.8,7808951.0,10.4,0.502,1,61.9,0,0.1688002099490983,0.30077005168457427,0.99273032585186,2,14
10.9,4,610781.85,613301.84,39622.28,3,102,0.306,1,87.6,6185875.96,3.6,0.848,0,45.7,0,-0.0041258429666827705,0.06460486079741747,0.8439832705135776,2,8
3.6,44,687959.4,596281.63,131622.0,0,39,0.15,1,79.0,7370997.23,6.6,0.345,1,52.9,1,0.13326043658971737,0.22073797577832474,0.892857586024214,3,8
6.8,8,562581.92,441965.35,110607.5,0,75,0.098,1,98.7,6667248.69,10.6,0.357,0,4.1,0,0.21439823377189238,0.2502628316903124,0.987596717470053,4,2
7.4,9,591447.12,650591.83,0.0,4,53,0.675,1,64.7,5440485.75,6.9,0.354,0,8.9,0,-0.09999999661846348,0.0,0.7665500383195712,4,13
9.4,2,415860.81,410676.49,43096.31,0,99,0.407,1,92.3,5115811.28,0.0,0.189,0,8.7,0,0.012466478868254036,0.10493980310389815,1.0251449437292894,4,6
4.3,10,170000.9,146737.62,23896.14,1,43,0.188,0,,,,0.771,1,67.1,0,0.1368420990712402,0.16284944515251099,,2,6
7.9,17,510434.14,415437.89,127608.54,0,74,0.05,1,100.0,6648910.42,4.2,0.149,0,15.2,0,0.18610873089327448,0.30716634922250347,1.0854992346972194,4,14
1.9,48,1401605.01,1535172.89,96478.83,4,14,0.545,1,54.2,15693136.59,15.9,0.427,0,14.6,0,-0.09529637740093401,0.0628455795620518,0.9330455964194934,3,8
5.7,8,464803.74,427491.79,53740.37,0,62,0.522,1,73.5,3963504.91,18.2,0.581,1,67.3,0,0.08027463376262853,0.1257108820733142,0.7106054607764846,2,2
3.9,1,281218.5,300253.23,3627.36,7,39,0.376,0,,,,0.565,1,54.6,0,-0.0676866209015409,0.01208100242585234,,3,10
5.2,7,720410.8,677572.11,87222.64,1,38,0.286,1,77.7,7450869.88,14.2,0.873,1,84.1,0,0.05946425289570903,0.12872820281814729,0.8618774501067075,0,4
13.4,2,560312.19,478044.26,132572.33,0,139,0.104,1,88.9,7289272.07,8.1,0.415,0,23.6,0,0.14682516544928273,0.2773222922915129,1.0841087343944218,3,8
4.8,33,554080.37,480113.74,109159.91,0,32,0.083,1,60.1,5474576.76,20.0,0.717,0,34.7,0,0.13349440623568745,0.22736260370303088,0.8233728439071033,2,11
7.9,8,569147.27,488937.75,77085.08,0,57,0.31,1,72.3,6836939.33,21.7,0.366,0,13.5,0,0.1409292888288826,0.1576582704035432,1.0010501221707813,4,13
13.4,19,390358.04,373998.76,45000.36,1,90,0.311,1,78.8,3936213.7,9.0,0.384,0,27.4,0,0.04190839773660092,0.12032221711109416,0.8402998650503866,4,11
11.8,12,618769.73,561420.18,91251.61,0,125,0.334,1,62.1,6935429.61,25.7,0.556,0,33.8,0,0.09268318603755864,0.16253710367162078,0.9340348104940428,3,10
0.9,1,185946.87,139460.15,46486.72,2,8,0.05,0,,,,0.739,1,63.4,0,0.25000001344470063,0.3333333572350238,,0,8
4.4,6,432918.95,401957.57,56602.06,0,32,0.257,1,71.0,4480724.98,19.2,0.254,0,28.2,0,0.07151772866491524,0.14081600702283079,0.8625026655297333,4,5
0.7,33,699662.91,565502.41,120511.01,1,6,0.154,1,100.0,7480195.65,3.0,0.339,0,15.2,0,0.19175019581929817,0.21310432611595764,0.8909285151330947,3,9
1.5,3,279013.35,305314.72,0.0,4,13,0.507,1,74.4,3106457.91,14.7,0.162,1,44.3,0,-0.09426563280932614,0.0,0.9278104165983457,4,14
7.6,10,277452.56,264964.63,19282.91,0,77,0.415,1,59.8,2518002.59,10.5,0.596,1,57.5,0,0.045009244102847686,0.07277541157097081,0.7562862248114296,0,3
9.9,33,365313.4,395362.2,28541.74,3,103,0.571,1,83.8,4176926.6,17.6,0.484,0,21.2,1,-0.08225485295639302,0.07219137287277337,0.9528180917170479,2,12
2.3,10,231071.15,213934.04,31072.85,0,22,0.336,1,68.5,2592513.86,16.6,0.532,1,54.3,0,0.07416378029018329,0.1452450016836965,0.9349623337516028,2,11
8.5,25,307029.13,321451.01,19114.13,3,80,0.589,1,76.0,3119219.36,2.8,0.121,0,0.6,0,-0.046972350799417646,0.05946203124389001,0.8466133056061054,1,13
3.2,8,1071513.7,1017248.38,35742.26,2,31,0.207,1,82.6,14057299.19,9.1,0.36,0,11.4,0,0.05064360819651671,0.035136217174413197,1.0932586295132454,4,10
22.2,9,533548.08,442630.42,109477.7,0,232,0.107,1,79.1,5149245.92,12.8,0.213,0,23.2,0,0.17040200013464574,0.2473343336863291,0.8042458454103456,1,14
4.5,5,320236.41,278679.96,61502.31,0,47,0.05,1,94.0,2949864.51,0.0,0.56,0,40.6,0,0.1297680360581108,0.22069154165229532,0.7676267745444685,3,0
8.9,31,694214.51,688078.65,30477.29,3,81,0.378,1,97.9,8696810.69,4.7,0.464,0,31.3,0,0.00883856489833378,0.044293323154264416,1.043962944777208,0,14
4.1,7,330193.44,280308.61,55598.69,0,40,0.252,1,79.0,3845928.64,14.5,0.492,0,33.1,0,0.1510775925772481,0.19834813493599074,0.9706251382018168,3,1
3.3,1,309562.55,278227.81,30600.21,0,35,0.294,1,76.0,3289365.65,9.4,0.343,0,28.6,0,0.1012226446642205,0.10998257147623021,0.8854876152385573,3,11
4.0,12,798831.77,819243.65,0.0,3,40,0.414,1,82.7,6928804.89,0.0,0.322,1,75.5,0,-0.02555216350496426,0.0,0.7228060139621136,3,12
4.3,13,715077.99,669892.28,9069.29,5,32,0.399,1,81.1,7758082.56,9.5,0.417,0,5.2,0,0.06318990464242923,0.013538430387643817,0.904106809384526,4,7
16.1,8,386048.51,391821.6,31501.64,1,145,0.344,1,80.7,5053366.47,2.1,0.143,0,11.4,0,-0.014954312347948105,0.08039791578616391,1.0908314929126393,4,9
3.2,29,792038.43,785308.67,72178.8,0,29,0.436,1,74.5,9339454.51,15.7,0.187,0,2.8,0,0.008496759431231144,0.09191137543406977,0.9826390315850372,4,11
3.4,89,1534299.89,1367714.46,154687.03,0,33,0.404,1,84.4,13060973.16,4.2,0.811,0,23.2,0,0.10857423055671336,0.1130989212470562,0.7093883256421273,2,14
9.2,7,497969.71,547766.68,27143.7,2,104,0.539,1,58.9,5448595.51,19.8,0.602,1,61.8,0,-0.09999999799184578,0.04955339744286746,0.9118016953949534,2,6
1.3,6,336984.62,291087.1,64634.01,0,13,0.201,1,88.9,3062035.62,6.6,0.516,0,30.1,0,0.1362006372872448,0.2220435395453801,0.7572144835571428,0,10
3.5,8,399476.98,411951.47,0.0,1,26,0.473,1,64.6,3675987.02,20.4,0.024,0,4.8,1,-0.03122705593699039,0.0,0.7668333020507632,1,2
7.3,33,995973.46,1069433.48,0.0,7,61,0.645,1,79.8,11738563.14,10.8,0.711,0,37.7,0,-0.07375700553305911,0.0,0.9821683350879652,2,14
2.9,1,400872.39,440959.63,13532.39,4,15,0.505,1,76.7,5290672.12,10.3,0.449,0,15.2,0,-0.1000000024945594,0.030688500895195325,1.0998246682275459,3,12
3.0,38,716543.95,781277.52,386.43,7,31,0.525,1,70.7,8457493.28,12.4,0.605,0,29.4,1,-0.0903413810136839,0.0004946129769611187,0.9835978751431321,3,5
6.6,8,398911.69,393260.47,20419.42,1,72,0.359,1,81.8,4464498.66,13.4,0.469,0,7.7,1,0.014166594115103596,0.05192339825052846,0.932641394891185,4,10
7.2,9,751992.54,827191.8,0.0,5,73,0.829,1,83.1,9867153.38,9.4,0.327,0,29.5,0,-0.10000000797880257,0.0,1.0934453972996416,3,13
1.4,8,991337.88,914318.42,172083.36,1,12,0.259,1,78.0,9405215.58,11.0,0.32,0,12.4,1,0.07769244124919343,0.18820944239535278,0.7906163789484166,3,1
11.4,9,358137.21,368267.59,19661.14,1,114,0.546,0,,,,0.898,0,51.6,1,-0.028286309596257827,0.05338818982142848,,2,1
14.4,4,864808.51,744622.94,176660.37,0,142,0.147,1,95.1,11162529.52,0.6,0.455,1,46.4,0,0.1389736208770657,0.23724808961700805,1.0756263179386767,2,13
7.4,19,424847.63,366418.97,94646.82,0,66,0.05,1,86.6,4549722.13,5.0,0.305,0,7.8,0,0.13752850639651687,0.25830218342680245,0.8924223275844407,3,12
1.9,5,286647.72,239300.36,45125.55,1,20,0.211,1,64.0,2465090.67,14.5,0.893,1,78.1,0,0.16517612629188186,0.1885728462757014,0.7166434901348596,0,5
6.4,57,526286.71,484722.75,64068.64,0,69,0.401,1,77.9,5839735.22,10.4,0.407,1,46.2,0,0.07897588749676002,0.13217584691455064,0.9246758324310843,2,10
3.5,22,602123.65,470468.37,150530.91,0,30,0.05,1,81.3,6414290.19,13.6,0.526,0,26.3,0,0.21865156766388436,0.31995968188042057,0.8877315855306463,2,8
4.0,7,432028.87,475231.76,0.0,3,42,0.636,1,78.0,4135883.01,11.8,0.477,0,30.8,0,-0.10000000694398042,0.0,0.7977636251484768,0,12
12.9,9,804733.63,761709.93,60797.32,0,81,0.239,1,75.7,8054161.89,9.8,0.863,1,77.6,0,0.05346328076285311,0.07981689302645693,0.8340401500307623,2,5
4.3,5,121483.5,113075.05,22280.79,0,39,0.309,1,98.7,1530130.41,1.0,0.588,1,49.1,0,0.06921474932809803,0.19704426396450853,1.0496147007618317,0,11
12.4,6,232763.6,247611.52,0.0,5,86,0.436,1,83.8,2425104.57,5.6,0.667,0,27.5,0,-0.06378969907665968,0.0,0.8682287415214405,0,11
4.3,21,377558.31,380129.48,50836.49,0,45,0.38,0,,,,0.437,1,64.1,1,-0.006809994461517702,0.13373466851347598,,0,11
5.9,9,214939.58,218084.65,3038.71,5,51,0.445,0,,,,0.061,1,21.2,0,-0.01463234458725567,0.013933626231832457,,1,10
1.2,6,198799.31,173398.53,39086.2,0,12,0.16,0,,,,0.41,0,30.0,0,0.12777096660949175,0.2254125222399521,,0,6
5.0,145,2361658.84,2387823.69,119674.67,0,35,0.457,1,80.9,27215650.15,3.4,0.36,0,12.6,0,-0.011079013427697328,0.05011872128632747,0.960329581656821,3,0
2.9,35,776173.46,774894.6,1061.27,2,32,0.441,1,62.3,9414637.41,23.0,0.719,1,59.4,0,0.0016476471638182347,0.0013695669062605417,1.0107961144407076,2,8
6.0,4,287133.8,268014.47,35004.88,0,66,0.243,1,79.5,2463680.52,16.1,0.405,0,24.6,1,0.06658683164434148,0.1306081720139961,0.715021045937469,4,4
5.7,5,770637.08,775230.88,11523.33,3,49,0.531,1,90.0,9542699.09,6.4,0.666,0,42.2,0,-0.005961041999173005,0.014864384659186951,1.031905866983025,3,13
15.4,2,514364.42,533936.33,43695.08,1,114,0.376,1,85.3,4427892.53,0.0,0.371,0,21.9,0,-0.0380506684346479,0.08183574996666738,0.7173727999434072,4,10
9.6,36,736041.62,660844.34,63925.13,5,76,0.255,1,71.0,8417288.93,14.2,0.345,0,22.2,0,0.10216444010326485,0.09673250738592995,0.9529905987743827,4,12
11.8,168,1583299.88,1513053.47,211857.27,0,51,0.159,1,84.9,15149027.02,7.3,0.033,0,0.0,0,0.04436709109079192,0.1400196848297767,0.7973340579886442,1,0
11.3,46,524961.8,573018.64,10886.96,2,134,0.494,1,80.1,5102402.51,16.6,0.886,0,58.3,0,-0.09154349897459199,0.018999312134069492,0.8099640948477901,0,12
3.2,249,1673285.6,1291029.02,331529.88,0,32,0.223,1,95.3,19630841.2,0.0,0.643,0,33.1,0,0.22844670389800764,0.2567950641419354,0.9776594224759557,2,1
7.6,7,921234.92,851418.12,77541.74,0,79,0.339,0,,,,0.856,0,36.9,0,0.0757860980780017,0.09107363136692463,,2,14
4.5,7,1038596.69,1078527.27,0.0,3,44,0.497,1,77.6,12716418.91,4.0,0.502,0,22.0,0,-0.03844666595269053,0.0,1.0203205787545244,3,13
0.7,8,1563389.61,1507053.41,90544.13,0,7,0.356,1,83.5,17419300.69,6.4,0.213,0,13.0,0,0.036034651656665535,0.0600802396246859,0.9285007278725189,4,13
16.1,8,699466.37,665461.94,75009.8,0,133,0.345,1,92.4,8472170.96,13.1,0.582,1,56.0,0,0.04861481760731406,0.11271839227950438,1.0093612458689998,2,1
3.0,6,95361.49,89517.68,8107.06,0,30,0.305,0,,,,0.599,0,26.2,0,0.061280607087829814,0.09056378583537912,,2,5
6.8,2,586669.91,615864.17,17529.15,3,67,0.371,1,66.5,6830734.12,21.0,0.645,0,43.6,1,-0.04976266807343163,0.028462688452877524,0.9702693689085458,0,13
8.6,1,111549.71,97353.27,20314.09,0,63,0.23,1,68.9,1427012.91,19.7,0.572,0,25.1,0,0.12726559307056917,0.2086636637885918,1.0660515612277253,2,7
2.9,19,542245.84,435295.32,99950.6,0,26,0.172,1,80.3,5749605.73,6.9,0.27,0,21.4,0,0.1972362203829908,0.2296156090076962,0.8836099338877977,4,11
6.1,1,187144.16,176187.88,15781.91,2,56,0.34,1,78.2,1916527.12,8.5,0.494,1,50.9,0,0.05854460005591411,0.08957432259245074,0.8534094429306976,0,12
5.7,7,162429.4,160736.5,4189.78,6,58,0.222,1,75.3,1752831.34,12.5,0.732,1,67.1,1,0.010422374274607887,0.02606613930252307,0.8992785686170937,0,11
3.1,15,734436.84,686926.72,96437.43,0,32,0.371,1,80.7,6551800.36,21.1,0.63,1,50.6,1,0.06468918416456342,0.1403896910575847,0.7434041071977454,2,7
8.5,24,1397177.41,1227714.2,204373.74,1,82,0.162,1,81.2,11975124.43,6.7,0.272,0,5.0,0,0.12128968646866398,0.16646686989528997,0.7142450405302025,1,14
8.3,7,261232.94,243897.14,23118.98,1,61,0.204,0,,,,0.209,0,12.0,0,0.06636146268537187,0.09478987740487649,,4,3
4.4,50,851401.35,719137.3,170443.96,0,35,0.117,1,91.1,7181579.96,0.0,0.748,1,83.8,0,0.15534864961160788,0.2370117083344168,0.7029176036268521,0,5
12.2,4,833234.5,702497.93,124238.4,2,132,0.203,1,81.3,8204818.54,20.9,0.392,0,16.7,0,0.15690249263562653,0.17685233606311124,0.8205791746901182,4,10
3.1,10,397227.83,311710.11,47152.67,0,34,0.079,1,99.3,4980424.02,13.0,0.887,0,45.4,0,0.21528632573402529,0.15127090359693499,1.0448294496385109,2,11
2.8,5,512156.23,478065.41,75114.84,0,28,0.05,1,83.7,6412580.4,0.0,0.739,0,28.4,0,0.0665633218988667,0.1571225159335414,1.0433958794174973,2,11
6.4,41,1797881.16,1761119.96,264061.96,0,52,0.419,1,91.3,23255995.56,19.1,0.257,0,21.4,0,0.02044695768434436,0.14993979172208122,1.0779353347247935,1,9
6.8,9,483417.93,373123.92,120854.48,0,47,0.05,1,77.3,4703391.66,5.3,0.127,0,24.3,0,0.2281545701045884,0.3238990413694196,0.8107876863400578,4,5
5.4,17,281896.31,247910.08,54033.42,0,63,0.242,1,91.8,2508503.06,0.0,0.194,0,17.3,0,0.12056287647042989,0.2179557200739881,0.7415560766533861,1,6
5.0,10,462346.83,366669.97,111703.45,0,59,0.196,1,92.0,4366583.68,8.6,0.79,1,67.5,0,0.20693741968556384,0.3046430281705371,0.7870324823754784,2,9
1.4,14,353312.78,364778.92,19927.73,0,12,0.357,0,,,,0.595,0,23.4,0,-0.032453227420757194,0.0546296096276616,,2,14
27.1,27,519947.34,496483.32,56846.05,0,240,0.325,1,82.9,4443607.59,15.1,0.32,1,42.1,0,0.04512768543060537,0.11449740144341607,0.7121887237657567,4,10
4.2,4,997425.45,992596.15,130136.13,0,42,0.316,1,83.6,11304090.11,10.2,0.177,0,7.6,0,0.0048417653670256066,0.13110682526826242,0.944439014631787,1,12
12.4,4,324928.93,330089.21,0.0,2,118,0.439,1,73.7,4175232.44,23.9,0.401,1,54.2,0,-0.015881257479905,0.0,1.070806581201208,3,6
8.5,28,400942.01,300706.51,100235.5,0,98,0.066,1,86.6,3573511.39,5.6,0.288,0,27.2,0,0.24999999376468432,0.3333333222483278,0.7427323862454157,3,11
5.9,6,772781.11,708443.93,116958.76,0,39,0.273,1,74.6,9235096.85,2.8,0.308,1,22.7,0,0.08325407954135931,0.16509247245579475,0.9958724329670359,4,10
3.5,8,403515.63,320800.67,86474.36,0,37,0.206,1,82.5,3879828.18,12.7,0.599,1,73.0,0,0.20498576473976984,0.26955791582355487,0.8012552450570501,0,2
3.5,35,578767.06,543286.02,86534.16,0,29,0.19,1,71.7,5520746.51,2.4,0.289,1,40.7,0,0.06130452552016356,0.1592791951466007,0.7949004719906945,4,0
4.9,10,834281.35,712874.61,89005.38,1,33,0.245,1,78.6,8363972.17,1.9,0.342,0,23.4,0,0.14552253864958145,0.12485418719008663,0.8354467960159164,3,13
5.6,2,323298.85,283570.62,53868.97,0,58,0.226,1,73.1,3892728.53,12.6,0.392,0,25.2,0,0.12288391993970899,0.1899666827261583,1.0033875597351078,3,11
1.6,15,693158.06,762473.87,0.0,4,16,0.424,1,83.3,7652598.42,14.2,0.116,0,0.0,0,-0.10000000577068949,0.0,0.9200160422285214,4,3
2.3,43,237920.81,210610.39,25980.91,0,18,0.258,1,85.2,2579729.99,11.5,0.567,0,31.4,0,0.11478785735472229,0.12336005835229685,0.9035674482054206,3,8
7.2,21,614353.82,559218.12,29558.56,0,78,0.339,1,93.6,7583962.63,7.8,0.52,1,64.2,0,0.08974584059719846,0.05285694247532609,1.0287180859937248,2,5
3.2,10,198297.53,160561.92,32942.7,0,36,0.127,0,,,,0.33,0,23.2,0,0.19029793260662392,0.20517131334752348,,3,14
3.2,4,185408.23,200110.22,0.0,5,35,0.61,0,,,,0.598,1,63.6,0,-0.07929523948316636,0.0,,0,3
4.7,6,413355.08,414946.92,30869.67,2,50,0.284,1,89.1,5120277.48,3.0,0.643,0,33.0,0,-0.0038510231929409634,0.07439426228299273,1.0322596978849274,2,12
6.0,3,284416.39,275138.4,20158.28,0,57,0.429,1,59.5,2700099.19,16.5,0.87,1,66.0,0,0.032621150982191954,0.07326596360231795,0.7911227121381201,0,4
3.9,8,1349854.32,1443628.58,0.0,3,26,0.551,1,95.6,12822501.34,7.5,0.461,1,70.1,0,-0.06946991139014172,0.0,0.791597850598673,2,10
5.4,14,2131858.17,1853572.89,314149.07,0,56,0.22,1,79.3,20153096.18,18.3,0.627,0,33.8,0,0.1305364887383667,0.16948298698952163,0.7877750524401287,3,13
1.1,21,620999.81,638825.88,0.0,4,12,0.422,1,79.6,5334165.63,9.1,0.255,0,4.6,1,-0.02870543551374025,0.0,0.7158034436435656,4,0
11.5,26,277534.98,286858.49,42893.1,1,136,0.05,1,80.5,2755736.88,10.0,0.695,1,57.3,0,-0.03359399957439603,0.14952703683269059,0.8274443099028455,2,14
6.2,1,460414.13,428146.95,73910.24,0,63,0.079,1,84.2,4593118.88,7.8,0.228,0,15.0,0,0.07008294901809375,0.17262820627357034,0.8313383141969745,1,6
6.4,8,275593.1,272244.17,23492.03,0,48,0.386,0,,,,0.549,0,19.3,0,0.012151719328241503,0.08629029595013918,,3,10
12.5,3,644191.05,575587.03,62915.08,1,89,0.282,1,66.9,6760514.6,5.1,0.648,0,29.1,0,0.10649638798924638,0.10930593762684333,0.8745483450393584,3,2
7.1,36,1250102.09,1209252.54,43218.48,1,68,0.411,1,77.1,12971313.99,1.5,0.543,1,58.1,0,0.03267697120640767,0.03573982982909426,0.8646836455572999,2,3
7.0,11,1505447.11,1407519.48,161265.97,0,54,0.192,1,93.5,15264076.83,4.1,0.552,0,49.6,0,0.06504886777457104,0.11457459189126107,0.8449359622471228,3,11
13.2,8,523924.73,535662.44,35817.61,4,138,0.409,1,85.3,6336450.48,3.1,0.178,0,5.0,0,-0.022403428064943533,0.0668660098699472,1.0078500016595897,4,3
5.5,3,169397.17,172582.83,17760.17,0,51,0.22,0,,,,0.407,0,20.3,0,-0.018805863167607666,0.10290809346445413,,4,13
2.1,7,508998.95,558650.52,37908.19,5,23,0.495,1,70.5,5431895.95,15.0,0.888,0,46.1,0,-0.09754749002920342,0.0678567165747917,0.8893102742811814,2,5
2.6,2,262111.35,241001.81,28924.58,0,20,0.143,0,,,,0.511,1,41.3,0,0.08053653533126287,0.12001810276860578,,2,8
5.7,17,781932.1,643443.27,122908.02,0,48,0.29,1,76.3,10125674.24,6.8,0.804,0,64.0,1,0.17711106885111885,0.19101609377311538,1.0791297437036627,0,2
17.0,3,830722.23,790487.76,97660.41,0,139,0.334,1,87.5,7016994.34,4.8,0.55,0,34.8,0,0.04843312065935683,0.12354449359215885,0.7039049964189996,2,11
8.7,15,624109.79,629683.22,70147.61,1,58,0.221,1,73.8,6770099.25,18.0,0.401,0,32.4,0,-0.008930207616195117,0.11140142816573706,0.9039674533866869,3,6
3.0,3,303805.1,315043.23,1211.97,6,27,0.452,1,78.3,2762342.35,23.7,0.313,1,26.9,0,-0.036991248665674166,0.0038469958551402617,0.7577068187246803,4,7
5.6,9,341637.5,317787.57,38890.9,0,40,0.338,1,100.0,3518967.12,6.6,0.772,1,61.1,0,0.0698106326149793,0.12238017994221738,0.8583579378727453,0,3
4.9,3,196207.66,163706.7,36499.68,0,51,0.29,1,89.6,1845594.68,11.7,0.28,0,12.0,0,0.16564572453491364,0.2229577653205397,0.7838611227852504,3,14
14.7,2,171347.87,178094.64,0.0,3,171,0.503,0,,,,0.493,0,28.8,0,-0.03937469429879705,0.0,,4,7
5.2,1,197120.6,170256.44,28767.76,0,57,0.372,0,,,,0.835,0,50.1,0,0.1362828643987488,0.1689672355418685,,0,2
1.7,1,185621.61,176427.02,23571.77,1,14,0.303,0,,,,0.18,0,5.8,0,0.04953404940297629,0.13360634895947346,,1,8
4.8,7,505017.88,461373.75,51295.63,0,51,0.218,1,74.2,4583801.66,17.8,0.511,0,11.3,0,0.08642095998660485,0.11118020910379058,0.7563761339829526,0,0
10.6,3,382434.36,316050.88,31579.7,0,93,0.05,0,,,,0.515,0,21.1,0,0.1735813696237963,0.09991967116180787,,3,8
7.7,205,225377.85,207410.17,21482.23,0,76,0.278,1,69.6,2618733.62,10.9,0.422,0,11.1,0,0.07972247494596293,0.10357365793586688,0.9682752837808447,2,8
4.1,17,471109.83,423360.92,22083.14,2,33,0.432,1,80.7,5734023.85,6.7,0.421,0,9.2,0,0.10135409401243024,0.05216149851526211,1.0142758448350213,3,13
2.0,33,513137.04,449032.51,51027.95,0,22,0.33,1,91.5,6673149.09,5.5,0.545,1,57.2,0,0.12492672522724138,0.11363976741906727,1.0837178261386082,2,7
6.4,37,270890.94,287623.09,0.0,6,54,0.545,1,73.0,3368030.68,16.1,0.119,0,9.3,0,-0.06176710819490686,0.0,1.036096752934348,4,5
4.1,6,718827.52,729890.67,0.0,7,41,0.497,1,85.3,8434698.41,0.0,0.643,1,51.9,0,-0.015390548764744041,0.0,0.9778305846813804,0,12
0.5,189,1093959.08,1027643.47,74568.1,2,6,0.365,1,89.1,13140579.98,3.7,0.578,1,55.7,1,0.06061982684032395,0.07256222822103857,1.0009956969018134,2,12
8.3,4,323514.95,277742.35,55342.33,0,80,0.266,1,95.4,3873133.97,3.2,0.394,0,28.4,0,0.14148526984610768,0.19925780133998292,0.9976700123647042,3,11
5.0,5,647707.07,617682.4,79028.48,0,32,0.482,1,72.7,7992947.98,19.4,0.229,0,17.2,0,0.04635532232186369,0.12794355157278237,1.028364563526122,1,14
1.1,8,380244.91,411621.43,1072.41,3,12,0.492,1,86.3,4598820.46,5.1,0.307,1,44.5,0,-0.08251660752013754,0.0026053308254626105,1.0078636906233231,3,5
3.7,1,160995.37,171259.23,8975.73,2,35,0.362,1,71.1,1859390.71,15.6,0.33,0,7.0,0,-0.06375251660963924,0.05241019710295322,0.9624452295325843,3,3
5.6,4,255838.0,267917.5,39446.09,0,61,0.092,1,81.5,2433479.74,10.9,0.537,0,25.2,0,-0.04721542538637732,0.14723222633833175,0.7926499516621196,2,13
3.7,7,116103.79,99605.2,20672.78,0,34,0.1,0,,,,0.744,0,25.2,0,0.1421020795272919,0.20754719633111524,,2,5
4.8,8,353993.69,304047.53,46049.33,0,42,0.194,1,90.9,3742991.54,0.0,0.463,1,29.5,0,0.14109336242688386,0.15145437951757082,0.8811342418749516,3,8
5.2,1,549654.84,498475.2,91702.74,2,44,0.288,1,87.6,4813087.88,4.6,0.133,0,9.6,0,0.09311232481824404,0.18396650425136496,0.7297136811651957,1,13
2.3,6,572187.2,541307.71,44017.03,0,25,0.496,1,83.2,6876353.86,7.7,0.345,0,19.0,0,0.053967460299706095,0.08131609653222933,1.0014720502893693,4,5
19.7,7,175571.62,152350.25,17526.4,3,215,0.315,0,,,,0.609,1,69.3,0,0.13226152381575107,0.11504017879852511,,0,14
2.3,9,325090.23,331815.97,0.0,1,26,0.334,0,,,,0.253,0,12.2,0,-0.020688840756610836,0.0,,3,11
11.6,6,241548.39,213973.31,28360.26,0,116,0.307,0,,,,0.459,1,59.0,0,0.11415965140566664,0.1325411099169331,,2,1
11.1,9,178365.15,196201.67,0.0,7,79,0.715,1,70.2,2099925.85,20.7,0.634,1,64.0,1,-0.10000002803238199,0.0,0.9810987226671429,2,5
4.9,45,969497.11,875507.77,97639.22,0,42,0.428,1,91.6,11051991.45,5.2,0.381,0,35.8,0,0.0969464880612176,0.11152296226908415,0.9499763103986972,4,14
9.9,35,1191240.23,1188941.04,122425.09,1,101,0.205,1,90.5,10392800.97,11.2,0.756,0,41.0,1,0.001930080887211091,0.10296985795023107,0.7270294653329498,2,9
7.4,2,193758.81,180083.32,26625.96,0,85,0.281,1,85.7,1654489.41,11.8,0.833,0,43.9,0,0.07057996485424323,0.14785356022978696,0.7115759923381033,0,10
7.9,5,673081.58,688545.35,18952.04,3,89,0.579,1,76.9,8501327.59,16.4,0.362,0,9.1,0,-0.022974585042128206,0.027524752000721523,1.0525380383063423,4,13
3.4,4,1200844.96,1320929.46,110996.42,1,37,0.287,1,89.5,14432542.14,5.6,0.154,0,17.2,1,-0.10000000333098788,0.0840290290747244,1.0015546428241662,4,11
3.9,4,274510.43,255156.37,44900.73,0,44,0.389,0,,,,0.392,0,28.0,0,0.07050391491499976,0.1759733844779184,,4,6
2.5,8,279863.85,270340.14,38984.59,0,22,0.301,1,76.7,3483581.17,23.3,0.592,0,34.6,0,0.034029796988785666,0.14420570323001236,1.0372844897021654,3,10
3.9,4,358840.78,372667.87,0.0,1,20,0.452,1,67.3,4400108.38,21.1,0.483,1,51.5,1,-0.0385326606413016,0.0,1.0218339686290205,0,6
2.6,49,325934.91,296617.49,49232.57,0,30,0.095,1,100.0,3383217.93,4.2,0.445,1,59.2,0,0.08994869558464905,0.16597999666169383,0.865003468023723,4,10
5.9,77,394497.82,371480.83,61798.96,0,50,0.272,1,91.8,5027368.29,2.7,0.298,0,20.0,0,0.05834503724253784,0.16635840939625335,1.0619763564219442,1,10
15.2,10,237726.08,213053.62,14522.92,0,119,0.513,0,,,,0.49,0,26.2,0,0.10378524728965367,0.06816556320422999,,4,2
2.7,9,503782.74,467595.69,107424.86,0,28,0.148,1,100.0,4932871.59,0.0,0.533,1,56.9,0,0.07183066652898824,0.22973877282743987,0.8159720448143976,3,14
1.7,10,977029.18,966784.1,65095.65,0,16,0.496,1,81.4,11070852.29,11.6,0.086,0,0.0,1,0.010485950890433051,0.06733214789113723,0.9442614847661629,1,8
3.2,45,1369931.96,1203570.05,217397.42,0,26,0.16,1,100.0,14498589.38,0.0,0.497,0,19.5,0,0.12143808222417113,0.18062714338895355,0.8819531312100104,4,1
4.0,6,992514.0,857496.69,154047.11,0,40,0.568,1,66.4,10278986.37,17.0,0.58,0,35.2,0,0.1360356730484407,0.17964746895990932,0.8630429369258267,3,12
4.2,5,321452.32,284807.44,20355.85,0,33,0.32,1,100.0,3331353.87,0.0,0.146,0,13.3,0,0.11399787066399149,0.0714723253016143,0.8636205285437044,4,3
2.7,6,508384.47,558447.63,0.0,4,22,0.654,1,68.7,6643781.77,10.2,0.558,1,84.2,1,-0.09847499865603691,0.0,1.0890349991087125,2,7
3.8,24,982542.81,935222.51,121335.2,0,36,0.231,1,86.1,11840187.44,9.1,0.399,0,0.0,0,0.0481610567177221,0.12973939217951458,1.0042130242311442,3,2
2.3,3,426342.8,418896.3,18444.27,2,25,0.464,1,88.5,4423849.36,7.2,0.104,0,21.7,0,0.017465992154669905,0.044030634789564864,0.8646894314465575,1,8
4.7,6,251445.68,258238.42,10587.35,2,14,0.435,1,100.0,3223992.53,4.9,0.193,0,0.0,0,-0.02701474131510241,0.04099835338211874,1.0684854246319389,4,9
1.3,18,506655.91,449898.5,45108.88,0,7,0.508,1,64.2,5228695.66,8.2,0.328,0,41.7,0,0.11202358223749917,0.10026457078652184,0.8600010968653921,3,8
11.3,9,301970.7,332167.77,0.0,3,109,0.704,1,81.2,3811517.69,9.1,0.067,0,0.0,1,-0.10000000000000002,0.0,1.0518453418383527,1,6
11.7,3,461774.11,486726.6,0.0,7,84,0.765,1,69.3,4900462.56,14.0,0.499,0,19.1,0,-0.05403613901177784,0.0,0.8843542137951388,4,0
14.9,1,787675.1,604692.67,196918.77,0,116,0.05,1,96.9,7633359.3,0.0,0.392,0,18.2,0,0.23230698799543104,0.32565099557102284,0.807583323377875,3,0
1.7,7,705205.48,680349.67,61342.48,1,17,0.213,1,84.2,6990013.4,9.8,0.386,0,12.5,0,0.03524619519405882,0.09016316565568408,0.8260019713214178,4,11
2.9,1,95954.86,89166.52,19853.94,0,31,0.05,1,85.1,1246754.88,4.8,0.565,1,63.2,0,0.07074513995434933,0.222661375592543,1.0827616235384012,0,14
13.2,5,296838.56,326522.42,0.0,1,133,0.626,0,,,,0.108,0,17.7,1,-0.1000000134753382,0.0,,1,0
3.1,8,149230.32,111922.74,37307.58,0,28,0.05,1,80.1,1950094.48,8.1,0.264,0,4.3,0,0.25,0.3333333333333333,1.0889735633705893,4,8
12.5,13,453465.24,419729.21,44483.72,0,144,0.323,1,82.9,5147736.74,0.0,0.44,0,19.7,0,0.0743960661681587,0.10598194964796469,0.9459998778884721,0,3
9.1,2,134850.23,124938.04,4941.29,1,87,0.482,1,89.9,1447018.42,5.7,0.272,0,25.0,0,0.07350517681727363,0.03954992410638105,0.8942132937654856,4,14
5.8,3,241841.17,211822.28,40279.61,0,57,0.177,0,,,,0.548,1,44.5,0,0.12412646697003663,0.19015756982693227,,2,2
4.6,9,906641.76,893927.88,0.0,2,38,0.478,1,64.8,8257564.67,15.4,0.135,1,14.4,1,0.014023046986055445,0.0,0.7589881908447131,4,14
6.4,6,682273.96,545073.16,148351.86,0,69,0.05,1,91.8,7026982.4,4.0,0.399,0,23.4,0,0.20109341414700913,0.2721687121780129,0.8582796662306542,3,5
16.6,1,166779.95,164549.36,29926.88,3,147,0.314,1,79.4,1436770.55,7.0,0.255,1,31.1,0,0.013374449386751978,0.1818717496075342,0.7178973201914658,1,3
3.5,39,1209851.35,1184918.78,34061.08,3,33,0.232,1,52.0,11369008.75,25.5,0.59,1,65.3,0,0.020607961465679288,0.028745497644994705,0.7830857863929591,2,13
5.2,3,170558.37,136368.99,21691.88,0,26,0.229,1,71.8,1509405.32,15.8,0.64,1,56.7,0,0.20045559769362245,0.15906754167498052,0.7374822863672225,2,3
2.3,1,272293.97,258365.87,4908.61,2,6,0.183,0,,,,0.276,1,33.8,0,0.05115096746358349,0.018998678114876395,,3,1
5.0,2,352705.53,274735.76,31194.8,1,36,0.117,0,,,,0.36,1,31.0,0,0.22106194365594442,0.1135447384060961,,4,10
8.9,50,2070206.26,1917145.91,375525.98,0,62,0.148,1,83.4,24260853.94,10.5,0.063,0,15.4,0,0.07393483101534051,0.1958776210205096,0.9765876315789584,1,3
11.1,8,803964.64,822633.09,34551.46,1,106,0.38,1,76.5,8921317.49,13.6,0.833,0,52.2,0,-0.023220486413432252,0.04200105784706521,0.9247211720240167,2,13
2.1,9,294799.61,252173.38,53454.01,0,16,0.203,0,,,,0.211,0,24.5,0,0.14459391584676787,0.2119732463434483,,4,0
19.0,1,121425.04,119374.93,12568.2,1,201,0.269,1,73.2,1022566.82,6.5,0.175,0,11.2,0,0.016883749842701315,0.10528341252221049,0.7017819526076884,1,11
5.6,2,95423.63,90879.09,10001.8,0,42,0.168,0,,,,0.603,1,53.8,0,0.04762489123501179,0.11005611962003581,,3,12
4.9,19,590524.27,631234.48,0.0,5,51,0.549,1,72.0,5245768.28,7.4,0.464,1,43.9,0,-0.06893909711788808,0.0,0.7402699243278632,2,6
26.2,4,555485.35,569551.11,0.0,0,240,0.571,1,69.5,6787796.59,6.1,0.125,0,2.7,0,-0.02532156788653384,0.0,1.018298170839849,1,5
10.9,36,630833.23,587166.14,81369.0,0,87,0.418,1,71.8,7249433.4,0.0,0.103,0,13.5,0,0.06922129007059435,0.13857917624473373,0.9576531819669678,4,8
16.5,15,399437.8,350844.95,27154.91,1,188,0.129,1,78.1,4225231.43,8.6,0.791,0,37.3,0,0.12165310844391787,0.07739860585138819,0.8814954898276194,0,7
11.5,38,1050546.85,959719.25,131681.22,0,101,0.1,1,83.1,13519597.24,6.5,0.897,0,48.1,0,0.08645744832798279,0.13720806371238256,1.0724253785857654,0,4
17.8,6,232593.58,201362.54,35214.81,1,196,0.148,0,,,,0.188,0,15.7,0,0.1342730095989751,0.17488262712617747,,1,11
3.8,6,374618.16,412079.98,0.0,2,28,0.578,1,60.0,3684552.23,11.2,0.547,0,18.5,0,-0.10000001067753898,0.0,0.8196239583437884,0,3
3.0,34,264041.52,251509.36,20093.25,0,27,0.587,1,97.3,3145174.2,11.0,0.653,0,34.9,0,0.047462838420260695,0.0798906649040815,0.9926387713568684,0,5
4.8,7,690966.51,690800.88,32271.14,2,46,0.499,1,78.9,8646041.43,22.8,0.214,0,6.9,0,0.0002397077102912045,0.04671554558529225,1.042747285248311,1,13
15.2,3,183703.83,150523.27,17943.14,0,136,0.322,0,,,,0.438,0,30.4,1,0.1806198596948142,0.11920509034915333,,4,13
2.6,240,2565774.78,2432904.79,138300.98,0,21,0.342,1,72.3,23211022.46,13.3,0.217,1,33.5,0,0.05178552343553699,0.056846030542773526,0.7538665851515879,1,7
6.4,4,406971.27,384185.65,84230.99,0,43,0.174,1,78.9,3845618.24,3.4,0.487,0,13.2,0,0.055988276518880546,0.21924553923344092,0.787446707642696,4,8
3.9,7,387183.34,368515.52,54550.99,0,28,0.159,1,80.5,3457652.43,12.6,0.802,0,46.0,0,0.04821441955637865,0.1480290165255455,0.7441893096433333,0,3
6.9,37,570463.02,491297.75,95675.61,0,68,0.05,1,84.8,5324928.96,9.4,0.429,1,49.6,0,0.1387737105202718,0.1947405824675566,0.7778665127145314,2,9
3.1,5,658825.25,537104.61,78789.21,0,29,0.155,1,77.3,5873115.31,12.9,0.292,0,29.3,0,0.1847540603521192,0.14669248510080748,0.7428772285721188,1,8
3.9,9,581461.25,590637.65,14576.81,1,26,0.3,1,80.2,6279213.39,12.8,0.334,0,24.4,0,-0.015781619153468995,0.02467978463614705,0.8999185801289423,4,1
15.8,31,553794.18,557016.71,25065.19,1,168,0.505,1,89.0,4911807.24,2.5,0.612,0,28.0,0,-0.005819003009385023,0.04499899114337162,0.7391144305633548,2,7
6.9,6,309236.38,244987.61,77309.1,0,68,0.092,0,,,,0.855,1,74.4,0,0.207765884466763,0.31556330542593564,,2,8
17.6,4,180225.99,157845.14,37691.61,2,158,0.101,1,75.8,1772702.49,0.0,0.607,1,59.2,0,0.1241821448726678,0.23878853666321306,0.8196665059240347,2,8
5.6,8,1365416.09,1279314.63,143769.98,0,49,0.35,1,82.6,11614144.97,0.8,0.279,0,12.6,0,0.06305877060523007,0.11238047047113033,0.7088281888978374,4,5
3.3,8,305641.8,240007.88,72347.91,0,24,0.05,1,88.1,3987345.91,1.5,0.262,0,3.0,0,0.21474130828963836,0.30143972772893957,1.0871511221087344,4,11
4.9,102,581761.81,535688.62,16524.52,2,25,0.381,1,78.3,7404900.58,8.8,0.473,0,27.0,0,0.0791959685356453,0.03084724853777928,1.060700509600885,2,0
2.9,6,155870.01,144294.72,23982.99,0,20,0.194,0,,,,0.479,0,39.1,0,0.07426245754394965,0.16620836853905674,,2,8
0.7,6,418380.1,395566.08,41155.71,0,6,0.397,1,71.6,4376553.26,21.4,0.618,0,26.5,0,0.05452940997910742,0.1040425660359958,0.8717259058608827,3,6
7.1,7,262890.0,242111.51,33997.26,0,69,0.231,0,,,,0.133,0,11.3,1,0.07903872342044198,0.1404198420802051,,1,12
3.5,1,241353.79,224702.06,40870.8,0,37,0.05,1,100.0,2810745.43,10.7,0.646,0,39.9,0,0.06899303300768557,0.18188885317740303,0.9704790044247217,2,3
2.1,3,306489.96,293049.31,39446.77,1,17,0.209,0,,,,0.417,0,12.8,0,0.043853475657081954,0.13460796068757164,,4,10
0.5,40,574922.7,497652.41,106334.32,0,6,0.204,1,91.5,5302905.71,9.7,0.753,0,39.4,1,0.13440118123706019,0.21367186788063583,0.7686403914242153,2,13
8.4,7,685552.17,640517.95,97369.56,0,89,0.167,1,67.5,6647457.23,9.5,0.585,0,26.5,0,0.06569043461710593,0.15201691068923207,0.8080417412531371,3,10
8.2,3,251549.23,233469.34,29875.13,1,92,0.321,0,,,,0.175,0,13.3,0,0.07187416157067948,0.1279616843907641,,4,12
3.8,8,339985.72,313038.59,59550.99,0,36,0.342,1,91.1,4390778.81,6.4,0.254,0,17.4,0,0.07925959360881377,0.19023529974371528,1.0762164780528625,3,1
10.7,3,245379.94,251840.3,24530.57,0,118,0.381,1,66.9,2779981.38,16.5,0.849,1,71.5,0,-0.026327987528238804,0.09740526039716439,0.9441077987059576,0,2
1.6,9,886040.52,956673.95,0.0,2,15,0.51,1,70.2,10050545.19,5.5,0.505,0,27.2,1,-0.07971805849240386,0.0,0.9452676413715254,3,8
6.6,3,155548.69,144038.03,14132.17,0,67,0.504,0,,,,0.487,0,25.0,0,0.07400036605901344,0.09811415776791726,,3,8
6.2,7,280505.48,259945.99,32422.89,0,45,0.364,1,84.3,2851526.01,4.6,0.475,1,31.9,0,0.0732944326078763,0.12472933319725378,0.8471391271928091,2,11
2.2,4,564773.26,574191.15,38405.63,1,22,0.201,1,90.1,5067818.67,4.2,0.216,0,8.4,0,-0.016675523908479685,0.06688648893317146,0.7477659662923842,1,14
9.3,8,2317983.45,2085891.8,309840.51,0,83,0.164,1,100.0,20014290.22,8.6,0.159,0,21.8,0,0.1001265345531264,0.14854102691232593,0.7195295196492163,1,3
13.8,1,173396.22,157036.66,31884.03,0,134,0.1,1,62.6,2061975.46,21.3,0.179,0,0.0,0,0.09434784679850575,0.2030355841750582,0.9909748224807514,1,14
4.1,43,109454.52,93905.33,25290.4,0,36,0.074,1,94.5,1387234.2,8.7,0.766,0,38.1,0,0.14206073901744762,0.2693180461641528,1.0561724632294764,2,4
4.7,8,320693.93,325340.66,0.0,4,43,0.499,1,72.7,3012159.76,13.0,0.624,0,43.1,1,-0.014489610077746035,0.0,0.7827192530065452,2,14
7.0,45,1181917.76,991131.77,273512.04,0,71,0.143,1,89.5,11682274.68,5.3,0.743,0,37.2,0,0.16142069817108087,0.27595931063737367,0.8236807356207253,0,2
5.4,8,442260.23,443018.54,39499.23,3,36,0.402,1,79.5,4529265.06,8.1,0.494,0,25.0,0,-0.0017146239895909196,0.08915931599612062,0.8534313722940903,4,11
3.6,4,380681.89,402873.09,26495.97,2,42,0.554,1,61.5,3948781.08,20.1,0.653,0,37.8,1,-0.05829329049511657,0.06576753488300745,0.8644096255800349,2,5
20.5,10,962457.56,908632.23,94110.89,0,152,0.307,1,72.0,12536106.44,11.3,0.426,0,15.8,0,0.055924886703575864,0.10357423707059125,1.085425041148481,4,2
9.2,9,1069858.11,976917.81,138566.77,1,78,0.486,1,95.8,13789971.92,0.0,0.702,1,66.7,0,0.08687161328337273,0.1418407654989932,1.0741277894006587,2,10
4.0,43,1482774.45,1431452.67,160676.44,0,45,0.451,1,82.9,16023109.4,7.5,0.331,1,39.3,0,0.03461199375265741,0.11224712026280269,0.9005139767998206,3,11
4.4,10,795096.1,753314.94,93877.95,0,15,0.097,1,83.6,7321147.24,16.3,0.468,0,28.0,0,0.05254856614187899,0.12461979049559273,0.7673230988472128,4,0
5.9,9,579063.34,499733.61,34818.19,2,49,0.522,1,74.2,6628532.92,10.6,0.141,1,40.0,0,0.13699663667190534,0.06967350064767508,0.9539159279766067,1,1
0.5,32,583757.68,507516.21,94830.3,3,6,0.181,1,87.6,5431170.76,9.0,0.287,0,22.6,1,0.13060465431478352,0.18685176577906742,0.7753175312971186,1,11
5.1,8,198521.35,179880.86,28877.51,0,52,0.208,0,,,,0.459,1,41.1,0,0.09389665141809694,0.16053686868074793,,4,3
1.6,8,199351.45,188222.81,22903.04,0,13,0.375,1,77.5,1923403.2,6.2,0.256,0,21.8,0,0.05582422400238379,0.1216804700769264,0.804025252888805,4,10
1.7,8,528760.42,507118.88,44286.09,0,16,0.484,1,73.1,6049424.04,16.8,0.75,1,68.1,1,0.04092881989918995,0.08732881331493711,0.9533971358900122,0,3
10.6,9,981868.57,968224.24,53467.82,3,82,0.3,1,82.1,12056757.99,3.8,0.881,1,75.5,0,0.013896289602181642,0.055222558774194706,1.023283424277447,2,7
4.8,10,296942.02,254966.67,26698.4,0,44,0.233,1,76.8,3137894.97,28.6,0.3,0,10.1,0,0.1413587406726741,0.10471329448668722,0.8806138231968652,1,0
3.4,4,123754.82,114131.63,10447.58,1,31,0.432,0,,,,0.792,1,72.1,0,0.07776012279764136,0.09153974231332716,,0,6
6.6,41,425942.7,350296.03,88690.41,0,72,0.14,1,90.0,5355260.37,0.0,0.781,0,27.3,0,0.17759823093575727,0.25318702584211417,1.047727071035611,0,3
5.2,19,458881.18,443886.28,59035.86,1,53,0.605,1,74.7,4345867.77,12.3,0.32,0,4.5,0,0.032677086473670514,0.13299771283762138,0.7892144269241984,3,10
3.3,12,266516.56,252230.61,25058.72,1,26,0.41,1,89.9,2459194.6,7.8,0.239,1,49.9,0,0.05360248533899736,0.09934844942094856,0.7689311438408681,1,1
12.2,8,518770.34,464605.01,64723.75,0,131,0.266,1,67.1,4401932.51,15.6,0.841,1,53.3,0,0.10441100005833027,0.1393091951376073,0.7071100270818618,2,3
6.4,10,238978.24,210905.25,40989.21,1,53,0.321,0,,,,0.891,0,50.7,0,0.11747090446393776,0.19434893156998226,,2,3
5.9,24,870613.13,827999.68,54657.34,2,52,0.479,1,86.5,9894833.62,4.8,0.73,0,32.4,1,0.04894648211887174,0.06601130570485243,0.9471135225508639,2,11
10.3,13,2032570.25,1873494.33,262166.06,0,88,0.261,1,55.5,26717011.69,16.7,0.15,1,28.5,0,0.0782634302553626,0.1399342692432915,1.0953705737025983,1,0
0.9,1,136071.77,104155.91,34017.94,0,8,0.163,0,,,,0.605,0,43.1,1,0.23455166343467118,0.3266059506368866,,3,8
4.2,3,633761.28,531368.39,87391.59,0,36,0.317,1,100.0,7368462.94,8.7,0.482,0,33.7,0,0.16156381469060402,0.16446516511830897,0.9688799201070367,4,11
6.5,5,70783.53,71715.61,986.07,5,67,0.372,1,71.0,801938.51,18.7,0.554,0,27.0,0,-0.013168034993451185,0.013749726175375208,0.9441208875379155,2,8
15.3,8,860146.23,845421.81,92345.44,0,174,0.37,1,89.2,10482295.33,4.7,0.275,0,21.4,0,0.017118507861157428,0.10923001856315961,1.0155536121263165,1,6
6.5,40,1450519.94,1311258.06,171320.7,0,65,0.177,1,96.7,13273153.53,0.0,0.142,0,6.2,0,0.09600824929025098,0.13065368688753762,0.762551480333321,4,12
1.1,3,792437.73,711793.14,90351.29,0,10,0.052,1,82.5,10397912.92,11.6,0.249,0,18.2,1,0.10176773132697754,0.12693475803939328,1.0934521546990619,1,10
9.1,7,375994.15,333878.33,35287.09,0,88,0.353,1,92.0,4381538.73,4.4,0.452,0,27.6,0,0.11201190231284185,0.10568847040776799,0.9711008203186139,3,10
8.6,10,311004.26,294700.05,26116.1,0,87,0.572,0,,,,0.363,0,9.6,0,0.05242439444398614,0.08861925880229746,,3,8
8.6,3,166978.38,159227.09,16636.46,0,82,0.236,1,81.8,1624781.45,7.9,0.224,0,18.1,0,0.04642091988196321,0.10448259777905883,0.8108741632699195,4,8
3.2,2,303794.66,233313.68,58157.64,1,33,0.053,1,82.6,2949942.05,12.2,0.633,1,51.7,0,0.23200203716549853,0.24926802406099804,0.8091929731966542,0,5
4.4,1,490436.89,423671.91,76826.02,1,47,0.184,1,70.4,6424382.74,19.4,0.818,1,67.6,0,0.13613368276599266,0.18133375894568987,1.0916088068606205,2,10
1.2,7,617171.52,667591.09,32578.17,6,11,0.499,1,77.0,5623981.21,8.1,0.843,0,24.7,0,-0.0816945830552906,0.048799587783593695,0.7593757742310165,2,7
2.8,8,318631.13,287894.2,24128.67,1,25,0.14,1,77.1,4178484.17,7.5,0.603,1,74.4,0,0.09646555877952036,0.08381089302945317,1.0928217031608514,2,2
0.5,6,865872.82,784547.1,127982.6,0,6,0.161,1,82.4,7546448.7,0.0,0.398,0,18.1,0,0.09392340089852916,0.16312927547625886,0.7262853279076251,3,14
5.2,2,180671.86,157272.23,34294.79,0,50,0.21,1,74.1,1589098.73,11.7,0.27,0,8.0,0,0.12951452428729066,0.21806004785460217,0.73295804984056,4,0
3.9,10,811953.31,804974.65,81464.0,0,29,0.287,1,74.3,8061332.06,2.4,0.267,1,57.8,0,0.008594903073921864,0.10120070240721245,0.8273599767290395,3,5
3.6,10,593508.96,498796.63,90258.12,0,21,0.359,1,93.1,7586924.39,8.1,0.185,0,6.7,0,0.15958028670704477,0.1809517437998729,1.0652639501291887,4,6
0.6,6,404583.28,376466.37,45371.0,0,6,0.387,1,77.3,5285480.02,7.7,0.317,0,25.4,0,0.06949597620544287,0.12051806911730256,1.0886675008748095,3,6
4.9,14,371204.4,307246.67,47258.11,0,43,0.148,1,87.8,4168779.94,11.5,0.676,0,31.7,0,0.17229787685706321,0.15381162633918866,0.935868024014083,3,8
3.3,9,572575.91,514514.16,91970.53,0,24,0.272,1,89.4,6145850.99,13.8,0.152,0,13.0,0,0.10140445831889794,0.17875218439080473,0.8944739731831657,1,7
5.5,7,276350.56,246962.64,61135.6,0,63,0.38,1,84.1,2831686.58,0.0,0.422,1,55.5,1,0.10634290011932664,0.24754999379663253,0.8538932639277688,2,11
1.6,9,358391.27,305392.98,74589.36,0,15,0.288,1,78.6,3075511.3,13.2,0.223,0,6.4,0,0.14787829513816014,0.24424058470499224,0.7151195628546791,1,13
2.6,6,609311.12,584054.78,41951.17,0,20,0.434,1,76.8,6460825.81,7.3,0.678,0,23.9,0,0.04145064675661913,0.0718274576915542,0.8836243639100716,3,12
3.2,33,595365.72,598765.36,35940.97,1,22,0.41,1,78.1,7253000.74,13.4,0.409,0,37.6,1,-0.005710170884544737,0.0600251323824077,1.0152024344521102,3,1
3.6,1,226115.13,241613.73,6143.74,3,27,0.446,1,72.9,2228136.58,9.9,0.703,1,68.1,1,-0.06854295862466171,0.025427942360725937,0.8211659623720595,2,8
4.4,50,985643.97,933937.26,65806.5,1,37,0.452,1,88.8,8806850.33,5.2,0.391,0,16.0,0,0.05245982481889476,0.0704613712488567,0.7445936022584977,3,3
6.3,3,227539.93,200987.56,42389.78,0,55,0.271,0,,,,0.219,0,17.1,0,0.11669323269986062,0.21090748104012008,,4,10
4.9,19,2738649.24,2453926.32,496207.07,0,35,0.061,1,79.4,23604702.33,9.8,0.124,0,7.5,0,0.10396472678626065,0.20220944123538315,0.7182586578703302,1,3
4.6,3,694562.47,569179.84,88752.91,3,32,0.269,1,91.9,7355343.82,7.7,0.253,0,10.8,0,0.18052030654636436,0.15593122553321637,0.8824912730072119,3,5
12.2,3,276667.53,253689.94,36899.58,0,118,0.372,1,91.6,2762369.19,0.0,0.855,0,40.4,0,0.0830512709604919,0.14545149090263493,0.8320363162963141,2,11
5.3,24,516826.4,466192.07,119206.41,0,51,0.18,1,88.6,4976287.86,13.6,0.124,0,0.0,0,0.09797163999362264,0.2557023546110512,0.802379009663593,1,14
5.9,1,148863.97,129686.79,20097.8,0,63,0.292,0,,,,0.705,1,72.4,0,0.1288235158581355,0.15497183637593312,,2,5
5.2,11,569504.92,551246.78,24912.28,8,55,0.463,1,75.2,7192461.38,15.2,0.842,1,70.7,0,0.03205967035368195,0.04519260865342378,1.0524435533702967,2,2
8.1,4,186543.98,185090.36,12377.44,0,94,0.415,1,58.7,1951546.67,15.2,0.719,1,59.9,0,0.007792371536192293,0.06687241842308807,0.8717991819766397,0,0
8.3,183,1440406.74,1144059.18,306096.66,0,89,0.05,1,91.8,17578213.23,0.0,0.828,1,95.4,0,0.20573880402697925,0.26755316975822874,1.016970458288747,2,5
1.9,10,685853.02,668102.55,0.0,2,19,0.479,1,88.0,8971538.89,13.6,0.845,0,34.4,0,0.025880865844988145,0.0,1.0900706405482232,2,13
5.1,6,303902.47,295446.75,13726.15,3,36,0.389,1,71.4,3310418.32,11.7,0.641,0,23.7,1,0.027823794916836224,0.04645896426344172,0.9077523895522578,2,11
7.3,2,686326.82,559957.09,117149.85,0,66,0.116,1,81.0,6498809.34,0.0,0.208,0,0.0,0,0.18412471481152373,0.20921219159846696,0.7890809876845553,1,11
7.7,10,1574888.34,1524462.37,52803.48,1,54,0.423,1,72.5,14209420.42,17.5,0.496,0,32.8,0,0.03201875886642222,0.03463744401903472,0.7518744905644125,2,5
9.9,10,591855.67,572899.88,41085.77,2,110,0.677,1,68.8,6560606.88,21.3,0.858,1,62.4,0,0.03202772392127296,0.07171544528862529,0.9237340583389189,2,11
1.0,1,198880.71,164877.35,28144.77,0,11,0.172,1,74.4,1945035.38,8.5,0.846,1,60.2,0,0.17097364545812405,0.17070125156669488,0.8149924729586225,2,8
17.7,29,192878.18,190502.0,3495.96,2,147,0.382,1,67.5,1873495.2,8.2,0.442,0,30.7,0,0.01231958949426002,0.01835130339838952,0.8094466673213112,2,5
7.7,3,521678.15,508909.5,52757.95,0,65,0.237,1,73.4,5205253.11,19.6,0.853,0,37.8,0,0.024476106580273722,0.10366862870510375,0.831491778024439,2,12
21.4,10,341236.09,292616.2,85309.02,0,221,0.05,0,,,,0.654,1,47.0,0,0.14248167595637382,0.29153895102185046,,2,8
3.5,6,1342656.38,1468006.28,11151.75,5,38,0.503,1,82.0,16411463.95,3.0,0.339,0,0.0,1,-0.09335962787440831,0.007596527448097838,1.0185941959575193,4,6
10.4,200,1510455.07,1515556.79,31248.22,4,112,0.641,1,100.0,15895283.34,7.0,0.786,1,75.6,0,-0.003377604604948608,0.020618310185525943,0.8769588525397184,2,11
11.5,9,623592.69,612562.02,32327.83,1,131,0.484,1,75.1,5468194.73,1.8,0.608,0,36.4,0,0.0176889020299451,0.05277478678811984,0.7307380305671427,2,14
9.2,4,347702.22,345103.6,32241.19,0,69,0.289,0,,,,0.601,0,34.6,0,0.007473694013227743,0.09342467015701952,,2,7
2.0,29,740247.47,710143.37,27373.88,2,19,0.495,1,77.2,6411150.59,7.6,0.428,1,53.5,0,0.04066761619597292,0.038546976788644806,0.7217350559356408,2,1
2.1,1,185632.52,172399.89,26870.4,0,21,0.118,0,,,,0.499,0,39.3,0,0.07128400778053315,0.15586088831031156,,4,14
16.7,3,1218312.13,970149.12,238711.58,0,167,0.05,1,92.6,16016453.91,0.0,0.02,0,11.5,0,0.2036941140855258,0.24605658561026164,1.0955357495291458,1,1
1.6,10,237787.47,258660.73,1587.41,0,15,0.359,0,,,,0.528,1,57.7,0,-0.08778116020999764,0.006137035181181156,,2,5
2.7,190,1480602.73,1424860.02,149753.82,2,23,0.56,1,79.1,14421565.39,5.2,0.034,0,0.0,1,0.03764866082612178,0.10510072421008768,0.8116945156742575,1,8
0.5,10,563221.66,560992.08,33496.25,1,6,0.483,1,78.1,6194431.64,14.9,0.204,0,15.8,1,0.003958619063052501,0.05970895346686535,0.9165177288577052,4,8
4.5,8,531981.67,491081.72,28377.98,3,45,0.36,1,66.5,6362106.78,7.6,0.645,1,55.7,0,0.07688225423255667,0.057786675504842656,0.9966049488133678,0,11
1.0,10,547452.18,457096.58,121055.71,0,9,0.167,1,87.2,6562752.08,9.1,0.796,0,32.4,0,0.16504747501416475,0.2648361753220731,0.9989840695614121,0,1
2.9,1,285058.82,251602.14,26878.2,0,13,0.346,1,83.7,2596756.67,8.7,0.149,0,12.8,0,0.11736763661619028,0.10682818516567466,0.7591289024723623,1,3
4.4,8,557506.98,495679.12,50149.28,0,35,0.246,1,64.4,5496635.12,7.1,0.624,0,29.8,0,0.11090060253595388,0.10117287167553074,0.8216093127061238,2,5
1.8,6,463080.11,377888.62,83664.22,0,13,0.135,1,78.0,4405452.51,9.2,0.184,0,12.4,0,0.1839670678146811,0.22139915195117546,0.7927808484367855,4,14
9.6,48,1252625.2,1305259.56,0.0,2,90,0.381,1,62.8,13968006.35,8.0,0.576,1,51.6,0,-0.04201924087109225,0.0,0.9292488520641823,0,8
1.9,6,129795.67,118978.55,12232.92,0,13,0.287,0,,,,0.534,0,37.7,0,0.0833396060130511,0.1028161798912493,,3,2
4.7,152,1183912.99,1122215.17,165148.68,0,49,0.338,1,81.0,12409026.21,12.8,0.549,0,22.4,0,0.052113474994475786,0.14716311489533687,0.8734472264722766,2,1
3.7,5,424199.71,427598.81,22140.97,1,27,0.201,1,61.4,4338800.34,16.7,0.198,1,33.1,1,-0.00801297106025833,0.05177977459759535,0.8523501701592393,1,1
5.5,2,438893.14,423129.38,0.0,5,55,0.579,1,84.0,3727568.56,14.7,0.522,0,20.1,0,0.035917079952536984,0.0,0.7077593268678871,2,10
3.5,39,2057159.46,2019894.13,119157.21,1,19,0.495,1,85.9,21986225.1,1.9,0.252,0,6.6,0,0.018114944769522183,0.05899180963509212,0.8906385045134032,4,10
7.4,33,689235.98,649148.41,115088.16,2,79,0.173,1,96.7,8337275.7,8.5,0.494,0,31.1,0,0.05816232925042589,0.17729098342858146,1.008033525759929,0,11
5.7,1,710076.64,720089.19,80327.36,2,65,0.135,1,88.0,7949787.85,0.0,0.28,0,5.6,0,-0.014100661021604555,0.11155195927882212,0.9329729827942704,4,12
8.9,5,335096.91,294694.56,20123.61,0,80,0.363,1,87.8,2898248.48,0.0,0.467,0,24.6,0,0.12056915117480486,0.0682863300903824,0.7207488325292725,4,1
7.8,14,850987.72,818519.45,94406.0,0,54,0.249,1,64.2,8969120.1,12.6,0.289,0,17.1,0,0.03815362929091388,0.11533751580368677,0.878304889052923,1,13
0.7,37,521020.22,538170.71,0.0,2,7,0.458,1,94.2,6032214.09,4.9,0.221,0,3.7,1,-0.032917129396628775,0.0,0.9648080596564947,4,8
5.4,190,1664926.43,1494662.05,169045.47,0,54,0.397,1,94.8,15176658.88,13.4,0.511,1,42.4,0,0.10226540760722977,0.11309945950658211,0.75962610151689,3,1
2.2,38,321701.23,331339.34,3150.11,5,23,0.56,1,89.8,3619096.82,12.1,0.898,1,81.6,1,-0.029959817063801852,0.009507201891571341,0.9374891158068207,0,13
6.5,6,1006829.23,873797.85,97440.92,0,71,0.158,1,69.0,12929396.1,11.7,0.82,1,68.6,0,0.13212904039347367,0.11151425927633034,1.0701414330213674,2,3
10.5,20,458656.05,428355.88,22597.23,0,92,0.266,1,94.2,5935041.13,1.7,0.617,1,79.0,1,0.06606294629712174,0.05275340214776554,1.0783391188960296,3,0
2.9,49,482990.19,441830.24,69954.11,0,23,0.074,1,78.1,4265818.51,5.6,0.864,0,33.5,0,0.08521901863058547,0.15832802661945458,0.7360084804897037,2,13
20.5,14,709412.29,747593.45,0.0,6,159,0.502,1,70.7,8281514.27,16.1,0.682,1,69.8,0,-0.05382083245273339,0.0,0.9728139741794811,2,3
8.6,19,709805.52,701816.39,13759.03,1,54,0.347,1,77.4,8198073.39,11.9,0.36,0,12.5,0,0.011255378797279577,0.01960488554563395,0.9624788244813874,4,13
3.0,9,756922.99,628599.88,150230.82,0,20,0.062,1,73.1,8285062.2,16.8,0.528,1,43.3,0,0.16953258349307104,0.2389927595913636,0.9121427927562354,2,4
5.3,8,767909.81,660614.29,92662.25,0,37,0.05,1,72.7,7073227.87,9.6,0.314,0,28.4,0,0.13972411682043756,0.14026679622688754,0.7675844847369945,4,5
7.2,2,79232.88,78549.57,4202.96,1,72,0.432,1,60.9,824211.29,12.4,0.392,1,48.8,1,0.008624071218918178,0.053507103858111506,0.866865803270898,4,12
2.2,4,141023.37,144334.98,7839.33,2,25,0.507,0,,,,0.694,1,72.9,0,-0.023482703611465358,0.05431344501520005,,0,3
11.2,2,364961.55,309462.36,72488.12,0,126,0.11,1,86.3,3580713.94,8.8,0.026,0,1.6,0,0.15206859462318703,0.23423889095914605,0.817600726250021,1,13
6.6,49,565650.82,496085.02,38352.53,0,77,0.333,1,92.3,6716785.64,8.6,0.412,0,18.6,0,0.12298364563495186,0.07731039731858864,0.9895365071099281,2,12
33.3,6,424176.29,453070.59,0.0,3,240,0.451,1,87.5,4431469.42,16.4,0.58,0,21.1,1,-0.0681186117215558,0.0,0.8706029239242329,2,8
5.3,1,196196.72,182321.04,41153.71,0,60,0.162,0,,,,0.304,0,21.7,0,0.07072330261178675,0.2257211235741086,,4,8
3.1,3,294967.68,257519.24,56492.93,0,33,0.262,1,64.2,3269005.4,10.4,0.529,0,39.6,0,0.1269577738144057,0.21937362816075415,0.9235490365136501,3,13
1.8,1,266586.48,251638.77,22897.16,0,16,0.32,0,,,,0.771,1,52.5,0,0.05607077298143549,0.09099217898736352,,2,10
3.6,7,762517.47,622516.92,151428.63,0,36,0.054,1,79.3,9371788.89,0.4,0.085,0,7.2,0,0.18360307207125356,0.24325223160199405,1.0242157566566967,1,5
7.9,10,621096.43,614396.73,29451.99,1,83,0.47,1,57.5,6051915.85,17.8,0.482,0,33.7,0,0.010786891819680995,0.04793643677107461,0.8119935914513843,4,11
6.1,33,233233.64,212939.55,56279.31,0,57,0.05,0,,,,0.706,0,37.0,1,0.08701184786208381,0.264297120943479,,0,8
2.9,4,547580.63,498441.12,98566.46,0,33,0.265,1,71.2,6210946.93,4.8,0.583,0,28.6,0,0.08973931382488823,0.19774945534188673,0.9452104082522664,3,10
3.2,14,584688.91,458920.92,137223.88,0,27,0.05,1,100.0,6068118.35,7.4,0.616,1,49.1,0,0.21510240377228984,0.2990142179615608,0.864864238944889,0,1
8.4,24,413857.97,432246.6,21137.67,0,61,0.343,1,83.7,3608383.94,2.6,0.354,0,5.9,0,-0.0444322239342159,0.048901876845300805,0.7265745339316932,4,12
7.2,8,401736.48,406468.3,0.0,6,84,0.475,1,79.8,3806338.9,12.9,0.77,1,48.5,1,-0.011778417533802276,0.0,0.7895596345478343,0,4
8.3,22,731025.36,618844.12,115964.13,0,22,0.106,1,81.3,6667492.4,8.8,0.667,0,42.6,0,0.1534573848436667,0.18738827154082033,0.760061684681728,3,13
1.9,31,631483.03,628532.8,46663.94,3,19,0.455,1,83.2,6765668.9,14.0,0.274,0,32.9,0,0.0046719070186256335,0.07424264891187858,0.8928280173525276,1,8
3.0,7,265098.83,221291.99,40455.73,0,30,0.08,1,81.4,3418303.91,3.2,0.47,0,29.7,1,0.1652472023358233,0.1828160612591536,1.074537594778018,2,6
4.2,4,380844.52,394295.11,17554.98,1,40,0.574,0,,,,0.327,0,4.7,1,-0.035317798454865434,0.044522439043182656,,3,10
1.8,5,896771.78,847794.75,18326.26,1,11,0.272,1,57.6,8862298.02,26.4,0.78,0,39.8,0,0.054614820729528335,0.021616387692893826,0.8235371043901493,2,8
2.5,6,178639.57,160228.58,37639.78,0,18,0.304,0,,,,0.412,0,22.6,0,0.10306221628276434,0.23491302238339754,,3,10
2.6,95,987113.81,921072.42,211761.17,0,27,0.287,1,93.9,8623315.72,8.6,0.129,1,29.8,0,0.06690352148958387,0.22990718797116952,0.7279906694176768,1,5
6.5,45,1356160.19,1259285.52,104426.82,0,50,0.294,1,72.0,14446901.88,10.6,0.485,0,21.4,1,0.0714330583616379,0.08292545125111897,0.887733247795749,3,2
12.9,4,857182.7,727084.46,133653.45,0,125,0.164,1,86.6,9397243.07,7.3,0.608,0,49.5,0,0.1517742250281066,0.18382107905318182,0.913578387859049,2,3
4.2,7,924462.59,972754.14,0.0,6,46,0.552,1,79.1,10222312.42,11.8,0.401,1,42.2,0,-0.052237430180922785,0.0,0.9214644027221625,2,2
7.4,9,615236.11,604080.6,110036.64,0,66,0.253,1,80.0,6555372.67,7.9,0.323,0,17.8,0,0.018132079406067387,0.18215556003619385,0.8879209899323584,4,14
3.6,7,538026.41,504539.78,33230.1,3,24,0.396,1,72.2,6642628.95,14.8,0.734,0,38.0,0,0.06223975139064271,0.06586220020153812,1.0288573241228065,2,3
10.4,13,638014.39,625636.89,36772.65,3,101,0.371,1,67.7,5837062.06,14.1,0.329,0,20.2,0,0.019400032654435895,0.058776345493310025,0.7623994786909639,4,13
7.2,4,335838.32,323662.6,59294.12,1,60,0.257,1,72.0,4225676.87,9.8,0.319,0,14.7,0,0.036254707324643684,0.1831973172062512,1.0485394852102246,4,8
11.4,9,576050.06,541710.44,94613.23,0,74,0.166,1,99.5,4964944.56,3.9,0.402,0,34.8,0,0.059612214952290965,0.17465646406962362,0.7182455288694873,4,10
4.3,12,465211.73,478360.95,38863.43,1,43,0.334,1,87.9,4583038.24,0.0,0.104,0,0.0,0,-0.028265022466222058,0.08124289827587305,0.8209592078285157,4,12
4.1,2,899360.8,822759.33,78185.6,0,32,0.158,1,88.7,10649777.67,6.3,0.539,0,23.1,0,0.08517323636965285,0.0950285182423881,0.9867913661569415,3,8
3.7,28,717604.65,781569.97,0.0,4,26,0.53,1,88.2,9433383.28,0.0,0.549,0,20.0,0,-0.0891372707799482,0.0,1.0954712644815403,3,1
12.2,7,815220.37,873682.09,63805.9,1,144,0.381,1,81.7,7689999.11,14.0,0.477,0,25.2,0,-0.07171278117105927,0.07303102665181108,0.7860859256579503,4,3
2.1,4,161040.9,140878.93,10632.68,1,24,0.373,1,68.5,1551168.34,10.7,0.598,0,32.6,0,0.1251978224165414,0.07547388385190036,0.8026782533712451,3,10
3.2,6,290178.12,284630.67,24320.39,0,25,0.219,1,60.5,2851333.83,8.9,0.636,0,38.1,0,0.01911739589463193,0.08544543003745872,0.8188458609491301,0,5
3.4,5,184032.08,157048.04,32335.26,2,30,0.364,0,,,,0.886,1,78.1,1,0.14662682723577314,0.2058940691014036,,2,8
5.9,3,204355.06,190327.77,35517.01,0,61,0.196,0,,,,0.898,0,44.3,0,0.06864175518824936,0.1866097101857496,,2,3
3.7,4,328948.27,314861.67,5206.76,1,42,0.326,0,,,,0.259,1,42.3,0,0.04282314663031982,0.016536658780981504,,3,14
5.1,8,777877.08,696925.29,61968.5,2,54,0.289,1,80.7,8972320.11,10.8,0.371,0,29.3,0,0.10406758610242113,0.08891699137507264,0.9611972916080778,4,10
7.1,3,509518.4,472243.64,32319.81,0,30,0.381,1,82.4,4917586.29,7.1,0.256,0,13.8,0,0.07315684772129918,0.06843884652422212,0.8042866705108196,1,5
6.0,8,1307309.49,1145588.76,87710.04,0,69,0.323,1,68.2,13811006.11,15.3,0.15,0,17.3,0,0.12370500729708615,0.07656328611324713,0.8803708568147344,4,13
8.5,2,433545.01,340155.76,49554.67,0,91,0.073,1,76.6,4310656.35,5.3,0.464,0,18.5,0,0.2154084301420053,0.14568228978395073,0.8285676324587382,4,8
4.2,9,435157.96,347907.46,68171.51,0,33,0.146,1,85.0,5356018.12,12.8,0.45,1,48.8,0,0.20050305410936295,0.19594724988075848,1.0256846578960277,2,8
4.5,6,618444.58,650553.38,0.0,4,44,0.36,1,85.8,7062600.54,11.9,0.281,0,11.7,1,-0.05191863756005437,0.0,0.951661739844175,3,8
14.2,3,733363.06,701892.57,16948.89,3,96,0.318,1,73.1,8703673.69,13.5,0.428,0,20.9,0,0.04291256502611422,0.024147413328509806,0.9890137373885907,4,12
8.9,4,636138.59,517808.52,75779.58,0,92,0.339,1,87.7,7034413.96,30.9,0.224,0,19.8,0,0.18601303530414648,0.14634672291603082,0.9214991395716668,1,8
8.6,10,547319.76,551888.66,38670.15,2,78,0.43,1,91.1,6455037.87,7.1,0.605,1,48.0,0,-0.008347770962992499,0.07006875263572185,0.9828255104474942,2,11
5.6,130,2699356.5,2367059.12,249618.79,0,37,0.184,1,79.1,26973982.68,19.6,0.255,0,31.0,0,0.12310244311931376,0.10545524101654039,0.8327287966595002,1,8
6.2,56,657643.46,599399.47,101074.91,0,24,0.205,1,76.5,5690254.01,6.2,0.479,1,52.1,0,0.08856469126903505,0.16862695924639373,0.7210409028726092,3,13
4.0,5,324350.61,324386.27,39291.82,0,45,0.297,1,86.4,3572535.53,8.9,0.823,0,28.6,0,-0.00010994275608124369,0.12112664324541232,0.9178687660450728,2,6
9.4,9,912234.82,733377.7,228058.7,0,96,0.05,1,82.0,8302057.41,2.7,0.218,0,8.1,0,0.19606478077651104,0.3109703226591155,0.7583991559322413,4,7
0.9,5,452496.05,464906.44,62164.33,1,7,0.426,1,73.8,5969978.77,13.3,0.727,1,76.6,0,-0.027426515656877037,0.1337136349412583,1.0994532014883518,2,10
10.3,7,376277.38,286831.69,78848.95,0,95,0.05,0,,,,0.332,0,2.5,0,0.23771211014597796,0.2748962292137246,,4,13
10.6,3,698797.07,570874.38,141181.04,1,109,0.084,1,82.3,8432619.16,8.7,0.617,0,41.5,0,0.18306128558896212,0.24730666666106124,1.0056113477026074,3,10
2.0,3,251026.38,221640.42,52360.28,0,19,0.334,1,51.1,2672722.06,18.4,0.238,0,18.2,0,0.11706323454929315,0.23623976168245844,0.8872646704833704,1,10
9.8,16,148244.2,123926.27,21632.13,0,108,0.143,0,,,,0.568,0,39.4,0,0.1640396723784135,0.17455645199359265,,3,13
2.5,29,380654.17,309703.07,51672.07,0,15,0.166,1,85.4,3608183.62,14.0,0.615,0,41.1,0,0.18639254628420326,0.1668439063261465,0.7899085102189564,0,8
15.9,6,484016.98,532418.67,20383.1,5,186,0.454,1,89.1,4373774.42,10.0,0.824,1,57.8,1,-0.09999998347165437,0.03828396926801984,0.7530339156007847,2,4
4.2,153,1014309.94,1002555.43,47925.31,3,33,0.447,1,82.3,12635437.23,17.7,0.869,0,54.1,0,0.011588676731295657,0.04780315239028728,1.0380979826540988,2,8
0.6,23,835065.55,770127.58,24514.09,3,6,0.562,1,67.1,9138673.17,13.9,0.452,0,17.6,1,0.07776391925160855,0.03183120646062306,0.9119716380348822,0,8
3.5,1,81566.29,80067.27,3731.91,3,34,0.514,0,,,,0.52,1,52.2,0,0.01837793529655437,0.04660968208357797,,2,13
4.8,42,640088.99,630197.52,62367.22,1,31,0.504,1,62.0,5762200.41,18.9,0.629,0,28.6,0,0.01545327314566053,0.0989645595558675,0.7501822012279886,2,1
10.9,4,197662.07,181973.43,21722.03,0,106,0.234,1,75.5,2154142.37,5.0,0.403,1,50.9,0,0.07937101943736607,0.11936923978407177,0.9081755754488794,3,5
18.4,4,591058.53,523434.21,69591.58,2,184,0.144,1,92.7,5413974.03,11.7,0.284,0,14.3,0,0.11441222242406349,0.13295191386134275,0.7633161177794017,1,0
4.9,4,235079.66,232454.61,19906.96,2,54,0.334,1,82.6,3030300.57,7.2,0.689,1,72.9,0,0.011166640278448665,0.08563805209111577,1.074210535696708,0,13
2.3,44,802744.61,791618.43,120824.96,0,24,0.226,1,88.8,9932687.84,10.2,0.499,1,45.8,0,0.01386017403467827,0.1526303019498927,1.031117464204047,2,8
2.8,5,195138.85,198406.08,13620.96,0,27,0.451,1,80.2,2171048.89,5.0,0.498,0,25.6,1,-0.016743103692575728,0.06865192840864554,0.92713850078205,4,1
2.5,49,413210.32,402315.68,36473.22,0,29,0.335,1,73.5,3953494.86,11.5,0.552,1,47.0,0,0.026365846816217016,0.0906582114820879,0.7973128672100929,2,5
3.0,7,842282.86,766335.56,140095.82,0,21,0.445,1,85.2,9761027.35,2.5,0.453,0,10.4,0,0.09016840257202899,0.18281263106203763,0.9657313290612767,4,10
4.2,2,246034.53,220200.83,10321.65,3,34,0.49,0,,,,0.718,1,77.2,0,0.10500030219335478,0.046873801520185006,,2,0
5.2,3,146869.03,143777.72,13620.61,1,53,0.35,0,,,,0.266,0,17.5,0,0.021048072558251373,0.09473380159318148,,4,8
7.2,9,268500.3,237778.34,44822.07,0,58,0.242,1,79.4,2426277.49,10.6,0.214,0,7.5,0,0.11442057979078606,0.1885035869961915,0.7530337613527187,4,8
3.6,4,378987.21,377847.05,7498.77,1,29,0.489,0,,,,0.466,0,13.9,0,0.0030084392557733876,0.01984604617132779,,4,5
31.5,10,858161.42,905651.31,0.0,2,240,0.635,1,59.9,8793389.61,14.3,0.225,0,1.0,0,-0.05533911090992649,0.0,0.8538981716283632,1,0
5.2,26,339282.7,303335.24,19861.81,1,40,0.285,1,65.9,3497461.48,12.9,0.621,1,56.6,0,0.1059513497151491,0.06547808292897324,0.8590332584989842,2,10
6.5,13,412098.71,364059.9,65461.05,1,73,0.158,1,88.1,3826110.7,15.1,0.608,0,22.3,0,0.11657112442793134,0.17980846009132012,0.7737043348991152,3,14
7.3,42,763318.08,611967.91,190829.52,0,44,0.084,1,69.0,9570823.51,15.8,0.613,1,62.3,1,0.1982792940002154,0.31182929183329233,1.0448706073270706,2,1
6.6,193,816553.12,652515.4,204138.28,0,65,0.05,1,82.3,8347917.45,13.1,0.527,1,50.6,0,0.20089044543727905,0.31284821783516525,0.8519467631205672,2,10
3.9,2,257016.79,240984.15,19250.71,0,30,0.328,1,95.9,3211363.67,1.3,0.46,0,15.0,0,0.062379737915176724,0.07988371849351918,1.041230182536583,4,13
8.8,2,232396.48,218170.71,33352.98,0,92,0.184,0,,,,0.258,0,9.2,0,0.06121336261203276,0.15287560827940655,,3,9
9.1,31,272122.28,276133.44,68030.57,0,105,0.117,1,93.4,2768659.48,3.5,0.639,1,73.0,0,-0.014740285139460003,0.24636845866983734,0.8478600992661582,2,13
5.1,49,1025035.37,1039274.84,58003.68,3,47,0.422,1,83.8,13429114.63,19.3,0.628,0,38.7,0,-0.013891686488828159,0.05581168500143812,1.0917602636807873,3,3
3.0,33,570126.36,603087.44,56986.74,2,26,0.243,0,,,,0.6,0,26.7,0,-0.057813639769260905,0.09449167105851185,,3,5
3.8,1,187465.42,165060.54,25998.84,0,23,0.315,1,81.6,1660996.15,6.5,0.659,0,24.8,0,0.11951473503753388,0.1575109350787293,0.7383566837731104,2,11
5.5,3,352538.53,334298.37,26114.96,0,52,0.201,0,,,,0.333,0,29.7,0,0.05173947936981536,0.07811871771914412,,3,11
12.2,17,453156.15,416283.46,83886.36,1,107,0.245,1,69.0,4688885.43,28.8,0.584,1,43.5,0,0.08136861874212675,0.20151259432695212,0.8622644810182978,0,12
4.8,3,451424.18,457312.28,51691.24,0,28,0.279,1,87.1,5322579.7,21.2,0.331,0,15.0,0,-0.013043386377752373,0.11303269616989073,0.9825532791206119,4,12
3.0,6,447628.52,394434.32,70747.71,0,31,0.158,1,100.0,4825232.69,0.0,0.551,0,28.5,0,0.11883559161958673,0.1793649954192627,0.8982955870789169,2,13
5.1,5,546382.32,561937.28,7875.99,5,58,0.472,1,74.3,6409661.71,8.7,0.49,1,64.8,0,-0.028469003169795247,0.014015781262990773,0.9775910681614539,2,3
8.3,186,1032950.44,942008.08,107373.95,0,62,0.132,1,62.3,11593736.22,12.1,0.151,0,3.1,0,0.0880413584992519,0.11398410722761529,0.9353253046680536,4,10
5.4,6,594202.99,611322.81,19547.27,4,58,0.482,1,70.2,5001181.02,11.4,0.091,0,0.0,1,-0.028811399956099288,0.0319753650285027,0.7013850351039128,1,3
5.9,41,286526.77,250127.68,65832.51,0,53,0.172,1,80.3,2935428.36,10.6,0.53,1,57.4,0,0.12703556460012452,0.26319562073257946,0.8537388321517043,2,8
6.8,9,336412.33,336189.34,0.0,2,54,0.523,1,81.5,3175792.1,19.6,0.465,0,12.8,1,0.0006628472862453961,0.0,0.7866814562553837,3,12
5.3,35,423645.22,379010.74,65555.15,0,50,0.348,1,86.7,3895397.79,0.0,0.308,0,10.8,0,0.10535815794168522,0.1729638321067102,0.7662460643365693,4,8
14.9,7,551851.63,520517.85,33006.9,0,125,0.485,1,75.8,4996027.63,14.0,0.274,0,8.4,0,0.05677935571196922,0.06341165821690842,0.7544340058093754,4,5
3.5,6,302327.87,252579.66,47265.46,0,35,0.285,0,,,,0.526,0,19.1,0,0.16455052589098051,0.1871309035731539,,2,5
2.8,3,132482.77,143181.67,10008.51,2,29,0.225,0,,,,0.633,0,50.9,0,-0.08075691654092093,0.06990077710366138,,3,7
7.1,1,184061.25,168426.44,600.55,2,78,0.404,0,,,,0.381,0,18.9,0,0.08494351744324238,0.0035656515687204453,,4,8
8.9,1,148698.44,163568.28,10866.29,2,99,0.353,0,,,,0.459,1,59.5,1,-0.09999997309991952,0.0664327460067441,,2,12
1.5,8,349122.86,290816.42,63632.04,1,12,0.189,1,77.8,2991132.1,10.1,0.483,0,2.8,0,0.1670083706349106,0.2188048391490412,0.7139635838608029,3,8
2.7,1,175181.36,155522.96,18855.41,0,29,0.304,1,88.6,2119209.96,11.5,0.455,0,23.2,1,0.11221741856553685,0.12123875471505945,1.008102859801979,3,11
2.9,8,557727.48,461693.49,107309.71,0,29,0.145,1,90.6,6034140.56,1.4,0.294,0,11.2,0,0.17218801913794887,0.23242630083434793,0.9015963256224467,3,13
5.2,95,1158003.33,1015760.56,42946.81,3,48,0.3,1,76.3,12523039.17,22.4,0.647,1,66.2,0,0.12283450860197441,0.04228044648632547,0.9011948156487598,3,11
5.4,7,596421.8,465277.79,149105.45,0,57,0.05,1,85.7,7571776.83,5.8,0.6,1,56.2,0,0.21988466887025265,0.3204654363579229,1.0579449015780442,2,13
7.7,1,363713.8,375108.89,25895.35,0,79,0.409,1,72.9,3727532.47,15.1,0.159,0,23.3,0,-0.03132982581359307,0.06903422096980959,0.8540443223032324,4,13
10.0,7,393962.77,350133.37,52847.6,0,101,0.197,0,,,,0.687,1,56.8,1,0.1112526445075001,0.150935627758074,,2,3
6.4,15,846380.91,730432.76,110231.57,0,65,0.321,1,82.5,9550992.23,7.8,0.723,0,37.2,0,0.13699287003058708,0.15091268633679575,0.9403756745490239,2,5
4.0,17,1324840.07,1378479.84,146482.33,2,33,0.376,1,66.2,15179871.13,20.0,0.109,0,4.7,0,-0.04048773222869083,0.10626367230731497,0.9548241251740924,4,13
2.1,7,703626.78,715088.57,4881.44,1,21,0.544,1,83.2,7361115.16,8.8,0.125,0,7.7,1,-0.01628958749978209,0.0068263432038915125,0.8718063052309257,1,4
6.5,41,1208302.01,1109318.08,148062.07,1,65,0.378,1,75.5,11799656.41,17.9,0.44,0,32.3,0,0.08191985876113865,0.13347124929217777,0.8137905032809912,4,10
6.2,3,211987.09,175249.28,49520.54,0,30,0.19,1,81.3,2665385.5,11.0,0.851,1,76.1,0,0.17330211004830529,0.28257200257827025,1.047778231841068,2,2
5.2,12,274407.5,245596.53,38921.51,2,47,0.416,1,75.3,2476727.43,14.8,0.438,0,33.6,0,0.10499337663875806,0.15847744265767924,0.7521439920556108,2,8
2.1,27,989480.94,822710.09,136954.98,0,12,0.097,1,83.4,9446782.38,6.6,0.692,1,74.5,0,0.168543772050829,0.1664680932745094,0.7956008379504512,2,11
16.8,47,425111.18,467622.29,0.0,3,133,0.43,1,89.5,4407877.63,0.0,0.613,1,63.4,0,-0.0999999811813935,0.0,0.8640636923106405,3,14
8.3,5,436831.64,354980.75,97791.61,0,92,0.087,1,84.8,3867801.14,2.4,0.181,0,26.3,0,0.18737399607775668,0.2754842621747799,0.7378512272294807,1,11
4.8,10,430337.09,337349.69,101171.64,0,52,0.101,1,77.3,4628811.07,0.0,0.853,1,68.2,1,0.21608037550284132,0.29990138719261905,0.8963537301266162,2,14
5.4,1,126769.83,131807.07,0.0,2,59,0.466,1,73.3,1110216.59,0.0,0.366,1,40.6,0,-0.039735321882186043,0.0,0.7298112584568953,3,1
14.2,1,527103.12,535429.75,60992.91,3,119,0.365,1,68.3,6925017.59,0.0,0.134,1,44.0,0,-0.01579696587643041,0.113913935488269,1.094823341525026,1,10
0.9,6,778997.15,841557.96,26316.25,0,9,0.422,1,80.1,6976571.32,11.8,0.614,1,61.6,0,-0.08030942090096214,0.03127087051734381,0.7463197308659387,2,8
6.4,1,307632.48,266252.88,38623.95,0,58,0.288,1,97.2,2828173.98,0.0,0.76,0,38.5,0,0.13450985409603036,0.14506490972041317,0.766112749212957,2,13
6.2,6,307417.55,267948.82,72021.47,0,42,0.239,1,71.5,3657686.89,19.3,0.218,0,18.7,0,0.1283880181856891,0.2687881588730266,0.9915089129860458,4,14
7.2,3,637643.82,612597.29,85890.08,0,60,0.253,1,76.0,6120446.81,1.9,0.223,0,11.9,0,0.0392798129839946,0.14020643153677678,0.7998779540695096,1,8
1.9,8,129309.44,126463.76,4455.62,2,18,0.328,0,,,,0.299,0,13.5,0,0.022006745988537323,0.035232385942027974,,3,4
9.6,18,1163529.3,1135592.89,0.0,2,87,0.502,1,84.1,12910111.44,16.8,0.274,0,15.7,0,0.024010061456982774,0.0,0.9246373254201676,4,5
6.0,32,1351875.55,1266934.77,149259.8,0,33,0.149,1,68.7,14677706.63,19.2,0.166,1,26.8,0,0.06283180430328815,0.11781174811391433,0.9047742739090641,4,11
4.9,17,865476.16,790301.77,132814.15,0,39,0.088,1,85.8,10667693.77,20.4,0.06,0,0.0,0,0.08685899563079821,0.16805498233921454,1.0271507430468487,1,5
4.3,49,840014.2,704836.92,178524.34,0,15,0.05,1,87.3,9526232.36,6.3,0.281,0,13.4,0,0.1609226129748758,0.2532846037633783,0.9450467583365456,4,0
1.5,9,838038.27,802828.42,121503.81,0,14,0.226,1,86.9,8650160.03,15.3,0.764,0,39.6,0,0.042014608712320475,0.15134467960165135,0.8601596072297111,2,5
9.2,29,2080663.2,2222913.5,101846.61,6,62,0.529,1,74.8,22933807.84,6.1,0.629,0,42.2,0,-0.06836776850765662,0.0458167220631842,0.918529559869821,3,13
11.5,32,551598.74,606758.61,14425.26,4,129,0.441,1,90.5,5642896.8,7.2,0.438,0,24.2,0,-0.09999999274835181,0.02377429798647604,0.8525062983283827,4,10
4.0,10,130287.69,112018.54,16260.33,0,46,0.101,0,,,,0.577,1,44.2,0,0.14022161264813282,0.14515748910849938,,3,0
12.0,6,175852.64,193437.91,0.0,5,116,0.82,0,,,,0.251,0,8.8,0,-0.10000003411947633,0.0,,4,9
2.7,5,149469.39,132466.55,32370.22,0,26,0.05,0,,,,0.511,1,36.0,0,0.1137546624094741,0.24436523786571027,,0,6
7.6,1,420263.88,460242.81,0.0,6,84,0.57,1,97.2,4338250.77,0.1,0.493,1,58.6,0,-0.09512816090690447,0.0,0.8602235754830987,4,7
2.9,3,526853.73,516280.14,90365.06,0,17,0.328,1,74.3,5166296.92,21.3,0.451,0,34.5,0,0.020069308420764084,0.17503105968786634,0.8171618018787365,4,2
1.8,2,359224.78,333692.93,55822.29,0,6,0.241,1,86.6,3159115.13,17.9,0.465,0,19.8,0,0.07107485736368196,0.16728640310119847,0.7328547717856954,4,8
10.1,10,1105713.52,1178563.76,84299.95,0,52,0.403,1,91.4,11610474.91,9.3,0.526,0,33.5,0,-0.06588527560013917,0.07152769570990372,0.8750363980656882,3,2
12.7,29,450396.98,397022.64,112599.24,1,106,0.144,1,71.2,5081718.44,8.9,0.393,0,27.2,0,0.11850510187701518,0.2836091160947396,0.9402295207811268,4,9
8.1,18,1227102.34,1023444.1,157829.8,0,69,0.298,1,92.2,14643463.63,8.1,0.523,0,29.9,0,0.16596679295713843,0.15421438259305026,0.9944473220003258,2,11
1.7,149,894421.71,813546.68,108164.32,0,12,0.261,1,81.4,8081388.67,11.0,0.341,1,50.2,0,0.09042158647960358,0.13295404266169458,0.7529435481092396,3,1
1.0,16,576171.06,557341.73,2466.0,5,10,0.383,1,89.4,6482696.67,0.0,0.152,0,11.9,1,0.03268010371780921,0.004424574488617603,0.9376116920901927,4,11
6.5,4,496792.15,502889.56,55368.95,5,70,0.352,1,81.0,5382963.08,8.8,0.278,0,30.6,0,-0.012273563501355595,0.1101016095860093,0.9029535926980058,4,4
6.9,44,321937.72,285553.64,19689.83,0,63,0.28,1,83.8,2723517.33,7.5,0.754,1,61.7,0,0.11301589636653935,0.06895317461195732,0.7049803840941659,2,0
7.2,26,824927.5,773127.89,25806.82,3,66,0.421,0,,,,0.124,0,0.0,1,0.06279292422667444,0.03337975557963638,,4,10
5.7,10,669947.82,639138.56,126051.95,1,57,0.299,1,100.0,6920156.6,8.3,0.22,0,16.7,0,0.04598755168723423,0.1972216321919303,0.8607830333214109,4,3
10.0,10,222282.34,224713.99,8064.21,1,110,0.644,1,59.4,2267630.25,23.2,0.133,0,22.7,0,-0.01093946554638571,0.03588655072165289,0.8501313577137977,4,2
9.1,3,742300.9,639197.78,111726.82,0,98,0.277,1,80.3,7049113.06,12.4,0.484,0,16.3,0,0.13889666575912812,0.17479225287672306,0.7913584482159907,3,14
4.2,3,659871.47,628487.15,27095.1,2,48,0.2,1,47.6,8004480.35,38.0,0.161,0,14.6,1,0.04756126219549991,0.04311162129567804,1.010863568880568,1,0
5.4,5,254488.51,193367.5,39437.93,0,51,0.323,0,,,,0.798,0,42.4,0,0.24017198261721132,0.20395324964122719,,0,3
1.4,17,423128.74,430632.61,22193.63,1,15,0.503,1,70.2,5109482.88,19.2,0.643,0,35.3,0,-0.017734247973796333,0.05153727210765576,1.0062900477996366,3,8
1.1,12,370351.92,371983.19,26104.35,0,12,0.311,0,,,,0.242,0,6.0,0,-0.004404648421965839,0.07017615500313333,,4,12
4.7,9,381759.73,402090.84,0.0,7,29,0.767,1,70.4,3302352.83,18.0,0.469,0,28.8,1,-0.05325629814333755,0.0,0.7208619651073902,4,6
1.8,2,212252.83,161694.33,48354.64,0,19,0.05,0,,,,0.223,0,23.5,1,0.2381994152916595,0.29904969456875824,,1,7
7.6,9,621469.97,521044.76,120597.57,1,53,0.202,1,91.3,5826943.6,2.2,0.474,1,36.5,1,0.1615930211398629,0.2314533784007347,0.7813388526775209,0,13
2.1,145,2400558.45,2132383.35,302549.41,1,18,0.319,1,77.3,30345230.16,21.4,0.135,0,2.8,0,0.11171363063457175,0.14188321719919636,1.053408709960801,1,13
5.1,4,386377.14,372742.61,17729.13,2,25,0.334,0,,,,0.12,0,24.7,0,0.03528813842351032,0.047564001335935274,,1,13
5.5,6,212623.51,210820.19,20774.62,1,42,0.463,1,74.7,2791439.59,21.6,0.272,0,23.8,0,0.008481282243906174,0.0985418901292139,1.094046306701142,3,2
5.8,10,305270.73,247299.71,54145.22,0,50,0.106,1,80.2,2773649.02,1.9,0.412,1,53.4,0,0.18990035500619398,0.21894574805607334,0.7571555200635625,2,8
6.5,6,424620.52,467082.57,0.0,7,66,0.569,1,71.0,5174877.59,22.5,0.709,0,31.9,0,-0.099999995289912,0.0,1.0155886935625877,2,3
8.9,1,225193.0,219881.17,11522.29,0,30,0.55,1,65.4,2067677.86,6.1,0.506,0,26.2,0,0.023587900156754372,0.05240234986924983,0.765150285902907,2,0
4.0,1,278521.88,225163.77,69630.47,0,23,0.05,0,,,,0.547,0,25.2,1,0.19157600831934646,0.3092436673981787,,3,13
10.6,35,508034.65,454170.8,56393.95,1,112,0.239,1,62.3,4425952.98,11.5,0.248,0,4.8,0,0.10602396903439565,0.12416903508547886,0.7259926365258748,1,3
4.2,20,677951.75,610696.96,107280.59,0,43,0.05,1,68.7,8387879.81,18.9,0.546,0,37.9,0,0.09920291525171229,0.17566910763728052,1.0310320523055905,2,11
3.3,17,1005625.32,852005.68,115647.46,0,26,0.3,1,71.1,11590378.46,4.5,0.218,0,26.4,0,0.15276031434848905,0.13573555049539107,0.9604619657614296,1,3
6.5,9,394703.95,361621.46,15835.58,3,68,0.469,1,57.6,5075536.78,18.4,0.576,1,66.7,0,0.08381595877112451,0.04379048743401456,1.0715915012589394,2,8
10.6,3,431143.63,447751.08,29047.52,1,113,0.416,1,78.2,4927752.38,5.4,0.363,0,18.4,0,-0.03851953002297636,0.0648742600464526,0.9524576106265715,4,10
8.5,4,330094.65,247570.99,82523.66,3,84,0.05,1,92.0,3884348.07,0.1,0.377,0,17.1,0,0.24999999242641474,0.3333333198691818,0.9806147191419188,3,5
2.7,1,205723.14,156879.45,27287.19,0,30,0.312,0,,,,0.29,0,28.9,0,0.23742438502542787,0.17393731301327228,,1,14
5.1,9,274387.18,275431.63,25759.41,0,46,0.299,0,,,,0.298,0,5.8,0,-0.0038064825040295676,0.09352379027782684,,3,8
13.2,8,240975.39,204514.15,20579.63,0,137,0.317,0,,,,0.115,0,9.8,0,0.1513069031655059,0.10062692483625217,,4,5
7.6,5,399083.24,345754.25,52910.43,0,85,0.05,1,79.3,5040085.05,8.8,0.874,0,49.6,0,0.1336287387062408,0.15302900832021588,1.052429782568669,2,2
6.3,5,472577.96,505992.63,0.0,3,64,0.56,1,67.3,4017287.89,18.3,0.552,0,46.4,1,-0.07070721199101199,0.0,0.7083995005466046,3,11
11.5,43,370865.01,362579.42,29160.13,0,110,0.299,1,100.0,4828377.5,4.3,0.374,0,27.9,0,0.02234125564986577,0.08042411783878964,1.0849359762104995,3,0
2.8,3,594785.16,486607.3,133445.46,0,31,0.05,1,66.4,7012880.34,8.3,0.785,1,69.3,0,0.18187720083668538,0.2742364530906133,0.9825509012363388,0,12
3.7,10,414602.61,405316.26,23554.76,0,25,0.488,1,61.1,3602515.45,20.3,0.383,0,12.5,0,0.022398194743636506,0.05811452025142046,0.724090040902862,4,8
4.6,10,325934.78,343837.45,0.0,5,49,0.442,1,75.8,4141408.16,14.0,0.464,0,20.8,1,-0.054927154444824766,0.0,1.0588540034502198,4,0
3.4,8,232713.88,201662.63,31369.19,2,36,0.322,0,,,,0.379,0,19.6,0,0.13343101838188595,0.1555528161067819,,3,8
1.2,9,191114.88,168376.93,39618.59,0,9,0.093,1,92.9,2276207.45,15.8,0.466,1,42.9,0,0.1189752990452654,0.23529702079732656,0.9925127450393537,0,2
2.1,9,206677.38,175377.95,34860.44,0,21,0.321,1,68.1,1883807.63,1.1,0.887,0,57.3,0,0.1514410043324528,0.19877322092087404,0.7595604761714448,0,5
2.4,1,216177.38,225423.62,0.0,5,21,0.481,0,,,,0.147,1,27.3,0,-0.0427715425175381,0.0,,1,8
9.5,7,413477.37,349817.77,96535.19,0,96,0.05,1,100.0,4590306.6,0.7,0.597,1,61.5,0,0.1539615094291617,0.27595850833992797,0.9251426504913679,2,10
14.5,34,733303.51,788036.52,1535.13,3,132,0.528,1,82.2,6287541.71,14.7,0.768,1,59.8,0,-0.07463895815799383,0.0019480442353103128,0.7145224344646415,2,3
2.5,4,246901.24,231479.39,14232.78,2,19,0.456,1,66.6,2290370.21,29.8,0.496,1,47.9,1,0.06246161420655472,0.06148616513979927,0.7730385807971911,2,14
0.6,14,1162375.71,963755.66,185616.56,0,6,0.143,1,98.4,11330532.69,0.0,0.408,1,52.9,0,0.17087422620006396,0.19259711533107882,0.8123114147834352,3,13
16.0,7,523208.52,511191.5,47775.23,0,145,0.406,1,79.4,6332552.32,17.3,0.485,0,34.7,0,0.022967936378406106,0.0934585766782116,1.008608753797307,4,0
9.1,33,1246189.78,1135405.71,52008.25,0,63,0.223,1,84.2,15749442.5,9.1,0.368,0,28.0,0,0.08889823346168034,0.045805873215134706,1.053173090270943,4,13
4.8,2,216946.82,210290.17,14596.57,1,50,0.299,1,84.7,2199931.02,0.0,0.24,0,6.4,0,0.030683325987447035,0.06941156593292021,0.8450346725524717,4,8
3.6,5,210581.02,212102.76,2744.53,2,35,0.423,1,65.4,2229163.22,16.0,0.099,0,0.0,0,-0.007226387259402675,0.012939624170850017,0.8821478861991774,1,7
9.5,1,227756.04,202223.71,17093.61,0,110,0.147,0,,,,0.562,0,47.6,0,0.11210385463322955,0.08452821877315969,,2,13
11.2,9,847761.46,772954.82,144708.49,0,100,0.39,1,80.8,9670068.48,2.8,0.237,0,10.7,0,0.08824019907675447,0.18721468093051027,0.9505492736128864,1,8
5.0,12,404226.23,330357.43,101056.56,1,35,0.05,1,100.0,4721222.2,0.0,0.782,1,77.2,0,0.18274123378881174,0.3059006724928209,0.973304437303174,2,11
6.7,5,1233918.08,1084616.81,113673.13,0,71,0.116,1,85.9,12857350.32,15.3,0.414,0,32.6,0,0.12099771647725593,0.10480487574224485,0.8683281956610928,4,13
3.3,36,301203.99,293179.46,0.0,5,27,0.417,1,77.6,3479336.49,12.5,0.686,0,42.4,1,0.026641512949413353,0.0,0.962619079182849,2,13
6.8,6,467546.84,514301.52,0.0,1,60,0.59,1,75.6,5662022.39,9.7,0.607,0,16.5,0,-0.09999999144470742,0.0,1.0091720418143915,3,13
2.2,4,236464.74,220161.19,15988.16,1,12,0.4,1,84.7,2620002.98,11.4,0.796,1,61.9,0,0.0689470658500713,0.07262024701083783,0.9233240510473852,2,14
5.4,22,883180.91,928688.33,0.0,3,57,0.4,1,82.0,10078688.32,12.9,0.297,0,8.4,0,-0.05152672514173786,0.0,0.950983749561948,4,14
2.4,31,797167.97,640951.45,130812.94,0,21,0.074,1,97.4,8589982.78,18.9,0.666,0,29.9,0,0.19596437122279264,0.20409180757762543,0.8979687158445833,2,1
10.4,5,421534.85,402292.41,32334.74,0,121,0.274,1,66.7,4824087.11,21.9,0.33,0,16.7,0,0.045648515182078075,0.08037621192008072,0.9536750263155389,4,1
7.4,40,608630.7,585192.01,63832.46,0,70,0.175,1,67.5,6537045.82,9.5,0.437,0,26.4,0,0.03851052863419467,0.10907951391885887,0.8950482095847834,3,8
1.9,1,193536.72,145152.54,48384.18,0,18,0.05,1,100.0,1982394.17,9.6,0.705,0,32.9,0,0.24999999999999997,0.3333333333333333,0.8535822771341101,2,8
19.0,2,375042.74,283633.89,93760.68,0,87,0.05,1,100.0,4539403.58,6.1,0.551,1,64.5,0,0.24372915470914056,0.33056938294644544,1.0086413928894256,2,14
2.2,9,387526.48,360514.38,47094.85,0,19,0.325,0,,,,0.075,0,3.5,1,0.06970388191279207,0.13063237588470117,,1,12
0.7,5,507166.54,523659.76,43065.95,1,6,0.413,1,66.7,5751052.79,14.4,0.301,1,33.6,1,-0.03252032360021233,0.08224032719260307,0.9449645458997881,4,11
18.5,34,1511473.27,1228116.93,260380.69,0,196,0.198,1,50.2,12876065.02,28.1,0.08,0,19.1,0,0.18747029512470312,0.21201620435278912,0.709906975948925,1,1
5.3,8,1367555.82,1504311.4,0.0,5,53,0.639,1,75.7,13177479.72,12.4,0.183,0,10.6,0,-0.09999999853753673,0.0,0.8029824405997557,4,7
14.3,4,226597.34,188427.03,34377.97,0,75,0.363,0,,,,0.606,1,73.8,0,0.16844994738243615,0.18244712555305892,,3,8
6.2,31,866788.03,884787.62,63686.69,0,71,0.602,1,95.9,7543224.16,2.0,0.646,1,58.7,0,-0.020765849754524144,0.07197963506767872,0.7252084610966921,2,11
1.4,4,718524.44,601010.87,117337.71,0,11,0.221,1,72.8,8856292.46,24.2,0.488,0,36.7,0,0.16354846607583726,0.19523392314019214,1.027138856496888,4,14
6.6,2,330827.53,336621.94,10315.14,2,72,0.532,1,77.9,4337570.7,7.8,0.432,0,28.1,0,-0.017514896659295474,0.030643100684405775,1.0926062441055011,4,11
2.5,78,625964.13,494583.12,116980.44,0,27,0.089,1,71.9,6079082.37,10.4,0.515,1,51.1,0,0.20988584441731511,0.23652331684914762,0.8092958896862029,2,13
5.4,4,398855.15,334096.67,73570.75,0,38,0.153,1,81.9,3876339.79,7.2,0.565,1,70.5,0,0.16236089718284955,0.22020797154308663,0.8098887925436923,0,5
9.8,10,1111828.4,839430.67,240316.53,0,103,0.105,1,72.0,13537928.74,11.0,0.402,0,30.4,0,0.24499979493238336,0.28628514371532315,1.0146896124737714,3,2
17.1,5,595172.49,558386.04,76754.22,0,167,0.303,1,87.3,7032183.34,0.0,0.413,0,19.3,1,0.06180804828529617,0.13745726880994374,0.9846141886251049,4,7
7.8,6,835125.91,686864.5,152619.48,2,50,0.05,1,87.8,8245921.18,5.8,0.495,0,30.5,0,0.1775318047550459,0.222197362070685,0.8228221518517289,4,10
20.9,7,666382.3,540152.03,128021.63,0,191,0.05,1,94.1,7165951.11,4.1,0.561,0,34.3,0,0.1894262047476351,0.23701036539657178,0.8961261313513279,3,1
3.8,7,225965.54,228815.68,1029.36,5,28,0.596,1,87.6,2581921.47,7.5,0.461,1,51.5,1,-0.01261316216623112,0.004498642750356968,0.9521811268213729,2,7
8.8,7,452257.8,457240.6,36631.02,0,83,0.32,1,76.2,5205551.29,0.5,0.491,0,21.3,0,-0.01101760986764626,0.08011322704064337,0.9591784615618202,0,8
1.0,26,874661.75,745541.73,161286.38,0,9,0.177,1,86.7,10607484.8,0.0,0.484,1,47.5,0,0.14762280390105093,0.21633447667644307,1.0106273272687032,2,11
11.0,6,388374.04,340856.23,43269.03,2,107,0.212,1,83.8,4213651.92,16.3,0.421,0,34.4,0,0.12235063394041476,0.12694217148385406,0.9041223764595595,4,13
0.5,1,158588.74,129104.63,30028.54,0,6,0.05,0,,,,0.629,1,66.4,0,0.1859155322124382,0.23259072893048066,,2,6
0.7,8,3235164.29,2986372.42,437319.25,0,6,0.274,1,66.1,35578917.32,13.7,0.1,0,12.7,0,0.0769023912538303,0.14643828313951546,0.9164634345870164,1,2
7.8,5,1396414.76,1272613.27,261036.87,0,63,0.294,1,82.5,18006712.92,20.0,0.604,1,60.8,0,0.08865667532760825,0.20511877107803536,1.0745800266390768,2,14
4.4,7,991244.11,1009044.28,0.0,3,33,0.462,1,63.2,11457885.55,12.3,0.496,0,17.5,1,-0.01795740304575433,0.0,0.9632579767191084,4,8
0.6,5,489143.95,526139.21,29131.32,5,6,0.25,1,63.7,5910957.32,18.5,0.23,0,1.1,1,-0.07563266396323608,0.055368084047566046,1.007024162655322,4,14
2.2,39,1534858.35,1423245.14,347855.22,0,23,0.217,1,84.9,14236675.02,2.8,0.401,0,23.3,0,0.07271889943459615,0.24440991240623522,0.7729635669636874,4,13
2.0,9,142875.71,144586.59,13935.7,2,20,0.233,0,,,,0.396,0,20.1,1,-0.011974603660762244,0.0963830739766392,,4,1
6.3,6,515052.87,392416.54,96379.14,0,30,0.05,1,89.9,5584401.27,1.0,0.295,0,3.0,0,0.23810435227746624,0.24560417356516115,0.9035320441957735,1,13
0.8,7,605211.03,546844.36,107169.66,0,6,0.441,1,72.1,7660055.49,13.6,0.223,0,18.7,0,0.09644019541415172,0.19597835844919387,1.0547361595508264,4,12
0.6,4,1301595.21,1188451.64,81791.12,0,6,0.404,1,72.4,11601344.86,11.4,0.508,0,40.8,1,0.0869268487858065,0.06882158032109746,0.7427645176516386,2,14
5.8,9,459570.8,462805.2,0.0,6,63,0.576,1,75.3,5026260.97,18.3,0.854,0,35.8,0,-0.007037870987451821,0.0,0.9114049039524125,0,13
2.9,5,724077.63,672897.87,64866.46,0,24,0.431,1,84.4,8998307.01,12.4,0.231,0,11.9,1,0.07068269737873273,0.09639867042527568,1.0356056953451247,1,8
5.4,42,377867.96,323009.26,56116.7,0,51,0.183,1,81.9,3314643.57,0.0,0.135,0,0.0,0,0.14517954896202367,0.17373093266737924,0.7309968738815537,1,13
4.7,2,93981.03,89228.33,10258.29,1,53,0.376,0,,,,0.292,0,16.3,0,0.05057084392456645,0.11496673758211098,,1,11
1.2,35,657606.6,723367.26,0.0,3,12,0.571,1,80.0,7329751.24,13.2,0.871,1,69.8,0,-0.10000000000000005,0.0,0.9288419601222576,2,0
10.6,7,804603.02,736573.34,56895.02,1,116,0.33,1,68.9,9852527.91,14.4,0.484,0,32.5,0,0.08455061478640741,0.07724284454824282,1.0204336450290727,3,8
0.8,48,420838.54,377639.22,64190.8,0,8,0.208,1,93.5,3594571.99,3.3,0.689,1,69.6,0,0.10265057948352356,0.1699791668884392,0.711787627229515,2,5
0.5,2,645957.85,566510.05,100650.07,1,6,0.05,1,99.3,8261860.94,0.0,0.121,0,0.7,1,0.12299223548409534,0.17766687457707062,1.0658410787432442,4,11
2.1,30,566051.03,451121.43,127530.87,0,23,0.155,1,78.5,5569046.4,0.4,0.536,1,42.7,0,0.20303752472634848,0.282697432485085,0.8198681309704533,3,2
10.5,48,892350.41,800901.59,87369.95,0,69,0.33,1,72.7,11338109.13,15.9,0.311,1,45.3,0,0.10248084045817837,0.10908949500275059,1.0588244448725026,3,4
4.5,1,325402.61,337320.52,0.0,3,43,0.298,1,64.1,3884889.8,15.2,0.196,0,25.8,1,-0.036625121107664235,0.0,0.9948931161513015,4,6
7.3,40,1606478.36,1461491.45,46485.58,3,39,0.172,1,90.9,20891281.32,0.6,0.802,0,65.9,0,0.09025139311556002,0.03180694625343173,1.0836996957743021,2,14
7.0,7,725095.52,756925.11,45103.19,3,72,0.436,1,73.7,8735035.95,26.7,0.539,0,42.0,0,-0.04389709924011111,0.0595873877139576,1.0038948558115486,3,6
17.4,3,1042910.13,1053278.76,0.0,6,120,0.644,1,75.6,11236800.15,12.9,0.359,0,31.8,0,-0.009942016768022,0.0,0.8978721996880019,3,9
1.8,2,413382.9,427501.68,0.0,3,11,0.604,1,91.9,4724795.73,6.2,0.5,0,25.1,0,-0.03415424295489719,0.0,0.9524655652181064,3,7
7.0,4,414541.14,436617.31,0.0,1,58,0.5,1,100.0,3977475.97,0.0,0.361,0,39.9,0,-0.05325447312659965,0.0,0.799574032225929,4,10
20.8,8,508288.54,418606.23,66574.88,0,200,0.05,1,80.7,4407346.19,8.5,0.161,0,11.9,0,0.17643976391834448,0.1590393912675404,0.7225794411313439,1,11
2.1,47,94620.78,84044.3,10225.74,0,17,0.252,0,,,,0.445,1,48.3,0,0.11177756091209559,0.1216708331201521,,0,13
7.7,9,157801.82,130599.6,37815.61,0,76,0.23,1,94.8,1935669.73,4.0,0.288,0,14.2,0,0.17238216897625136,0.28955379648942264,1.0222050090001074,4,1
3.1,16,422401.86,391638.9,53267.06,0,24,0.089,1,88.8,4192023.09,4.5,0.634,0,37.2,0,0.07282865657835873,0.1360106465420059,0.8270211156267161,3,14
8.6,3,168408.34,139038.24,40051.55,0,96,0.23,1,82.6,1992379.59,9.6,0.578,1,45.0,0,0.17439813253904174,0.28806139951138626,0.985887233969529,3,8
7.9,22,612485.42,460161.92,101049.38,1,44,0.097,1,75.2,6361288.44,14.3,0.746,0,40.5,0,0.24869734858341616,0.21959526768316684,0.8655020228889693,2,11
4.4,27,312722.13,264327.26,18002.97,4,33,0.285,1,94.6,3225317.86,0.0,0.033,0,0.0,0,0.15475358267737557,0.06810863926785304,0.8594738349132289,1,1
5.1,5,793743.91,750190.83,93827.89,1,51,0.399,1,68.2,9256507.17,12.2,0.631,0,42.9,0,0.05487044303747801,0.1250720300060186,0.971819232603624,3,1
5.0,6,211438.97,225851.58,6827.6,2,57,0.447,1,85.7,2712998.61,3.9,0.449,0,25.0,0,-0.06816439750912515,0.03023047259620677,1.0692599263986198,2,14
5.8,6,1032446.63,1078391.14,0.0,3,65,0.662,1,76.8,11846256.47,12.9,0.261,0,15.2,0,-0.04450061500999804,0.0,0.9561637478216832,1,4
8.5,6,742669.09,727316.53,124649.45,0,85,0.288,1,67.2,6858300.73,9.8,0.468,1,39.3,0,0.02067214080499828,0.17138267158591872,0.7695554703014951,3,13
5.1,7,420594.43,315445.83,105148.61,2,35,0.05,1,99.2,5511632.89,3.4,0.777,0,41.0,1,0.24999998216809477,0.3333333333333333,1.0920323905224643,2,8
3.6,133,1165440.94,1067950.06,108863.36,0,36,0.15,1,93.6,12901806.16,10.0,0.24,0,6.0,0,0.08365149760398832,0.1019367516117748,0.9225268106106976,4,11
1.7,5,527410.12,449740.07,66607.13,1,17,0.405,1,81.5,6840125.7,17.2,0.436,1,31.1,1,0.14726689355145478,0.14810139109908532,1.080772729579023,2,5
5.2,8,474237.49,435712.92,118559.37,2,46,0.05,1,90.4,5313905.93,2.2,0.117,0,9.2,0,0.08123476277676825,0.27210432502208104,0.9337631534922864,1,12
12.5,41,548790.42,482799.71,62773.58,1,91,0.234,1,75.0,5498148.91,6.3,0.354,1,46.4,0,0.12024756190168191,0.13001992068305096,0.8348889833633271,4,2
5.4,3,333906.94,338371.5,25652.9,2,52,0.312,1,63.6,3250037.3,13.5,0.474,0,17.5,1,-0.013370671481101883,0.07581282702591678,0.8111135445901982,2,3
9.7,12,1196403.14,1089531.03,201719.38,0,96,0.206,1,81.2,10073030.13,13.9,0.107,0,0.0,1,0.08932784144983093,0.18514330886014324,0.701619002354006,1,13
1.7,26,314122.43,313423.81,8974.21,4,14,0.481,1,62.1,3439606.36,11.4,0.487,0,21.2,0,0.0022240372965407003,0.028632827863333037,0.9124909142379082,0,5
3.5,48,1867037.12,1451098.54,322979.29,0,36,0.209,1,86.9,16034295.09,0.0,0.611,0,20.6,0,0.22278002699807065,0.22257571150199074,0.7156747143302645,2,10
9.0,4,1120979.52,989186.82,248965.3,0,79,0.118,1,80.5,12499234.54,1.0,0.408,0,16.0,0,0.1175692308812208,0.25168683505103717,0.9291899269786242,3,12
10.5,3,210092.45,231101.7,0.0,7,92,0.808,1,61.5,2361727.95,11.6,0.358,1,50.8,0,-0.10000002379904656,0.0,0.9367812241705972,3,12
8.0,3,221534.79,208964.72,10577.48,0,85,0.284,0,,,,0.743,0,43.4,0,0.05674083966676298,0.05061849674911631,,2,10
19.0,2,285148.36,291464.51,27883.38,2,176,0.496,1,63.7,3147037.05,10.8,0.693,0,31.1,1,-0.022150399181675193,0.09566646724844818,0.9197075076987993,2,3
4.1,9,608912.53,554080.6,72379.67,0,35,0.228,1,78.3,5347965.05,10.6,0.283,1,40.9,1,0.09004894348290066,0.1306302187804446,0.7319011060039553,3,0
2.1,20,457542.25,400530.77,76582.97,0,11,0.336,1,82.4,5836800.94,18.8,0.845,1,73.0,0,0.12460374970836023,0.19120371201443523,1.0630713957745614,0,14
1.4,1,262492.0,217081.43,25933.34,0,15,0.438,0,,,,0.299,0,20.6,0,0.17299791993660762,0.11946365011507433,,3,13
0.6,3,460513.18,461680.02,31499.41,0,6,0.393,1,77.3,4773580.29,12.4,0.416,0,43.2,0,-0.0025337819864352756,0.06822779551950288,0.8638153581185233,2,8
2.9,5,215985.41,237583.95,0.0,4,17,0.848,1,75.4,2666781.92,0.0,0.69,1,72.8,1,-0.09999999537005767,0.0,1.0289205491549946,2,6
1.1,34,410332.19,451365.41,10858.16,6,10,0.422,0,,,,0.507,1,56.3,1,-0.10000000243704978,0.02405625189577553,,3,7
2.1,7,203806.39,197699.48,17759.8,0,24,0.388,0,,,,0.421,0,23.2,0,0.029964271483342613,0.08983230507232491,,4,11
12.4,10,510408.71,466261.72,69763.47,0,113,0.31,1,80.9,4983688.83,0.9,0.29,0,11.5,0,0.08649341034952175,0.14962298427586979,0.8136761664980208,1,10
18.2,17,1286366.15,1135121.48,308189.75,0,174,0.157,0,,,,0.47,1,46.7,0,0.1175751320881694,0.27150376010856564,,2,8
10.6,44,1201567.18,1167433.49,92418.66,0,115,0.426,1,77.0,13602781.57,7.8,0.109,0,2.3,0,0.02840764175998877,0.07916396162320134,0.9434055371197251,1,13
1.5,18,1947911.2,1843425.03,0.0,3,16,0.296,1,64.7,21258519.87,6.4,0.673,0,38.3,1,0.05364010946700236,0.0,0.9094579478263692,3,1
4.9,2,102831.52,84958.32,19475.77,0,55,0.257,0,,,,0.869,0,36.5,0,0.17381052035407038,0.229239113956114,,2,1
10.9,14,344909.78,306102.61,62234.94,0,126,0.18,1,86.5,4302801.95,16.3,0.703,1,54.1,0,0.11251397394414284,0.20331398023688854,1.0395960044005323,2,14
9.3,3,368472.71,348097.44,36934.05,0,94,0.282,0,,,,0.876,0,35.5,0,0.05529655099830871,0.10610261885292809,,2,8
7.6,10,750882.28,796659.81,0.0,3,52,0.472,1,84.4,7931545.8,0.0,0.426,0,36.3,1,-0.06096498907924692,0.0,0.8802473671372296,4,9
14.1,4,195352.41,170019.71,20998.59,0,150,0.245,0,,,,0.151,0,22.4,0,0.12967692592069896,0.12350679812358227,,4,12
4.4,7,398406.13,384831.05,1413.18,4,37,0.302,1,96.0,3527501.41,11.7,0.497,0,25.2,1,0.03407347171088963,0.003672208882313421,0.7378361644017207,3,7
9.7,43,445845.74,418817.36,18210.7,0,86,0.138,1,80.2,5151798.57,9.5,0.155,0,18.8,0,0.060622716727090416,0.04348124442597127,0.9629262073918213,4,13
9.7,4,675734.98,590826.92,167057.31,1,112,0.188,1,76.3,6001110.5,4.7,0.446,0,27.9,0,0.12565290019468867,0.28275168978420956,0.740072005250737,2,5
8.3,25,1581013.63,1462849.95,211227.42,0,80,0.254,1,86.6,14831818.12,5.1,0.486,0,21.0,0,0.07473919121114721,0.14439445412702787,0.7817673547402203,4,11
16.5,10,525157.35,502715.86,26228.86,1,167,0.331,1,84.4,5682733.48,3.7,0.576,0,29.3,0,0.04273288758121731,0.05217432368256693,0.9017509196688067,0,11
5.1,237,2054295.31,1989728.09,298928.86,0,52,0.298,1,74.1,20150654.63,6.6,0.471,0,13.0,0,0.03143034970955562,0.1502360355177978,0.8174195847074521,4,10
3.1,8,749749.53,656674.23,137381.69,0,29,0.312,1,89.4,9006735.47,1.0,0.476,0,37.3,0,0.12414185841503635,0.2092082858192867,1.001082707136431,4,3
6.3,10,650627.74,489527.83,162656.93,0,49,0.05,1,93.4,6688787.33,3.1,0.589,0,44.1,0,0.2476068880801178,0.3322731007959241,0.8567094667169689,3,14
1.6,49,999268.56,927948.22,104740.84,0,18,0.244,1,69.9,10023436.43,11.5,0.343,1,38.8,0,0.0713725447341204,0.11287358253674973,0.8358977782375807,3,8
6.8,219,1720634.82,1676669.92,14046.94,1,67,0.503,1,73.1,22301793.65,12.8,0.304,0,11.3,0,0.02555155776749894,0.008377880364192375,1.0801146080297657,3,11
3.3,46,1174003.22,1098619.34,59217.39,2,30,0.262,1,93.2,10856496.57,3.2,0.295,0,13.9,0,0.06421096528167945,0.053901645314199546,0.7706180290544689,4,8
9.2,26,784058.59,716849.61,164514.2,0,79,0.229,1,100.0,8040149.59,0.0,0.821,1,83.2,0,0.0857193338064187,0.229496114254704,0.8545438751373584,2,8
3.9,8,418616.24,376729.24,57112.66,0,27,0.235,1,84.6,5235616.74,2.2,0.282,0,5.0,0,0.10006061876624758,0.15160134636748665,1.0422467007013394,4,7
5.5,9,505270.11,459280.41,62534.24,0,40,0.353,1,75.6,4701080.53,6.9,0.722,0,29.7,0,0.09102002887129028,0.13615699393753808,0.7753411553145967,2,7
3.9,5,198054.87,187523.36,36347.62,0,17,0.247,1,71.2,1953777.29,8.1,0.888,0,40.7,0,0.05317470860474176,0.1938298247215707,0.8220690264605293,0,5
5.0,7,726005.38,635688.78,134670.33,0,54,0.197,1,82.8,6531989.13,19.7,0.689,0,27.3,1,0.1244021084251469,0.21184946822563075,0.7497636277846866,0,8
4.3,10,751919.57,694579.65,9528.43,1,45,0.639,1,89.4,9164193.17,5.7,0.366,0,27.5,0,0.07625804978051035,0.013718268308033498,1.0156442186584753,4,10
11.6,10,281756.61,270392.26,33406.09,1,88,0.281,0,,,,0.491,1,54.6,0,0.04033392508520023,0.12354676868339351,,0,11
3.4,9,337105.25,363698.01,22531.49,1,33,0.348,0,,,,0.186,0,5.8,0,-0.07888562993308472,0.06195109508572786,,1,1
13.0,8,616036.21,531893.63,13372.59,3,152,0.454,1,78.4,5424557.08,8.8,0.791,0,53.9,0,0.1365870684776792,0.02514147424551785,0.7337984618360881,0,13
9.7,33,418562.02,360403.18,75120.17,0,80,0.245,1,100.0,5069409.12,7.1,0.697,1,76.1,0,0.13894915740324462,0.2084337047192536,1.0092907139544098,0,11
2.4,45,206829.18,204717.29,28575.45,0,25,0.28,1,88.9,2172992.25,10.7,0.324,1,41.3,1,0.010210793273947055,0.13958493686586024,0.8755180845372011,4,13
3.0,5,844812.57,809064.91,39462.84,1,28,0.37,1,86.9,8195119.5,11.2,0.204,0,35.3,1,0.04231430884130893,0.04877586397857744,0.8083764958658226,1,8
5.9,3,288236.94,287517.64,4188.77,0,59,0.341,1,63.7,2769407.19,19.0,0.898,1,56.5,0,0.0024955163623371396,0.01456874089534124,0.8006743774756975,2,8
4.8,7,830069.41,809030.59,168604.25,0,45,0.145,1,74.8,8124185.94,12.7,0.74,0,36.9,1,0.025345856318208456,0.2084028120617788,0.8156131124022509,2,0
4.4,10,375917.3,406887.75,3693.93,7,44,0.413,1,67.9,3300132.53,12.5,0.138,0,1.1,0,-0.08238633869736778,0.009078498922614406,0.7315732587105374,1,8
19.8,5,290113.34,268218.91,35859.95,0,201,0.149,1,62.8,2741197.25,12.2,0.222,0,0.0,0,0.07546853929571129,0.13369657642706848,0.7873926244365966,1,8
10.1,50,1030593.26,1082369.6,11037.63,1,86,0.648,1,81.5,9472525.24,13.0,0.098,0,0.0,0,-0.05023935436954059,0.010197653370900289,0.7659443681334898,1,10
3.3,17,483315.14,410496.9,82179.49,0,38,0.411,1,93.8,4597294.34,0.0,0.65,0,24.9,0,0.1506640987906979,0.2001951537271049,0.7926667922438073,2,7
3.8,8,188722.39,174005.34,19602.21,0,36,0.226,1,94.9,2215636.81,0.0,0.751,1,70.0,0,0.07798253296813386,0.11265292203101353,0.9783492082382664,2,8
5.5,10,779442.04,624033.18,79827.57,0,57,0.26,1,86.7,9847642.13,7.9,0.674,0,31.5,0,0.19938475476637105,0.12792199607078586,1.0528516580484506,2,0
4.6,3,302145.02,252872.78,54595.63,0,42,0.23,1,65.2,3256580.05,12.4,0.247,1,19.9,0,0.16307480427776044,0.2159015691605874,0.8981834975580048,1,0
3.4,3,181452.21,140117.63,37730.65,0,33,0.092,0,,,,0.394,0,22.9,0,0.22779871350147782,0.26927839130593345,,4,5
11.4,1,480504.01,436782.83,42159.78,0,100,0.4,1,66.3,5183165.74,16.6,0.794,0,39.1,0,0.09099025000852749,0.09652343705909867,0.8989112876151301,2,10
4.4,9,770283.88,726778.1,115119.54,0,36,0.18,1,83.9,7852680.32,12.6,0.155,1,32.6,0,0.05648019013457743,0.1583970953445075,0.8495439715896257,1,11
3.0,141,1665390.57,1414023.49,325292.71,1,32,0.14,1,95.4,15680424.92,0.0,0.162,0,20.6,0,0.15093581321287297,0.23004759984574233,0.7846219981098288,4,3
0.5,39,567923.09,556189.61,0.0,0,6,0.343,1,94.5,5690200.17,5.3,0.815,0,41.5,0,0.020660332722164866,0.0,0.8349428925314517,2,10
9.5,17,442458.33,458229.08,31473.23,3,89,0.286,1,80.0,4129200.63,19.5,0.864,0,57.7,0,-0.03564346952175135,0.06868448855319265,0.777700472946232,2,13
7.1,8,545752.97,507635.01,31228.94,1,82,0.297,1,79.3,5707094.47,0.7,0.472,0,28.1,0,0.06984471380888677,0.061518491405862644,0.8714404354653963,2,6
4.8,44,1008566.44,944729.2,159491.19,0,50,0.071,1,90.6,12798288.34,10.8,0.498,0,21.5,0,0.06329502694934008,0.16882212384247255,1.0574653151589433,4,5
8.8,3,290850.36,271935.58,32530.14,1,92,0.194,0,,,,0.292,0,27.2,0,0.06503268553630111,0.11962443458116072,,3,5
1.4,9,576585.29,432438.97,101958.32,0,8,0.13,1,76.5,5967880.54,7.3,0.412,1,59.8,0,0.24999999566412812,0.23577505052331435,0.862532199413782,2,8
9.4,4,316407.62,326434.42,0.0,3,105,0.551,0,,,,0.588,0,48.8,1,-0.03168950229454015,0.0,,0,12
19.9,9,552856.51,536881.94,74064.84,0,179,0.125,1,70.0,6211144.65,10.2,0.272,0,18.8,0,0.028894604135167125,0.1379536812134154,0.936220118851454,3,3
6.6,24,949863.92,877129.1,48586.22,1,69,0.485,1,74.4,12459871.04,10.5,0.45,0,13.6,1,0.0765739370330016,0.05539232480144599,1.0931277257764107,4,8
3.5,18,484492.88,460481.92,35221.6,0,30,0.526,1,74.4,4461875.08,16.4,0.873,1,76.0,0,0.04955895327089228,0.07648856224365987,0.7674476523438968,2,6
5.9,17,512415.14,481108.13,47218.62,0,63,0.369,1,84.8,5331916.64,14.3,0.408,1,47.4,0,0.061096965245796615,0.09814554578406315,0.8671218939133349,2,3
4.7,12,486337.86,472901.16,5611.23,1,43,0.298,1,87.0,5153036.1,14.8,0.541,0,26.4,0,0.02762832406261773,0.011865545011562246,0.8829657534784562,3,7
3.2,50,2796044.15,2394520.3,444629.73,0,33,0.259,1,100.0,34252297.54,5.3,0.326,0,4.7,0,0.1436042596108506,0.18568634811740792,1.020855886103706,4,13
12.3,4,516094.77,567704.25,0.0,3,103,0.626,1,80.1,6304169.79,21.4,0.563,0,19.8,0,-0.10000000581288583,0.0,1.0179283206066978,3,13
14.7,26,1202645.16,1322909.68,0.0,1,146,0.56,1,63.0,13168551.06,27.9,0.111,0,14.0,0,-0.10000000332600185,0.0,0.9124713518990092,4,5
5.2,20,481084.96,361382.39,88979.24,0,42,0.24,1,80.1,5725114.53,13.5,0.55,1,48.5,0,0.24881794267690263,0.2462190811234604,0.9917019178899295,2,3
1.4,21,1215206.05,1245354.99,0.0,3,13,0.335,1,95.2,12231916.46,0.2,0.76,0,40.9,0,-0.024809734941658612,0.0,0.8388094938028547,2,8
2.3,9,176982.76,171624.88,18421.47,0,14,0.343,1,77.6,1683752.11,15.6,0.808,0,43.4,0,0.03027345714350937,0.1073356613563255,0.7928042021343398,2,11
15.1,5,318181.19,304907.86,56538.04,0,114,0.22,1,83.6,2939969.74,2.2,0.132,0,9.2,0,0.04171626235982088,0.1854266400347961,0.7699935949492593,1,11
2.7,15,244874.26,186216.79,33039.63,0,25,0.287,0,,,,0.349,1,37.8,0,0.2395411832995432,0.17742562311379118,,3,8
10.4,24,490099.59,438336.43,31796.46,0,109,0.388,1,95.1,4304040.21,12.3,0.423,0,37.1,0,0.1056176357952065,0.072538940010074,0.7318308866571384,3,3
2.5,5,287929.97,245578.78,65924.99,0,16,0.057,1,92.9,3295883.4,13.7,0.396,0,27.4,0,0.14708850905655976,0.26844742041637315,0.9539019158026517,4,10
4.9,1,111658.24,89364.99,12997.64,0,46,0.222,0,,,,0.382,1,39.1,0,0.19965611136267236,0.14544442963625911,,3,4
5.8,10,217395.44,194765.01,19706.29,0,61,0.398,0,,,,0.505,0,12.4,0,0.10409799763969287,0.10117982691038806,,0,6
9.9,26,358156.52,356494.2,0.0,6,55,0.383,1,75.9,4344141.93,9.8,0.404,0,23.7,0,0.004641322737891263,0.0,1.0107643091350116,4,10
1.1,9,545357.11,567619.41,19287.93,4,12,0.338,1,78.9,6012167.09,3.0,0.105,0,15.1,1,-0.04082150868079825,0.03398039189674645,0.9186896346994846,4,5
10.1,5,227360.37,191966.49,35796.89,0,109,0.169,0,,,,0.402,1,58.5,0,0.15567304011688582,0.1864746810758482,,4,11
11.2,5,679001.65,678678.04,59814.4,0,121,0.317,1,100.0,5729209.76,2.2,0.507,1,43.2,0,0.0004765967799930766,0.08813369001890793,0.7031413644822021,2,10
8.9,7,305701.24,265380.88,50774.91,0,83,0.188,1,85.7,3696300.2,11.6,0.612,1,49.3,0,0.1318946563644949,0.19132844084321374,1.007601463005733,2,5
3.2,1,233084.26,209671.23,38145.01,0,32,0.185,0,,,,0.021,1,21.3,0,0.10044878191260104,0.1819277256111866,,1,11
11.2,3,510660.85,525357.59,17588.38,2,94,0.222,1,70.3,5601843.7,14.4,0.268,0,19.2,0,-0.028779844783480057,0.0334788729330055,0.914149397458868,3,10
3.5,15,410602.19,382085.51,41061.01,1,41,0.3,1,54.2,4520117.68,28.4,0.174,0,32.1,0,0.06945087165755251,0.10746549901879295,0.9173757045312722,4,3
7.9,3,405456.42,415719.95,14246.26,3,63,0.519,1,78.7,5216919.95,20.1,0.408,0,27.7,0,-0.025313521980981406,0.03426888702358403,1.0722319532310443,2,2
6.8,14,544723.98,459200.67,53881.08,0,76,0.075,1,92.8,6754332.79,0.6,0.331,0,8.6,0,0.15700302013507833,0.11733667548873568,1.0332959195835905,4,2
1.7,8,363912.75,362484.8,31616.78,1,15,0.336,1,100.0,4559029.19,6.4,0.836,1,72.6,0,0.003923880105877059,0.08722236077209307,1.043984029596838,0,3
10.0,10,483243.25,449248.64,62776.95,0,110,0.37,1,81.8,6205276.25,8.2,0.896,1,80.0,0,0.07034678704772386,0.13973765173779934,1.0700746552935125,2,7
5.5,7,779122.04,763586.49,51371.04,0,59,0.375,1,73.5,7279696.36,17.9,0.443,1,51.3,0,0.019939815847078393,0.06727599384321219,0.7786217462585622,2,1
5.6,37,506395.83,479422.07,56778.72,0,65,0.278,1,85.0,5083591.87,11.4,0.326,0,23.1,0,0.05326615742471657,0.11843159410662926,0.836564266007746,4,11
1.9,7,565412.26,570869.38,0.0,0,18,0.57,1,64.3,5212961.05,17.0,0.824,1,57.9,0,-0.009651577063433317,0.0,0.7683127013081275,0,14
8.0,4,257984.27,217536.35,51060.98,0,38,0.054,0,,,,0.284,0,10.3,0,0.1567844427104024,0.23472389786810344,,4,2
9.3,30,634014.46,560395.09,62816.79,0,105,0.134,1,76.2,5379907.81,19.1,0.664,0,39.7,0,0.11611623179698456,0.11209375513978898,0.7071221227877568,3,1
2.7,43,566909.63,442341.73,141727.41,0,28,0.05,1,100.0,6229691.03,5.9,0.168,0,14.0,0,0.2197314940654651,0.32040253131894203,0.9157384029032399,4,8
3.1,31,876547.04,950198.74,0.0,3,15,0.505,1,75.6,10029294.72,10.0,0.758,1,78.4,0,-0.0840248117203156,0.0,0.9534851204334681,2,9
15.0,10,456824.74,432507.56,29262.3,0,108,0.266,1,76.9,4742938.53,15.8,0.591,0,41.7,0,0.05323087361687109,0.06765731447561286,0.8652002461600482,3,2
4.9,1,248630.09,210694.53,53495.68,0,53,0.129,0,,,,0.291,0,8.7,0,0.15257831423380813,0.2539016081717926,,3,11
5.7,8,391501.86,375371.16,24490.58,0,51,0.317,1,89.8,4875461.48,0.5,0.383,0,22.0,0,0.041202103101119394,0.06524363779039392,1.0377689052784236,4,4
6.1,8,437100.57,407344.65,0.0,4,37,0.667,1,71.7,5195585.32,17.6,0.1,0,9.7,0,0.06807568336046778,0.0,0.9905396447626078,1,10
5.5,9,746810.81,737924.63,0.0,4,38,0.579,1,74.8,9692561.22,19.0,0.502,0,34.3,1,0.011898836868737947,0.0,1.0815502724177224,3,9
18.3,10,868953.47,824421.72,82946.19,0,208,0.265,1,67.7,9053954.84,28.5,0.132,0,6.2,0,0.05124756564928615,0.10061135943871058,0.8682815164621721,1,2
12.0,155,368988.2,390169.69,21681.81,0,120,0.5,1,78.4,4345608.63,13.4,0.118,0,6.7,0,-0.057404247615506374,0.055570205876320125,0.9814244805118428,4,4
4.8,6,286130.36,222215.83,35759.69,1,51,0.309,0,,,,0.368,0,20.0,1,0.22337556210393053,0.16092323395682478,,3,5
3.6,10,553788.74,448609.62,95523.53,0,32,0.292,1,96.3,4936002.19,6.8,0.026,0,0.0,0,0.18992643295708755,0.21293241549300704,0.7427625123496252,1,6
10.7,10,301022.71,235839.96,58676.54,0,112,0.09,1,97.7,3310400.96,0.0,0.569,1,86.7,0,0.21653764926905356,0.24879812564418685,0.9164316760907063,3,12
5.8,3,245254.47,227405.83,27250.07,0,56,0.438,1,76.0,2749916.81,12.3,0.264,1,54.3,0,0.07277600281862351,0.11983012924514733,0.9343753619115145,4,1
2.6,6,626461.91,656298.68,28406.76,2,25,0.491,1,86.5,7804184.34,3.8,0.52,0,34.8,0,-0.047627428776954715,0.04328328071603008,1.0381296685699535,3,5
7.7,8,395677.26,339055.69,77995.69,0,72,0.181,0,,,,0.063,0,0.0,0,0.14310038944365921,0.23003799169393088,,1,8
7.5,8,1235395.99,983551.6,301526.18,0,84,0.058,1,73.3,12236718.93,4.1,0.425,1,42.2,0,0.20385721828350764,0.3065687453510319,0.8254248724734812,3,13
5.9,5,268822.12,251355.35,16685.96,2,46,0.388,1,89.9,2652311.47,5.7,0.17,0,4.9,0,0.06497519623757149,0.06638394607475034,0.8222015205941139,4,14
12.2,8,515837.73,494088.65,42327.1,1,59,0.326,1,65.7,4402572.86,31.1,0.572,1,65.7,1,0.0421626390144047,0.08566701542324438,0.7112334952052978,2,11
4.8,2,336175.04,299196.69,37370.31,0,40,0.05,1,64.8,3442459.82,22.5,0.745,1,68.1,0,0.10999730973483332,0.12490215048836267,0.8533401280079173,0,3
3.6,3,234186.79,193177.85,34270.23,0,28,0.05,1,100.0,2376751.65,8.4,0.545,1,38.8,0,0.1751120974842347,0.1774024817027418,0.8457464125111411,3,8
0.5,1,178348.34,133761.26,41717.39,0,6,0.05,1,99.8,1927480.09,0.0,0.515,1,61.9,0,0.2499999719649759,0.3118794634560111,0.9006158444386605,2,1
7.7,2,212404.05,218146.76,15877.71,1,44,0.489,1,71.7,2599875.11,3.4,0.333,0,31.7,0,-0.027036725523830744,0.0727845327613392,1.0200194354423406,4,10
3.6,2,342941.69,302063.2,58275.01,0,35,0.177,1,69.2,3810626.67,10.2,0.226,0,10.0,0,0.11919953505798607,0.19292323593208308,0.9259656430222875,1,14
4.3,4,269899.2,253360.74,26879.75,0,38,0.234,1,71.4,2760977.28,22.4,0.517,0,36.1,0,0.06127643209020264,0.10609279875011417,0.8524717375968508,0,8
0.9,3,421191.12,354892.68,25980.58,1,9,0.26,0,,,,0.687,0,45.3,0,0.15740702225630968,0.07320686355097547,,3,12
7.0,7,957285.89,767113.69,239321.47,0,72,0.144,1,82.4,9133066.06,11.7,0.658,0,37.3,0,0.19865768626340044,0.3119765337521222,0.7950486331030465,3,8
1.8,7,409376.49,418201.32,16585.27,3,17,0.38,1,69.1,5095852.86,30.3,0.4,0,20.3,1,-0.02155675818120385,0.03965857879166905,1.037319961876658,3,14
5.4,1,194975.54,170820.35,4108.12,2,62,0.561,0,,,,0.235,0,18.0,1,0.12388830927202459,0.024049359458635927,,1,11
7.4,11,992664.78,919930.44,147045.09,0,57,0.151,1,85.3,9913257.62,5.7,0.476,0,30.3,0,0.07327180480806429,0.15984370513927118,0.8322092395246123,3,10
5.3,6,399499.53,356699.74,48711.56,0,38,0.149,1,84.2,4093455.89,4.8,0.841,0,52.8,0,0.10713351777910736,0.13656180405402032,0.8538716532824623,0,11
0.9,10,368894.46,337745.95,34090.95,2,9,0.467,1,73.6,4788120.41,15.6,0.179,0,10.8,1,0.08443745671865066,0.10093666556179282,1.0816373717476446,4,10
8.6,3,484647.2,431575.33,72209.29,1,71,0.214,1,60.7,6214587.06,14.8,0.061,0,1.4,0,0.10950619337117803,0.1673156109270657,1.0685757701684853,1,11
1.2,10,357563.81,339342.67,29982.06,1,10,0.351,1,89.3,3804448.74,0.4,0.6,1,51.8,0,0.05095912810639314,0.08835334501257977,0.8866596286687963,0,12
3.6,31,566841.18,541229.32,53333.28,0,35,0.202,1,88.0,5133449.51,0.0,0.489,0,29.7,0,0.045183485081306374,0.09854100291536314,0.7546866287425812,0,6
6.2,25,625738.58,674381.34,5889.62,3,73,0.421,1,79.1,5763256.53,2.8,0.619,1,37.1,0,-0.07773655253924093,0.008733367385283823,0.767527195622172,2,14
15.2,46,422171.32,380038.24,55681.7,0,176,0.208,1,74.5,4936664.33,18.3,0.596,0,14.2,0,0.099800905471267,0.14651604533270124,0.9744591228193016,2,0
8.1,5,257769.16,266556.56,25376.49,2,83,0.225,1,80.0,2499057.92,15.2,0.296,0,11.5,0,-0.034090191394501944,0.09520114605320537,0.8079121127859774,3,14
2.0,2,285722.05,241124.18,38431.87,0,20,0.467,0,,,,0.196,0,10.8,0,0.1560883033003578,0.15938621336109884,,1,1
4.4,3,1138156.94,1147725.85,7699.75,6,47,0.46,1,65.6,10054693.63,11.0,0.377,0,35.9,1,-0.008407373064034692,0.006708701385439737,0.7361824247483246,4,3
5.9,4,912985.99,852608.84,85850.62,0,45,0.424,1,63.7,10741637.88,12.6,0.347,0,17.4,0,0.06613151862275567,0.10069168412563022,0.9804493166428547,4,14
12.6,8,298551.98,270257.96,59664.47,1,116,0.266,1,83.6,3012145.66,2.8,0.505,0,37.0,0,0.09477083354128137,0.22076859456794537,0.8407652775685271,3,11
7.9,203,1520828.28,1176984.88,375539.14,0,57,0.05,1,84.1,15623557.32,13.0,0.719,1,57.6,0,0.22608956219567414,0.31906878871714994,0.856088177160935,2,11
4.4,32,910671.79,896934.68,127788.63,1,36,0.281,1,78.0,8909763.41,6.3,0.682,0,46.4,0,0.015084589366713539,0.14247261573161604,0.8153105128760677,2,8
1.7,1,226946.3,206715.58,43368.09,0,13,0.111,1,81.1,2048724.82,9.6,0.08,0,0.0,0,0.08914320259902894,0.2097959428118577,0.7522795847887072,1,10
6.0,2,285954.11,237949.05,45012.79,0,62,0.226,1,65.7,3322183.8,16.9,0.244,0,13.2,0,0.1678767967349726,0.1891698664062748,0.9681576180178001,4,5
5.6,9,681973.87,623466.22,144760.77,0,65,0.179,1,90.7,6213466.26,9.5,0.331,0,23.0,0,0.08579163011040294,0.23218703011688427,0.7592502847653093,4,10
3.3,8,212197.28,199611.73,19497.42,0,32,0.277,0,,,,0.13,0,3.2,0,0.05931060944796271,0.0976767247095148,,1,10
2.1,6,274664.06,276322.52,31942.5,1,20,0.446,1,97.9,2583492.5,7.0,0.615,0,21.4,1,-0.00603813982797757,0.11559861280940836,0.7838340468231143,2,3
3.0,41,562264.48,618490.93,0.0,2,27,0.547,1,62.1,4886325.87,21.9,0.761,0,46.1,1,-0.10000000355704503,0.0,0.7242033544427349,2,10
4.8,2,356815.93,348265.95,58983.84,1,20,0.388,1,88.0,4258456.07,0.0,0.277,0,12.9,0,0.023961878607830042,0.1693643607708419,0.9945501569020943,4,7
8.3,2,592673.5,539211.46,91643.33,0,81,0.476,1,68.5,5265356.29,14.0,0.196,0,10.3,0,0.09020487671542601,0.16995805319122856,0.740339648783577,1,13
6.0,48,698849.06,735298.8,5250.49,1,42,0.694,1,61.5,9198968.46,25.9,0.328,0,22.8,0,-0.05215681337540897,0.007140620928525927,1.0969188468250928,4,5
6.9,4,256154.27,246680.91,30287.98,0,62,0.325,0,,,,0.456,0,21.5,0,0.0369830258929511,0.12278201827616089,,4,3
9.2,49,2773495.72,2457262.27,357709.08,0,89,0.307,1,74.8,26568223.38,12.9,0.233,0,6.8,0,0.11401980818632745,0.14557220218906466,0.7982772783943578,1,4
6.8,206,1903461.91,1983950.45,138699.44,2,72,0.492,1,90.9,20178600.56,0.6,0.645,1,63.4,0,-0.042285343130401824,0.06991073794206908,0.8834167039710643,2,7
3.4,39,726974.05,667685.94,79680.33,0,37,0.38,1,87.8,7569258.41,8.4,0.103,0,2.6,0,0.08155464421322893,0.11933803788050414,0.8676671941270346,1,12
8.0,143,1224236.3,1044170.71,227891.47,1,79,0.195,1,92.1,13471373.82,0.0,0.163,0,1.7,0,0.14708401474453917,0.2182511612492942,0.9169916665597972,4,3
4.8,27,472084.36,373391.94,75287.0,0,36,0.135,1,76.4,4946543.02,11.4,0.492,0,24.9,0,0.209056745705365,0.2016299548404821,0.8731742740499459,4,8
7.5,7,669949.31,673312.49,41529.46,0,86,0.506,1,69.0,8692468.39,22.7,0.314,0,5.0,0,-0.005020051442399328,0.06167932515257514,1.0812345874844371,4,8
12.2,2,505806.78,476999.64,41031.42,0,131,0.262,1,77.8,5462027.81,10.6,0.105,0,9.6,0,0.05695285460586355,0.0860198133482868,0.8998870757854741,4,3
12.9,7,850196.52,795181.67,110618.65,0,143,0.393,1,100.0,11173580.42,6.9,0.809,0,45.0,0,0.06470839236086261,0.1391111668859268,1.0951958515034461,2,12
2.5,4,400679.07,315147.84,69733.24,1,26,0.289,1,95.3,4838907.4,0.0,0.388,1,49.4,0,0.21346567965229624,0.22127151498166703,1.0063971730126393,3,13
10.9,117,1205025.07,1006640.83,300040.34,0,88,0.27,1,82.4,12693044.26,6.4,0.637,1,63.7,0,0.16463079892603405,0.2980609677833156,0.8777856284212687,2,8
2.5,69,929097.21,786113.13,103356.2,1,19,0.225,1,76.7,9379038.31,10.5,0.191,0,14.1,0,0.15389571560547466,0.13147751392983348,0.8412322385871048,4,13
7.6,7,286828.33,300644.74,10929.53,2,84,0.382,1,68.2,3567896.62,5.3,0.466,1,42.7,0,-0.048169614207913054,0.0363536378517715,1.0365946708727598,2,6
0.9,145,713713.52,702790.59,103382.73,3,8,0.172,1,69.8,8183421.73,14.1,0.646,0,23.8,1,0.015304361895792658,0.14710317905650958,0.9554979578267389,3,7
19.9,3,263797.79,197848.34,65949.45,0,217,0.05,1,83.1,2577713.27,13.9,0.107,0,6.5,1,0.2500000094769558,0.333333350181255,0.8142958254755156,1,0
6.7,33,879559.61,840671.39,26281.16,0,67,0.469,1,85.8,10562520.25,4.4,0.284,0,0.7,0,0.04421328532809729,0.03126210825373753,1.00073947328406,3,11
5.1,6,315307.57,302028.58,57748.54,0,51,0.306,1,75.0,3827769.59,8.6,0.151,1,36.3,0,0.04211440277187126,0.1912022365565537,1.011649670087739,4,2
3.1,4,325722.32,290686.9,57370.3,0,33,0.168,0,,,,0.504,0,23.6,0,0.10756223276317074,0.19736114699355217,,3,3
2.3,47,841913.89,762393.8,56647.85,2,21,0.221,1,70.3,10945277.81,19.5,0.641,1,66.8,1,0.09445157152591932,0.07430261106530509,1.0833726524771634,3,8
2.6,10,1312910.33,1002933.56,234189.05,0,22,0.258,1,98.3,15337832.86,3.9,0.159,1,27.2,0,0.2360989649613009,0.2335040518536442,0.9735263019320849,1,10
5.5,5,1016791.09,1031385.73,95913.17,0,51,0.355,1,75.5,11450753.45,12.7,0.367,1,46.9,0,-0.014353626957923101,0.09299447065260444,0.9384714948344666,3,8
13.4,17,499524.47,478028.67,13922.49,4,125,0.439,1,69.1,4932523.08,27.1,0.716,1,59.7,1,0.04303252651466702,0.029124801238385973,0.8228697785315703,2,5
6.0,8,386445.89,368339.99,68037.95,0,57,0.284,1,76.4,4148282.97,6.0,0.661,0,43.7,0,0.046852354931242825,0.1847150780451506,0.8945372597959317,3,14
6.5,9,1382323.88,1307472.06,31730.49,1,60,0.442,1,68.4,17180715.18,19.2,0.505,1,56.4,0,0.054149263485197,0.024268579781353033,1.0357386468647276,2,11
8.2,8,186104.56,172878.48,19914.8,0,94,0.31,0,,,,0.058,0,6.5,0,0.07106800607142559,0.115195367289208,,1,11
10.1,6,318739.34,300142.5,30943.6,0,72,0.324,1,83.9,4197889.24,10.5,0.727,0,49.8,0,0.05834497869011093,0.1030963625611168,1.09752408765524,2,3
6.8,45,946636.09,817505.15,143117.36,0,80,0.05,1,77.7,9552015.92,10.9,0.438,0,36.0,0,0.13641032849275792,0.17506600417134985,0.8408736314571175,4,13
5.0,5,613157.21,583705.07,57406.21,0,56,0.21,1,89.4,6191753.1,7.1,0.151,0,14.0,0,0.04803358668815134,0.09834797220452446,0.8415124483327856,4,10
7.5,4,223384.71,200457.16,23018.75,0,40,0.391,1,75.1,2146569.2,9.3,0.694,1,61.5,0,0.10263706052218162,0.11483126868603745,0.800774442739016,2,4
3.1,8,309707.16,304999.66,42680.75,0,29,0.175,1,64.6,3846455.98,14.0,0.34,0,9.6,0,0.015199842328475714,0.1399370412412919,1.0349712235691721,3,10
3.4,25,473101.2,494198.02,17804.76,3,34,0.548,1,83.5,4263153.8,2.3,0.557,1,53.7,0,-0.04459261570251778,0.036027582627708624,0.7509235162934835,0,13
1.4,33,1594490.93,1571613.11,61242.18,0,14,0.238,0,,,,0.168,0,0.0,0,0.014348040223721959,0.03896772024254748,,1,8
7.8,4,350499.44,271164.94,70220.38,0,81,0.05,1,100.0,3733336.73,0.0,0.781,0,28.4,0,0.226347009284808,0.25895818242579594,0.8876230848376438,0,7
5.5,44,1327366.31,995524.74,191198.23,0,40,0.112,0,,,,0.687,1,55.8,0,0.24999999434971348,0.19205773831396697,,0,1
8.1,7,918301.45,883563.07,106577.17,0,58,0.168,0,,,,0.507,0,12.7,0,0.03782895039531954,0.12062202871380762,,2,5
4.0,44,802424.93,756526.86,113476.67,1,47,0.208,1,77.4,9157971.8,13.8,0.065,0,0.6,0,0.05719920740747681,0.14999688180271617,0.9510725404140505,1,11
7.8,3,379276.3,330989.92,48407.42,0,54,0.169,1,78.3,3514066.18,9.0,0.108,0,7.8,0,0.1273118831838425,0.14625043566281415,0.7720989904545403,4,2
2.8,90,1449950.01,1468771.91,98869.41,1,26,0.466,1,87.7,16325352.88,0.0,0.464,1,66.6,0,-0.012981068223172678,0.0673143388206546,0.938271018966601,3,8
7.2,8,288781.33,247220.89,61832.71,0,68,0.054,0,,,,0.192,0,15.2,0,0.14391664447282654,0.2501111859924135,,4,6
16.9,6,535134.69,442799.03,51798.37,0,165,0.267,1,71.6,6141722.71,14.9,0.831,1,66.9,0,0.17254657888091673,0.11697941163059909,0.9564138438368355,2,10
0.7,9,648593.88,655946.67,76950.52,0,7,0.417,1,74.8,6455920.68,2.8,0.276,0,9.2,0,-0.011336508448090872,0.1173121589290178,0.8294765130993834,4,6
1.2,2,340789.59,356490.07,0.0,4,10,0.661,0,,,,0.41,1,36.4,1,-0.04607089083912446,0.0,,0,10
1.9,6,524569.64,449986.75,67834.83,1,16,0.126,1,87.6,5614617.88,7.0,0.74,1,66.0,0,0.1421791966458448,0.1507485053726582,0.8919403405300645,2,5
1.4,2,224526.82,203232.85,28803.72,0,13,0.306,0,,,,0.466,1,65.6,0,0.09483931585545104,0.14172767837482966,,2,8
8.0,23,610393.55,528346.99,104262.22,0,60,0.05,1,76.4,7898552.75,10.1,0.507,1,41.4,0,0.1344158371267194,0.1973366404528963,1.078341553849425,3,11
16.5,7,451957.93,443030.78,45111.61,0,171,0.239,1,86.8,5300447.33,4.2,0.782,1,64.1,0,0.019752170296027254,0.10182500186555886,0.9773120789509472,0,8
9.9,157,1333073.0,1466380.3,36662.13,5,67,0.542,1,63.1,12591937.05,22.8,0.59,0,37.5,1,-0.10000000000000003,0.025001788417370305,0.7871497566149791,2,2
2.5,36,1217055.91,1006318.3,227854.26,0,28,0.257,1,88.2,14661569.65,10.5,0.295,0,38.1,0,0.1731535981777533,0.22642364746820165,1.0038959268792618,3,10
8.1,3,102441.61,95689.85,14536.77,0,92,0.248,1,75.5,1205896.32,9.1,0.513,0,26.9,0,0.0659083745364798,0.1519154852891921,0.9809623257580586,0,3
3.7,6,765146.34,702374.51,112262.32,0,29,0.152,1,63.4,9374665.74,15.1,0.484,0,15.8,0,0.08203898616309131,0.15983256567781767,1.0210101050734948,4,13
12.3,9,290983.88,289061.2,0.0,3,120,0.445,0,,,,0.451,0,16.1,0,0.006607513790798284,0.0,,3,3
17.8,44,796212.24,654430.94,168504.88,0,141,0.085,1,100.0,10356386.96,0.0,0.197,0,27.3,0,0.1780697317589592,0.25748305848742425,1.0839223555099666,1,6
1.4,9,510720.95,502472.28,22998.9,1,15,0.445,1,82.3,5894591.79,4.6,0.446,0,27.4,0,0.016151031204026355,0.04577148017001057,0.9618089535978502,2,7
2.9,4,588900.69,472567.24,98501.09,0,21,0.102,1,63.9,6643870.76,10.0,0.536,1,69.7,0,0.19754340922915198,0.2084382531467903,0.9401515502837443,2,3
8.0,10,480537.08,412284.69,72307.53,1,77,0.163,1,78.7,5941537.51,11.5,0.884,1,80.8,0,0.142033555454243,0.17538252511874744,1.030364037325347,2,0
0.5,35,401928.94,418317.61,9366.35,6,6,0.311,1,71.6,5092323.89,19.0,0.114,0,0.0,1,-0.040775043469126616,0.022390522837420115,1.0558093283023278,4,8
1.4,5,320697.39,331499.9,25823.98,2,9,0.48,1,86.9,4188993.82,15.4,0.579,1,61.8,0,-0.03368443378974805,0.07790041565623397,1.0885115664126026,2,7
18.8,3,240372.54,209026.42,37745.81,0,198,0.175,0,,,,0.43,0,32.9,0,0.13040640998343653,0.180579134446258,,4,6
2.9,8,828380.84,791231.85,48384.61,0,26,0.392,1,68.2,10920272.74,3.3,0.22,0,10.5,0,0.04484530327862242,0.0611509888030923,1.0985559834210232,1,5
9.9,25,342586.79,325122.16,19286.01,1,66,0.284,0,,,,0.891,0,40.1,1,0.05097870236035664,0.05931927248514835,,0,14
9.5,32,410662.64,341800.71,44838.48,0,79,0.254,1,75.3,4673152.37,5.0,0.746,0,39.4,0,0.16768491528715637,0.13118310959623225,0.9482950875849497,2,14
3.7,30,527639.38,468862.38,13206.38,1,23,0.631,1,80.2,5515430.54,4.1,0.242,0,12.2,1,0.11139615848991408,0.02816685783150271,0.8710858762412059,4,1
3.7,1,678314.91,555802.26,148147.11,0,36,0.086,1,84.4,8606043.36,0.0,0.504,1,50.9,0,0.18061323464053003,0.26654643325847577,1.057282199502293,2,13
3.1,26,1959245.0,2155169.5,127121.57,5,14,0.623,1,57.2,20161416.54,28.7,0.874,0,42.8,0,-0.1,0.058984488227028085,0.8575334095531697,2,5
13.8,43,1190813.63,1178032.34,87660.02,0,103,0.36,1,77.1,13892046.45,9.6,0.322,0,22.8,0,0.010733241271348067,0.0744122355758077,0.9721676913456223,4,0
1.3,7,1185246.46,1103649.77,118746.23,0,13,0.106,1,79.1,10390798.15,5.6,0.622,0,31.4,0,0.0688436479278748,0.10759412381339054,0.7305652242431784,2,13
4.7,5,517460.29,511949.82,39149.06,0,51,0.478,1,95.9,4569525.64,0.0,0.23,0,15.8,0,0.010649068356530261,0.07647050251917267,0.7358899043892495,1,7
7.1,9,122936.37,117223.41,12923.75,1,56,0.301,1,54.3,1243758.69,23.9,0.544,0,25.9,0,0.04647086944246029,0.11024888288098768,0.8430910844366073,3,14
0.8,4,125328.0,119426.91,7426.71,4,6,0.319,1,74.2,1384122.62,13.7,0.571,1,56.1,0,0.047085168517809244,0.06218623591617668,0.9203334583386528,2,3
6.3,9,360954.47,362870.75,10748.83,1,59,0.57,1,70.1,3927887.07,23.8,0.262,0,17.8,1,-0.005308924419193446,0.029621649030681034,0.9068288377201701,1,12
3.4,6,204281.91,184135.72,22334.85,0,36,0.132,0,,,,0.552,0,36.0,0,0.09861954981721094,0.12129558566909233,,3,10
1.3,30,433765.37,422962.72,47876.83,0,14,0.34,1,60.0,4840826.74,13.1,0.791,0,44.3,0,0.024904362466741003,0.11319397132683467,0.9300010010788399,0,7
9.3,10,545940.92,512158.06,67507.56,0,81,0.344,1,94.8,4627411.4,4.1,0.696,0,49.2,0,0.06188006570381286,0.13181001193264438,0.7063358003402028,3,8
1.2,3,370528.61,345698.21,61732.7,0,11,0.317,1,74.1,4473671.27,1.1,0.61,1,66.9,0,0.06701344870508101,0.17857396484639013,1.0061461628203734,2,6
10.0,8,616983.61,563053.29,57904.49,1,117,0.415,1,80.0,6373801.77,0.0,0.573,0,31.5,0,0.08740964772143615,0.10284015923253018,0.8608821026866499,3,14
0.7,27,279326.28,264688.78,45137.49,0,6,0.258,1,85.2,3497236.78,2.4,0.522,1,58.4,0,0.05240287451649733,0.17053042444791197,1.0433547403177863,2,14
4.5,22,1352332.32,1203003.15,164515.73,0,49,0.25,1,74.3,17717744.07,15.4,0.785,1,68.5,0,0.11042342757880708,0.13675419719391427,1.091801660482388,0,6
10.8,43,1135356.6,1035576.53,105380.57,0,113,0.414,1,70.7,10882913.54,12.1,0.564,0,39.3,0,0.08788434400258038,0.10176029192164099,0.7987882059845044,3,13
10.8,16,384666.17,370411.27,48463.89,0,121,0.249,1,87.7,3970390.68,6.4,0.178,0,0.0,0,0.037057846807791714,0.13083805468445925,0.8601377396925756,4,13
8.2,7,335173.77,368691.15,0.0,6,94,0.506,1,77.1,3188810.41,12.8,0.714,1,73.5,0,-0.10000000895058107,0.0,0.7928251689663345,0,2
6.8,4,251488.17,236420.82,0.0,2,34,0.394,0,,,,0.44,1,46.6,0,0.05991275852060956,0.0,,3,12
3.0,2,148014.29,138152.46,21116.01,1,22,0.348,1,85.4,1919725.02,10.9,0.251,0,21.3,0,0.06662755332610125,0.15284570394186248,1.0808218922645916,3,0
0.7,9,383774.04,378369.43,37004.38,0,6,0.406,1,81.0,3815498.9,10.5,0.882,0,40.1,0,0.014082792051280973,0.0977996028907515,0.8285037770315749,0,5
16.2,37,1151497.09,1128412.41,142764.7,0,180,0.177,1,94.5,11863926.68,10.6,0.893,1,82.8,0,0.0200475365508741,0.1265181938224164,0.8585871082545823,2,2
4.3,2,518456.65,506847.3,78936.96,0,40,0.299,1,79.0,6206186.93,0.0,0.143,0,0.0,1,0.022392132495552008,0.15574110782478276,0.9975419240290708,1,5
7.1,47,582473.07,585263.14,92188.46,1,46,0.235,1,97.3,6322923.66,3.2,0.868,0,49.3,0,-0.004790041194522633,0.1575162584132669,0.9046088688701094,2,8
1.1,35,1040371.86,872086.5,155756.26,0,9,0.05,1,88.4,13214681.44,6.9,0.578,0,42.6,0,0.16175500940596374,0.17860184740848528,1.0584902338028763,3,11
3.8,2,197238.7,195956.36,894.32,5,40,0.488,1,87.3,2381991.52,0.0,0.104,0,9.3,0,0.006501462441194479,0.0045638733032191455,1.0063912068642376,4,6
24.0,48,604816.63,468342.6,120561.73,0,173,0.164,1,93.6,6601829.14,6.1,0.196,0,4.7,0,0.22564530013005765,0.25742208801847194,0.9096185538637277,4,8
3.4,12,271939.28,299133.21,2628.61,4,26,0.657,1,88.0,2449903.25,13.8,0.315,1,40.7,1,-0.10000000735458295,0.00878742283412798,0.7507506976067108,3,4
8.1,30,912052.09,859783.64,158703.0,0,80,0.215,1,86.8,8294799.77,11.7,0.294,0,14.5,0,0.057308623677404164,0.18458481019713285,0.7578879778310322,1,13
4.8,10,374145.33,328591.36,64707.7,0,44,0.05,1,87.0,4740057.0,7.6,0.523,1,52.7,0,0.12175474701234418,0.19692453264748044,1.0557521859219785,3,7
7.7,35,702593.41,564006.64,103194.75,0,85,0.339,1,78.3,7785823.85,5.7,0.65,0,37.3,0,0.19725031295127007,0.182967260810972,0.9234624819021099,3,3
2.7,6,341751.43,337194.46,21512.69,0,19,0.324,1,57.6,4186011.35,9.4,0.483,0,37.9,0,0.013334165126975392,0.06379906123012816,1.0207251485872837,0,12
1.4,35,710095.84,548658.13,120394.44,0,15,0.273,1,92.0,6883235.37,10.4,0.616,0,28.9,0,0.2273463677804393,0.21943434976530832,0.8077824361004565,3,11
1.0,8,1008185.82,1109004.4,58106.85,0,8,0.48,1,100.0,11479330.57,0.0,0.236,0,7.2,0,-0.09999999801623867,0.05239550898084805,0.9488438161462471,1,2
5.3,2,232411.83,244413.61,8409.82,0,37,0.366,1,80.7,2517428.56,2.0,0.415,0,35.6,0,-0.05164014241443734,0.034408149366150276,0.9026464501971924,4,5
3.9,2,228499.75,197326.67,22525.53,0,24,0.16,1,87.5,2918878.8,13.1,0.486,1,57.1,0,0.13642500702954813,0.11415349987915976,1.0645083856765707,2,1
4.2,6,437589.96,480099.65,0.0,3,44,0.706,1,77.5,3826702.11,10.2,0.263,0,16.8,0,-0.0971450304755621,0.0,0.7287457932078697,4,5
2.6,2,373524.78,313512.92,49386.04,1,29,0.448,1,81.7,4140831.83,7.5,0.583,0,23.9,1,0.1606636646703869,0.15752473614165569,0.9238190814720958,3,12
3.2,5,454384.2,395448.62,66846.34,1,21,0.233,1,84.9,5205466.84,21.7,0.553,0,27.7,0,0.12970428989388277,0.16903925470772915,0.9546742675764986,2,8
3.1,8,450568.66,414306.91,57156.84,0,36,0.233,1,89.1,5791818.24,8.6,0.495,0,23.3,0,0.08047996502908125,0.13795772800410208,1.0712052631445783,3,5
5.2,37,569623.28,531276.76,14172.49,3,53,0.549,1,74.4,6748857.78,19.2,0.333,0,12.7,0,0.06731908850354575,0.026676284503767866,0.9873276510047131,4,8
7.7,5,651886.09,661380.53,57183.24,0,71,0.372,1,94.1,7664563.05,5.0,0.607,0,33.0,0,-0.014564569095192784,0.08646042241370486,0.9797932450130973,2,6
7.1,20,698962.86,631352.73,42349.54,0,60,0.446,1,81.8,6479748.03,7.9,0.554,1,55.2,0,0.09672921677126022,0.06707746397168506,0.7725431970734468,2,12
7.8,1,303962.76,312893.95,0.0,3,67,0.467,1,86.5,3544515.73,14.9,0.478,0,12.2,0,-0.02938251383162859,0.0,0.9717516410014613,3,8
2.0,32,622666.71,593540.65,68262.28,0,22,0.467,1,84.9,6426456.99,12.7,0.502,1,58.9,0,0.04677632436781459,0.11500860134853443,0.8600718071149172,0,3
4.4,9,158133.03,149777.61,7950.01,0,44,0.316,0,,,,0.125,0,12.2,0,0.05283791754322303,0.05307876123807825,,4,13
10.0,8,531187.03,456152.07,97710.73,0,116,0.132,1,83.1,5179977.76,16.0,0.485,0,40.1,0,0.1412590213281375,0.21420648162355155,0.8126418548535217,3,5
1.5,9,802165.99,650451.01,81098.17,0,7,0.391,1,73.3,7328553.23,20.3,0.477,0,25.3,0,0.18913165341253121,0.12467990479405973,0.7613296708910169,4,1
3.1,5,364785.5,367807.56,6976.44,3,11,0.389,1,59.0,3341349.66,13.9,0.563,1,63.4,1,-0.008284484991865076,0.018967636228031853,0.7633137967380831,2,13
7.2,2,278230.57,290524.86,0.0,2,83,0.527,1,74.9,3130266.21,16.3,0.043,0,0.0,0,-0.04418741621382574,0.0,0.9375516051309531,1,2
7.3,7,316331.26,246517.29,79082.81,0,51,0.05,1,72.7,3885523.05,7.9,0.605,0,30.5,0,0.22069892807938107,0.32080025705296367,1.0235902310128944,3,2
10.2,9,200945.79,189519.36,22432.17,0,71,0.363,0,,,,0.498,0,33.2,0,0.05686324655022641,0.11836347484499736,,3,8
4.3,32,649373.72,589577.5,104641.32,0,29,0.289,1,75.8,8276879.59,13.7,0.877,1,66.6,0,0.09208290720480647,0.17748526699204092,1.0621618100488166,0,2
9.4,2,611647.63,672812.4,0.0,3,59,0.696,1,65.2,5467577.88,29.6,0.201,0,14.7,1,-0.1000000114444979,0.0,0.7449248025370424,1,13
9.0,21,1158261.48,975212.31,159264.96,0,63,0.319,1,71.7,12673393.83,13.6,0.068,0,5.0,0,0.1580378637818465,0.16331311486418787,0.9118115129754639,1,8
8.7,8,1027909.28,1111709.44,0.0,2,89,0.474,1,88.5,11516240.47,11.4,0.398,0,9.2,0,-0.08152485985922796,0.0,0.9336297711344074,4,3
19.2,7,495089.69,510294.05,45726.14,2,225,0.42,1,82.5,4771388.02,3.7,0.421,1,58.2,0,-0.030710314327086846,0.0896074332044436,0.8031184578562589,2,12
2.5,49,610073.54,536648.07,75848.06,0,26,0.188,1,75.3,6693111.36,8.8,0.738,1,66.0,0,0.12035511325405145,0.1413366864433147,0.9142492559175734,2,5
4.1,10,295690.43,244116.13,73922.61,0,45,0.081,1,100.0,3137112.12,6.0,0.415,0,26.6,0,0.17441991612647048,0.302817392689291,0.8841206325142142,2,13
1.7,2,192381.12,196014.13,27533.57,0,18,0.244,0,,,,0.658,0,41.1,0,-0.018884441467021344,0.1404672714155862,,3,12
2.0,1,150500.04,145301.3,15058.35,0,19,0.395,0,,,,0.604,0,28.3,0,0.03454311374269415,0.1036353425605965,,0,14
14.4,41,347700.14,335528.15,19343.78,1,91,0.3,1,94.2,3784057.43,0.0,0.258,0,16.6,0,0.03500714725050151,0.057651735033260244,0.9069254880560781,3,1
3.2,2,144829.05,137690.44,11843.22,3,26,0.388,1,85.5,1772091.85,0.0,0.672,0,41.3,0,0.04928990420084912,0.08601337899711846,1.0196457190966408,3,8
7.8,42,1443096.07,1237658.89,174725.7,0,79,0.42,1,100.0,16864118.51,1.3,0.268,0,14.6,0,0.14235863035785287,0.14117435863123806,0.9738389829906936,4,3
0.7,6,290665.77,282367.22,18213.7,0,6,0.38,0,,,,0.146,0,5.4,0,0.02855014541271938,0.06450359216625784,,4,7
3.9,10,293184.58,272722.38,36259.23,0,36,0.348,1,91.9,3084059.65,0.8,0.738,1,68.6,1,0.06979289292772495,0.13295289517493944,0.8765978443795828,0,1
1.5,5,395760.82,339861.62,98940.2,0,17,0.05,1,81.9,3945628.15,18.5,0.295,0,25.1,0,0.1412449064563794,0.2911190736982893,0.8308107554288303,1,5
3.8,3,578922.34,463503.68,136515.51,0,34,0.05,1,93.7,6069560.9,2.0,0.845,0,40.5,0,0.1993681225015431,0.2945295062166497,0.8736866876940121,2,0
4.2,10,365608.84,373590.72,17613.66,2,44,0.404,1,81.7,3638347.2,12.9,0.841,1,64.1,0,-0.0218317478319177,0.04714694197971513,0.8292895762586047,0,13
6.2,33,320265.36,349279.34,7151.75,1,46,0.647,1,66.3,3820782.0,14.0,0.752,0,40.9,0,-0.09059356278805814,0.02047573154484316,0.9941708962842564,2,3
10.1,38,863831.16,735268.98,215957.79,0,72,0.05,1,63.0,7509794.11,13.9,0.41,0,0.0,0,0.14882790289713566,0.29371263561261624,0.7244658502864534,4,10
2.8,6,512148.2,494441.18,0.0,4,30,0.558,1,90.9,6061782.04,12.6,0.389,0,15.3,0,0.03457401588055961,0.0,0.9863326734982829,4,8
5.9,7,372837.46,394727.69,24348.9,0,57,0.682,1,73.6,4475498.36,12.1,0.679,1,68.0,1,-0.05871252851041304,0.061685310194478635,1.0003238319096655,2,14
5.2,4,213606.84,199086.9,28143.15,0,44,0.253,0,,,,0.667,0,37.4,0,0.06797507046122682,0.141361134258457,,3,14
6.4,210,2025732.75,2140246.36,0.0,1,57,0.317,1,100.0,21834501.87,7.3,0.419,1,51.4,0,-0.056529475568778687,0.0,0.8982141511509848,2,13
14.9,4,212404.5,171305.18,41295.85,1,137,0.189,1,94.6,1842476.17,4.1,0.473,0,30.4,0,0.19349552387072783,0.24106597360336682,0.7228645383376215,4,6
7.0,1,183100.08,164717.29,27100.21,0,72,0.148,0,,,,0.407,0,16.5,0,0.10039749846095086,0.16452559412554685,,4,3
2.5,3,344755.3,322228.81,46860.28,0,20,0.313,1,79.7,3716635.35,8.6,0.334,0,13.8,0,0.06534051833285809,0.1454254819735082,0.8983752026437303,4,1
4.8,4,225224.24,208183.94,22543.82,0,45,0.381,1,76.1,2902185.73,3.5,0.224,0,22.1,0,0.07565926296387986,0.10828798801675095,1.0738134173894132,4,1
1.1,3,440356.05,427295.36,23826.23,0,11,0.474,1,72.2,3993764.6,9.5,0.423,0,29.2,0,0.029659385853788096,0.055760563372370814,0.755783227383084,2,5
6.4,8,440596.5,391151.74,25778.52,2,61,0.155,1,69.3,5603633.08,12.1,0.605,1,59.1,0,0.11222231679098679,0.0659041424691093,1.0598573146480585,2,13
4.2,9,693403.38,666154.43,52351.32,1,34,0.352,1,76.5,8867203.41,8.1,0.399,0,32.9,0,0.039297400021326624,0.0785873629932927,1.06566197802497,3,10
7.0,3,183024.35,146140.16,44052.9,2,82,0.163,1,61.3,2062482.5,19.7,0.294,0,19.6,0,0.20152613573002717,0.301442806686403,0.9390747278526964,4,13
3.7,39,273550.04,256008.44,15650.63,2,25,0.294,1,87.0,2324197.94,13.6,0.614,1,67.7,0,0.06412574459868468,0.06113325795040194,0.7080355815947484,0,3
0.8,2,903294.65,816924.58,91738.43,0,6,0.169,1,61.4,8201468.85,10.6,0.452,0,21.5,0,0.09561671819931632,0.11229730656408943,0.7566254682234639,4,3
8.3,31,806125.96,827264.45,115143.35,1,87,0.175,1,78.0,7343275.54,5.8,0.387,0,27.5,0,-0.02622231642310588,0.13918566185214415,0.7591116757154593,4,11
11.4,12,609343.18,623152.32,45291.63,0,72,0.446,1,71.8,5693431.44,11.6,0.783,0,38.8,0,-0.022662336189599917,0.07268147537346889,0.7786295729116063,2,10
2.0,5,288939.81,275303.37,59437.27,0,23,0.217,1,95.4,3161443.48,0.6,0.745,1,68.6,0,0.04719474273898084,0.2158973571591223,0.9117941322565878,2,10
4.2,2,528619.79,565466.14,0.0,2,38,0.573,1,78.8,6181994.67,2.0,0.089,0,12.2,1,-0.0697029333691801,0.0,0.9745496333007131,1,5
0.5,10,375631.09,346601.79,27099.74,0,6,0.253,1,91.0,4278628.24,17.6,0.185,0,4.9,0,0.07728140926780061,0.07818695916140538,0.9492088456611335,1,11
9.1,4,229905.42,221762.18,0.0,4,90,0.472,1,68.9,2320370.15,20.2,0.87,0,49.5,1,0.03541995660650375,0.0,0.841059680831651,0,11
1.0,26,698085.09,714804.82,91418.99,0,6,0.475,0,,,,0.393,0,37.0,0,-0.023950848169526126,0.12789363955324198,,4,6
5.3,2,517386.48,488677.78,58336.06,0,50,0.26,1,85.7,5306299.92,7.9,0.334,0,22.2,0,0.05548792075123408,0.11937530697630655,0.8546641187840858,4,2
3.8,5,262575.25,242665.24,33615.7,0,18,0.292,0,,,,0.252,0,32.0,1,0.0758259203790152,0.13852705068101223,,3,5
6.3,3,230525.12,238453.46,0.0,4,67,0.322,1,66.9,2377751.51,16.8,0.594,0,22.9,0,-0.03439252086714019,0.0,0.8595417244188688,2,7
0.5,9,202836.58,200738.85,10439.71,1,6,0.503,1,82.4,1732783.57,16.9,0.581,0,24.5,1,0.010341970861468782,0.05200642526347042,0.7118963987330754,3,11
7.1,10,846630.03,781126.07,100448.63,0,53,0.309,1,86.5,11040486.54,8.8,0.577,1,65.2,0,0.07737022982754353,0.12859464542004084,1.0867090847226386,2,7
1.8,12,475880.41,449008.42,14968.87,4,20,0.261,1,71.8,4193849.21,7.6,0.743,1,79.2,0,0.056467947482856024,0.0333376153614224,0.7344018094097773,2,8
5.7,2,464333.28,492455.14,44337.71,2,63,0.401,1,82.0,4805769.11,14.4,0.552,0,38.0,0,-0.06056395526937028,0.09003400797075647,0.8624855818361041,2,3
16.6,33,677784.85,642501.28,59757.95,0,188,0.44,1,79.1,8284893.69,19.6,0.121,0,17.7,0,0.05205718304267195,0.09300829719747795,1.0186238413266395,1,6
12.8,19,717919.58,671706.03,33989.68,0,108,0.394,1,76.3,8689590.7,17.5,0.503,0,25.8,0,0.06437148573103402,0.050602017075833006,1.0086541424783726,3,0
2.2,8,268445.57,295290.12,0.0,5,24,0.745,1,76.2,3030404.53,11.3,0.442,0,32.0,1,-0.09999997392395035,0.0,0.9407259387194705,4,6
3.4,9,285418.21,274394.6,19567.47,0,37,0.372,0,,,,0.131,0,1.9,0,0.03862265830901274,0.07131142522484044,,4,4
17.3,33,905593.5,772102.64,157118.41,0,164,0.225,1,97.4,9699578.27,15.0,0.658,1,49.8,0,0.1474070430054986,0.2034942012372863,0.892561827317297,2,11
8.2,7,306579.26,264886.54,51920.36,0,93,0.344,1,92.3,3040651.98,4.3,0.29,0,20.4,0,0.13599328278109885,0.19600980857690997,0.8264996953805681,3,3
10.9,3,356444.97,391119.09,16018.35,5,99,0.405,1,76.3,4661476.73,13.9,0.124,0,19.6,0,-0.09727762464988651,0.0409551730139278,1.089807479024509,4,8
2.1,4,375347.46,281510.6,93836.87,0,13,0.05,1,86.9,4197767.23,0.0,0.513,1,56.0,0,0.24999998667900947,0.3333333451742137,0.9319736327330771,2,13
6.4,13,1484196.12,1184369.05,320713.38,0,56,0.138,1,91.7,18121284.07,0.9,0.895,1,70.1,0,0.20201310727048663,0.2707883830635392,1.0174578584893035,2,3
15.2,12,2287820.1,2091905.44,314891.39,0,135,0.396,1,70.4,24478666.06,22.6,0.756,0,39.9,0,0.0856337698930087,0.15052850094409623,0.8916299137040247,0,13
5.3,10,759176.44,751702.15,68730.58,1,59,0.326,1,71.5,7204089.11,27.1,0.657,1,74.0,0,0.009845260740704654,0.09143326249632251,0.7907789645930882,0,0
2.0,6,1075171.99,1116008.2,0.0,4,21,0.591,1,83.5,9384552.98,9.0,0.437,0,23.7,0,-0.03798109547106037,0.0,0.7273683549612066,2,5
3.7,8,234972.86,176229.65,42082.76,0,30,0.054,1,90.7,3098934.13,10.2,0.706,1,57.6,0,0.24999997872094673,0.23879500413239205,1.0990397394547324,0,10
8.8,2,362847.67,345018.8,20387.69,1,78,0.294,1,72.9,4175609.03,12.6,0.142,0,0.0,0,0.049135963860536834,0.05909153356280875,0.9589903641014607,1,3
15.2,33,617366.46,562576.91,62049.02,0,136,0.213,1,100.0,7509232.3,0.0,0.106,0,25.9,0,0.08874720858661472,0.11029428847337512,1.0136108759995375,4,6
6.0,1,338301.8,286405.68,71958.15,1,42,0.191,1,86.2,3453119.25,0.0,0.471,0,19.0,0,0.15340184415217417,0.25124554094038914,0.8506012604721583,4,3
4.9,2,598773.47,552692.28,65811.79,0,54,0.263,1,70.3,7074784.62,23.4,0.777,0,33.8,0,0.0769593048269155,0.11907492176297449,0.9846217552023473,2,7
5.5,4,773959.8,792554.87,19466.59,3,44,0.384,1,63.0,7695703.75,11.7,0.222,0,19.2,0,-0.024025886098993705,0.024561819928000696,0.8286071780903004,4,13
2.6,17,1052240.24,994973.29,132110.38,0,17,0.337,1,76.5,9629988.93,15.1,0.194,0,22.2,0,0.05442383575826748,0.13277781557332058,0.7626576583879743,1,14
5.4,3,497999.87,464706.48,63664.81,0,48,0.299,1,74.5,4586371.98,10.3,0.287,0,24.4,0,0.06685421423905194,0.1370000478581663,0.7674653911054236,4,1
4.0,3,545065.57,476035.06,90132.44,0,32,0.249,1,69.4,6030958.32,25.4,0.276,0,0.0,0,0.12664624918429532,0.18933991962692834,0.9220539466471896,4,14
5.7,10,482066.87,464247.45,20602.52,4,56,0.25,1,89.0,6163082.15,5.6,0.475,0,29.0,1,0.03696462277111054,0.044378315917513386,1.0653919842420756,3,12
1.7,5,255236.94,247709.45,19939.74,0,12,0.427,0,,,,0.767,1,58.1,0,0.02949216520147903,0.08049648489389484,,2,5
5.9,11,544477.08,540296.12,41854.86,1,58,0.434,1,80.3,4866652.5,8.6,0.454,0,17.5,0,0.0076788539932662785,0.07746651965592498,0.7448511423107104,4,11
4.9,3,309401.54,274572.6,39732.2,0,37,0.298,0,,,,0.151,0,12.0,0,0.11256873511360029,0.14470562612584068,,4,6
4.4,3,280069.72,239106.82,58525.7,0,40,0.17,1,99.4,2584866.88,0.9,0.898,1,76.1,0,0.14625965277503034,0.24476800787196282,0.7691141096343201,2,3
9.9,48,1643453.84,1515833.46,256951.58,0,95,0.071,1,86.1,14771924.06,0.0,0.445,0,39.5,0,0.07765376604675439,0.1695117483420639,0.7490284434558055,4,5
7.4,3,496221.0,478007.36,10589.76,3,77,0.576,1,80.7,5730624.02,13.2,0.476,0,17.4,0,0.03670469407784035,0.0221539685079326,0.9623776536395409,4,10
1.7,5,224613.54,227613.25,16716.9,0,15,0.479,1,76.0,2321954.08,14.3,0.489,0,32.2,0,-0.01335498296318197,0.07344431837777458,0.8614626408244728,4,3
8.1,2,191089.38,150377.9,47772.34,2,73,0.05,0,,,,0.618,0,34.9,0,0.21304941174648226,0.31768192001617257,,3,12
4.3,4,1010021.87,953883.77,147808.69,0,47,0.107,1,100.0,10168024.13,7.3,0.324,0,16.7,0,0.05558107370486936,0.15495461255200935,0.8389277196212264,4,3
9.6,5,384950.38,369175.62,35081.28,0,97,0.246,0,,,,0.897,1,97.1,0,0.04097868405792977,0.09502599331992724,,2,12
3.1,12,863315.15,854877.68,82123.33,1,31,0.308,1,83.5,8713004.87,24.0,0.455,0,15.6,0,0.009773337117968996,0.09606442175446667,0.8410413499249568,0,10
2.4,37,1383201.67,1318584.3,85028.21,0,22,0.426,1,73.7,16009222.8,0.0,0.203,0,7.2,0,0.04671579813809788,0.06448447020035049,0.9645028117989477,4,11
14.5,10,212591.44,172376.61,33914.35,0,149,0.05,1,94.3,2523741.32,10.3,0.665,1,78.8,0,0.18916486007150624,0.19674566056264828,0.9892767868107325,2,11
4.3,7,372456.32,360513.42,63941.47,3,40,0.493,1,91.4,4893979.29,3.4,0.7,1,74.6,0,0.03206523653565611,0.1773622463208166,1.094978352092401,2,13
9.0,8,514761.9,517049.67,0.0,1,87,0.195,1,85.2,5157529.69,6.6,0.475,0,22.5,0,-0.004444326590604239,0.0,0.8349377466229209,2,13
4.7,10,193709.6,154645.23,34510.13,0,45,0.239,1,84.5,1876381.9,0.0,0.502,1,60.6,0,0.20166460516154075,0.22315676985316646,0.8072142956948614,2,0
8.2,2,148939.54,125479.74,20992.48,1,77,0.202,0,,,,0.639,0,31.4,0,0.15751223617314786,0.1672977645634267,,3,12
14.6,24,953008.26,905926.11,36897.53,5,50,0.445,1,72.4,11192548.54,14.7,0.856,1,82.1,0,0.04940371660577215,0.04072907226396201,0.9787033517771747,2,2
1.7,19,206781.44,198015.87,21253.09,0,11,0.269,0,,,,0.168,0,12.6,0,0.042390506614133294,0.10733023570282524,,1,6
14.4,37,625730.43,645788.54,24495.09,3,154,0.379,1,75.2,5398873.81,12.4,0.469,1,42.7,1,-0.03205551310649857,0.037930512052753364,0.7190095435079501,2,12
14.2,43,242479.46,250012.79,0.0,3,163,0.617,0,,,,0.101,0,2.8,1,-0.031067909834507287,0.0,,4,8
4.5,41,979561.98,1057158.79,69933.84,2,51,0.474,1,90.5,12605152.66,6.2,0.623,1,63.6,0,-0.07921582460764766,0.06615263540494233,1.0723460176897979,0,0
10.6,37,229617.83,212948.78,11729.74,1,75,0.249,1,67.7,2223446.83,22.9,0.201,0,7.7,0,0.07259475451013533,0.05508244752564443,0.8069374918896034,1,8
6.4,8,553728.53,583330.03,28194.74,3,51,0.48,1,70.4,5628505.8,17.8,0.416,0,17.5,0,-0.05345850610225917,0.04833411370918106,0.8470615555965664,4,0
15.1,9,598111.54,597016.67,34275.19,0,164,0.303,1,77.1,7184661.53,4.3,0.827,1,69.5,0,0.001830544851216205,0.05741077548136135,1.0010203016090722,2,8
7.4,10,719309.52,717158.71,62339.55,2,58,0.383,1,86.2,7079557.85,2.9,0.099,0,3.9,0,0.002990103620483232,0.08692573781889926,0.820179822125344,1,13
1.0,10,400866.43,425414.92,0.0,7,8,0.581,1,60.4,4305249.36,23.6,0.434,0,16.5,1,-0.061238577647921254,0.0,0.8949883381354733,4,5
8.2,32,582974.0,611896.5,9833.23,1,64,0.462,1,84.0,5189468.82,12.3,0.406,1,64.0,0,-0.04961198955699568,0.016070087016349988,0.7418096433117086,2,8
5.7,8,829865.62,810302.49,46654.31,2,43,0.48,1,70.4,8503463.95,16.9,0.266,0,8.6,0,0.023573852836559255,0.05757641198905855,0.8538996902092815,4,13
9.5,4,184443.31,153241.84,34593.87,0,109,0.164,1,98.0,2029356.55,5.8,0.569,1,61.2,0,0.16916563685611585,0.22574689784460955,0.9168835987238212,2,3
0.7,1,627037.99,633395.19,57391.94,2,6,0.482,1,82.0,6665719.78,15.9,0.235,0,19.9,0,-0.010138460669663656,0.09061000289566457,0.8858739935890222,4,1
2.6,48,406669.71,337707.4,73408.81,0,29,0.156,1,89.5,4269543.38,8.0,0.771,0,42.2,0,0.16957818176327907,0.21737400483377028,0.8748998829213679,0,9
1.5,10,316057.09,315749.82,34600.4,1,8,0.484,1,82.2,3306215.18,0.0,0.446,1,53.4,0,0.00097219777604109,0.10958169350658696,0.8717346972556973,3,7
0.7,20,674415.88,674099.44,0.0,3,6,0.508,1,89.5,6962220.72,8.3,0.404,0,27.2,1,0.0004692060335234997,0.0,0.860277874832959,3,2
5.7,1,151499.05,144481.02,27229.69,0,58,0.309,1,93.2,1450060.7,6.0,0.647,1,42.9,0,0.04632392084306799,0.18846551609339415,0.7976181478805753,2,8
5.1,23,1200564.0,1162981.92,0.0,3,48,0.478,1,93.7,10251208.24,2.0,0.055,0,0.0,1,0.03130368726698458,0.0,0.711555030246895,1,10
6.9,7,325191.23,316295.67,17261.58,1,64,0.432,1,76.8,3970849.21,10.0,0.176,1,33.2,0,0.027354858247560974,0.05457419002922172,1.017567727251849,4,10
3.1,9,841604.34,851622.97,0.0,4,27,0.688,1,87.1,10374023.12,0.0,0.617,1,60.2,1,-0.011904204296284885,0.0,1.0272070681891523,2,5
9.2,5,291096.64,282310.32,0.0,4,86,0.536,1,61.4,2597908.61,9.0,0.247,0,3.0,1,0.03018351568743633,0.0,0.74371309873816,4,1
9.3,2,563669.49,571755.88,0.0,1,105,0.403,1,75.7,7170162.28,8.4,0.42,1,49.1,0,-0.014345977817603741,0.0,1.0600423367483192,2,13
9.6,4,268915.05,247952.18,35905.71,0,96,0.213,0,,,,0.594,1,52.5,0,0.07795350241646942,0.14480901115690936,,3,0
6.6,7,207883.27,179515.64,26435.23,0,70,0.356,1,87.4,2561258.45,11.9,0.817,0,43.3,0,0.13645941782616744,0.1472586455419706,1.0267214103697075,2,0
3.2,5,678604.32,593446.53,35620.87,3,25,0.339,1,85.5,8133196.04,8.2,0.404,1,53.6,1,0.12548960784688185,0.06002372277751797,0.9987651370487395,2,8
6.3,7,601012.14,589630.68,26571.95,0,39,0.429,1,70.8,6237420.08,15.0,0.499,0,37.0,0,0.018937154913376563,0.045065412810608836,0.8648494299410769,4,11
5.9,10,215449.49,236994.44,0.0,6,68,0.595,1,65.1,2369126.2,10.6,0.302,0,27.5,1,-0.10000000464145918,0.0,0.9163502003802996,3,8
7.2,5,610861.91,585503.41,99597.04,0,78,0.213,1,72.4,7072637.05,15.9,0.668,0,44.6,1,0.04151265545432355,0.17010497001204483,0.9648439543944283,2,6
3.2,48,1269603.16,1075526.37,206661.84,0,26,0.185,1,85.3,12832908.28,1.2,0.489,0,26.6,0,0.15286413590842024,0.19214948676711663,0.842317550102296,3,2
5.8,15,356064.6,340381.6,3775.87,2,56,0.455,1,77.9,3063295.6,18.1,0.359,0,15.1,0,0.0440453782824802,0.0110930496830616,0.716933481546139,3,5
7.5,7,349216.06,325177.75,41633.81,1,70,0.46,1,98.5,3018965.54,15.0,0.743,1,66.6,0,0.0688350644583757,0.1280340060167093,0.7204149249798726,2,12
7.3,1,242200.73,227734.67,18122.9,0,67,0.354,1,82.5,2868218.52,15.0,0.713,0,36.9,1,0.05972756564358826,0.07957901183864538,0.9868599900586591,2,12
9.1,14,756141.12,787687.89,0.0,5,106,0.474,1,78.1,8012623.49,6.9,0.492,0,25.5,1,-0.04172074387384199,0.0,0.8830608553158261,4,4
2.0,21,478065.55,448452.42,64817.38,0,15,0.154,1,63.1,5005302.31,29.7,0.689,1,61.7,1,0.061943660236551255,0.14453569009617565,0.8724923304624927,3,8
11.6,1,231358.15,189367.86,53673.64,0,124,0.05,1,89.7,2122525.62,0.0,0.706,1,60.2,0,0.18149475175177537,0.28343584808953326,0.7645165515025082,2,5
3.1,22,897924.73,802100.56,160640.03,0,25,0.05,1,78.6,8616350.88,0.0,0.106,0,12.6,0,0.10671737485167596,0.20027417759189695,0.7996541536393591,4,7
18.1,3,322036.15,306255.09,28748.31,1,215,0.433,1,83.1,2863735.56,8.5,0.233,0,3.5,0,0.049004001569389014,0.093870472487494,0.7410491958744383,4,11
6.3,50,443511.91,425660.23,13691.52,2,39,0.311,1,73.2,4032093.7,8.6,0.624,0,45.6,0,0.0402507341911066,0.03216537283739193,0.7576071820333604,3,13
4.5,8,1261399.67,1387539.64,0.0,4,36,0.612,1,97.6,14810663.66,2.8,0.649,1,55.1,0,-0.10000000237831042,0.0,0.978454332136195,2,8
9.2,6,536638.77,431128.32,97114.52,0,99,0.05,1,85.4,5683931.33,10.0,0.152,0,0.0,0,0.19661354322200764,0.22525664748722607,0.8826439136454242,1,0
3.1,38,1122522.07,864989.0,280630.52,1,24,0.144,1,79.8,13713755.74,11.3,0.629,0,49.4,0,0.22942361391611663,0.32443247255167407,1.018076177632154,3,5
5.8,28,1724675.77,1798039.31,24078.92,4,39,0.399,1,69.1,20853446.45,10.7,0.739,1,69.2,1,-0.042537583745378436,0.013391765055459214,1.0076022603174082,2,9
0.5,7,614207.64,598278.02,37513.99,0,6,0.279,1,78.1,5899897.49,7.4,0.183,0,0.0,0,0.02593523584304486,0.0627032729699814,0.80047542906934,4,12
3.6,49,448450.22,424476.84,82531.37,0,37,0.416,1,98.3,5065320.59,1.9,0.659,1,53.0,1,0.0534582857379353,0.1944307962714762,0.9412640028734219,0,1
2.7,7,187914.29,170236.89,16292.27,0,29,0.261,0,,,,0.776,0,49.8,0,0.09407161105203864,0.09570352230941248,,2,13
4.9,34,510758.28,522527.33,18016.33,1,42,0.517,1,83.2,5501184.2,10.1,0.298,0,18.4,0,-0.02304230878058401,0.03447921087687414,0.897551806045448,3,7
8.7,8,555027.55,488017.74,57241.64,0,90,0.312,1,75.0,6322022.04,9.2,0.851,1,68.0,0,0.12073240328340468,0.11729417869112709,0.9492054403425559,0,14
12.7,47,784401.26,724205.28,94433.93,1,131,0.24,1,86.7,7330845.31,1.2,0.413,1,43.6,0,0.07674130967102218,0.13039663284421232,0.7788153933273045,2,6
5.2,30,368233.54,311824.2,58920.61,0,55,0.201,1,86.5,3643294.17,7.1,0.453,0,11.0,0,0.1531890332423276,0.18895457761135923,0.8244980821138672,0,13
3.3,10,255398.88,275903.05,0.0,5,27,0.429,1,100.0,3143946.36,6.2,0.809,1,66.1,1,-0.08028292841378154,0.0,1.0258288133448352,0,8
4.4,1,225374.35,182632.39,30560.44,3,38,0.075,0,,,,0.658,1,70.6,1,0.18964873331858745,0.1673330782124682,,2,8
0.7,49,336719.8,301083.67,50328.17,0,7,0.204,1,64.9,3461111.46,23.3,0.501,0,32.5,0,0.10583318830671676,0.16715675745549402,0.8565755711425346,0,8
4.7,9,957975.65,965342.74,68589.13,0,23,0.382,1,78.8,12631968.35,14.4,0.384,0,14.0,0,-0.0076902685365749825,0.07105158319210025,1.098842156548203,4,8
8.4,34,1547689.94,1191689.54,165535.63,0,74,0.339,1,100.0,13928789.27,7.0,0.12,0,17.2,0,0.23002049105520445,0.138908351918571,0.7499773754209881,4,13
2.6,6,219533.73,197882.15,35525.34,0,18,0.272,1,83.6,2437602.66,7.5,0.708,1,75.5,0,0.0986253000848663,0.1795277643789498,0.9252954204349373,0,11
27.5,8,390780.27,333767.9,92672.98,0,240,0.071,1,88.3,4351947.56,0.0,0.593,1,59.8,0,0.1458936757477546,0.2776569586230431,0.9280465891143036,2,8
3.7,41,1116401.68,914489.36,248013.77,3,39,0.05,1,88.5,10254737.82,8.3,0.157,0,11.0,0,0.18085992131434267,0.27120465349099304,0.7654605867307545,4,5
6.5,1,625578.86,551121.41,47347.26,0,64,0.257,1,91.5,6431021.43,9.8,0.066,0,4.1,0,0.1190216849718994,0.08591076147812875,0.8566760911645894,1,10
14.3,3,321738.82,300240.82,12618.19,2,118,0.39,1,70.9,3393463.36,5.4,0.275,0,17.7,0,0.06681817257861516,0.042026896942261215,0.8789384300387915,1,11
7.5,6,187409.62,169063.42,25427.05,0,67,0.335,1,80.9,2378409.35,3.1,0.827,1,68.1,0,0.09789358731958361,0.15039947730857448,1.0575806042756326,2,5
10.9,1,131828.06,104070.3,16460.65,1,116,0.185,0,,,,0.572,1,60.7,0,0.2105603313892353,0.15816856490276285,,0,5
11.9,2,229680.27,225687.23,15500.55,0,121,0.322,1,61.9,2721430.34,14.1,0.822,1,77.5,0,0.017385211189450356,0.0686815554429021,0.9873980976540417,2,2
3.6,6,273197.25,278414.24,17687.55,5,23,0.576,1,81.3,3467944.89,3.9,0.052,0,5.2,1,-0.019096056054736972,0.06352961687591842,1.0578269272476206,1,7
6.4,9,883360.31,816739.68,79390.1,0,60,0.159,1,71.3,9539184.06,11.3,0.523,0,33.5,0,0.07541727791686724,0.0972036769414705,0.8998955420580307,3,9
3.4,33,938629.68,869421.18,76015.06,0,26,0.231,1,72.6,12094985.86,16.4,0.671,0,51.4,1,0.07373355166011797,0.0874318014658902,1.0738159146356137,2,2
13.7,7,459753.71,425072.12,13328.11,1,127,0.376,1,95.1,5916131.44,1.8,0.748,1,60.7,0,0.07543514983272244,0.031354938074978904,1.072337085291456,2,4
3.9,1,314886.28,318027.71,22614.49,0,43,0.356,1,82.9,2746756.82,7.1,0.191,0,12.0,0,-0.009976395287848022,0.0711085521447172,0.7269176722042848,1,11
0.5,217,1581179.23,1365708.17,215457.04,0,6,0.104,1,81.3,19879139.12,16.3,0.794,1,99.0,0,0.13627238197405367,0.15776213742647524,1.0476958558750276,2,6
10.8,1,275272.4,271725.06,0.0,3,77,0.599,1,76.0,3161547.62,17.1,0.537,1,47.0,0,0.012886653365902376,0.0,0.9570966855618894,2,11
5.5,2,434428.94,362152.25,74452.35,0,36,0.147,1,73.5,4878003.91,7.3,0.121,0,6.2,0,0.1663717200792378,0.20558301101263352,0.9357118930275071,1,0
7.7,34,1582919.82,1741211.8,0.0,8,84,0.615,1,100.0,13920965.06,0.0,0.026,0,0.2,0,-0.09999999873651211,0.0,0.732873773522317,1,8
6.0,7,559409.69,560346.84,20585.71,8,56,0.418,1,90.3,4911839.78,21.3,0.467,0,39.2,0,-0.001675248063722356,0.03673744283094378,0.7316998417861992,4,11
7.5,10,453200.5,477147.48,11535.52,1,77,0.528,1,65.0,4220871.51,16.1,0.893,1,68.6,0,-0.052839703398385444,0.024176005288763132,0.7761229135890185,2,14
7.1,3,472142.06,354106.55,107302.97,0,45,0.05,1,89.9,4420498.85,2.7,0.301,0,20.5,0,0.249999989409967,0.3030245275045039,0.780220478909815,4,11
6.7,37,237916.3,237768.82,17084.82,1,77,0.495,0,,,,0.672,0,36.1,0,0.0006198818660175087,0.07185475370572138,,2,0
4.9,3,590830.1,483259.14,136993.46,0,48,0.052,1,84.9,7378012.72,3.2,0.506,0,40.2,0,0.18206750130028915,0.28347825971796414,1.0406280812933082,2,11
4.4,11,578729.02,572391.07,7876.93,1,49,0.35,1,73.0,7050698.94,24.8,0.148,0,7.2,0,0.01095149850961348,0.013761448095268155,1.0152562333922706,4,12
1.5,5,391558.43,409607.68,28154.55,2,6,0.358,1,95.6,4366824.93,12.4,0.326,0,31.1,1,-0.04609593005059296,0.06873540554708349,0.9293685172350905,4,1
9.6,4,450285.85,414501.77,45677.39,0,101,0.276,1,72.7,4867226.95,19.7,0.467,0,20.7,0,0.07946969686033874,0.1101982990325952,0.9007661374065683,2,14
6.4,16,166659.94,161631.07,27798.6,4,66,0.073,0,,,,0.453,0,9.7,0,0.030174437840311208,0.17198797236199698,,4,14
7.3,218,1105190.67,952011.27,70394.25,0,80,0.219,1,100.0,10421741.54,0.0,0.713,0,31.5,0,0.1385999756946916,0.07394266456530499,0.7858177645190098,0,3
15.8,23,524952.82,577448.1,19387.65,7,90,0.422,1,75.0,4457993.53,13.2,0.294,0,11.6,1,-0.09999999619013387,0.03357470567484767,0.7076816176229578,4,13
13.2,4,206725.9,195762.02,22983.33,0,135,0.408,0,,,,0.74,0,50.2,0,0.053035831504422065,0.11740443830728761,,2,2
5.7,2,196308.1,173442.85,28337.71,0,46,0.227,1,91.6,2357728.68,5.0,0.281,0,0.0,0,0.11647634509223001,0.16338355833059706,1.0008623688986853,4,11
10.5,49,552525.95,518400.12,38882.43,0,88,0.305,1,75.9,5598429.77,14.3,0.871,1,78.1,0,0.06176330722566055,0.07500467013780784,0.8443690548229756,2,12
1.4,8,544876.58,492201.21,73723.81,0,12,0.05,1,75.8,4957925.37,0.8,0.405,0,22.8,0,0.0966739477039001,0.14978388614688695,0.758264279775064,2,5
7.2,8,1649323.4,1698721.89,235065.66,0,60,0.129,1,77.0,17250204.32,10.1,0.675,0,35.8,0,-0.029950760414846473,0.1383779542630136,0.8715798409618556,3,14
4.8,40,429886.62,388947.5,65426.8,0,53,0.052,1,87.2,4828476.37,14.0,0.518,1,50.9,0,0.09523236615273115,0.16821499045501,0.9359980332333521,2,3
7.7,19,544047.69,455229.53,118200.88,0,66,0.057,1,81.5,6063108.52,4.9,0.312,1,44.8,0,0.16325436470468227,0.2596511698175643,0.928703590917431,3,11
1.6,15,850669.28,911383.03,4908.13,4,15,0.499,1,80.9,9471154.98,10.0,0.883,1,72.2,0,-0.07137174390498738,0.005385364702259159,0.9278140560101101,2,1
7.3,1,263494.33,197620.75,65873.58,0,55,0.05,1,92.3,3466229.08,5.1,0.682,0,50.0,0,0.24999999051212984,0.3333333164660088,1.0962377191696433,2,1
7.7,7,284512.92,285588.13,19221.64,1,22,0.366,1,71.1,2527893.06,16.5,0.437,1,53.8,1,-0.0037791253908610583,0.0673054583886242,0.7404154264769417,0,8
7.0,133,2327703.82,1886052.43,468020.16,1,65,0.168,1,80.3,28270137.46,13.3,0.643,0,22.7,0,0.1897369356896961,0.24814801145268267,1.012089582914949,2,13
1.1,9,474364.48,497479.68,23910.63,0,6,0.673,1,80.3,5034508.9,6.9,0.749,0,34.4,0,-0.048728774970672364,0.04806353095668149,0.8844304875722006,2,6
13.8,4,190565.37,165467.62,17351.25,0,132,0.296,1,67.8,2306539.11,17.0,0.168,1,33.8,0,0.13170152583336628,0.10486190591246795,1.0086386235862266,4,3
2.0,1,301116.13,264666.15,31738.35,1,19,0.531,1,80.5,2915757.14,15.1,0.4,0,14.1,0,0.12104957645410752,0.11991843309014015,0.80693040810091,4,8
16.0,5,763151.08,738460.92,53793.39,0,126,0.464,1,65.0,9560737.63,10.4,0.437,0,26.8,0,0.03235291234862685,0.07284527663291918,1.043997914322985,4,13
0.5,7,691339.39,759259.7,28965.81,2,6,0.477,1,90.6,7386651.07,3.7,0.508,1,58.2,1,-0.09824452502265195,0.03815006907386235,0.8903792619618179,0,11
3.4,7,640881.17,557889.48,135145.25,0,20,0.05,1,85.2,5753745.71,14.7,0.637,0,38.2,0,0.12949622158504057,0.24224376842524437,0.7481555577091875,2,8
12.5,47,442930.92,424932.9,70464.11,0,124,0.344,1,100.0,5811277.31,3.4,0.359,0,20.4,0,0.0406339209735007,0.1658240865793164,1.0933377809042246,3,11
1.3,9,239468.88,192764.52,42201.68,0,6,0.05,1,94.9,2303635.82,10.3,0.45,0,19.3,0,0.19503310826859846,0.21892867006853753,0.8016475947382669,2,10
3.3,1,313600.85,305888.09,24906.12,0,33,0.399,1,84.7,3370015.07,0.0,0.687,0,22.1,0,0.024594193542523728,0.08142232670778388,0.8955160330932351,0,10
2.1,6,412475.74,319544.02,78581.0,2,21,0.243,1,78.8,5396382.99,3.8,0.294,0,19.4,0,0.22530226868615347,0.2459160399872293,1.0902425012923185,3,6
2.1,4,378680.5,344871.11,48266.73,0,23,0.094,1,88.2,4147964.5,9.3,0.644,1,57.3,0,0.08928209928950663,0.13995585191232748,0.9128109536491404,2,2
12.8,9,506428.63,412550.43,123387.66,1,97,0.05,1,100.0,5903108.26,0.0,0.897,1,78.9,0,0.18537301100058268,0.2990850354949333,0.9713623187799103,2,14
2.0,6,264681.89,278580.66,21227.8,1,18,0.527,1,81.7,3206842.15,12.8,0.208,0,21.1,0,-0.052511223945091064,0.0761998338290964,1.0096529302905208,1,10
3.3,6,629503.91,559125.03,86310.69,1,24,0.052,1,75.5,5626919.68,15.4,0.471,0,16.1,0,0.11180054465428181,0.15436742297156683,0.744888102971963,4,2
5.7,3,631956.77,543361.13,54089.66,0,30,0.238,1,88.9,5706367.1,4.0,0.208,0,21.5,0,0.1401925641211186,0.09954642872595616,0.7524732928593623,4,3
4.8,10,468607.69,366772.99,93849.11,1,33,0.05,1,100.0,5246082.02,0.0,0.455,0,22.5,0,0.21731333516955303,0.2558779205633436,0.9329200331020318,3,11
8.5,50,1567477.19,1524733.34,122818.84,0,68,0.417,1,83.7,17504601.99,3.1,0.329,0,18.0,0,0.02726920064463577,0.08055102933605426,0.93061439222602,3,13
3.2,9,495017.54,458298.75,91396.11,0,29,0.223,1,87.9,4978204.87,15.4,0.793,0,45.2,0,0.07417674533310473,0.1994247420487182,0.8380519321261493,2,0
4.4,23,462177.36,399211.34,74499.43,0,41,0.122,1,78.8,4040145.32,12.8,0.757,1,66.0,0,0.13623778542505838,0.18661651745664337,0.728462287003125,2,10
7.8,3,210175.73,219232.04,15956.51,1,67,0.301,0,,,,0.278,0,30.1,0,-0.04308922823772277,0.07278365881191454,,4,8
1.5,26,694829.63,562109.98,68403.02,0,16,0.239,1,74.9,7454113.98,14.6,0.272,0,0.0,0,0.19101034882464643,0.12168974477201064,0.8939978063399513,3,13
4.0,202,487218.96,433144.91,33174.86,1,41,0.51,1,75.6,5735968.1,0.0,0.264,0,23.1,0,0.11098511026746587,0.07659067262270265,0.9810729485294797,3,7
3.0,8,396983.28,436681.6,0.0,2,21,0.63,1,72.7,3831249.01,19.9,0.107,0,4.6,1,-0.09999997984801764,0.0,0.8042423117500901,1,8
9.8,3,266077.5,242717.03,18117.49,1,106,0.357,0,,,,0.047,0,8.4,0,0.08779573620467722,0.07464449445512744,,1,0
4.8,26,951454.78,942429.3,139931.42,1,20,0.168,1,97.8,9823912.77,0.0,0.501,0,10.4,0,0.009485978934279968,0.14847948806345473,0.8604291183444367,2,4
13.9,4,217046.12,220129.22,979.22,9,131,0.416,1,82.2,2460920.29,7.7,0.304,0,6.8,0,-0.01420481508722665,0.004448387179130512,0.9448530608763397,3,12
7.1,10,704552.39,602806.85,114565.38,0,67,0.166,1,78.9,8065351.21,12.2,0.349,0,29.3,0,0.14441160294694344,0.19005321522142624,0.9539568815220871,4,8
9.5,5,404927.88,392647.62,47174.15,0,103,0.315,1,77.9,3817855.44,14.9,0.691,0,22.0,0,0.03032703008743189,0.12014373091068271,0.785706876987576,2,8
3.6,7,577598.47,580218.07,34349.99,0,41,0.526,1,81.8,5523788.66,10.8,0.132,0,4.6,0,-0.004535330573157468,0.059201861810336244,0.7969476125285905,1,6
1.9,8,865810.29,741584.41,137668.45,0,18,0.244,1,80.9,7547223.86,10.3,0.658,1,51.3,0,0.1434793296346709,0.18564097106626068,0.7264123895624602,3,5
8.0,8,652268.63,676851.63,41847.18,3,92,0.512,1,100.0,8059042.51,4.1,0.439,0,22.6,0,-0.037688459737823046,0.06182622327436812,1.0296170089205934,4,11
15.2,7,202460.99,158388.88,48709.13,0,129,0.117,1,85.7,2411825.63,7.8,0.855,0,25.4,0,0.21768198407011635,0.30752872297600686,0.9927120734056801,0,7
15.9,7,819086.97,751095.88,5453.89,3,172,0.389,1,53.9,9017100.81,19.1,0.525,0,28.4,0,0.0830083892068262,0.007261243398113168,0.9173935064551204,3,10
2.9,137,401354.57,347056.36,26170.31,1,30,0.178,1,100.0,4725178.37,11.8,0.572,0,47.0,0,0.1352873844192182,0.07540651322453795,0.981089773480508,0,6
3.5,26,574697.31,532702.72,34627.31,0,33,0.316,1,74.6,7279638.9,9.8,0.64,1,75.0,0,0.07307253621910999,0.06500306587509071,1.0555758038957934,3,14
9.3,10,435634.72,479198.19,1371.64,5,94,0.571,1,83.7,5336302.26,3.5,0.047,0,5.8,0,-0.09999999540899777,0.0028623647347248956,1.0207906637928217,1,2
12.4,11,1077244.34,877365.64,174272.64,0,80,0.264,1,90.3,11498975.21,13.6,0.17,0,0.0,0,0.18554629862339314,0.19863171299938304,0.889536290500878,4,8
0.7,9,345396.87,307069.06,51060.85,0,7,0.05,1,92.8,3835111.71,9.6,0.489,0,32.9,0,0.11096745028407466,0.16628458106459829,0.9252910789261061,4,8
21.9,16,595950.87,583247.64,28034.35,0,224,0.494,1,75.7,6962808.31,29.0,0.479,0,28.6,0,0.021315901426572262,0.048065946739192976,0.9736272821169526,3,1
2.9,24,2608217.88,2235692.11,544824.8,0,28,0.07,1,100.0,33709904.04,5.0,0.215,0,13.6,0,0.14282770348924992,0.2436940209982671,1.0770414126598964,1,8
9.4,9,360265.18,331358.66,57265.66,0,102,0.337,1,69.2,3062558.25,14.7,0.413,1,54.9,0,0.08023678558111005,0.17282077371993237,0.7084037027947024,2,14
3.6,6,245261.46,208793.59,54154.73,0,38,0.05,0,,,,0.493,0,33.5,0,0.1486897696849721,0.25936969616739675,,2,3
5.4,7,457984.69,446351.72,20079.83,0,52,0.41,1,68.0,4629785.59,7.9,0.057,0,0.0,0,0.025400346898059038,0.044986563510946036,0.8424200071695264,1,7
7.3,14,581346.7,596079.86,98086.09,0,81,0.194,1,87.9,7219852.77,3.5,0.087,0,12.8,0,-0.025343155813905942,0.16455192765613655,1.0349321626836447,1,10
1.2,22,643797.35,631214.04,123159.14,1,10,0.201,1,81.3,8222441.6,8.7,0.215,0,0.0,0,0.01954545168600017,0.19511470308867018,1.0643154506098336,1,8
10.8,9,557683.03,532252.63,72084.49,0,71,0.364,1,73.8,5931748.47,15.5,0.025,0,0.0,0,0.04560009652795069,0.1354328488710333,0.886367965150383,1,8
2.9,5,290905.01,265502.22,21580.13,0,23,0.496,1,86.2,3488518.43,6.9,0.75,0,45.4,0,0.08732331560738688,0.0812804126458905,0.9993291939752659,2,0
5.1,7,139645.42,134057.25,6668.69,0,19,0.57,1,76.0,1696995.85,8.3,0.768,0,43.3,0,0.040016851250832375,0.04974509025062054,1.0126814100550763,2,8
3.5,23,1352090.46,1323993.72,21473.97,3,36,0.363,1,92.9,11731594.11,5.6,0.274,0,16.7,0,0.02078022205703603,0.01621908750443318,0.7230528366423057,3,3
9.2,5,226802.36,184913.5,56700.59,0,102,0.05,0,,,,0.584,1,37.9,0,0.18469322805988433,0.306633047343758,,2,5
6.8,7,465231.67,482377.43,23601.62,0,56,0.355,1,53.8,6110121.94,33.0,0.253,0,3.4,0,-0.03685424081296961,0.04892770376922485,1.0944586561214402,4,13
24.3,49,977644.2,905861.09,156283.71,0,171,0.184,1,77.5,11879832.2,8.0,0.537,0,12.7,0,0.0734245751163869,0.17252502809233147,1.012624037115616,2,7
10.9,8,800014.12,787525.4,76986.55,0,110,0.264,1,85.0,10180449.61,22.6,0.781,0,64.6,0,0.015610624472478025,0.0977575453439343,1.0604447841912257,2,14
7.2,5,514833.95,459295.33,25519.88,1,51,0.366,1,91.4,4508523.88,5.2,0.464,0,35.5,0,0.10787676298348234,0.05556311665524664,0.7297699060703617,2,9
12.3,49,1238890.8,1362779.88,3213.85,3,132,0.615,1,57.4,16215955.5,23.8,0.457,0,28.3,1,-0.09999999999999987,0.0023583045561253813,1.090757655961284,3,13
4.3,2,79015.54,75447.46,1383.89,1,43,0.502,0,,,,0.789,0,34.2,1,0.04515668689981727,0.01834243326415495,,2,3
2.5,6,328770.7,303110.24,60163.88,1,25,0.111,0,,,,0.468,0,23.0,0,0.07804971671745693,0.19848844433629165,,2,8
7.0,9,347687.16,298544.82,76215.7,0,70,0.146,1,79.4,4359144.54,4.4,0.457,0,16.9,1,0.14134068108813674,0.2552906461415073,1.044795686444101,2,10
1.3,3,415100.45,316815.71,101992.03,0,13,0.163,1,93.9,3711068.12,9.4,0.086,0,0.0,0,0.23677338822446467,0.32192857481720205,0.7450140722966373,1,10
8.5,6,1052187.42,907190.27,207692.13,0,96,0.177,1,95.7,13746602.76,0.7,0.351,0,27.4,0,0.13780543964306274,0.22893998852082045,1.08873211010259,4,12
3.0,8,386053.76,337615.41,58184.07,0,30,0.422,1,100.0,4151691.61,15.2,0.264,0,26.8,0,0.12547047851573842,0.17233831240108383,0.896181663489907,4,1
7.6,9,675275.5,656216.76,56418.82,1,83,0.364,1,94.9,8326897.6,4.4,0.203,1,48.3,0,0.028223650939505417,0.08597589003974845,1.0275926393499146,1,7
3.3,3,322848.59,282258.84,15976.52,3,31,0.245,1,87.2,3636339.42,11.7,0.264,0,16.4,1,0.12572379516974194,0.05660237248902461,0.9386080484353362,4,12
14.7,8,773589.39,722531.66,31197.56,1,165,0.432,1,78.0,9428418.97,20.4,0.493,0,42.8,0,0.06600107325670532,0.04317812177254627,1.0156571315350298,4,12
3.1,1,60703.86,53653.83,4646.76,0,24,0.419,0,,,,0.719,1,56.0,0,0.11613808413501216,0.08660630564490923,,0,5
4.7,2,321197.83,288453.49,60474.0,0,20,0.194,1,66.7,4112116.35,11.0,0.571,1,58.7,0,0.1019444620780907,0.2096490494880128,1.0668701046330233,3,0
3.5,8,390419.44,339057.04,62752.97,0,39,0.096,1,90.8,4415944.94,0.0,0.291,0,13.1,0,0.13155697369987526,0.18508086426991754,0.9425642628519386,4,0
8.2,2,710497.78,702256.04,69213.46,0,90,0.376,1,79.4,8858271.46,13.4,0.871,0,35.5,0,0.011599951797175202,0.0985587251054473,1.0389747992362952,2,11
10.2,10,185031.31,148485.66,46257.83,2,116,0.131,0,,,,0.395,0,26.5,0,0.19751062671501377,0.31153062187958086,,3,3
11.1,43,543641.06,517964.68,96419.98,1,118,0.269,1,84.4,7027302.97,4.1,0.363,0,27.5,0,0.04723039131738883,0.1861516503403282,1.0771971139069836,4,7
11.9,9,144529.95,133356.8,17480.1,0,95,0.302,0,,,,0.416,1,61.9,0,0.07730681426237276,0.13107768032826222,,2,14
2.0,106,957853.7,931079.8,56183.28,0,17,0.403,1,73.4,11146190.53,14.6,0.024,0,10.4,0,0.027951972206193814,0.060342067350188454,0.9697192909870613,1,3
9.1,6,478247.2,496174.88,0.0,3,78,0.476,1,84.2,6299343.58,11.4,0.77,0,49.4,1,-0.037486220515248164,0.0,1.0976442691840815,0,3
1.3,6,262395.55,214400.76,15382.2,1,9,0.395,0,,,,0.87,0,36.4,0,0.18291007602834722,0.07174508150064393,,2,10
17.7,10,1140547.74,1024737.25,126507.07,0,207,0.279,1,86.0,13060044.69,17.3,0.456,0,22.7,0,0.10153936213139135,0.1234531778755969,0.9542231502733941,4,14
4.6,16,491721.75,482253.75,18646.4,2,51,0.423,1,78.8,5446655.97,24.4,0.434,0,24.2,0,0.019254791963137688,0.038665121836792354,0.9230586149585613,2,8
4.1,10,465701.52,423516.84,63807.92,1,37,0.297,1,83.7,6126743.98,6.1,0.632,1,78.8,0,0.09058308420380502,0.15066206104106744,1.0963288209437954,2,11
6.9,9,357729.67,354206.41,36624.63,0,77,0.161,0,,,,0.571,0,41.9,0,0.009848945434131895,0.10339911691603774,,3,0
9.6,3,252430.83,242752.91,15765.38,0,89,0.517,1,72.3,3010722.17,10.6,0.478,0,26.8,0,0.038338898620267514,0.06494414423291568,0.9939099521507205,4,8
6.0,127,1216802.42,1250226.21,83687.37,0,32,0.267,1,81.8,12812698.02,4.8,0.135,0,13.9,0,-0.02746854333179255,0.06693778240339403,0.8774841481659775,1,8
5.8,3,572138.56,588913.15,55708.65,0,64,0.45,1,98.0,6961089.09,0.0,0.595,1,45.7,0,-0.029319104099538345,0.09459569717538147,1.0138990763006779,3,8
5.6,8,450606.73,436702.57,28234.88,0,51,0.249,1,85.8,4276832.15,10.6,0.567,1,47.1,0,0.030856529817031304,0.06465471453488354,0.7909395387118757,3,2
2.6,8,378877.46,367158.3,47592.47,0,29,0.397,1,84.0,4253309.85,9.3,0.695,0,49.5,0,0.030931267328491992,0.12962384344845262,0.9355069248511113,3,7
3.9,4,399975.05,439972.55,7767.16,8,26,0.643,1,75.9,4286721.04,8.9,0.588,0,26.6,0,-0.09999998749922026,0.017653737716137062,0.8931225918550003,3,9
1.8,29,1300256.76,1184991.21,35447.67,0,16,0.482,1,78.5,13718341.97,3.4,0.415,0,28.5,0,0.08864829897135089,0.029913867462358645,0.8792072453187374,4,5
12.5,46,519545.65,474346.94,79191.56,2,104,0.255,1,67.7,5797783.68,8.7,0.358,0,0.0,1,0.08699660944134556,0.16694860517072166,0.929944539040987,3,8
16.0,6,875034.99,756553.24,218758.75,0,172,0.05,1,100.0,10867897.39,0.0,0.319,0,25.2,0,0.13540229974117948,0.28915182492642555,1.0349964586368523,3,8
9.9,9,344199.66,290242.48,76424.37,0,92,0.206,1,77.3,3543435.08,21.7,0.467,0,20.6,0,0.15676128210004622,0.2633121450726303,0.8578923543000208,2,11
1.9,31,1011623.96,995446.51,21304.92,0,17,0.623,1,77.5,10210203.78,5.2,0.143,0,22.6,0,0.015991564691686378,0.02140237550282837,0.8410737078627517,4,10
0.7,5,379228.15,380400.54,52765.62,1,6,0.277,1,73.3,3775775.54,11.4,0.473,0,11.7,0,-0.003091516281162028,0.1387106863728427,0.8297062379643142,2,3
8.8,4,188204.56,170114.14,39002.84,0,90,0.211,1,97.4,1840588.1,0.0,0.251,0,12.9,0,0.09612105041450635,0.2292745329694521,0.8149767554339102,4,14
24.5,10,539437.27,593380.99,9278.56,3,193,0.538,1,81.3,5179052.56,4.8,0.746,0,28.8,0,-0.09999998702351429,0.01563676652330908,0.8000702534575211,2,3
14.6,8,584165.51,478837.88,112846.64,0,135,0.215,1,82.3,5338470.79,0.8,0.799,1,73.2,0,0.18030443118766118,0.23566773789909853,0.7615522625314414,2,6
7.3,18,237513.39,261264.73,0.0,5,56,0.713,1,86.0,2255478.18,14.7,0.588,1,57.2,0,-0.10000000421028893,0.0,0.7913512370818336,3,14
12.1,6,539145.68,505073.58,60592.45,0,123,0.13,1,78.2,5917008.97,9.6,0.238,0,13.9,0,0.063196462967115,0.11996756987368057,0.9145655787009799,1,11
2.6,9,1161269.83,1074716.22,97271.62,0,26,0.319,1,75.0,13890780.37,12.0,0.136,0,0.0,0,0.07453359052650158,0.0905091206309327,0.9968096999758731,1,7
5.3,2,382223.66,348336.76,56137.09,0,47,0.189,1,95.7,4273984.61,8.5,0.132,0,7.8,0,0.08865725371370252,0.16115752468961356,0.9318245347937558,4,5
1.8,49,384456.04,336163.57,22984.57,0,15,0.376,1,83.6,4871563.21,13.8,0.656,0,44.8,0,0.12561246274086363,0.06837317321445628,1.0559428350594606,3,13
6.2,9,1670923.7,1558762.2,129611.15,2,67,0.374,1,67.0,20167177.13,10.7,0.153,0,0.1,0,0.06712544684116935,0.08315004687693864,1.0057898479545575,1,14
5.8,4,280866.86,238275.6,50751.59,0,57,0.307,1,71.9,3124496.76,32.7,0.397,0,10.9,0,0.15164216953185572,0.2129953297777867,0.9270397013018908,4,11
17.3,1,324720.77,328979.85,42500.1,0,95,0.204,0,,,,0.453,0,42.8,0,-0.013116130514225985,0.12918754750480918,,4,0
0.9,31,1588236.51,1542438.13,144771.25,0,6,0.421,1,74.2,19863697.34,10.6,0.287,0,22.3,0,0.02883599496148097,0.09385870796645827,1.042230235386458,1,0
10.4,2,379169.48,289834.15,82015.72,0,104,0.228,1,73.9,3874878.76,10.7,0.855,1,80.2,0,0.23560791337952613,0.2829746598183823,0.8516153866955044,0,13
6.7,33,492499.33,524617.28,10379.63,1,76,0.534,1,72.2,4525614.23,12.6,0.623,0,39.2,1,-0.06521420039292239,0.019785146993251915,0.7657564106060138,0,8
6.5,9,176453.6,185530.71,0.0,5,57,0.583,1,82.4,1588596.14,12.3,0.257,0,0.0,0,-0.051441908807754476,0.0,0.7502426228009327,4,5
1.9,7,835764.41,817152.96,37170.37,1,18,0.443,1,83.9,9222665.64,5.4,0.359,0,20.2,0,0.022268775479444104,0.04548765264216874,0.919583869334661,3,3
1.3,18,1239709.62,1183126.84,85758.83,0,11,0.416,1,57.9,10546479.25,11.3,0.479,0,38.5,0,0.045641962510543414,0.07248489942126576,0.7089347833191237,4,8
6.0,10,370137.36,308240.45,47008.78,0,57,0.376,1,87.2,3553325.2,3.1,0.746,1,60.3,0,0.16722686410255905,0.15250684976614845,0.8000014733269112,0,14
10.9,7,104856.89,84859.04,14215.96,0,97,0.407,0,,,,0.41,0,21.3,0,0.19071565063583334,0.16752440282143188,,0,3
3.9,10,592582.9,444437.18,148145.73,0,22,0.108,1,91.8,5577584.73,3.0,0.029,0,19.9,0,0.24999999156236202,0.33333334083345595,0.7843606818556526,1,12
17.1,8,813641.75,868898.79,0.0,6,138,0.505,1,66.0,9270762.61,27.6,0.285,1,46.8,0,-0.0679132308537511,0.0,0.949513162068359,3,11
3.8,10,846778.15,778351.57,176467.63,0,38,0.298,1,82.6,10215027.85,10.2,0.738,1,58.9,0,0.08080815500494441,0.22671969428930427,1.0052837580106824,2,8
6.0,2,136877.19,134734.11,10080.4,0,56,0.433,0,,,,0.383,0,6.9,0,0.01565695496817268,0.07481698583974021,,4,7
2.2,10,314784.97,247245.77,60178.12,0,13,0.299,1,81.2,2733780.96,2.6,0.316,0,23.9,0,0.21455662257318064,0.2433939314715071,0.7237165103530833,3,1
8.3,10,540712.83,533462.21,8669.02,2,83,0.429,1,78.4,4581290.82,22.4,0.328,1,32.0,0,0.013409372956805918,0.01625048567170297,0.7060572892268898,3,12
8.0,17,692133.96,599615.55,117722.55,0,87,0.181,1,100.0,8535464.81,5.0,0.784,0,46.9,0,0.13367124768736954,0.19633004847856264,1.027674952066601,0,3
27.8,6,264422.57,261815.42,38520.29,4,240,0.383,0,,,,0.132,0,12.9,0,0.009859786174833692,0.14712765963135402,,4,13
1.2,8,545717.75,415210.89,129411.71,0,11,0.05,1,73.5,4606652.49,10.7,0.358,1,35.4,0,0.23914717818872483,0.311677061263976,0.7034546842209183,3,10
2.6,15,1000717.02,950836.3,773.61,5,24,0.424,1,74.0,11385558.91,11.9,0.473,0,22.2,1,0.049844980152331145,0.0008136100819878248,0.9481167571561172,2,7
7.0,32,453208.54,404794.13,43652.24,2,46,0.345,1,100.0,5821473.51,0.7,0.54,1,46.7,0,0.10682589961786682,0.10783812502419439,1.070418471152375,2,13
2.0,3,380026.83,335645.08,78240.12,0,15,0.309,1,67.8,4983612.49,12.7,0.407,0,26.2,0,0.11678583325287849,0.23310372968970675,1.0928203170111261,4,8
4.8,47,620620.34,496915.46,102286.47,2,40,0.369,1,68.5,7476425.44,12.2,0.662,0,28.0,0,0.19932456612685293,0.20584280070497302,1.0038914505014989,2,8
6.6,10,387323.91,361537.47,47591.03,0,60,0.265,0,,,,0.354,0,17.1,0,0.06657590542241507,0.131635124846119,,3,6
1.4,4,301858.39,312697.08,16246.02,3,14,0.265,1,56.2,2696632.87,10.6,0.364,0,18.7,1,-0.03590653882438054,0.05195449858374117,0.744453072294374,3,14
4.9,27,801527.35,733106.98,0.0,4,44,0.435,1,67.2,9466262.2,13.9,0.798,0,45.3,1,0.08536248950207376,0.0,0.9841899759669253,0,6
13.2,9,1171174.66,994048.87,100247.08,0,108,0.171,1,92.1,15407698.23,0.0,0.286,0,28.3,0,0.15123772401291533,0.10084723500565923,1.0963137236080571,3,1
2.6,18,372615.06,339992.24,43992.83,1,28,0.412,1,90.4,3870233.64,15.7,0.454,0,21.8,0,0.0875509969994235,0.12939362968990117,0.865556722264527,4,8
5.8,4,223769.92,225946.0,0.0,0,59,0.42,1,72.4,2444945.23,10.8,0.491,0,28.0,0,-0.009724631442867688,0.0,0.9105130655332644,4,10
4.4,10,1019427.15,960516.68,0.0,4,38,0.294,1,66.0,10707523.13,13.9,0.575,0,43.1,1,0.057787817403136627,0.0,0.8752892192116589,3,9
2.4,7,143137.29,140818.87,1985.03,2,11,0.489,0,,,,0.725,1,75.3,0,0.01619717685028138,0.01409633524257083,,0,1
12.9,5,387789.99,389807.51,20922.96,0,111,0.442,1,98.4,3336024.86,0.0,0.478,0,28.1,0,-0.0052026097940279965,0.05367510749087415,0.7168882096896484,4,11
3.0,6,633950.45,612646.45,63561.69,0,31,0.364,1,92.4,5794819.07,0.0,0.794,0,45.6,0,0.03360515005549724,0.10374938106635566,0.7617339638557977,2,1
2.5,6,906281.42,816451.51,68387.66,0,13,0.142,1,89.7,10475985.0,0.1,0.723,1,51.6,0,0.0991192228127109,0.08376205954962347,0.9632755684211202,2,13
5.7,9,873590.62,785562.52,152055.2,0,65,0.089,1,78.3,9144926.5,17.6,0.433,0,27.3,0,0.10076584842451716,0.19356218776832684,0.872350493339012,4,3
5.4,1,288298.97,269574.93,28509.41,0,39,0.202,1,96.1,2546867.76,7.8,0.15,1,41.9,0,0.06494660733612742,0.1057569040266467,0.7361766849184372,1,6
1.0,6,381650.7,392393.74,26113.99,1,11,0.387,1,78.9,4247820.46,0.7,0.469,0,42.3,0,-0.028148880638762037,0.06655047555039997,0.9275105176889058,4,14
3.6,7,280590.57,256890.62,31437.48,0,24,0.466,0,,,,0.621,0,32.2,0,0.08446452779934839,0.12237690889608971,,2,10
5.5,5,209971.62,228678.11,0.0,4,63,0.492,0,,,,0.649,0,40.7,1,-0.08909056376285515,0.0,,3,8
8.3,30,811549.67,732375.48,103625.25,0,80,0.166,1,82.0,10512832.92,0.0,0.711,1,76.7,0,0.09755926584259476,0.14149197075795056,1.079501899125903,2,6
3.1,34,1046440.12,1132111.93,52814.35,4,33,0.439,1,78.3,9805088.99,15.0,0.363,0,20.0,1,-0.08186976814306388,0.046651173440067896,0.7808289586284849,4,11
16.8,10,718699.46,693972.4,29881.15,0,195,0.397,1,70.2,8913737.69,15.1,0.615,1,61.0,0,0.03440528534695148,0.04305812450178134,1.0335495092297227,2,13
1.5,1,223048.18,189560.91,45573.11,0,13,0.234,0,,,,0.561,0,36.5,0,0.1501346928721857,0.2404140706013703,,3,8
4.6,7,674907.65,572645.54,80643.72,0,51,0.217,1,96.4,8110173.6,3.4,0.432,0,27.0,0,0.15152015242381678,0.1408265923104893,1.0013930053985902,2,7
17.1,100,455211.24,486218.88,15326.12,7,173,0.447,1,70.3,5536610.96,19.7,0.865,0,50.9,0,-0.06811703507145389,0.0315210301994032,1.0135607518537255,2,2
2.2,4,254183.85,234562.65,32426.29,0,15,0.305,0,,,,0.602,0,45.4,1,0.0771929451851485,0.138241489000913,,3,11
8.9,5,463430.98,436495.9,67254.93,0,68,0.115,1,77.3,5292513.08,20.1,0.714,0,23.0,0,0.0581210172871912,0.15407917920878522,0.9516902747128961,2,8
1.0,3,381674.49,386610.65,38107.82,0,9,0.358,0,,,,0.376,0,18.4,0,-0.012932905209357934,0.09856898665362684,,4,14
4.9,14,703336.04,737236.22,11925.18,2,38,0.414,1,87.9,7466046.34,7.4,0.186,0,5.3,0,-0.048199122570201196,0.01617552105619553,0.8845992426796916,1,8
5.6,4,233076.33,212165.73,49140.59,0,60,0.218,0,,,,0.183,0,23.0,0,0.08971567383097193,0.23161417256217579,,1,0
1.1,6,187284.45,171214.99,32722.52,0,8,0.276,0,,,,0.612,1,74.0,0,0.08580242513460151,0.19111948083517688,,2,10
5.2,9,1049980.23,843101.03,168634.3,0,57,0.26,1,77.8,11310373.8,6.5,0.512,1,47.0,0,0.19703151934584517,0.20001671685776493,0.8976656160468851,2,12
5.9,35,345286.19,282158.2,51595.45,0,35,0.246,1,78.2,3751232.52,15.0,0.615,0,16.2,1,0.18282801869371026,0.18286000548628392,0.9053437961130156,2,5
1.3,6,512182.7,431943.76,72607.64,0,14,0.361,1,81.7,4501402.88,6.2,0.305,0,18.2,0,0.15666077749209414,0.16809512423561807,0.7323888656658388,4,13
4.7,48,402421.26,341872.92,39842.0,0,54,0.26,0,,,,0.053,0,12.9,0,0.15046009249113734,0.11654037997510888,,1,8
4.9,5,406879.8,390532.16,63228.6,0,47,0.227,1,71.5,3940298.16,18.5,0.152,0,4.6,0,0.0401780575000283,0.16190369571612234,0.8070151922017265,4,7
2.9,10,901736.45,781464.1,95445.26,0,29,0.36,1,82.0,8186702.16,8.3,0.667,0,33.7,0,0.13337860524546832,0.12213646154698597,0.7565682633767329,3,11
2.6,4,74694.12,65723.82,7655.14,1,30,0.429,1,100.0,827103.32,6.1,0.865,0,54.7,1,0.12009379051523719,0.11647436195887578,0.922767102238659,0,1
6.1,6,624881.55,611657.24,7293.83,5,55,0.323,1,78.0,7709802.9,11.1,0.872,0,50.4,1,0.021162906794095705,0.011924701488042552,1.028168578508999,2,8
4.1,5,192034.11,170304.25,39108.23,0,26,0.27,0,,,,0.609,0,38.5,0,0.11315625125140522,0.22963742830845385,,3,8
3.7,10,208233.81,206244.42,15589.84,0,27,0.458,1,84.8,2336932.16,5.4,0.072,0,0.0,0,0.009553635886506543,0.0755891480603451,0.9352196296397146,1,7
8.2,229,1964275.2,1512086.25,488867.52,0,61,0.05,1,68.8,17348134.18,28.1,0.263,0,20.1,0,0.23020651586905946,0.32330663677419197,0.7359853895896733,4,13
5.1,7,971315.16,851140.29,137041.3,0,56,0.388,1,53.1,12123779.65,36.7,0.211,0,31.0,0,0.12372386939785845,0.16100906232508388,1.0401515516687019,4,5
11.1,4,348306.33,343426.09,19810.23,4,118,0.423,1,93.0,3722112.64,1.1,0.526,1,47.9,1,0.014011344554088324,0.05768411479745175,0.8905266043638465,0,3
7.0,2,163165.68,144298.35,27739.05,0,73,0.145,1,74.2,1387663.58,26.4,0.744,0,17.1,0,0.11563295663646907,0.19223400683375796,0.7087190864320652,0,12
2.4,8,1008776.99,896275.49,81695.49,0,25,0.198,1,78.6,8587500.71,14.5,0.813,1,74.3,0,0.11152266666986527,0.09114997666621455,0.7093986740980945,2,0
4.7,5,336954.84,370650.32,8656.91,5,42,0.573,1,72.2,3045681.01,23.0,0.071,0,5.4,1,-0.09999998812897294,0.023356003038119594,0.7532366973370477,1,7
14.5,5,199587.95,175857.06,23010.43,0,125,0.407,0,,,,0.49,0,28.5,1,0.11889941251463333,0.13084734840898626,,2,2
4.9,4,312716.99,315338.02,8031.15,1,27,0.239,1,80.1,3917938.87,1.7,0.464,0,23.5,0,-0.008381476171154078,0.02546838468764407,1.044058737689095,4,11
3.6,2,246519.26,249121.72,5859.13,2,30,0.486,1,82.6,2631020.62,18.7,0.147,0,32.7,1,-0.010556822213404307,0.023519145580722548,0.889389812111773,4,8
4.0,7,217524.68,214718.83,2427.89,2,25,0.359,0,,,,0.553,0,30.7,0,0.012898996104717892,0.011307298945323053,,3,7
3.0,117,518220.81,437600.22,121089.29,0,31,0.05,1,75.3,4858465.5,14.7,0.68,0,62.7,1,0.15557188836164265,0.2767121323659298,0.7812733822865972,3,8
2.1,16,661698.37,560518.49,149591.4,0,11,0.252,1,91.2,6377045.75,0.0,0.569,1,57.5,0,0.1529093686599228,0.26688040210769853,0.8031158957920158,2,2
1.4,10,729617.8,547213.35,182404.45,0,12,0.05,1,92.2,8388256.92,3.2,0.533,0,18.7,0,0.25000000000000006,0.33333333333333337,0.9580651815238058,2,11
4.6,4,206462.07,214712.81,15154.61,4,49,0.416,0,,,,0.22,0,20.0,1,-0.03996249771204943,0.07058083772458662,,4,8
10.4,4,860817.8,859283.07,58804.46,0,111,0.37,1,75.9,8806165.8,2.1,0.053,0,0.0,0,0.0017828743782948003,0.06843432863165802,0.8524999715386926,1,13
5.3,1,277450.71,247651.91,25742.19,0,50,0.214,1,79.7,3118561.56,4.4,0.642,1,61.6,0,0.1074021400053365,0.10394504932346373,0.9366713460563859,2,3
14.4,10,524845.4,394750.55,131211.35,0,115,0.162,1,88.5,4773391.53,0.0,0.281,0,4.6,0,0.24787270689616414,0.3323905438510472,0.7579043800326725,1,13
6.4,1,303315.04,298441.69,35705.42,0,58,0.327,1,75.9,2886102.38,14.8,0.208,0,8.8,0,0.01606695797214664,0.11963951819197914,0.7929330891955331,4,8
6.7,6,657169.44,700792.07,4948.44,2,68,0.644,1,56.8,6610049.33,21.9,0.11,1,38.1,0,-0.066379577845251,0.0070612100390919095,0.838196986406834,4,12
6.4,17,465020.63,405936.37,83634.68,0,63,0.233,1,92.8,3932865.88,5.8,0.652,0,32.2,0,0.12705728775946995,0.2060290384919193,0.704783405702524,3,13
3.3,199,495646.48,429666.12,44600.01,1,27,0.26,1,85.9,5364813.46,3.4,0.881,1,82.8,1,0.13311979941832733,0.10380155177233896,0.9019892329979492,2,3
2.4,7,365876.18,339659.95,17897.93,1,26,0.371,1,77.1,4600301.17,11.3,0.292,0,27.5,0,0.07165328445268009,0.05269367200931402,1.0477818775557712,4,14
7.2,1,302151.63,307135.47,18547.33,0,77,0.415,1,73.7,2989313.59,13.2,0.588,0,32.3,0,-0.016494499797998666,0.06038810821817488,0.8244518351045577,0,10
2.4,41,645482.15,625324.27,33322.8,0,21,0.447,1,77.0,5429567.84,13.0,0.512,1,51.6,0,0.031229182712488646,0.05328883204869052,0.7009705638903673,2,1
8.4,2,220324.69,241903.91,0.0,4,64,0.673,1,81.1,2647892.88,14.0,0.143,0,3.6,0,-0.09794281339962399,0.0,1.0015116326726703,4,13
4.8,19,538135.95,492167.12,42375.59,0,47,0.314,1,81.0,6272172.36,1.6,0.387,0,9.8,0,0.08542233612156921,0.0861000019668116,0.9712806401430718,4,8
5.6,9,326805.41,280617.41,37050.22,0,17,0.179,1,86.1,4160780.93,2.3,0.027,0,0.4,0,0.14133180965394668,0.13203108103663277,1.0609730853802777,1,3
6.2,48,1249617.29,1162274.58,155186.62,0,44,0.285,1,87.8,12903412.65,3.1,0.507,0,17.3,0,0.06989556778619793,0.1335197574397609,0.8604909647977101,3,13
11.7,6,425173.94,364382.13,27490.66,2,108,0.309,1,91.5,4589509.42,6.0,0.365,0,19.9,0,0.14298103500887188,0.07544458889902202,0.89953565435674,4,5
10.9,19,614373.24,553831.26,87846.27,0,102,0.05,1,92.7,6123616.42,6.3,0.463,0,30.2,0,0.0985426709014865,0.15861558627080746,0.8306048100879742,4,12
3.2,37,562984.29,538703.46,41738.01,0,29,0.485,1,67.5,7421467.7,20.5,0.144,0,11.0,0,0.043128787838822416,0.0774786373193148,1.098530905128217,1,12
11.3,4,153635.16,132080.99,13859.46,0,89,0.441,1,67.1,1846744.87,9.1,0.473,0,33.5,0,0.14029451331322865,0.10493152723946118,1.001693921061646,0,8
7.2,5,921536.75,1010426.78,0.0,4,42,0.588,1,73.6,9307876.15,16.8,0.564,1,63.7,1,-0.09645847547588311,0.0,0.8416987665802078,3,10
10.7,4,405289.26,426848.05,0.0,10,111,0.218,1,64.7,4673885.58,9.6,0.372,0,22.7,1,-0.053193588204138394,0.0,0.9610184711038234,4,3
3.8,2,307424.58,279179.07,0.0,1,22,0.185,0,,,,0.711,1,66.0,0,0.09187785179701638,0.0,,0,5
15.1,38,952010.9,853894.54,113331.2,0,144,0.255,1,81.7,11593286.13,7.9,0.531,0,18.9,0,0.1030622233421907,0.1327227130413552,1.0148068446485223,0,12
9.1,3,351900.47,336475.1,49776.98,0,78,0.392,1,79.8,3560524.71,11.3,0.465,0,26.2,0,0.04383446830861009,0.14793659322784958,0.8431656613019017,3,7
5.3,5,307431.45,282060.61,44943.23,0,58,0.168,0,,,,0.756,1,66.6,0,0.08252519382776233,0.15933890946346604,,0,11
14.1,39,774251.57,661846.84,193562.89,0,134,0.139,1,78.7,8201111.1,6.4,0.19,0,0.0,0,0.14517856256978592,0.292458735619256,0.8826923334491914,4,13
7.4,10,764538.49,608781.68,155617.42,0,84,0.256,1,73.9,7310807.58,6.6,0.366,0,43.0,1,0.20372657758538743,0.25562106271003426,0.7968650015252994,4,13
12.9,13,642768.15,647681.02,84663.07,1,132,0.46,1,68.6,8190020.11,17.5,0.424,1,48.3,1,-0.007643300309761763,0.13071723176325284,1.0618162642833708,2,7
8.8,1,463292.29,483225.32,31824.01,0,69,0.438,1,95.1,5633255.0,8.7,0.421,1,40.6,0,-0.04302473930658338,0.06585749687123182,1.0132651175064162,2,11
1.8,49,642660.98,601944.45,34650.25,3,17,0.353,1,76.3,5658235.73,13.8,0.188,0,29.2,0,0.06335615708300826,0.05756386656609261,0.7336988845451092,1,8
3.2,10,841313.9,843226.48,70364.49,0,35,0.225,1,63.9,9163053.26,17.5,0.492,0,34.8,0,-0.00227332509304786,0.08344672714737328,0.9076134028769364,4,5
9.9,8,1421407.86,1370013.41,105247.34,0,80,0.358,1,80.9,18107924.62,14.2,0.656,0,28.1,0,0.03615742634207762,0.07682212395278672,1.0616190896350703,2,10
1.7,15,1151258.91,1117912.32,21054.83,6,16,0.533,1,77.6,15157412.43,2.2,0.787,0,42.3,0,0.02896532631395648,0.018834062048801826,1.0971621513878231,0,12
5.4,29,1320545.2,1306324.38,124265.74,0,40,0.33,1,75.8,15920591.57,7.5,0.881,1,74.7,0,0.010768900602569352,0.09512625034220062,1.0046728912926772,0,11
0.5,7,354582.6,348606.15,0.0,1,6,0.432,1,86.0,3529656.94,15.3,0.816,0,47.4,0,0.016854887972506134,0.0,0.829533311373241,2,0
2.4,13,1127120.24,993222.51,181695.01,0,15,0.247,1,91.6,11001998.44,1.6,0.856,1,84.2,0,0.11879631404720403,0.18293484911049793,0.8134298105882061,0,5
1.0,10,177377.02,169835.41,11950.83,0,8,0.378,0,,,,0.793,0,50.1,0,0.042517401634101115,0.07036712779743635,,2,11
0.5,19,174657.51,157269.55,20843.07,0,6,0.115,1,75.0,1800258.16,4.1,0.765,0,39.5,0,0.09955460833032613,0.1325308681814121,0.8589468230328792,0,10
2.1,4,411446.64,394514.88,39451.04,0,20,0.254,1,79.4,4295796.6,11.5,0.809,0,33.2,0,0.04115177608450031,0.09999886442813007,0.870059480860021,2,9
12.5,7,198779.97,208429.55,1212.35,4,75,0.625,1,79.8,1687421.42,16.5,0.607,0,29.0,1,-0.04854402583922307,0.005816593664382042,0.7074075505025312,0,6
6.4,41,417583.94,372757.33,97696.3,0,44,0.129,1,88.3,4725070.16,3.9,0.377,0,12.3,0,0.1073475431071415,0.2620908889974075,0.9429381950528717,4,0
11.9,31,548371.27,529451.37,35543.01,2,132,0.29,1,78.3,4783318.13,13.0,0.482,0,27.4,0,0.034501989865369904,0.06713177453861344,0.7268977533536114,4,14
1.1,10,549864.95,477292.68,79709.26,0,8,0.163,1,86.2,5390182.73,10.6,0.497,1,42.4,0,0.13198198939575975,0.16700289641986546,0.8168949378691381,2,1
7.9,8,470904.35,418353.47,20757.4,1,38,0.283,1,90.3,5595085.09,0.5,0.495,0,22.0,0,0.11159565631534303,0.04961689453657454,0.9901312035731532,2,10
3.8,6,630360.31,603355.25,77927.97,0,39,0.382,1,70.1,6037400.52,9.4,0.206,0,8.6,0,0.042840673138193064,0.12915768943752456,0.7981414787996407,4,10
6.0,8,597292.22,584991.4,71683.22,1,59,0.204,1,83.9,7813554.32,3.0,0.531,1,53.2,0,0.0205943080926116,0.12253722020528848,1.090135623508819,3,11
1.7,41,2167768.15,1803174.26,511039.89,0,19,0.253,1,90.3,20017238.11,6.0,0.671,1,72.8,0,0.16818859987402246,0.2834112605400656,0.7695025761095962,2,11
3.9,11,238889.31,253337.3,15305.8,4,44,0.311,0,,,,0.781,0,32.3,0,-0.06047985152621518,0.0604166855808442,,0,1
9.1,9,419869.53,330112.62,61006.86,0,87,0.18,1,100.0,5083356.52,2.4,0.79,0,46.6,0,0.21377333573122115,0.184806203410218,1.0089158966437342,2,1
2.6,8,462139.71,376766.17,67378.08,0,22,0.118,1,89.9,4852304.93,2.0,0.62,0,33.9,0,0.18473534767224403,0.1788326165271155,0.874970783546531,2,13
3.8,37,1523915.61,1586146.07,72436.0,2,27,0.419,1,65.6,15627218.58,15.1,0.434,0,11.2,1,-0.04083589641817499,0.04566792514891141,0.854554022843824,3,8
2.0,17,1388192.62,1462060.67,67638.95,0,22,0.364,1,83.2,17517518.38,1.4,0.504,0,23.8,0,-0.05321167173471921,0.0462627518733542,1.0515782732898646,2,11
5.4,1,159866.75,138170.63,15602.12,0,57,0.308,1,85.6,1510611.21,0.0,0.69,1,66.6,1,0.13571377412751554,0.11291922168987722,0.7874324554668184,2,5
9.1,1,926938.27,816370.49,37466.92,3,39,0.29,1,82.8,8926945.88,13.2,0.257,0,0.1,0,0.11928278675989937,0.04589450556940146,0.8025476784626302,1,8
2.2,10,485490.09,451656.49,87072.85,0,16,0.246,1,77.6,5037411.87,19.7,0.305,1,50.3,1,0.06968957903960518,0.192785561434089,0.8646609501339152,4,7
0.9,8,207884.98,196253.44,26631.06,0,7,0.275,0,,,,0.827,1,59.8,0,0.05595180565714756,0.13569729019781768,,2,3
1.3,8,377711.55,390492.07,0.0,3,11,0.514,1,69.5,3221832.92,16.5,0.824,1,54.9,1,-0.0338367201108889,0.0,0.7108230517882408,0,6
1.2,5,203142.98,199581.82,18280.47,0,10,0.289,0,,,,0.549,0,38.3,0,0.017530312886027386,0.09159386360942094,,3,14
2.3,9,649582.99,636617.95,83739.97,1,14,0.205,1,91.2,6959800.25,12.0,0.199,0,26.0,0,0.019959020170771464,0.13153881382075389,0.8928548978270916,1,14
2.6,4,1453337.6,1359871.43,159080.19,0,24,0.421,1,91.7,17728817.82,1.6,0.442,0,17.7,0,0.06431139605828691,0.11698178702085094,1.0165576704270225,2,8
7.0,25,1160193.9,987276.06,176211.83,1,66,0.05,1,74.4,11431970.88,17.3,0.124,0,9.8,0,0.14904219027526336,0.17848283488206934,0.8211250205676828,1,2
4.5,4,375771.81,388687.75,53399.84,1,23,0.507,1,64.6,4476715.38,25.4,0.104,0,3.5,1,-0.034371764076714544,0.13738493173504954,0.9927823351091717,4,3
0.5,9,770244.15,749996.78,70084.91,0,6,0.522,1,83.1,6621280.17,10.4,0.426,0,28.8,1,0.02628695070257917,0.09344694786556283,0.716361620532918,3,12
5.5,9,527374.34,423942.9,131843.59,0,62,0.05,1,79.4,5286095.0,21.9,0.155,0,0.0,0,0.19612527981547215,0.3109937446764647,0.8352850778948908,1,12
3.4,36,1199464.0,1016529.65,163756.83,0,34,0.309,1,89.0,10617647.63,10.2,0.364,1,43.4,0,0.15251341432506518,0.16109400252122502,0.7376661318444462,3,5
7.0,48,2395690.84,2222495.3,342694.89,0,67,0.369,1,94.1,26130471.19,8.6,0.157,0,7.5,0,0.0722946121044567,0.15419375240073627,0.9089400140768303,1,2
2.6,3,433767.68,365759.17,71429.99,2,28,0.082,1,80.4,5429371.86,9.1,0.122,1,43.8,0,0.1567855631844217,0.19529241057715657,1.0430644694413378,4,12
7.0,195,2032630.7,1749523.14,238095.17,1,80,0.201,1,93.0,20387206.21,8.5,0.71,1,32.3,0,0.13928135592953508,0.13609146661529725,0.8358300653597988,2,5
21.4,1,84908.02,75835.44,11945.91,0,219,0.432,1,79.5,1084154.45,0.0,0.049,0,10.6,0,0.10685186157915355,0.15752410746215753,1.0640479446660829,1,1
6.7,5,255997.37,206597.35,44113.06,0,32,0.18,1,100.0,2713029.22,0.0,0.321,0,28.7,0,0.19297081059856197,0.21352190625872014,0.8831566056062738,4,10
1.4,30,513399.85,479938.98,40634.54,0,11,0.181,1,97.4,5520249.48,8.1,0.272,0,3.3,0,0.0651750677371643,0.08466605483888806,0.8960282906198748,4,14
9.9,10,282310.92,240960.26,68042.97,0,114,0.286,1,83.8,2813074.41,9.2,0.357,1,61.7,0,0.14647205286993495,0.28238253892986337,0.8303712357283239,3,12
7.4,9,534348.82,490740.63,70457.01,0,87,0.348,1,91.1,5689315.76,16.0,0.203,0,13.0,0,0.08160996781091413,0.14357280749303353,0.8872661993838906,1,11
2.7,40,1300162.83,975122.13,325040.71,1,24,0.05,1,92.2,13206961.33,3.1,0.409,0,28.3,0,0.2499999942314918,0.33333333333333337,0.8464940586198217,2,10
0.8,25,428558.3,365473.32,68356.15,0,8,0.237,1,84.6,5538851.6,8.5,0.48,0,28.5,0,0.14720279597898345,0.18703458298953257,1.0770319152998942,3,11
9.8,2,282814.53,255414.99,19519.27,1,109,0.364,0,,,,0.29,0,21.6,0,0.09688165597432365,0.0764217871472618,,4,12
5.7,8,769049.54,803840.6,0.0,6,47,0.476,1,84.7,8812790.04,7.3,0.473,0,17.1,0,-0.0452390362264568,0.0,0.9549439038738647,4,5
2.3,27,235063.72,227779.62,14245.23,2,22,0.518,1,77.6,2824082.8,12.4,0.582,0,32.9,0,0.03098776791246223,0.06253952833883909,1.0011763335206867,0,9
1.1,50,456058.93,342115.72,114014.73,0,9,0.05,1,56.7,4344427.35,10.9,0.679,0,42.6,0,0.24984317267946057,0.33326363956616784,0.7938351574433593,3,10
7.7,5,1089976.7,1111693.33,81415.24,1,82,0.293,1,82.4,10064349.71,18.2,0.088,0,10.8,0,-0.01992393965852676,0.07323534090107386,0.7694621446189325,1,3
7.3,7,550458.12,523346.38,117335.85,0,66,0.42,1,96.0,7185827.29,4.3,0.59,0,21.2,0,0.049253047625130844,0.2242030412057116,1.0878555862402999,2,8
3.8,1,333614.42,275811.0,52332.4,0,41,0.266,1,66.7,2889986.63,8.4,0.584,1,61.9,1,0.1732641532701134,0.18974007563150128,0.7218879182940193,2,7
4.1,1,139185.63,136002.41,15014.74,3,46,0.366,1,74.4,1637005.62,10.7,0.699,1,69.2,1,0.02287032073641511,0.11040054363742524,0.9801093331258407,2,3
7.0,45,1387139.83,1258160.31,175067.44,0,64,0.201,1,100.0,13993927.31,0.0,0.138,0,0.8,0,0.09298234915509564,0.13914557517714096,0.8406943438187242,1,11
4.1,1,74469.17,70905.35,6692.48,0,45,0.441,0,,,,0.398,0,20.8,0,0.04785631423043915,0.09438610767734733,,4,6
14.8,3,412502.85,406782.31,20307.46,0,62,0.526,1,100.0,5107163.15,0.0,0.291,0,4.5,0,0.013867879943132464,0.0499221807359322,1.0317430029069297,1,5
5.0,4,259822.06,266538.08,0.0,3,49,0.517,1,92.6,2821135.92,8.3,0.823,0,56.8,0,-0.025848536494553306,0.0,0.9048294821463582,2,13
24.3,41,750930.99,730841.24,111208.35,0,205,0.338,1,90.5,7654451.29,0.0,0.876,0,45.0,0,0.026753124145269327,0.15216485320395987,0.8494401607174761,0,11
12.6,4,433687.15,434640.9,0.0,3,134,0.576,1,78.5,4452112.02,17.2,0.369,1,44.0,0,-0.002199165919488276,0.0,0.8554768915795635,4,12
11.6,30,472359.63,519595.6,22385.82,3,73,0.42,1,80.5,4768215.29,3.0,0.634,0,8.1,1,-0.10000001481921723,0.043083159287722994,0.8412049822434373,2,1
0.9,31,667071.42,612019.5,73302.26,0,6,0.201,1,90.8,7618149.45,4.4,0.817,1,61.9,0,0.08252777491201772,0.11977111840390706,0.951690881165318,2,11
6.7,4,396943.42,345637.01,99235.85,0,67,0.111,1,100.0,4276084.87,0.2,0.401,0,3.2,0,0.1292537107681492,0.2871100233160795,0.8977108269821763,3,7
1.5,219,2283494.45,1999759.04,190849.38,0,15,0.327,1,84.8,29351516.65,10.9,0.089,0,0.0,0,0.12425491553088737,0.09543618815194854,1.0711476530338548,1,14
10.5,4,492453.81,476837.38,28826.22,3,107,0.436,1,71.4,4446229.53,14.4,0.624,0,34.9,0,0.03171146142619953,0.060452936806254576,0.752393666118656,3,7
4.9,16,158162.05,128344.45,38036.65,0,42,0.181,1,81.6,2000929.23,10.3,0.414,0,23.3,0,0.18852562925177052,0.29636380848568056,1.0542611359678256,0,3
13.9,6,649429.54,550811.83,78097.72,0,153,0.445,1,79.1,7440873.42,9.1,0.637,0,40.7,0,0.1518528245573801,0.14178656983456583,0.9547960891954499,2,13
4.9,2,112134.44,88628.26,19698.66,2,41,0.347,0,,,,0.675,1,64.6,0,0.20962498229803445,0.22226161271811046,,0,11
2.5,4,478910.5,472950.92,25514.43,0,22,0.493,1,85.8,5091797.02,3.4,0.292,0,18.6,0,0.012444037038235779,0.053947310219842684,0.8860035817409168,1,2
2.7,2,153672.49,163058.18,1261.02,1,23,0.751,1,59.2,1515928.48,21.7,0.456,1,19.4,1,-0.06107592842414412,0.007733558659859935,0.8220558756699611,3,2
5.5,8,430072.57,441444.13,73865.42,3,51,0.257,1,72.3,4846956.62,8.5,0.445,0,18.1,1,-0.026441025987776895,0.16732676907494498,0.939174176271383,3,0
4.2,5,271640.0,249715.84,53742.72,0,44,0.126,1,76.4,2901090.52,20.1,0.427,0,9.4,0,0.08071035193638641,0.2152155025488171,0.8899924287046581,4,9
3.2,1,144586.93,127957.46,17273.36,0,32,0.333,1,67.8,1329188.52,5.4,0.13,1,22.9,0,0.11501364611586945,0.1349929890762133,0.7660838362084319,1,14
9.0,9,275120.35,245989.43,43452.18,0,91,0.207,1,84.9,3477722.23,1.1,0.268,0,19.0,0,0.10588427937082802,0.176642467930431,1.0533942175972564,3,5
1.8,10,532341.35,493519.45,66455.9,0,16,0.255,1,84.5,5137658.43,4.9,0.48,0,29.4,0,0.07292670389027636,0.13465710419315793,0.8042550188896654,4,2
7.1,4,448259.7,421533.94,32170.75,2,68,0.385,1,94.5,3873408.94,3.2,0.505,1,56.9,0,0.05962115264878821,0.07631829123889763,0.7200827518809594,2,11
7.8,1,1124126.47,1072811.9,143883.03,0,87,0.165,1,76.2,13058654.48,14.1,0.141,0,3.0,1,0.04564839577169646,0.134117667785005,0.9680594094245166,1,2
6.7,8,1371743.77,1220531.77,342935.94,0,58,0.18,1,98.0,13559185.25,0.0,0.44,0,25.4,0,0.1102334148016579,0.28097256329509557,0.8237195086125062,4,3
1.8,30,1495411.98,1320536.9,192545.95,0,13,0.462,1,93.4,19533671.27,0.1,0.459,0,24.9,0,0.11694107198472496,0.1458088372994348,1.0885334348910771,4,11
5.5,6,280989.52,253847.0,58973.08,0,37,0.118,0,,,,0.304,0,30.4,0,0.09659620045615942,0.23231741954799545,,4,3
2.4,23,243121.11,224855.11,29341.69,0,26,0.361,1,70.7,2273285.55,15.7,0.588,1,68.0,0,0.07513127922129016,0.13049154186444772,0.7792020302144885,3,6
6.1,49,1865851.18,1653235.86,252912.2,0,51,0.085,1,75.0,20885501.62,20.1,0.248,1,44.9,0,0.11395084574751553,0.1529801077506267,0.932795973756778,1,1
3.6,9,477480.39,429620.2,60104.38,0,35,0.613,1,66.5,6215056.24,23.8,0.626,1,57.0,0,0.10023488085029,0.13990119645212212,1.084696595253542,2,5
7.3,34,714020.12,658771.6,141765.33,0,73,0.466,1,91.0,9012948.26,13.1,0.252,0,10.2,0,0.07737669913279197,0.21519648084404366,1.0519017610689552,1,7
7.1,1,509718.72,510925.33,55908.97,0,66,0.286,1,85.7,6261555.16,11.9,0.662,1,47.0,0,-0.0023672075453694233,0.10942689022679694,1.0236945257441856,3,10
5.0,1,201448.9,209218.1,12786.71,1,54,0.317,1,88.4,1898436.72,2.3,0.351,0,4.6,0,-0.03856660423561514,0.061116652909093426,0.7853260057513345,4,13
9.0,9,1002436.05,870082.29,126317.53,1,36,0.448,1,68.0,8480798.23,11.5,0.415,1,47.2,1,0.1320321231464092,0.14517883130341613,0.7050157322587643,2,8
3.8,151,1274525.49,1144414.78,161591.47,0,30,0.162,1,96.2,12176457.54,10.3,0.606,0,24.9,0,0.10208560834667964,0.14120009005825668,0.7961431944370135,3,8
2.5,2,595609.74,499325.53,133199.65,0,18,0.207,1,85.6,5167550.91,5.8,0.136,0,12.2,0,0.16165654040513167,0.2667591420771135,0.7230057092417596,1,13
6.3,11,831777.87,670245.03,207944.47,0,53,0.05,1,96.1,8690655.4,10.0,0.575,0,38.1,0,0.1942018967155257,0.31025141656029886,0.8706907330118477,2,13
1.0,43,259424.35,246465.77,32960.25,0,10,0.146,0,,,,0.182,0,0.0,1,0.049951286376934224,0.13373155225571487,,4,8
3.3,1,379971.5,351294.15,56191.93,1,29,0.525,1,75.9,3545138.74,14.4,0.545,1,61.0,0,0.0754723709541373,0.15995691929398767,0.7775010187167547,0,8
7.6,22,683176.26,565623.38,75431.79,0,74,0.224,1,73.7,8272415.53,11.2,0.86,0,36.5,0,0.1720681570521786,0.13336045267435725,1.009063108886912,2,11
1.0,2,427759.91,344942.25,104967.4,0,9,0.05,0,,,,0.228,0,28.2,0,0.19360781144731393,0.3043042712222118,,1,10
2.5,5,550968.79,501275.66,29174.04,1,22,0.294,1,79.1,5400317.36,9.7,0.666,0,39.3,1,0.09019227749724273,0.05819959421129684,0.8167911773490231,2,6
0.5,10,1543083.25,1529611.69,134573.52,0,6,0.303,1,100.0,17838850.83,0.0,0.481,1,44.3,1,0.008730287234988816,0.08797887782879064,0.9633769937558455,2,11
9.6,45,773599.88,580199.91,193399.97,0,104,0.05,1,86.0,7670438.27,0.7,0.506,0,17.8,0,0.24999999999999997,0.3333333333333333,0.8262710552212942,3,8
16.4,8,1162899.02,1071841.62,117933.64,0,150,0.211,1,79.1,13196176.23,9.5,0.284,0,17.5,0,0.07830206959844192,0.11002897984125676,0.9456378701738006,4,4
5.5,73,404190.96,369316.39,42020.37,0,38,0.306,1,86.4,3857871.86,20.2,0.239,0,17.1,0,0.08628240968081029,0.11377878463503881,0.7953896882470272,1,2
0.8,7,538289.97,479084.48,93673.99,0,6,0.191,1,71.6,5256641.26,16.2,0.296,0,15.3,0,0.109988098050573,0.19552708115278544,0.813787108708961,1,12
7.8,2,354985.16,333067.78,1485.11,2,72,0.598,1,94.3,3918184.81,13.3,0.102,0,10.8,0,0.0617416795676753,0.00445888221310389,0.9198001427252152,4,14
3.0,6,320611.43,331948.14,6736.64,4,34,0.372,0,,,,0.469,0,33.3,1,-0.03535965639153919,0.02029425439768995,,2,5
4.9,17,647799.12,669788.12,32163.77,5,44,0.434,1,54.3,7241899.08,17.4,0.45,1,51.5,1,-0.03394416466635521,0.048020812910208086,0.9316029790222624,2,8
2.1,1,273007.37,258055.43,10507.72,0,21,0.429,1,79.2,2425779.49,6.0,0.499,0,27.3,0,0.05476753246624808,0.040718848659762746,0.7404499403563111,3,14
1.1,5,340182.38,353841.82,11839.75,1,6,0.501,1,81.0,3510615.76,12.0,0.374,0,30.9,1,-0.04015328483503467,0.03346057286275545,0.8599837338234076,4,14
2.3,10,184264.81,184969.29,10417.95,3,22,0.318,0,,,,0.236,0,23.3,0,-0.003823193370454242,0.05632259279364699,,4,13
2.2,8,737242.29,795444.59,17719.89,2,18,0.354,1,81.8,6488536.19,7.3,0.458,1,46.0,0,-0.07894595954336793,0.022276711945454303,0.7334242168428329,2,2
2.8,1,316190.02,297679.06,19091.21,0,24,0.24,0,,,,0.187,0,0.5,0,0.05854378326045844,0.06413353361166889,,4,7
2.9,202,1519706.12,1427421.14,0.0,2,33,0.588,1,79.0,18985524.73,13.0,0.336,0,0.0,0,0.06072554343599025,0.0,1.0410743498442536,4,8
2.8,19,331440.53,330507.85,37756.99,1,20,0.412,1,81.5,4128596.12,6.5,0.254,0,11.3,1,0.0028140191545072994,0.11423931383172896,1.0380434664000406,1,3
2.5,1,575181.81,478569.92,101183.99,0,24,0.145,1,76.1,5976998.51,13.4,0.396,0,10.5,1,0.16796756837633664,0.21142989931335426,0.8659578597707508,4,10
12.3,46,492326.22,489260.97,113414.65,2,97,0.242,1,79.1,5811432.89,3.4,0.157,0,7.0,1,0.006226054748820813,0.23180808802304423,0.9836690683804463,4,10
2.5,7,271080.36,286108.79,24457.68,0,21,0.572,1,85.5,3262420.86,6.0,0.689,1,58.7,0,-0.05543902184577294,0.08548384689614046,1.0029070530967275,3,5
2.9,15,550800.47,453696.86,125295.46,1,23,0.05,1,73.9,6514783.61,13.3,0.763,1,74.7,0,0.17629543780164167,0.27616558774508604,0.9856539050641455,2,8
3.2,9,482420.87,398423.92,73671.99,0,35,0.061,1,78.8,4148673.05,18.1,0.197,0,18.2,0,0.17411549794684467,0.1849085516753111,0.7166413720174807,1,6
6.8,8,657805.12,595967.92,76515.58,1,63,0.215,1,98.2,7735361.74,9.0,0.361,0,7.6,0,0.09400534918305281,0.128388756227013,0.9799459729552323,3,10
3.5,38,576597.99,500743.11,75156.72,0,40,0.216,1,100.0,4959681.39,1.4,0.112,0,15.5,0,0.13155592165695895,0.15009037268630618,0.716802329643917,1,0
8.7,9,425795.54,437331.38,39130.98,0,83,0.215,0,,,,0.274,0,7.1,0,-0.027092439718837888,0.08947672586403474,,1,5
4.3,9,405724.28,360251.1,57744.03,0,36,0.333,1,97.9,5162061.7,0.0,0.109,0,13.8,0,0.11207902075764371,0.16028828225645947,1.060256508023955,1,2
3.2,1,488963.58,446307.48,94049.71,0,29,0.161,1,69.1,5793884.19,17.9,0.263,0,12.3,0,0.08723778568538793,0.21072850941238988,0.9874430371685352,1,8
5.7,1,145511.22,124922.95,18479.2,3,47,0.206,0,,,,0.236,0,21.8,0,0.14148922674141556,0.14792478083490665,,4,3
4.8,169,857734.16,686429.14,184050.96,0,52,0.185,1,77.1,8514665.64,5.3,0.856,1,62.4,0,0.19971808048311845,0.26812812754423565,0.827244037942945,2,3
2.2,5,142150.02,127457.99,18399.7,0,20,0.279,0,,,,0.387,0,18.7,1,0.10335580677371685,0.1443589374036104,,3,2
11.7,9,1021266.25,845313.4,144352.07,0,55,0.184,1,82.7,10814095.54,16.6,0.221,0,21.9,0,0.1722889109475614,0.17076751652109148,0.8824090958976988,1,10
6.0,6,630047.93,571838.46,85180.19,0,55,0.298,1,77.7,6261880.67,11.9,0.397,0,25.3,0,0.09238895523392972,0.14895848383475294,0.8282280828486599,3,10
6.8,39,294961.31,290258.55,58550.14,0,66,0.172,0,,,,0.351,0,22.0,0,0.015943650372314964,0.2017171931713984,,4,13
6.0,5,293682.87,282147.17,4496.59,1,43,0.422,1,81.5,3461547.73,6.7,0.457,0,38.1,0,0.03927944452463302,0.015937037397894156,0.9822238213394378,2,11
5.1,5,396672.62,329186.71,75316.22,0,59,0.05,1,97.1,4576575.32,11.1,0.032,0,7.0,0,0.17012999283893093,0.22879483804191245,0.961450973517322,1,12
11.1,3,126871.4,107418.18,20823.11,0,96,0.202,1,80.9,1585725.59,10.9,0.485,1,65.8,0,0.1533302225718326,0.19385089190675175,1.0415570346560903,2,8
15.3,7,546548.41,482799.33,87456.21,0,140,0.118,1,75.5,4979492.02,18.9,0.08,0,0.0,0,0.11663940253709641,0.18114401691485363,0.759233145209101,1,8
1.9,10,1500660.32,1429758.29,0.0,1,17,0.454,1,70.4,13617574.24,8.1,0.063,0,12.7,0,0.04724722114328979,0.0,0.7561990133338992,1,10
2.1,39,1366183.67,1388891.76,22117.25,6,12,0.549,1,78.4,11500109.62,10.0,0.438,0,28.5,0,-0.0166215498681814,0.015924387081107026,0.7014741058450313,4,2
4.2,10,385934.13,384291.97,19758.74,0,32,0.274,1,87.6,4335655.37,4.3,0.473,1,52.4,0,0.0042550266285079075,0.05141595854839226,0.936182073782038,2,11
3.1,137,1507831.56,1288073.74,231532.56,0,22,0.11,1,79.3,17523166.28,22.3,0.406,0,22.1,0,0.14574427663524966,0.17975101332319685,0.9684529064152675,4,11
14.3,2,314305.95,245548.89,70567.03,0,103,0.246,0,,,,0.204,0,28.2,0,0.21875837857985186,0.287384846252003,,4,12
5.9,1,154277.43,136393.33,22212.64,0,42,0.228,1,72.6,1386875.47,13.2,0.787,0,49.4,0,0.11592168731356237,0.16285723062850654,0.7491241968013943,2,6
5.2,3,322552.52,300447.86,56502.52,1,55,0.247,1,77.6,3071956.96,18.7,0.893,0,56.1,0,0.06853042103034888,0.18806098335997468,0.7936580787939072,2,0
3.4,2,327419.46,270801.09,54920.68,1,33,0.219,0,,,,0.895,1,72.4,0,0.1729230449527954,0.20280819401428551,,0,14
7.8,8,168605.5,148522.26,18401.55,0,72,0.186,0,,,,0.406,0,20.7,0,0.11911378928919869,0.12389758949264573,,2,8
4.6,10,851490.45,770355.21,106228.53,0,47,0.408,1,86.2,10771001.25,14.9,0.687,0,42.0,0,0.0952861420818049,0.137895517056346,1.054132125028531,2,11
2.3,1,139428.43,122253.02,19818.87,2,21,0.311,1,84.2,1682009.01,0.0,0.875,0,56.7,0,0.1231844179841944,0.16211354124421629,1.0053001206425405,2,11
4.6,10,691879.99,589798.75,79901.43,0,42,0.089,1,75.5,8921521.72,11.0,0.17,0,10.4,0,0.147541830195147,0.1354723623947999,1.074550722782622,1,8
5.1,10,653397.3,606512.01,39019.62,2,54,0.354,1,82.3,5577323.8,10.1,0.7,1,42.3,1,0.07175617346444504,0.06433445563592385,0.7113236974400312,3,13
10.8,5,182763.08,163875.31,22566.06,0,99,0.234,0,,,,0.314,0,14.9,0,0.10334565383774443,0.13770262280510714,,3,5
5.1,28,548740.06,527570.25,86526.79,0,55,0.072,1,100.0,4751428.03,0.0,0.624,1,64.9,0,0.03857894027274053,0.16400998729553076,0.7215663019633254,3,5
4.0,111,703475.99,616286.59,130135.23,2,20,0.126,1,81.2,6279555.03,9.9,0.564,0,29.3,0,0.12394083272124187,0.21116024932491229,0.7438722286740733,3,3
3.4,10,397859.25,423700.06,31865.18,1,17,0.415,1,84.1,4135810.08,0.0,0.08,0,15.5,0,-0.06494962728653411,0.07520692822181804,0.8662632325376374,1,12
5.9,7,211718.83,164472.16,52929.71,0,24,0.15,1,74.2,2137558.26,0.9,0.209,0,24.1,0,0.22315761899874464,0.3218156191297056,0.8413510267367338,1,3
10.7,33,236374.67,219801.24,40426.27,0,125,0.05,0,,,,0.612,1,41.9,0,0.07011508466622088,0.1839219378380213,,0,10
6.2,2,336874.24,354515.16,23549.23,0,64,0.63,1,79.7,4291886.2,7.5,0.075,0,2.1,0,-0.05236648548728447,0.06642658102406679,1.0616934774630835,1,3
4.6,213,1689141.75,1586415.68,161342.74,0,51,0.268,1,77.2,20750540.66,0.0,0.348,0,10.5,0,0.06081554138366426,0.10170268866732331,1.0237220894378265,4,13
3.3,142,2662379.59,2781924.56,335102.37,1,38,0.5,1,83.1,28872773.13,13.2,0.474,0,22.4,0,-0.0449015498950697,0.12045702993470103,0.903727040478101,4,0
12.6,7,619070.21,635359.7,21699.48,6,63,0.519,1,71.0,6508588.31,9.8,0.227,0,2.0,0,-0.026312831302284748,0.03415306321757581,0.8761241461879852,4,7
6.7,2,606459.69,604008.17,0.0,0,78,0.564,1,78.6,6843533.61,14.2,0.435,0,22.1,0,0.004042346161539446,0.0,0.9403666507496979,2,6
5.6,15,382341.54,359460.32,44068.55,0,57,0.284,1,100.0,3983787.46,2.4,0.062,0,5.9,0,0.05984497525432359,0.12259642455111597,0.8682872604774604,1,14
5.7,1,180049.39,180934.61,20379.94,1,55,0.358,1,89.8,2082478.41,1.5,0.535,1,46.4,0,-0.0049165398449834904,0.11263704605768902,0.9638459063926847,3,8
21.4,14,630384.52,511461.7,7505.01,2,225,0.393,1,80.8,7331361.66,5.2,0.7,1,70.4,0,0.1886512378191013,0.014673650050433884,0.9691653040591797,2,5
17.4,2,490699.23,522568.75,13768.78,2,165,0.512,1,80.3,6094371.2,10.7,0.717,1,54.6,0,-0.06494715714145306,0.026348265180418846,1.0349807695167297,2,2
1.4,5,229418.2,215178.27,10283.7,2,15,0.455,0,,,,0.319,0,14.0,1,0.06206974860756479,0.04779153582747924,,3,5
20.7,28,406012.55,356836.12,55263.56,0,201,0.194,1,92.5,4486362.9,0.0,0.526,0,38.0,0,0.12112046782790334,0.15487098111032033,0.9208177801400476,2,3
4.1,5,395354.87,380359.41,37247.62,0,16,0.452,1,70.1,4608631.98,17.7,0.141,0,3.7,0,0.037929114165205606,0.09792743132081314,0.9714125059342258,1,3
5.9,26,848071.75,794947.91,55940.0,0,28,0.356,1,51.0,8414483.85,23.7,0.599,0,45.8,0,0.06264073764985094,0.07036939061831107,0.8268250740577079,3,0
4.3,8,276649.33,283904.19,0.0,5,44,0.729,0,,,,0.376,0,11.0,1,-0.02622402880932329,0.0,,4,5
7.0,10,1005980.54,1106578.59,0.0,2,62,0.628,1,67.5,9058867.76,19.1,0.426,0,0.0,0,-0.09999999602377999,0.0,0.7504177433359364,3,8
0.7,3,305942.39,271572.8,46165.55,0,6,0.185,1,97.4,3790987.31,1.3,0.727,1,58.2,0,0.11234007160629171,0.1699932762043916,1.0325983567254824,0,4
8.1,31,5809616.52,5152977.12,1452404.13,0,89,0.05,1,65.3,57178726.76,24.1,0.341,0,21.1,1,0.1130262897283278,0.28185728292152784,0.8201735657187003,3,1
0.5,11,1022461.3,998706.57,79180.47,0,6,0.452,1,100.0,12202633.58,0.0,0.125,0,0.0,1,0.023232889107881245,0.07928301703272064,0.9945473062566442,1,1
8.9,2,285901.73,293375.43,25119.75,1,92,0.354,1,82.2,3378792.42,8.6,0.707,1,54.7,0,-0.026140800197326584,0.08562322345807896,0.9848350165632087,2,8
3.1,10,403337.57,380841.48,22227.08,1,28,0.424,1,95.8,3959142.35,9.8,0.299,0,8.9,0,0.05577484388573082,0.05836307536668538,0.8179960254301792,4,5
7.9,17,439839.05,427238.88,77198.66,1,82,0.338,1,63.9,3814659.77,11.1,0.443,1,45.9,0,0.028647229026163058,0.18069202877790524,0.7227378154956152,2,12
4.8,2,223436.87,190961.62,18114.62,0,49,0.142,0,,,,0.699,1,71.3,0,0.14534418603339727,0.09486000380600039,,3,11
7.0,6,311825.91,314813.35,901.87,1,34,0.59,1,76.7,3803450.32,23.8,0.586,1,53.1,0,-0.00958047392533867,0.002864776859049974,1.0164459820972969,0,8
13.7,2,288362.75,239093.74,72090.69,0,158,0.071,1,93.1,3339486.78,4.5,0.201,0,26.0,0,0.17085774775001283,0.30151642615151697,0.9650711300263296,4,12
6.2,8,675274.69,580564.12,100672.67,0,70,0.274,1,82.6,6135374.74,7.3,0.459,0,12.9,0,0.14025487909224016,0.173404911760651,0.7571455526244193,2,11
2.0,5,315981.03,285681.95,46578.76,1,21,0.111,1,85.6,3918638.61,3.4,0.05,0,2.7,1,0.0958889209266772,0.16304411251743417,1.0334582981136555,1,2
2.2,4,248827.22,236197.14,14759.13,3,20,0.55,1,63.1,2778116.24,20.0,0.507,0,40.2,1,0.05075843390445783,0.062486489040468475,0.9304033805733419,3,5
6.7,10,504174.81,539425.0,0.0,9,59,0.621,1,82.9,6126555.17,10.2,0.103,0,1.1,1,-0.06991660293381179,0.0,1.0126373909213486,1,8
3.6,116,3160520.44,2995620.75,29952.53,4,35,0.267,1,85.4,33806616.4,4.0,0.065,0,0.0,0,0.05217485320234156,0.009998772374640547,0.8913778875397285,1,12
3.3,30,568168.53,567817.96,769.77,4,16,0.437,1,90.3,5949843.2,3.7,0.083,0,21.2,0,0.0006170176303148384,0.0013556633537974037,0.87266407850267,1,1
8.5,7,388605.03,330710.33,43723.39,0,79,0.197,1,96.7,4303482.64,4.1,0.501,0,39.4,0,0.14898083022754494,0.13221053603012642,0.9228484596129218,3,5
4.3,8,1176481.08,1124704.86,0.0,1,41,0.5,1,92.7,13462499.58,7.3,0.215,0,21.7,0,0.044009394524219606,0.0,0.9535852161770421,4,8
7.9,22,1056308.08,978750.62,44481.57,5,85,0.375,1,100.0,10133395.44,4.0,0.207,0,12.6,0,0.07342314374798693,0.04544729688140581,0.7994349716609191,4,14
7.9,9,299018.36,328564.29,0.0,2,59,0.803,1,74.5,2653197.2,14.1,0.847,0,33.6,1,-0.09880975201656511,0.0,0.7394186987938356,0,10
8.9,4,259687.44,231650.95,42436.08,2,94,0.16,0,,,,0.262,1,34.8,1,0.10796244131021504,0.183189751650058,,3,8
6.1,10,770877.26,790569.51,5568.22,4,64,0.621,1,80.9,7900053.39,15.5,0.457,0,5.4,0,-0.025545246982638974,0.0070433022391668005,0.854011159312184,3,6
5.6,9,858609.95,901856.45,41713.68,3,51,0.435,1,80.3,9922662.66,24.1,0.376,0,11.3,0,-0.05036803964361233,0.046253125982521945,0.9630549413036736,3,5
9.3,9,454422.07,440357.67,59780.46,0,77,0.343,1,68.1,4217941.93,18.5,0.654,0,27.5,1,0.030950081275762032,0.13575432897535314,0.7734993171289707,3,0
6.3,47,616031.3,525406.63,42863.45,1,32,0.406,1,77.6,7714306.6,6.1,0.535,0,25.1,0,0.1471104958465585,0.08158147909172749,1.0435490588438172,2,8
22.0,71,531701.54,526740.05,50366.79,0,164,0.424,1,90.2,6336971.39,9.3,0.043,0,5.5,0,0.00933134404688764,0.09561982233931139,0.993190557933435,1,12
5.2,7,467969.4,379380.34,50350.61,0,48,0.28,1,64.4,4509532.86,22.9,0.082,0,0.4,0,0.18930524089822964,0.13271802645334757,0.8030320038019579,1,3
5.0,35,700074.32,627564.86,117007.72,0,53,0.385,1,86.7,6807730.77,4.2,0.15,0,8.0,0,0.10357394626330525,0.18644721439629364,0.8103581024083272,1,13
1.0,8,234634.13,237783.68,14183.56,1,7,0.439,1,84.7,2755757.37,3.4,0.409,0,27.5,0,-0.013423238980620544,0.05964900534805417,0.978742723831354,4,10
4.3,45,712572.51,714799.88,0.0,4,35,0.572,1,99.5,8051847.49,4.3,0.15,0,10.5,0,-0.0031258152240534725,0.0,0.9416407192488148,4,5
12.9,13,344121.29,340087.82,4697.5,1,150,0.345,1,67.2,3901227.79,16.2,0.16,0,4.2,0,0.011721070788732578,0.01381260875499746,0.944731771269756,1,11
3.0,16,596934.67,625982.28,0.0,1,32,0.391,1,84.0,6918876.27,12.8,0.639,0,36.1,0,-0.048661288177481776,0.0,0.9658896550605779,2,13
3.8,50,776065.72,813152.45,69741.53,1,38,0.441,1,76.8,8567378.88,14.0,0.562,0,31.2,0,-0.04778813062378272,0.08576685712500774,0.9199584798050351,2,0
2.3,1,238620.71,210136.29,19208.44,0,24,0.065,1,85.1,2101546.23,4.8,0.148,1,38.2,1,0.11937111409986159,0.09140943718003205,0.7339214291165256,4,1
7.9,42,473988.19,463370.34,58103.06,1,62,0.39,1,62.2,5381750.32,16.4,0.179,0,0.8,1,0.022401085562912395,0.12539227262582234,0.9461822104329928,4,10
1.2,8,254783.71,257087.53,39131.31,1,7,0.223,1,83.9,2150337.05,8.7,0.184,0,0.0,0,-0.009042257842936689,0.1522100663536656,0.7033210803260014,1,13
3.5,100,1079444.74,844589.38,269861.19,2,41,0.303,1,79.7,11768878.29,10.4,0.838,1,72.0,0,0.2175705261206794,0.3195176216873577,0.9085595780475062,2,8
8.1,7,102500.11,93426.97,4887.04,1,77,0.425,0,,,,0.649,1,59.7,0,0.08851834402909421,0.05230866418979444,,2,14
2.9,5,345143.31,309242.67,37571.49,0,29,0.355,1,82.9,3049570.03,11.2,0.474,0,38.6,1,0.10401661848812893,0.12149516753299278,0.7363052635536622,3,6
14.2,7,312043.25,282624.26,38792.96,0,152,0.336,0,,,,0.443,1,55.8,0,0.09427856555140991,0.13725983749590356,,3,10
3.6,2,878186.14,740814.63,136120.83,0,29,0.125,1,69.6,8726825.13,13.9,0.438,0,30.2,0,0.15642641547496983,0.18374479186513903,0.828110800632768,2,10
4.0,10,457045.35,364729.85,14738.41,2,39,0.257,1,82.0,5525214.28,7.0,0.089,0,0.0,0,0.20198323864360507,0.04040911375912885,1.0074153983479615,1,12
11.2,2,545759.66,569338.14,0.0,5,113,0.579,1,61.5,5501197.55,12.0,0.767,0,47.7,0,-0.043203046557160306,0.0,0.8399908655151732,2,12
1.3,21,719772.1,594019.0,87240.48,0,11,0.302,1,77.6,7219718.39,8.8,0.407,0,14.9,0,0.1747123846561988,0.14686479725395987,0.8358801336793503,0,14
3.4,9,212482.15,181991.86,21906.85,0,32,0.468,1,81.6,2445105.5,15.0,0.581,0,26.2,0,0.14349577129184737,0.12037269139399971,0.9589454533788682,0,9
1.6,2,154707.82,136434.0,23471.79,0,10,0.131,1,75.2,1413236.94,15.7,0.746,1,64.7,0,0.11811826965178622,0.17203768855270682,0.7612397679703585,2,13
10.3,7,375143.98,301129.75,93785.99,0,98,0.05,1,100.0,3229519.49,8.5,0.342,0,31.4,0,0.1972955290392771,0.311447108762917,0.7173955561453144,4,8
2.2,2,186139.56,184641.84,0.0,7,24,0.457,1,79.7,1727730.17,8.7,0.403,1,61.5,1,0.008046220803358518,0.0,0.7734922880803343,3,8
4.3,3,300096.83,260498.62,59129.01,1,32,0.05,1,85.7,3519574.67,1.4,0.616,0,45.4,0,0.13195144380565438,0.22698396636419801,0.977344176433542,3,13
4.8,19,811859.74,888221.75,0.0,3,55,0.434,1,77.3,9817308.89,17.3,0.507,1,54.7,0,-0.0940581312727738,0.0,1.0076975539723978,2,5
2.0,8,360689.96,336322.08,30222.75,0,18,0.386,1,93.1,3939981.48,6.0,0.477,1,56.2,0,0.06755907483535167,0.08986252106908948,0.9102881322230315,2,10
4.1,1,389490.0,328357.98,70243.91,0,43,0.145,1,86.3,3315614.09,17.6,0.137,0,2.9,0,0.15695401679118853,0.21392478416391772,0.7093922158891541,4,11
19.4,3,769161.39,711107.73,93107.13,0,168,0.347,1,68.9,9623242.83,8.2,0.709,1,57.5,0,0.07547656545786838,0.13093252410573572,1.0426120095549778,0,10
1.2,2,152153.19,125974.63,22361.34,0,9,0.071,0,,,,0.24,0,31.3,1,0.17205396745214477,0.17750669321275245,,4,11
1.4,1,210614.3,213067.3,35522.59,0,7,0.05,1,80.9,2157637.63,21.2,0.381,0,37.3,0,-0.01164688247664095,0.16672004573202925,0.8537081092467764,4,8
7.1,6,299554.4,303945.49,22651.43,2,72,0.509,1,76.1,3072325.48,16.9,0.756,1,70.6,0,-0.01465873978148866,0.074524645850149,0.8546932488166867,2,2
13.2,4,571120.58,564129.45,50681.11,0,141,0.218,1,78.1,5892554.07,18.7,0.044,0,6.6,0,0.012241075255946835,0.08983950403582015,0.8597942180616222,1,6
5.9,3,494268.52,438676.43,66570.82,0,51,0.237,1,82.7,5016918.81,7.9,0.41,0,22.2,0,0.11247345875881398,0.15175381088972573,0.8458490690444942,4,10
17.5,31,589096.84,553360.58,23088.94,0,102,0.316,1,98.1,6250743.64,4.5,0.656,0,37.1,0,0.060662793573973355,0.041724945423470536,0.8842269521142454,2,11
3.5,36,819405.76,767901.72,139087.73,0,35,0.05,1,100.0,9098428.02,0.0,0.682,0,39.3,0,0.06285535508073563,0.18112699369914162,0.9253075484848922,2,13
10.0,7,153447.83,150314.3,13509.76,1,117,0.316,1,88.9,1921494.88,17.7,0.238,0,15.6,0,0.02042081663846272,0.08987674492712937,1.0435114874764493,4,13
15.4,9,650998.49,562410.22,72088.21,0,102,0.238,1,73.1,6243521.7,24.9,0.432,0,20.8,0,0.13608060749879777,0.12817727601038262,0.7992237816096932,4,11
13.3,4,547341.48,527372.2,86908.91,1,132,0.257,1,79.1,6668218.53,0.0,0.669,1,67.7,0,0.03648413418255826,0.16479615345670479,1.0152434957058252,2,13
4.3,28,1528659.81,1344750.48,78659.77,0,43,0.256,1,87.9,16495073.57,1.5,0.363,1,41.7,0,0.12030755881519517,0.05849395197836256,0.8992121433261641,3,6
8.1,3,398470.69,320901.66,60466.59,0,82,0.172,0,,,,0.484,1,46.2,0,0.19466683986217412,0.18842716488284916,,3,12
0.5,5,251402.22,220021.33,39248.3,1,6,0.393,1,93.6,3055029.97,12.1,0.672,1,58.0,0,0.12482344030215808,0.17838406849008687,1.0126634157539791,0,14
4.8,11,299991.02,291163.8,17284.48,2,25,0.368,1,67.5,3858597.76,20.8,0.187,0,17.5,0,0.029424947453427205,0.059363423612413355,1.071864795597326,4,14
8.4,11,1020365.12,1026181.44,102409.43,0,43,0.499,1,84.5,10073119.9,12.3,0.596,0,29.3,0,-0.0057002340495527215,0.09979661101646897,0.8226728274809446,2,7
1.8,9,583728.08,590828.8,61431.77,3,15,0.262,1,98.6,6981380.21,0.0,0.664,0,43.1,0,-0.012164431082363023,0.10397558480561542,0.996665577860614,3,13
1.7,35,396792.76,388551.65,47956.14,1,19,0.412,1,80.0,4410985.9,9.8,0.84,0,53.1,0,0.020769305367366042,0.12342281907694896,0.9263832292034092,2,7
10.2,7,392836.74,312380.03,49379.87,0,93,0.395,1,79.2,4365096.54,10.4,0.478,0,30.0,0,0.20480953487191642,0.15807627011240122,0.925977659319747,2,12
5.3,1,193666.07,166622.31,36241.07,0,50,0.191,0,,,,0.5,1,42.1,0,0.1396411875348119,0.2175043065961575,,2,12
1.5,162,3115034.4,2751592.76,412923.66,0,15,0.247,1,90.6,33443409.42,6.0,0.783,1,77.9,0,0.11667339532430208,0.15006714147626993,0.8946773701760726,2,3
2.4,27,278705.18,271093.34,7904.18,1,24,0.39,0,,,,0.26,0,24.2,0,0.02731144071308602,0.029156673491130398,,3,3
4.1,20,660368.48,643091.55,38283.6,0,46,0.412,1,82.1,7487563.12,14.1,0.46,1,37.6,0,0.026162560030121268,0.05953055984019693,0.944871859016247,0,3
2.9,4,271359.01,281093.34,10937.6,6,27,0.298,1,69.1,2477351.49,17.5,0.817,0,31.0,1,-0.03587251442286739,0.038910918344774725,0.7607853430037205,0,11
6.0,8,394171.59,348224.55,73363.3,0,58,0.152,1,84.7,3507791.21,5.3,0.605,0,39.8,0,0.11656608737326817,0.21067813857466397,0.7415956440865428,3,8
5.6,189,832810.95,805927.03,87276.69,1,48,0.273,1,89.5,8480772.22,15.1,0.683,0,27.9,0,0.032280939629816256,0.10829353868426525,0.8486091811512967,2,0
14.6,9,874361.76,777677.64,141809.77,0,138,0.374,1,77.3,8530182.37,4.3,0.495,0,33.7,0,0.11057679375182189,0.18235032448663432,0.8129913307660358,2,5
7.1,191,2477897.53,2234192.77,357674.82,2,50,0.299,1,85.4,25671700.26,5.1,0.418,0,21.2,0,0.0983514277928998,0.16009129776209954,0.863356264373047,4,10
5.9,29,1178759.28,1144172.13,6769.29,2,47,0.413,1,100.0,15287374.01,0.0,0.462,0,20.5,0,0.02934199593321559,0.005916321349306071,1.080753174784479,3,13
2.5,48,1187696.75,1215359.99,0.0,4,18,0.409,1,89.4,11894377.19,14.1,0.406,1,46.9,1,-0.023291500966050458,0.0,0.8345548635766382,2,14
9.6,2,213441.45,215447.76,0.0,1,80,0.295,1,71.6,2091594.32,9.7,0.626,0,40.2,0,-0.009399814328472738,0.0,0.8166151732321283,2,14
4.7,13,1494045.58,1241268.83,219201.37,2,44,0.173,1,72.4,19303301.41,7.3,0.155,0,0.0,0,0.16918945003003188,0.17659459796472934,1.0766796357265975,1,2
2.1,6,287436.55,215577.41,67350.64,0,19,0.05,0,,,,0.456,0,34.8,0,0.25000000869757166,0.3124197475050841,,3,11
8.7,5,603216.31,484324.53,95396.27,0,100,0.106,1,90.1,6018350.47,13.0,0.266,0,12.7,0,0.19709642797954188,0.1969676613323715,0.8314251413946901,3,8
1.6,5,580095.82,638105.4,0.0,4,16,0.634,1,63.3,6931124.55,16.1,0.858,0,48.4,1,-0.09999999655229386,0.0,0.995686734132992,2,5
14.4,37,796922.38,770424.79,96964.63,0,148,0.368,1,74.3,7036282.84,3.5,0.567,1,67.9,0,0.033249900699237445,0.12585865779318964,0.7357766804507777,2,8
3.8,23,823227.18,710481.8,150416.22,0,38,0.287,1,85.2,8936484.19,4.9,0.243,1,42.0,0,0.1369553663182015,0.21171016625619402,0.9046190819809099,4,12
2.6,8,1490601.12,1551605.65,31131.87,2,20,0.093,1,93.1,13891613.25,14.6,0.132,0,11.8,0,-0.04092612650123313,0.020064292753767685,0.7766225464126848,1,5
9.7,10,1011110.76,1092868.14,46863.02,2,75,0.347,1,72.3,11164201.91,7.1,0.07,0,0.0,1,-0.08085897533124846,0.0428807632730514,0.9201268505605327,1,7
1.0,1,277614.72,247379.88,25681.57,1,9,0.313,1,84.5,2845930.82,3.3,0.488,0,29.8,0,0.1089093546624616,0.1038143037339981,0.8542807156143114,4,7
10.7,6,784845.6,673491.61,150025.5,0,87,0.112,1,95.9,7809412.51,2.4,0.034,0,1.9,0,0.14188012266361688,0.22275778609922106,0.8291877737905817,1,8
8.9,8,232558.49,210943.4,18371.31,2,76,0.3,1,90.7,2643892.5,3.8,0.436,0,11.8,0,0.09294474693226636,0.0870911818051667,0.9473933847781691,2,3
9.5,2,427453.8,349960.85,48992.32,0,84,0.291,1,78.1,4850369.33,9.5,0.483,1,39.7,0,0.1812896504838652,0.13999371643999609,0.9455932878984038,4,8
6.4,3,527340.36,555998.98,0.0,6,15,0.591,1,48.4,6611190.21,20.2,0.076,0,0.0,1,-0.05434558432053256,0.0,1.044738008484691,1,8
0.9,10,335995.94,347534.01,30043.99,3,6,0.579,1,85.5,3612188.76,11.2,0.469,0,33.5,0,-0.03433990898818601,0.08644906436639108,0.8958909741587948,4,10
4.7,7,558349.49,579145.21,47196.6,2,31,0.391,1,80.8,6294774.83,5.6,0.356,0,12.1,0,-0.03724498790175303,0.08149355150498439,0.9394914449848726,4,10
13.0,6,358354.68,325808.38,73012.85,0,93,0.256,1,88.7,3352648.78,0.0,0.663,0,45.9,0,0.09082147329567453,0.22409752014358872,0.7796393180447184,3,5
6.6,37,992459.33,884187.09,113648.72,0,43,0.45,1,68.4,8894838.3,23.6,0.603,1,64.2,0,0.10909488855326696,0.12853469733424858,0.7468684132376489,2,0
6.7,243,2300774.38,2197278.66,211960.59,0,79,0.55,1,72.6,28099446.25,17.2,0.355,0,21.2,0,0.04498299394310873,0.0964650473599921,1.017753214390945,4,8
7.7,10,643965.74,548804.79,148729.82,0,79,0.072,1,87.8,8094483.73,5.3,0.331,0,20.0,0,0.1477733116671703,0.2710067818467838,1.0474785674674765,3,14
7.1,45,579552.45,572995.98,17083.14,1,80,0.45,1,80.4,6079174.25,11.0,0.38,0,17.6,1,0.011312988151460618,0.029813717017700542,0.874119079587476,4,5
7.4,21,214768.32,202017.88,12930.84,0,70,0.184,0,,,,0.601,1,53.1,0,0.059368346318488696,0.06400839371247732,,0,7
1.9,5,227161.93,197429.37,41914.34,0,12,0.267,1,79.5,2700626.19,21.1,0.423,0,14.8,0,0.13088707249493786,0.21230042926237366,0.9907125833100643,4,3
0.8,36,1815144.5,1754615.09,143202.55,0,7,0.284,1,84.9,16104881.09,8.0,0.195,0,8.9,0,0.03334688230055509,0.08161479450173884,0.7393755285965754,1,8
11.9,6,303359.0,277296.9,37791.8,1,106,0.416,0,,,,0.57,0,26.9,0,0.08591174153395804,0.13628641358774657,,3,10
11.1,34,343896.17,336029.71,20273.37,2,115,0.292,1,65.4,3188966.75,9.0,0.289,0,12.2,0,0.022874520527518417,0.06033207599411373,0.7727542565148855,4,8
2.1,9,226024.77,190422.29,45072.84,0,23,0.189,0,,,,0.626,0,36.6,0,0.1575158333310105,0.236699390601804,,3,8
5.0,2,492044.63,532254.83,0.0,8,47,0.535,1,62.4,5361072.08,13.2,0.577,1,61.8,1,-0.0817206357886681,0.0,0.9079583018041811,0,3
3.2,48,3758143.41,3638903.8,464507.09,0,24,0.399,1,72.8,48526740.89,3.3,0.399,0,18.9,0,0.03172832885586991,0.12765028028495837,1.0760353272858916,4,3
15.1,10,462182.65,475031.26,22005.96,0,84,0.375,1,83.1,6093076.27,9.6,0.507,0,17.6,0,-0.027799853586022723,0.046325288150510346,1.098605401637931,2,10
5.0,4,284785.98,250786.7,49083.46,1,52,0.191,1,95.0,2981511.01,2.3,0.587,1,78.0,0,0.1193853714287479,0.19571795474002407,0.8724420030555343,2,8
3.3,7,166039.35,168871.17,13864.61,0,30,0.412,0,,,,0.203,0,5.9,0,-0.017055113742615872,0.08210169918287413,,4,12
5.0,46,1055305.34,998438.68,88883.89,0,48,0.277,1,62.8,9992550.21,16.7,0.117,0,0.8,0,0.05388645147953106,0.08902288320801033,0.7890725896450026,1,6
8.5,6,916234.34,763933.27,186619.86,0,93,0.152,1,96.8,11196717.3,4.9,0.564,1,71.6,0,0.16622501837248313,0.24428816930567768,1.0183636808461032,2,8
11.9,3,140759.58,126311.56,15032.52,0,80,0.285,0,,,,0.43,0,17.8,0,0.10264324460189488,0.11901143489954523,,0,14
11.3,99,1391988.76,1287315.24,247983.43,0,108,0.334,1,69.5,14439005.57,18.0,0.119,0,14.4,0,0.0751971014478594,0.19263613316657385,0.8644110489560753,4,3
5.1,39,858475.17,789665.3,118520.75,0,47,0.247,1,83.0,9007527.05,9.6,0.541,1,77.6,0,0.08015359372595482,0.15008985452444218,0.8743727022025187,3,6
4.6,27,882188.97,836291.41,85268.83,0,40,0.211,1,100.0,9922950.9,8.6,0.132,1,24.7,0,0.05202690303416505,0.10196066703590798,0.93734177497141,1,3
9.4,1,350788.98,346703.45,40481.17,0,83,0.314,0,,,,0.281,0,4.6,0,0.011646688559030475,0.11676021683660776,,1,13
15.7,9,997270.7,1014771.44,65934.64,0,177,0.317,1,77.7,12032762.52,4.0,0.509,0,32.3,0,-0.017548635490845156,0.0649748676411311,1.0054744514202614,2,11
1.4,1,103778.72,98660.79,9250.01,0,11,0.342,0,,,,0.197,0,11.9,1,0.04931579422062642,0.09375568551599882,,4,11
0.5,8,386501.81,373494.45,8952.93,0,6,0.371,1,88.0,5026060.88,17.0,0.193,0,0.0,0,0.03365407266786147,0.02397071763716971,1.083664800086361,1,7
8.0,6,573578.95,456923.22,47487.1,0,66,0.186,1,91.1,7432462.98,4.6,0.419,0,29.1,0,0.20338216735464226,0.10392796408989677,1.0798372482114278,4,1
4.3,19,507592.54,482148.07,20824.74,1,43,0.367,1,77.9,6165559.06,5.4,0.629,1,51.1,1,0.050127746164275726,0.04319158635230045,1.0122224970708462,0,7
4.6,3,648569.07,665419.35,23419.9,4,40,0.602,1,91.0,6859020.32,14.6,0.717,0,47.5,1,-0.025980702409999338,0.03519570027532262,0.8813017041757275,0,12
7.1,9,296661.66,259892.61,68000.4,0,57,0.05,1,86.1,3459987.73,3.4,0.468,0,39.9,0,0.12394270968483083,0.2616480707165933,0.9719230682971751,3,8
5.7,18,381268.67,345052.19,73069.65,0,58,0.153,1,86.4,3906749.27,0.0,0.889,1,74.5,0,0.09498939422428804,0.21176405227278805,0.8538924511333875,2,7
1.7,2,539151.35,567746.13,0.0,4,18,0.538,1,78.8,6923586.44,8.8,0.435,1,41.6,0,-0.05303664731619429,0.0,1.0701364963041764,4,14
4.4,2,224842.16,208268.05,27573.58,0,45,0.309,0,,,,0.494,0,29.5,0,0.07371442259761254,0.13239467119416543,,4,13
7.3,41,557043.27,499826.91,106135.83,1,79,0.297,1,64.7,5701379.0,6.6,0.315,0,10.5,0,0.10271439057149015,0.21234516965082975,0.8529228199214518,4,6
5.2,5,186930.72,189664.31,36380.64,0,61,0.198,0,,,,0.679,1,56.3,0,-0.01462354609237046,0.19181595103475188,,2,1
6.0,10,1011121.97,901651.63,112868.56,0,63,0.372,1,81.0,10664244.26,12.9,0.856,1,70.4,0,0.10826620649930094,0.12517978811838892,0.8789117910934787,2,8
3.5,3,228784.37,214414.6,30561.69,0,26,0.437,0,,,,0.645,1,57.7,0,0.06280922949413018,0.142535489654156,,2,12
11.2,6,1042444.57,1103724.79,0.0,1,117,0.384,1,92.6,11701074.41,3.4,0.111,0,15.8,0,-0.058785111231381915,0.0,0.9353874174496076,1,12
2.0,4,354875.02,312065.97,59500.75,0,8,0.384,0,,,,0.506,0,32.1,0,0.12063134226804706,0.19066721693493208,,2,8
1.5,10,264616.04,283109.98,0.0,5,12,0.77,1,67.7,3181228.2,11.7,0.543,1,56.7,0,-0.06988971643593489,0.0,1.001837794866857,2,10
5.0,87,710517.79,583850.72,146921.13,0,47,0.173,1,86.2,6286415.3,15.5,0.255,0,12.8,0,0.17827431175227865,0.2516416011270826,0.7373044687124113,1,8
5.9,9,288490.83,239314.71,56757.55,0,57,0.05,1,67.3,3623743.34,19.7,0.668,0,32.5,0,0.17045990681922202,0.23716699236749803,1.0467528956350767,3,14
2.9,20,519090.05,478894.18,105248.87,0,22,0.256,1,92.1,4465304.74,9.7,0.584,1,42.4,0,0.07743525424923864,0.2197747945067948,0.7168481236219677,2,12
16.3,9,394372.57,364858.09,35669.07,0,131,0.509,1,68.2,3985661.68,28.3,0.391,0,30.8,0,0.07483907919863692,0.09776148858313652,0.842194662101711,4,7
2.8,5,1273775.26,955331.44,318443.81,0,11,0.05,1,97.0,14017117.23,0.9,0.598,0,35.0,0,0.2500000039253393,0.3333333298441429,0.9170323362223254,3,13
2.2,38,307969.78,304543.39,14290.33,1,17,0.659,1,58.0,2701378.47,9.5,0.772,1,66.0,1,0.011125734479532419,0.046923789743064194,0.7309641631071724,0,4
4.7,16,587850.79,463598.85,74366.07,0,45,0.093,1,71.5,5803559.0,14.8,0.178,0,4.8,1,0.2113664591655989,0.16041038496967802,0.8227086275867157,4,1
5.9,8,853452.31,771394.3,84727.96,0,62,0.346,1,80.6,8354952.67,5.9,0.251,0,16.7,1,0.09614832491343307,0.10983742036984198,0.8157996031826703,4,14
5.2,2,332164.97,301304.39,61678.44,0,28,0.194,1,89.0,3968914.16,11.9,0.094,0,8.9,0,0.0929073887592661,0.20470475056802193,0.995718623389657,1,3
7.4,5,269730.87,216578.01,28671.55,0,73,0.198,0,,,,0.594,1,58.8,0,0.19705886834532504,0.1323844004292033,,3,1
0.6,7,197181.5,202308.9,11370.75,2,6,0.229,1,69.1,2304917.06,19.2,0.571,1,57.4,0,-0.026003453670856515,0.05620489261718096,0.9741097499849969,2,3
2.5,28,324127.45,314718.51,6563.46,3,14,0.415,0,,,,0.32,1,44.4,0,0.02902851949132973,0.02085501739316191,,4,13
2.7,9,891903.97,699319.71,220484.61,0,30,0.05,1,98.5,9493688.37,5.1,0.849,0,49.4,0,0.215924882585734,0.31528442119842437,0.8870245274275435,2,9
2.5,7,327897.39,275937.9,63835.39,0,27,0.165,1,89.6,4183544.98,0.0,0.219,0,21.0,0,0.1584626519900021,0.23133969635921703,1.0632251398321082,1,4
12.8,5,383918.41,342760.82,17787.94,1,104,0.349,1,73.4,4622846.26,12.2,0.807,0,37.2,0,0.10720400201699098,0.0518960714354692,1.0034350484347268,2,14
1.8,7,1636824.79,1461908.95,203573.2,0,16,0.147,1,89.8,19257599.59,13.6,0.266,0,14.3,0,0.10686289764709642,0.13925162712766756,0.9804347879123539,1,13
14.0,10,342611.46,264841.49,75147.14,0,90,0.05,1,86.5,2909950.7,4.0,0.284,0,5.5,0,0.22699173576972592,0.2837438348500456,0.7077868664015694,4,11
14.7,29,391421.85,332353.06,65450.81,0,173,0.094,1,100.0,4074673.35,13.7,0.747,1,75.1,0,0.15090825920934148,0.19693157030057132,0.867494015727533,2,13
2.8,5,421777.8,423333.27,41528.11,0,30,0.445,1,91.2,3748882.64,4.4,0.517,0,39.2,0,-0.003687889689784598,0.09809791231386089,0.7406906827876354,2,10
3.9,24,619786.0,604135.18,35740.52,0,43,0.179,1,84.3,7701619.37,8.4,0.435,1,52.5,0,0.02525197406846871,0.059159805922906185,1.0355213156906846,2,1
3.5,8,297725.55,313610.63,12120.17,2,16,0.722,1,79.4,3620566.27,0.0,0.729,1,53.2,1,-0.053354775900153736,0.038647191263893065,1.0133959138990032,2,14
2.7,9,684073.23,582556.82,171018.31,0,23,0.189,1,88.8,7405325.01,1.1,0.601,0,36.7,1,0.14839991619025938,0.2935650294163581,0.9021116313819209,0,5
0.7,9,87357.91,86891.38,0.0,4,6,0.549,0,,,,0.519,0,15.6,0,0.0053404436988018465,0.0,,0,4
4.7,1,152214.0,134343.84,14780.56,1,50,0.226,1,84.7,1589598.49,12.7,0.535,0,44.7,1,0.11740155307658956,0.11002037756252911,0.8702651584830129,0,11
3.3,31,765416.31,655715.46,101651.3,0,25,0.161,1,81.6,7695002.38,10.2,0.594,0,38.7,0,0.1433218087552904,0.15502349143941185,0.8377796369838699,3,10
4.8,24,1036142.71,1001410.69,30640.98,4,31,0.407,1,71.8,11609310.67,6.4,0.281,1,47.9,1,0.03352049834911257,0.030597815966993524,0.9336962432842223,3,10
3.2,2,139593.12,123619.23,9628.94,0,33,0.407,0,,,,0.426,1,45.0,0,0.11443178574989943,0.07789192668486934,,0,11
4.9,3,255385.84,234355.14,31950.4,0,41,0.207,1,90.7,3161395.54,1.0,0.359,0,1.2,0,0.08234873162897356,0.13633325900170143,1.0315749233917328,4,3
16.4,6,278176.8,243372.59,10347.15,4,163,0.404,0,,,,0.278,0,4.2,1,0.12511543018684518,0.042515675245104634,,3,14
6.0,18,327038.94,338261.4,210.09,3,35,0.418,1,79.3,4174863.13,9.0,0.726,1,59.5,0,-0.034315363179687475,0.0006210877150038402,1.0638037807770944,2,2
2.5,2,122304.11,134534.52,0.0,5,28,0.643,0,,,,0.615,1,77.1,1,-0.0999999918236598,0.0,,2,3
3.1,8,430230.45,366983.61,89491.93,0,25,0.05,1,76.6,5203623.95,7.7,0.13,0,0.0,0,0.14700688898240472,0.243858111265514,1.0079140822474715,1,8
18.1,9,370614.81,379543.34,27516.22,0,179,0.332,1,73.7,4126688.59,21.7,0.54,0,26.3,1,-0.024091131166614814,0.07249822905600188,0.9278925357390152,3,13
2.0,4,290752.16,275015.75,64290.83,0,19,0.121,0,,,,0.864,1,75.5,0,0.054123106084577245,0.2337714476352718,,2,1
9.1,7,282767.76,270226.5,37730.82,0,57,0.299,0,,,,0.479,0,31.4,0,0.044351803048551255,0.1396266465354064,,4,13
11.2,4,317955.67,272481.02,51310.55,0,90,0.303,1,98.3,3247617.69,0.0,0.43,0,31.1,0,0.14302198164920277,0.18830871229122675,0.8511715092232826,4,7
2.5,9,473826.05,500829.35,36932.41,1,19,0.251,1,77.0,5547072.02,3.2,0.172,0,5.3,0,-0.05698990167383154,0.07374250330976011,0.9755816542097393,4,11
8.4,28,553461.46,535757.98,108317.56,2,76,0.214,1,69.6,6399417.51,15.6,0.747,0,48.2,0,0.03198683427749419,0.2021762886294293,0.963544584477481,2,1
0.5,183,1649623.89,1676347.14,44148.2,3,6,0.691,1,85.1,15608308.12,10.6,0.463,0,45.3,0,-0.016199601716485813,0.026335953303800785,0.7884781199024302,4,14
0.5,3,415343.64,374912.78,67905.47,0,6,0.373,1,88.5,3516481.5,1.0,0.869,0,51.4,0,0.09734315421321965,0.1811233802165933,0.705536564855068,2,2
14.1,7,309273.63,304442.3,29881.63,0,141,0.283,1,72.7,3425279.2,1.3,0.239,0,24.6,0,0.015621538764879555,0.09815203077890294,0.922936537891489,1,10
17.3,133,2679820.26,2541211.75,207161.09,1,99,0.39,1,100.0,31252902.93,0.0,0.676,1,78.0,0,0.051723062202686604,0.08152059347277928,0.9718594251914493,3,0
1.2,3,205145.19,171891.1,40675.29,0,11,0.127,1,83.8,1947974.31,20.1,0.464,0,16.3,0,0.16210026664529642,0.23663406656889158,0.7912990428876251,3,3
12.3,4,392056.71,355330.74,25786.5,3,98,0.203,1,83.9,5052007.65,4.2,0.462,0,24.8,0,0.09367514714899287,0.07257041707114899,1.0738258694768927,4,11
6.3,4,750069.22,617975.01,167607.77,0,57,0.134,1,100.0,6601264.64,0.0,0.25,1,46.5,0,0.17610935961350335,0.2712209511514066,0.7334061603896592,3,1
4.0,39,1602610.5,1414832.28,260129.6,1,44,0.428,1,79.2,16757893.24,9.5,0.69,0,20.3,0,0.11717021696787833,0.1838589659546077,0.8713852201351067,3,5
5.8,7,690749.64,636499.31,119185.04,1,43,0.254,1,83.1,6223223.88,14.7,0.28,0,0.0,0,0.07853833988244997,0.18725085499307137,0.7507814119164796,1,0
6.0,21,736769.76,621113.14,156597.06,1,66,0.154,1,94.5,8309578.06,3.4,0.493,0,18.3,0,0.15697796825971794,0.25212324440600303,0.9398659878946894,4,8
1.8,9,580342.61,507572.42,75464.05,0,15,0.176,1,86.0,7311957.39,12.6,0.492,0,37.3,0,0.12539177504129845,0.14867641941616924,1.0499483787688793,4,7
4.7,3,328218.55,297237.03,52275.22,0,52,0.203,1,84.5,4037638.18,4.6,0.793,1,59.8,0,0.09439295859420488,0.17587048289373633,1.0251396465353142,2,10
17.5,10,408036.27,377887.65,31234.42,1,188,0.409,1,91.3,5162840.58,0.0,0.533,0,33.5,0,0.07388710812399102,0.08265530773498418,1.0544080186793199,3,8
1.2,9,420079.33,335139.21,59907.55,1,6,0.05,1,76.0,4918635.76,11.0,0.827,0,46.0,0,0.20220018918807547,0.17875422574398261,0.9757354958010748,0,12
4.0,24,477395.18,429288.91,18101.15,1,30,0.447,1,81.5,6233963.43,9.1,0.448,1,51.9,0,0.1007682356575113,0.04216542654223237,1.0881906107640213,2,13
2.0,6,758694.16,722614.01,63882.98,1,19,0.381,1,91.1,8356088.83,0.0,0.562,0,32.6,0,0.047555592097875146,0.08840539917016002,0.917814809373692,3,14
5.9,12,779396.21,738060.39,77847.96,0,41,0.339,1,69.1,8922271.25,22.7,0.392,1,37.1,0,0.0530356954135047,0.10547640959298737,0.9539725682867597,4,10
1.5,6,424459.06,371867.61,73675.42,0,8,0.161,1,77.9,3875625.65,18.2,0.374,0,6.5,0,0.12390229107136978,0.19812271361842995,0.760895065278302,3,7
6.5,3,562456.32,504121.41,67852.27,0,57,0.239,1,93.0,6453284.94,7.5,0.261,0,21.4,0,0.10371456044800062,0.13459509684383372,0.9561164589634268,4,6
8.3,4,397350.63,392595.11,29868.46,1,60,0.208,1,97.2,4608792.84,0.0,0.53,1,42.5,0,0.011968069611466374,0.07607955178045901,0.9665671600923345,3,10
5.0,22,875335.13,781074.8,165903.47,0,44,0.251,1,63.7,7790941.86,15.8,0.496,0,34.1,1,0.10768484751663053,0.2124040744881284,0.7417103835419012,2,14
5.1,8,443865.6,428299.6,51492.25,1,58,0.389,1,75.7,4956022.88,17.9,0.393,0,25.8,0,0.03506917409233786,0.12022483794054444,0.9304661290865224,4,2
3.5,5,345614.87,330439.56,58360.52,0,30,0.118,1,84.4,3551180.37,12.1,0.485,0,31.8,0,0.04390815128990254,0.1766148096795674,0.8562470055180207,2,11
1.4,3,351592.21,281067.83,87898.05,0,8,0.05,1,80.7,3348545.51,9.0,0.565,0,37.8,0,0.2005857297008941,0.31272895941168366,0.7936622349131871,3,6
12.4,9,537811.18,544671.47,0.0,4,85,0.622,1,65.8,6614388.95,11.7,0.786,0,36.3,0,-0.012755945311512341,0.0,1.0248933076598867,0,5
1.9,226,741523.44,686258.04,55587.38,1,14,0.288,1,90.6,9322906.61,1.2,0.171,0,11.8,0,0.07452953880999354,0.0810006976384568,1.047719926650824,1,13
6.7,3,299175.87,310352.07,8100.13,0,69,0.44,1,74.8,3515799.17,17.5,0.598,1,60.0,0,-0.03735662237733281,0.026099809806327375,0.9793011186586227,2,11
4.6,35,1204104.72,1048792.11,266288.59,0,44,0.21,1,97.8,14958269.38,0.0,0.44,1,45.3,0,0.12898596560604786,0.25390026055783355,1.0352276073906042,3,5
5.8,39,586880.78,440160.59,130153.79,0,60,0.08,1,84.1,6347982.98,12.2,0.131,0,8.6,0,0.2499999914803821,0.2956961458089648,0.9013731573671004,1,10
8.2,16,267121.1,242527.37,17074.09,2,89,0.218,0,,,,0.122,0,0.0,0,0.09206958941094501,0.07040067271582585,,4,10
6.5,9,1227924.58,1053125.81,247406.57,1,48,0.21,1,85.9,15737814.26,4.0,0.5,0,20.9,1,0.1423530181308041,0.23492593919049423,1.0680497345094815,4,10
2.5,8,458474.94,496363.76,0.0,7,25,0.513,1,78.0,5840818.7,3.6,0.859,0,46.9,1,-0.08264098360534167,0.0,1.061639032368196,0,5
13.3,3,131027.03,139331.3,4082.17,7,129,0.453,0,,,,0.884,1,85.0,0,-0.06337829682928774,0.029298298372296822,,0,13
3.9,3,321773.95,304500.22,12588.37,2,33,0.405,0,,,,0.736,0,55.4,1,0.05368281055691438,0.041341086715799426,,2,13
3.9,8,209427.79,187867.2,15713.62,0,32,0.375,0,,,,0.07,0,10.5,0,0.10294999531819533,0.08364216851052232,,1,1
5.5,3,268018.07,273473.0,24449.26,1,59,0.456,1,83.4,2439218.01,12.4,0.366,0,36.3,0,-0.0203528441198013,0.08940282952978904,0.758412175343252,3,3
5.7,2,124158.43,117920.67,5556.16,2,54,0.346,1,80.8,1618233.79,8.2,0.749,0,45.9,1,0.05024032600927698,0.047117778418321404,1.0861349956932715,2,14
2.7,8,299342.3,280206.8,35186.08,0,23,0.31,1,72.9,3928907.92,19.8,0.253,0,15.2,0,0.06392514522671872,0.125571827664425,1.093761200249124,4,0
6.4,2,197721.34,181675.06,29629.43,1,63,0.184,1,65.8,2413321.38,6.0,0.062,0,9.2,0,0.08115603505418281,0.16309024474795825,1.0171391464371018,1,8
6.0,43,1595655.03,1407796.64,155034.85,0,60,0.193,1,82.6,17127880.95,13.4,0.847,0,50.8,0,0.1177312053470606,0.11012588437489097,0.8945062596017386,2,3
4.7,6,730304.81,649313.83,111559.69,0,46,0.257,1,72.2,9008356.36,20.3,0.507,0,8.6,0,0.11090024177712877,0.17181166463064557,1.0279219759395166,2,9
4.8,2,338298.2,318156.83,10207.34,1,51,0.389,0,,,,0.11,0,1.7,0,0.05953732535378549,0.03208273102293608,,4,5
7.9,7,255430.01,257071.24,0.0,1,92,0.344,1,88.8,2146304.88,4.1,0.563,0,37.9,1,-0.006425360904147408,0.0,0.7002260227762587,3,5
8.1,3,411861.92,390919.5,58527.61,1,19,0.222,1,95.5,3473978.18,11.7,0.464,0,24.3,0,0.05084815804287025,0.14971780635143553,0.7029010637027737,3,13
8.3,9,248170.77,215858.55,25794.47,0,76,0.261,1,68.7,2855627.95,9.0,0.127,0,28.8,0,0.13020155435710662,0.11949709659404273,0.9588921202659498,4,11
3.4,1,234609.12,206273.41,42479.73,0,28,0.346,0,,,,0.326,1,43.1,1,0.12077838235785546,0.2059389525775523,,3,11
5.7,5,371836.02,335175.49,47754.44,1,28,0.202,0,,,,0.449,0,9.4,0,0.09859327237850714,0.14247593104137776,,4,11
7.8,3,628477.54,577273.88,45471.54,0,48,0.365,1,79.4,5928085.07,6.2,0.043,0,8.0,0,0.08147253758662566,0.0787694395596073,0.7860377781625524,1,11
6.7,37,894739.57,840580.85,40128.33,1,75,0.274,1,72.5,9027287.1,18.1,0.396,0,19.4,0,0.06053014957190278,0.04773881060935424,0.8407741763337906,4,13
10.6,7,352114.5,311246.19,86424.99,0,98,0.269,1,71.2,4513000.4,12.6,0.251,0,29.7,0,0.11606539918123224,0.2776740496004144,1.0680712287243685,3,4
5.3,1,399677.98,316296.09,73394.11,0,55,0.11,1,81.6,3695229.98,8.7,0.426,0,9.7,0,0.20862267668586584,0.23204241949370918,0.7704598378591352,3,1
12.4,2,204915.08,194098.89,40681.04,0,122,0.231,0,,,,0.282,0,12.4,1,0.05278376779298026,0.20958924597662562,,3,13
5.7,201,1428758.66,1248540.23,298802.15,0,59,0.265,1,85.4,15416438.61,14.8,0.129,0,10.9,0,0.12613636931516478,0.23932120313015467,0.8991744046541773,4,14
7.4,7,382559.23,383559.71,10457.63,2,67,0.501,1,85.9,4810094.58,14.4,0.861,1,74.6,0,-0.002615229019569178,0.02726467281978078,1.0477886391605296,2,10
5.7,10,574445.67,603968.66,0.0,2,47,0.561,1,61.3,6572167.41,9.2,0.254,0,2.3,0,-0.051393876813450416,0.0,0.9534071646845209,4,14
0.5,10,808033.96,811887.22,41068.56,0,6,0.488,1,88.8,8978820.04,5.5,0.266,0,12.2,0,-0.004768685712169832,0.05058407003869331,0.9259945006931803,4,4
10.2,1,105572.67,111234.15,9175.39,3,89,0.425,0,,,,0.422,0,17.0,1,-0.053626378872486564,0.08248716783469824,,4,14
5.1,3,253861.93,233520.89,36684.59,0,31,0.276,0,,,,0.124,0,22.3,0,0.08012638996323702,0.1570933975114603,,1,14
6.8,10,1169406.75,984985.6,177290.28,0,75,0.231,1,95.2,14904598.2,0.0,0.856,0,45.2,0,0.15770487899099267,0.1799927633459819,1.0621196174898084,0,7
4.7,6,419387.81,332701.5,80488.32,1,37,0.071,1,94.4,4178761.44,0.0,0.541,1,63.8,0,0.2066972571281936,0.2419235260436157,0.8303296178303323,3,12
1.6,47,1276239.99,957179.99,256099.07,1,15,0.05,1,100.0,14347851.44,0.0,0.376,0,31.3,0,0.2500000019588792,0.2675558125697968,0.9368569360271078,4,9
3.8,177,1114081.51,1027832.71,80434.47,1,37,0.161,1,90.6,13581191.7,11.5,0.464,1,32.3,0,0.07741695668210133,0.07825638279209854,1.0158735827147871,2,3
6.2,5,994984.81,935499.78,88273.42,0,45,0.355,1,66.1,12657776.18,16.4,0.543,1,46.0,0,0.059784862444281966,0.09435963736944973,1.060131442274648,2,14
0.8,2,424161.24,414035.12,59965.86,1,6,0.262,0,,,,0.339,1,41.1,0,0.023873279887620086,0.14483278616557937,,3,5
2.2,9,1155181.59,947837.44,186483.0,0,11,0.272,1,82.1,12404467.77,3.9,0.48,0,22.5,0,0.17949052494854953,0.19674576264892008,0.8948425567446932,2,0
5.0,41,171590.7,146704.48,33449.12,0,54,0.144,0,,,,0.873,1,70.4,0,0.1450324522249749,0.22800339839655887,,2,5
4.5,29,309896.75,323693.93,28412.13,0,51,0.417,1,69.9,3502531.15,10.8,0.578,1,61.9,0,-0.044521860910125687,0.08777467652853423,0.9418543299771079,2,14
8.5,48,767754.28,712736.61,104426.2,0,84,0.123,1,76.6,8243703.72,8.6,0.243,0,19.4,0,0.07166051877952415,0.14651443258962102,0.894785386282705,1,7
2.4,3,214978.99,165957.4,38135.7,0,24,0.297,1,88.2,2829623.11,10.4,0.444,0,40.4,1,0.2280296786211527,0.2297921032746958,1.0968603296225987,4,14
11.4,12,578285.48,565751.63,60276.74,1,113,0.292,1,79.3,6532743.73,8.0,0.637,1,56.6,0,0.021674156508304475,0.10654275976191177,0.941395434713895,2,11
5.5,10,370083.87,277562.9,87240.6,0,54,0.05,1,76.3,3450941.27,9.6,0.611,1,67.4,0,0.25000000675522543,0.31430929709986455,0.7770628835206104,0,13
11.9,5,71733.8,65297.49,9822.11,0,80,0.238,0,,,,0.766,0,41.6,0,0.08972492744006319,0.1504209426732942,,0,13
9.3,10,420480.55,358068.18,22770.01,0,87,0.284,1,70.4,4987582.97,16.1,0.426,0,18.0,0,0.14843105109142385,0.06359126912645519,0.9884688225571115,2,11
1.3,3,390009.64,364804.98,39787.21,0,14,0.28,1,92.7,3336202.79,9.2,0.223,0,4.5,0,0.06462573591770714,0.10906432801438183,0.7128462239206874,4,14
7.8,2,329698.78,290225.95,26384.68,0,45,0.297,0,,,,0.226,0,11.5,0,0.11972391890561443,0.09091082310179362,,4,11
3.0,242,1512137.34,1607053.81,124533.83,0,28,0.36,1,69.5,13982446.21,13.9,0.334,0,20.8,0,-0.06276974153683684,0.07749201005285566,0.7705674742701171,4,11
7.1,9,274427.03,267038.32,20159.17,1,49,0.396,1,60.4,3354606.71,21.8,0.856,0,61.6,0,0.026924133530141038,0.07549167475289688,1.018669914427404,0,12
2.3,26,1280112.1,1183600.25,162210.87,1,23,0.24,1,85.4,14231658.84,8.8,0.6,0,32.9,0,0.07539328001039916,0.13704869528373284,0.9264591515071219,2,3
10.8,9,1070902.43,1074967.09,0.0,4,105,0.438,1,84.3,11756456.54,3.5,0.545,0,39.8,0,-0.0037955465279877545,0.0,0.9148403105842859,0,0
8.1,6,476815.61,414908.89,75310.52,0,82,0.354,1,55.6,4566982.75,25.9,0.823,0,61.1,0,0.12983366882640435,0.18151098184471295,0.7981741533867428,2,14
6.8,4,95751.4,86241.93,14621.24,0,49,0.217,0,,,,0.519,1,48.8,0,0.09931416146395773,0.16953748600013938,,3,6
0.9,39,762761.74,795496.07,99515.13,1,9,0.279,1,94.6,6890050.03,0.0,0.245,0,17.2,0,-0.0429155374258808,0.12509820444493208,0.752752538208502,1,14
2.9,10,310588.65,290103.74,12252.29,0,31,0.233,1,92.2,3662851.02,2.8,0.41,0,28.8,0,0.06595511458644748,0.042234167680844106,0.9827712152391918,4,10
6.6,22,460060.69,455608.35,4307.77,1,70,0.394,1,81.7,5728067.44,0.0,0.578,0,32.2,0,0.009677723171697251,0.009454984747316418,1.0375564870220346,3,3
3.0,43,296279.78,301661.37,7878.9,2,26,0.459,0,,,,0.747,1,56.6,0,-0.01816387875001111,0.02611835913892455,,0,10
8.1,3,416851.74,382485.46,80106.63,1,88,0.319,1,95.3,3574722.85,2.2,0.278,1,27.5,0,0.082442453040978,0.20943705938521168,0.7146271497711233,4,0
11.1,6,473726.43,494452.6,38324.21,3,118,0.362,1,66.3,5741865.97,10.8,0.8,1,76.1,0,-0.04375134822011088,0.07750835974975155,1.0100530612854624,0,13
11.9,8,478060.36,432468.73,47999.76,0,59,0.156,1,86.3,4587943.97,13.6,0.199,0,0.0,0,0.0953679363835981,0.1109901286967037,0.7997497725322105,1,3
1.7,5,710687.6,767468.19,0.0,4,16,0.584,1,84.0,9091503.2,5.0,0.895,0,59.6,1,-0.07989528732455718,0.0,1.0660454279301717,2,5
16.5,5,1205304.41,1172133.99,113511.53,0,136,0.322,1,90.1,10204408.58,1.1,0.24,0,11.0,0,0.027520367240670703,0.09684176977070684,0.7055208415496188,4,11
2.1,8,662490.14,625481.94,23293.76,0,10,0.662,1,66.7,6368593.84,13.4,0.725,0,38.7,0,0.055862265361413636,0.03724129908531012,0.8010929088443993,2,12
2.1,8,470186.32,473324.85,22944.62,5,22,0.491,1,76.4,4927805.4,6.1,0.603,1,61.9,0,-0.0066750772332125055,0.048475418098162394,0.8733781323114633,2,14
3.1,3,229465.55,216073.89,21465.42,1,32,0.378,0,,,,0.3,1,37.5,0,0.058360220085324245,0.0993429608732457,,3,14
2.2,8,945357.07,846129.43,84510.52,0,14,0.372,1,89.3,8315673.88,10.4,0.107,0,0.5,0,0.10496313313656172,0.09987895114344386,0.7330275991201223,4,13
7.6,46,673468.52,668986.3,86104.46,0,83,0.363,1,96.6,8404947.36,2.7,0.651,0,44.1,0,0.00665542615117329,0.12870885397802614,1.0400074527611178,3,5
3.4,39,2268739.55,1836645.01,560015.59,0,24,0.109,1,79.2,25578570.9,2.8,0.131,0,17.3,0,0.1904557709147354,0.30491226499997404,0.939529429457868,1,11
9.3,8,570244.06,525603.38,60276.13,0,86,0.25,1,73.2,5957453.46,22.5,0.711,0,42.0,0,0.07828346339986435,0.11467987515605398,0.8705999585510806,0,5
10.4,1,106714.86,104000.05,8105.71,1,117,0.401,0,,,,0.468,0,23.2,0,0.025439849707903826,0.07793948175986454,,3,4
5.5,5,221410.43,213219.18,15869.94,0,45,0.272,0,,,,0.322,0,13.8,0,0.0369957729633604,0.07443017086924357,,4,11
3.0,1,201190.35,171602.75,13919.09,2,22,0.159,1,72.4,1901597.27,19.7,0.682,1,62.6,0,0.1470627194594572,0.08111227821232468,0.7876443336704104,2,7
1.2,142,1570225.05,1404890.85,143441.02,0,12,0.317,1,89.0,16229567.5,4.7,0.568,1,65.3,1,0.10529331448380597,0.1021011845866887,0.8613185468753879,2,1
4.3,9,306413.3,262745.4,49626.42,0,42,0.32,1,72.9,3464491.55,0.5,0.801,0,46.0,1,0.14251306976557468,0.18887645606735642,0.9422163762691328,2,14
0.9,7,215777.79,223163.33,10971.37,1,7,0.276,0,,,,0.473,0,19.8,0,-0.034227526382580795,0.04916296059930635,,4,8
4.8,6,526825.88,515250.24,48405.26,0,45,0.316,1,76.4,5282265.34,4.5,0.608,1,60.4,0,0.021972420944848067,0.09394514789551578,0.8355488882462139,2,5
2.3,6,413276.0,404719.72,58476.62,2,19,0.367,1,77.0,4686539.82,8.0,0.418,0,28.4,1,0.020703549201986148,0.14448670798645544,0.944997979558455,4,3
4.6,5,325850.1,349169.1,0.0,5,47,0.639,1,61.7,3568239.55,28.7,0.63,0,31.5,1,-0.07156358092263897,0.0,0.9125462776698038,3,1
3.2,7,380038.78,390320.87,0.0,3,31,0.382,0,,,,0.341,0,11.1,1,-0.02705537050718868,0.0,,3,0
2.3,2,316577.52,290334.26,25970.92,0,26,0.344,0,,,,0.388,0,26.9,0,0.082896789386688,0.0894517925648871,,4,7
2.4,3,136705.13,124289.92,16234.25,0,27,0.38,0,,,,0.515,0,26.0,0,0.09081744042816832,0.13061598237411368,,2,3
3.8,4,461346.94,408613.44,69385.49,0,41,0.292,1,72.2,6012263.3,21.8,0.447,1,45.1,0,0.11430334836511541,0.16980716542265473,1.0859981897065722,2,6
7.3,4,437103.04,355454.02,95064.64,0,78,0.079,1,75.1,3760981.89,10.7,0.574,0,39.3,0,0.186795818212566,0.26744567412685327,0.7170280890748324,2,3
5.1,2,449107.23,400743.4,86492.44,0,36,0.277,1,100.0,3835302.32,0.0,0.672,0,35.3,0,0.10768882522777458,0.21582997998220307,0.7116530425632798,2,3
7.4,7,307575.9,287592.64,36715.84,0,48,0.248,1,71.7,4015132.95,6.4,0.318,0,21.4,0,0.0649701748413969,0.12766613220699943,1.0878433989789187,4,14
4.0,139,1004472.73,999151.35,90254.73,1,42,0.285,1,84.2,8989888.04,6.6,0.407,0,20.6,0,0.005297684885880381,0.09033138973389768,0.7458214785648453,4,3
8.7,7,138557.78,113664.72,25465.04,0,91,0.109,1,96.0,1399480.08,0.8,0.425,1,50.3,0,0.17965833459514144,0.22403644684120103,0.8416946345416332,2,14
26.4,3,235224.86,199011.74,52008.14,0,240,0.269,1,89.7,3017436.18,1.6,0.338,0,15.2,0,0.15395107472909111,0.2613320199099812,1.068989965601425,4,11
4.2,10,438748.54,345520.83,53032.4,0,47,0.302,1,87.5,4383019.49,11.4,0.378,0,11.2,0,0.21248551619111933,0.15348539189373908,0.8324851044898445,3,1
5.0,4,326443.07,270902.02,76457.11,0,56,0.093,1,86.5,3939380.82,8.6,0.048,0,6.5,0,0.17014007986139815,0.28223159797774855,1.0056324216041712,1,7
7.5,10,303072.43,302520.04,0.0,4,68,0.461,0,,,,0.613,0,32.3,0,0.001822633619296925,0.0,,3,6
3.4,3,147902.46,123512.17,25392.6,1,38,0.329,1,86.8,1315506.69,20.2,0.792,1,67.6,0,0.1649079400031615,0.20558783802438252,0.7412017183487009,2,8
5.2,1,847856.47,785270.78,163475.54,0,55,0.336,1,81.3,10521946.64,14.1,0.38,0,17.9,0,0.07381637366050878,0.20817728631135365,1.0341713694378798,4,3
9.1,4,507399.41,387296.2,126849.85,0,68,0.152,1,87.0,4962838.7,1.9,0.469,1,36.8,0,0.23670348769226982,0.32752670953136126,0.8150775966938288,2,11
7.3,6,237424.0,261166.4,0.0,3,74,0.799,1,54.9,2901815.26,15.9,0.394,0,15.3,0,-0.09999999999999998,0.0,1.018506715131298,4,11
2.2,7,591494.14,466522.21,118459.15,0,20,0.05,1,68.7,6781837.91,13.1,0.488,0,15.0,0,0.2112817719546638,0.25391963653777594,0.9554670468361135,4,1
2.7,35,229525.1,241067.72,10918.68,1,28,0.446,0,,,,0.775,1,78.2,0,-0.05028914049051714,0.045292998996298635,,2,14
3.4,5,394405.82,382585.06,33053.84,1,24,0.419,0,,,,0.501,1,50.1,0,0.029971058743504368,0.08639605529813421,,3,11
3.4,13,375462.59,353422.06,52887.24,0,34,0.368,0,,,,0.453,0,32.3,0,0.0587023330340315,0.14964329051785843,,3,0
3.5,5,276126.25,282153.48,0.0,2,34,0.485,1,92.8,2775886.53,0.5,0.526,1,67.6,0,-0.02182780521591113,0.0,0.8377467824953259,3,13
9.6,22,659867.89,702951.39,93955.45,2,73,0.196,1,82.0,7509314.65,0.0,0.064,0,2.5,0,-0.06529109940476116,0.13365853078404183,0.948335614320214,1,11
2.5,4,421103.84,380010.62,80704.63,0,12,0.184,1,96.6,4499714.78,5.6,0.084,0,0.0,0,0.0975845292695503,0.21237466995001353,0.8904602524324325,1,3
2.0,5,383247.15,394547.86,47105.6,3,19,0.349,1,89.0,3846329.1,3.0,0.353,0,26.1,0,-0.029486742432396334,0.1193913458306427,0.8363465325182456,3,7
3.4,41,1416647.12,1255860.24,209439.26,0,30,0.104,1,76.3,14571806.47,19.1,0.64,0,33.7,0,0.11349818718439925,0.16676956028164408,0.8571769134951076,3,1
2.7,6,168492.63,139144.84,21529.86,1,23,0.141,1,100.0,1888302.33,0.0,0.059,0,9.3,0,0.17417847890438892,0.15472984840832044,0.9339193500629671,1,2
19.7,16,503834.11,501921.71,27898.0,0,226,0.366,1,74.9,4924529.14,12.8,0.031,0,0.0,0,0.0037956937850038876,0.055582373593682566,0.8145090222917485,1,5
4.6,6,354114.36,379563.45,0.0,3,54,0.381,1,72.4,3602217.36,3.2,0.612,0,29.4,0,-0.07186686809312118,0.0,0.8477057524580477,0,13
3.6,5,312884.73,293536.51,32719.63,1,18,0.423,0,,,,0.662,1,77.3,0,0.06183817279929248,0.11146698582741887,,3,10
2.4,2,284273.01,247144.62,53312.24,0,17,0.304,0,,,,0.41,0,42.0,1,0.1306082135620262,0.2157127272282925,,4,12
4.7,89,1033094.77,1053519.0,0.0,6,36,0.41,1,73.5,10762371.74,5.9,0.462,0,41.0,1,-0.01976994811424704,0.0,0.8681336288893096,4,13
14.9,28,201814.65,151360.99,50453.66,0,163,0.05,0,,,,0.703,0,37.8,0,0.24999998761239586,0.3333333113109263,,0,1
6.5,6,350214.0,295496.64,34703.9,0,64,0.339,0,,,,0.67,0,35.5,0,0.1562397848172831,0.11744262134418855,,3,11
9.5,10,817765.04,752962.91,129127.61,0,76,0.18,1,77.2,9906839.71,21.4,0.082,0,11.1,0,0.07924296934972912,0.17149265692250365,1.009544227805744,1,0
3.7,2,177913.18,175011.53,10754.36,2,31,0.443,1,90.2,2029111.73,4.5,0.389,0,20.1,0,0.016309359430256905,0.06144943707423163,0.9504222462139491,3,7
7.6,7,468153.51,419035.86,97156.05,0,62,0.099,1,100.0,4342860.39,14.1,0.773,1,53.0,0,0.10491782919666676,0.2318561709730523,0.7730477819123902,2,10
4.4,139,1385474.15,1464694.89,28730.04,4,51,0.459,1,61.8,15951237.99,21.8,0.766,0,44.8,1,-0.057179515041836035,0.019615033954272894,0.9594331532638123,0,7
2.7,2,293292.92,265735.86,44171.76,0,30,0.24,1,83.1,3462619.73,12.3,0.205,1,33.6,0,0.09395746750381836,0.16622431011004687,0.9838343324709873,1,1
3.8,2,177600.27,171048.74,9897.36,1,33,0.315,1,100.0,2343553.13,4.3,0.49,1,57.6,0,0.03688918941395753,0.057862805654107716,1.0996384981096408,3,14
5.3,5,378728.36,347844.4,41722.43,0,47,0.287,1,86.9,3689415.94,2.5,0.221,0,3.4,1,0.08154646776386106,0.11994567111041603,0.8117990644622792,1,14
14.1,35,809822.43,787511.08,74744.43,0,166,0.24,1,77.7,9219321.46,0.0,0.812,1,73.8,0,0.02755091631630911,0.09491222650480041,0.9486978377881351,2,2
3.3,44,1633570.83,1408816.37,256799.32,0,23,0.132,1,87.0,16701044.67,7.4,0.716,1,59.6,0,0.137584765761274,0.1822801931241046,0.85197023412814,2,12
0.8,3,155363.87,157728.08,19495.59,1,7,0.203,1,94.1,2017601.42,8.7,0.538,0,30.6,0,-0.015217244524096831,0.12360253164813774,1.0821914494448848,3,12
8.6,38,414804.49,386038.69,36370.56,0,88,0.449,1,84.4,3616223.87,10.1,0.424,0,9.8,0,0.06934785108039691,0.09421480525695494,0.7264916278188471,4,3
1.6,1,143448.91,135432.52,21151.52,0,10,0.424,1,93.9,1678703.49,0.5,0.555,1,58.7,0,0.05588324093923065,0.1561775561733622,0.9752040465138425,3,8
16.9,4,780207.22,725762.85,14572.77,0,160,0.417,1,85.3,9831082.47,5.1,0.536,0,50.0,0,0.06978193562474339,0.020079244893838256,1.0500503603388853,3,4
3.0,9,210604.32,163984.49,43196.65,0,34,0.141,1,62.8,2724112.94,14.3,0.294,0,11.9,0,0.22136217338751651,0.26341911969845444,1.077895323641351,3,8
12.8,26,944547.59,773939.42,132302.55,0,148,0.334,1,78.0,12305165.69,15.8,0.198,0,5.4,0,0.18062421820376454,0.1709469069297439,1.0856313488308902,1,12
20.2,4,414700.0,433271.96,22870.44,2,143,0.44,1,77.2,3728387.62,14.3,0.872,1,80.4,0,-0.044784084880636656,0.052785414500398316,0.7492138131982959,2,5
14.1,8,415133.66,350094.3,67284.81,0,143,0.131,1,55.3,3834398.7,27.4,0.741,0,31.5,0,0.1566708900453892,0.19219053266505623,0.7697116755119303,2,2
3.3,7,341036.73,337680.38,63374.96,0,23,0.269,1,89.0,3949417.01,2.1,0.481,0,21.8,0,0.009841608556356896,0.18767735336000274,0.9650517238030832,3,5
0.8,33,1393604.26,1265062.8,29249.23,2,8,0.34,1,85.8,17653887.69,4.9,0.149,0,1.0,0,0.09223670140043914,0.02312077313474082,1.0556492612185326,1,5
11.7,7,231565.44,219288.32,21475.52,0,123,0.306,1,98.1,2666643.62,5.6,0.251,0,17.5,1,0.05301792875482626,0.09793280371704248,0.9596436396841715,3,12
3.4,4,199229.67,195535.56,18258.46,1,26,0.183,1,90.3,2046475.25,2.3,0.753,1,66.5,0,0.018541967167842094,0.0933766727647902,0.8559950140291186,2,5
1.7,7,468661.41,449009.18,51231.59,0,11,0.159,1,86.7,5094167.32,0.0,0.81,0,33.3,0,0.04193268227482178,0.11409920394055194,0.905800934908068,0,11
6.3,10,761750.18,625770.56,158226.64,0,48,0.159,1,81.6,8536238.05,11.1,0.243,0,6.6,0,0.17850946881299062,0.25285088515509585,0.9338405024509917,1,8
3.5,4,547109.32,495717.44,66620.53,0,37,0.206,1,83.5,6217932.44,7.8,0.479,0,42.7,0,0.09393347567173586,0.13439214484767772,0.9470886671546132,4,1
7.9,28,614170.27,583557.49,12266.59,2,71,0.752,1,85.5,7564762.14,3.8,0.251,0,25.6,0,0.0498441254735434,0.02102036253531764,1.0264203198894664,3,10
9.7,23,1265838.6,1215344.6,33336.21,2,97,0.346,1,71.4,13724296.2,20.5,0.647,1,56.7,0,0.03988976161731835,0.027429430303142002,0.9035048781100528,2,3
7.8,5,422189.91,399736.84,23590.79,2,65,0.216,1,88.3,5424025.2,9.8,0.064,0,20.7,0,0.05318239367681703,0.059015801495804085,1.0706132223766314,1,1
12.7,6,300985.48,260010.42,15174.5,0,147,0.308,1,86.8,2943885.12,8.1,0.757,0,45.8,0,0.13613633455009183,0.05836112260424024,0.8150684212407855,0,11
6.2,9,1219377.15,1178508.68,36756.43,3,60,0.522,1,81.7,12777198.24,5.0,0.476,0,24.6,0,0.03351585684543947,0.031188934476070216,0.873205242528942,4,14
3.1,8,844008.9,754471.27,142558.07,0,31,0.096,1,87.8,8184123.23,0.3,0.888,0,43.8,0,0.10608612065583668,0.18895095899410458,0.8080605182796848,2,8
6.7,1,160071.32,149166.39,25614.84,0,48,0.234,0,,,,0.174,0,13.7,0,0.06812544558263149,0.17171991626263797,,1,8
14.9,9,409460.65,390536.26,78228.88,0,109,0.104,1,83.0,5009929.6,11.2,0.265,1,31.2,0,0.0462178477956307,0.20031143843083868,1.0196196712268524,3,14
1.8,8,896794.93,818730.24,119850.03,0,12,0.204,1,97.7,11205372.72,0.0,0.451,0,18.6,0,0.08704854074052365,0.1463852489435348,1.0412425725912613,4,12
13.2,6,385193.09,397130.15,9689.44,3,99,0.383,0,,,,0.386,0,20.0,0,-0.03098980825434848,0.024398651172669716,,4,5
0.6,10,529912.01,498492.66,84006.34,0,6,0.316,1,98.6,5392437.36,0.0,0.217,1,36.5,0,0.059291635983113565,0.16852071603220797,0.8480082948110574,4,14
5.9,41,1918609.85,1837446.54,0.0,3,68,0.425,1,78.0,21167486.72,4.9,0.231,0,4.2,0,0.04230318634088116,0.0,0.919393396560883,1,12
13.7,10,443523.46,423080.59,48591.83,0,124,0.278,1,94.2,4085545.43,6.7,0.307,0,14.6,0,0.04609196997155459,0.11485242090638098,0.7676304634858924,4,7
0.7,41,1236279.32,1047334.82,51889.52,1,6,0.248,1,93.9,10773261.52,1.9,0.749,0,29.0,1,0.15283318012631653,0.049544347241314866,0.7261884744083023,2,11
4.1,2,209321.02,178095.7,52243.87,0,34,0.145,1,100.0,2003181.25,3.5,0.2,0,20.6,0,0.14917431608158596,0.2933471723348739,0.7974916749083936,1,1
9.0,29,951722.04,883984.16,58056.39,2,86,0.189,1,85.4,12218677.24,0.0,0.704,0,48.4,0,0.07117401631257798,0.06567582613697512,1.0698744597039418,2,1
5.8,7,511989.47,458486.12,102549.28,0,32,0.098,1,100.0,4840320.89,0.0,0.369,0,34.5,0,0.10450087967629487,0.22366932285758181,0.7878288476649074,3,14
7.5,4,324935.52,357429.07,0.0,4,64,0.606,1,70.8,4025263.55,11.4,0.133,0,22.0,0,-0.09999999384493263,0.0,1.032323671990882,4,3
3.3,7,710360.04,680182.73,110727.52,1,20,0.141,1,59.5,8508424.33,26.2,0.277,0,12.8,0,0.04248171110525876,0.1627908429842081,0.9981352003321208,4,8
4.4,2,418355.05,353212.67,92984.35,0,50,0.224,1,85.7,5395571.45,7.6,0.2,0,13.2,0,0.15571075334216716,0.26325315566964236,1.0747592366021796,1,8
18.3,4,279657.05,267275.93,25837.93,1,213,0.082,0,,,,0.399,0,27.6,0,0.044272511635233214,0.09667136879852967,,4,14
0.5,6,317253.81,252824.33,59252.68,0,6,0.093,0,,,,0.258,0,3.7,1,0.2030849684673606,0.23436304567681443,,3,3
0.9,6,227899.46,200102.61,27782.29,0,9,0.05,0,,,,0.26,0,0.0,0,0.12196979317107644,0.13884021802614172,,3,14
6.6,9,630830.72,494420.41,149118.25,0,73,0.161,1,98.1,6723035.53,7.7,0.44,0,18.2,0,0.21623916793399028,0.3016021324847815,0.8881193370439115,4,5
17.7,10,532523.15,497978.22,42935.69,0,164,0.284,1,87.8,4885331.13,0.8,0.26,0,10.2,0,0.06487028779875588,0.08622001580711704,0.764494327617494,1,0
5.5,7,298869.88,281427.98,11210.84,2,40,0.391,0,,,,0.384,1,39.6,0,0.05835951083461479,0.03983555579654873,,3,8
4.9,8,223526.27,198568.91,31629.43,0,51,0.331,0,,,,0.471,0,33.2,0,0.11165291667954727,0.15928691958877148,,4,8
4.5,40,708506.18,630910.85,142198.03,0,38,0.214,1,79.8,8379432.63,13.1,0.538,1,59.1,0,0.10951962338564226,0.22538529809718758,0.9855751046518747,0,13
3.1,8,499424.79,521226.78,0.0,5,20,0.627,1,80.9,6513713.56,14.7,0.428,1,55.0,0,-0.04365420066552974,0.0,1.0868692828270166,2,5
1.8,7,248991.4,248564.38,1258.99,2,14,0.42,0,,,,0.127,0,0.0,0,0.0017149989919330126,0.005065045924922951,,4,8
7.2,125,576813.25,524797.16,72241.02,0,77,0.513,1,66.9,7232689.69,14.4,0.441,0,12.8,0,0.0901783896261051,0.13765512755442502,1.0449207621935408,0,13
10.4,1,220701.8,201516.87,39916.67,2,93,0.255,1,98.5,2130140.02,12.2,0.27,0,19.2,0,0.08692693036486333,0.19808103410895575,0.8043054851991844,4,10
1.1,9,560384.44,468239.27,137858.44,0,12,0.14,1,74.3,6877730.89,9.7,0.408,0,21.7,0,0.1644320638167611,0.2944187914866688,1.0227697272132206,2,10
3.1,4,533836.53,493668.07,73864.95,0,15,0.36,1,99.7,5917369.73,7.7,0.039,0,17.0,0,0.07524486943596763,0.14962472659007497,0.923717498625781,1,1
3.9,8,184809.14,164589.4,28519.32,0,41,0.267,1,86.5,1666722.29,11.7,0.61,0,32.4,0,0.10940876625474269,0.17327555723515609,0.7515511633605712,3,10
7.1,2,218602.0,231687.81,24314.97,0,78,0.345,1,60.0,1924191.15,14.4,0.49,0,45.2,0,-0.05986134619079422,0.10494712691185609,0.7335214796753917,3,11
4.7,7,303837.23,233420.04,75959.31,2,52,0.096,1,73.2,3297839.54,12.0,0.3,0,33.9,0,0.23175958390615917,0.3254189743091467,0.9044973246585571,4,8
6.8,7,335495.06,301278.5,5740.08,3,55,0.539,0,,,,0.648,0,27.2,0,0.10198826772590928,0.019052405000688732,,3,11
4.5,2,311081.09,287742.94,925.78,0,41,0.327,1,74.7,3789917.86,9.6,0.42,0,47.9,0,0.07502272156755019,0.003217385628992322,1.0152545380798728,4,14
12.1,8,368241.81,362689.96,36222.99,0,102,0.4,0,,,,0.268,0,14.5,0,0.015076642166189593,0.09987315336768626,,4,0
9.7,36,191746.45,180627.84,9622.47,4,90,0.263,1,81.0,1813315.41,12.2,0.803,0,50.5,0,0.057986001826891787,0.0532723527004475,0.788069961660307,0,11
12.1,6,455894.85,457511.21,45047.67,0,119,0.362,1,77.5,4847920.99,0.0,0.629,0,38.4,1,-0.0035454666794328656,0.09846243986021674,0.8861548136227759,3,1
4.7,15,465608.04,431631.21,61368.64,0,53,0.486,1,60.5,4322711.56,19.4,0.663,0,40.7,0,0.07297303113580246,0.14217841198276648,0.7736678329981873,3,8
10.8,9,759614.29,800224.93,43926.09,1,124,0.508,1,71.7,7694286.04,20.4,0.345,0,18.1,0,-0.053462185394116284,0.05489217887775628,0.8441001068230737,3,10
10.3,8,333953.31,356175.04,9894.81,6,93,0.654,1,69.1,3915977.81,12.3,0.821,0,35.8,0,-0.06654142760255911,0.02778075072301529,0.9771769717349611,2,12
6.8,6,811147.94,858461.7,5741.41,3,35,0.463,1,61.5,8152351.11,15.8,0.371,1,37.6,0,-0.05832938440304738,0.00668802114293509,0.8375322909653202,4,4
4.2,2,220253.26,197108.61,33383.55,0,42,0.259,0,,,,0.369,1,53.9,0,0.1050819860736682,0.16936626969263294,,4,8
3.0,8,465919.25,440991.53,6530.44,3,27,0.407,1,67.9,5477607.44,3.0,0.191,0,2.6,0,0.05350223241473704,0.014808538386213448,0.9797133015359779,4,6
5.2,3,638985.7,585629.72,57450.26,0,36,0.376,1,76.2,6031269.57,15.6,0.138,0,0.0,1,0.08350105487493693,0.09809997347812198,0.7865681462042109,4,10
0.5,4,331771.85,287450.95,50362.14,1,6,0.221,0,,,,0.156,0,1.9,1,0.13358848859540062,0.17520255194842807,,4,3
13.4,10,604915.26,509653.87,45915.09,0,142,0.139,1,91.0,7639897.75,5.0,0.891,1,57.8,0,0.1574789004330954,0.09009073157827684,1.052474929849403,2,8
3.2,3,545185.51,516088.18,25524.99,2,31,0.077,1,80.0,5086898.13,15.2,0.177,0,3.2,0,0.05337142947911439,0.049458582833654514,0.7775485036276918,4,4
1.9,5,313201.82,235168.35,78300.45,0,18,0.05,1,89.9,3299450.84,0.0,0.453,0,31.8,0,0.24914756242476496,0.332954881045855,0.8778819888935085,2,13
15.0,10,1842117.31,1630405.88,320245.39,0,117,0.129,1,86.6,22169591.63,9.7,0.765,0,33.4,0,0.11492831040168672,0.19642065446918042,1.002903538845019,2,11
7.0,6,559113.87,608748.51,29311.54,1,76,0.359,1,81.8,7378755.53,0.0,0.434,1,54.2,1,-0.08877375909132788,0.0481504915716344,1.099769344242286,0,1
3.4,7,186298.38,166199.86,17405.51,0,39,0.373,1,94.5,1596035.61,2.0,0.849,1,79.7,0,0.10788349313611861,0.10472638183931081,0.7139244447536259,2,8
6.1,3,121768.62,122490.42,12165.42,2,64,0.264,0,,,,0.093,0,7.3,1,-0.005927635543541538,0.09931731804005571,,1,4
18.1,4,577160.96,508062.98,78854.83,0,158,0.181,1,96.7,6499324.08,16.8,0.67,1,63.8,1,0.11972046757978916,0.1552068013300241,0.9384043231198452,0,7
5.5,46,811732.46,790730.95,17001.6,2,51,0.187,1,96.2,10345354.27,0.0,0.076,0,0.0,0,0.025872453098647812,0.021501118680127544,1.0620652718918415,1,8
25.1,38,1699860.71,1473051.71,189397.19,0,240,0.077,1,83.7,19659815.22,8.0,0.168,0,4.7,0,0.13342799128523888,0.12857470563609746,0.9637954012126088,1,14
7.5,10,257033.97,220239.4,41947.86,0,84,0.05,0,,,,0.032,0,3.9,0,0.1431506115709142,0.19046483054349042,,1,10
3.3,127,603577.28,619031.7,57537.29,0,35,0.199,1,77.9,7096033.41,11.9,0.127,0,5.3,0,-0.025604707983706617,0.09294724325103222,0.9797189806415509,1,1
11.4,29,1405428.59,1278856.96,257747.82,0,54,0.05,1,74.3,17355720.53,18.7,0.413,0,28.3,0,0.09005909720393557,0.20154546447477598,1.0290882471422234,2,8
10.6,2,373600.88,406826.18,0.0,3,93,0.521,1,77.9,3797086.53,10.4,0.479,1,35.4,0,-0.0889326063685931,0.0,0.8469569919107256,2,8
3.4,49,813272.65,840044.47,5325.53,3,31,0.496,1,86.5,10329987.24,2.3,0.161,0,7.4,0,-0.03291862821158433,0.006339581046227231,1.0584793058023036,4,6
15.5,226,870095.02,763963.93,130034.18,1,181,0.214,1,65.7,9779753.46,15.8,0.557,0,36.3,0,0.12197643655057348,0.1702098422369234,0.9366556942252124,3,5
6.7,8,748738.23,794260.48,0.0,4,68,0.711,1,72.4,6701988.57,14.1,0.438,0,27.4,0,-0.060798618497148196,0.0,0.7459203031478706,4,8
3.6,2,1312433.39,1124241.02,328108.35,0,40,0.161,1,85.1,15596399.23,6.7,0.451,0,13.9,0,0.14339194006638303,0.2918487621097476,0.990297828245084,4,1
6.2,10,1458155.63,1093616.73,364538.91,0,52,0.056,1,83.4,16124677.08,10.3,0.268,0,0.0,0,0.24999999485651606,0.3333333333333333,0.9215224097855729,1,12
10.8,5,200751.08,160382.55,43062.76,0,117,0.227,0,,,,0.654,0,30.7,0,0.20108748605486956,0.2685002826055578,,2,8
2.9,44,1332358.65,1320110.01,169423.19,0,24,0.213,1,86.9,12788552.85,9.8,0.178,0,7.9,1,0.00919320034436666,0.1283402055257501,0.7998692675579507,4,5
14.5,2,595705.65,528459.77,77527.02,0,132,0.054,1,97.0,6048575.59,14.7,0.457,0,32.7,0,0.11288440860011988,0.14670373110899246,0.8461359495806918,4,10
16.0,9,535753.16,481560.15,57440.65,0,180,0.33,1,88.8,6085629.7,13.2,0.86,1,64.9,0,0.10115294513615189,0.11928032251007481,0.946584819645923,2,12
2.4,3,268041.72,249419.11,29258.89,0,21,0.319,0,,,,0.44,1,45.5,0,0.06947653521996497,0.11730813248431526,,2,13
5.0,34,1254018.6,1077300.72,131717.86,0,53,0.179,0,,,,0.628,1,47.3,0,0.1409212590626647,0.12226656638640322,,2,8
5.6,48,1939878.67,1635548.01,120548.13,1,60,0.418,1,88.8,23650777.64,14.4,0.615,1,58.7,0,0.1568812857764965,0.07370503908350572,1.0159904158679505,2,5
13.2,9,528381.67,551780.35,0.0,5,153,0.536,1,76.2,4825597.02,11.2,0.679,0,36.2,0,-0.044283670930522503,0.0,0.7610655475614813,2,4
1.0,3,308592.63,295122.15,10735.2,1,11,0.653,1,56.7,3097769.12,19.6,0.692,1,75.9,0,0.04365133412291791,0.03637544657356284,0.8365314060373595,2,8
7.0,2,228176.8,200327.93,34880.93,0,69,0.351,1,90.3,2553197.33,0.0,0.282,0,22.3,0,0.12204952475448862,0.17411915552664076,0.9324630907553559,1,3
14.4,8,460208.49,431292.16,38420.81,0,168,0.419,1,98.5,5193329.01,0.0,0.789,0,42.9,0,0.06283310853304774,0.08908302437030156,0.9403942493542438,2,13
3.7,43,441029.74,485132.72,0.0,6,41,0.535,1,65.5,5565860.49,7.0,0.543,1,47.4,1,-0.10000001360452468,0.0,1.0516789808777975,2,9
5.1,8,315402.11,270842.89,35655.96,0,50,0.452,1,80.9,2983008.58,8.0,0.434,1,46.5,0,0.14127749494129882,0.13164813002844564,0.7881496047484696,2,13
5.9,5,780995.2,750569.77,83426.72,0,59,0.186,0,,,,0.361,0,23.3,0,0.03895725607532535,0.11115118585178298,,3,14
5.8,5,280320.25,219304.56,45988.48,0,53,0.191,1,58.7,2382750.99,29.9,0.62,1,56.5,0,0.2176642251139545,0.20970143074088385,0.7083419142926707,2,8
2.2,47,570840.13,428130.09,140856.04,0,16,0.232,1,81.4,7204861.22,9.9,0.458,0,31.8,0,0.25000001313852965,0.3290028972268686,1.0517920344294411,4,3
6.1,6,327188.94,304870.69,28642.41,0,57,0.493,1,78.5,3488017.63,14.8,0.59,1,55.7,0,0.06821211621639778,0.09394937243721264,0.888380077374661,2,2
7.0,39,302476.83,270079.92,58977.65,0,73,0.05,1,82.6,2797356.83,8.6,0.521,0,29.3,0,0.10710542688509407,0.21837110289428405,0.770680746577074,2,4
3.0,224,2001511.37,1751823.36,295036.29,0,28,0.098,1,84.4,17089100.94,7.8,0.396,1,47.9,1,0.12474973349764183,0.16841668899768522,0.7115081964285819,4,5
7.9,7,451170.5,431873.93,41638.8,0,80,0.287,1,67.8,4676603.53,16.8,0.184,0,10.9,0,0.04277001709996555,0.09641424755599395,0.8637908746988852,4,1
2.6,7,651268.65,488451.49,162817.16,0,16,0.05,1,88.3,7738846.35,15.5,0.575,0,33.1,0,0.2499999961613384,0.33333332650904596,0.9902270936886028,2,13
1.7,41,566340.48,577659.72,7276.51,3,16,0.706,1,72.8,4939550.5,11.6,0.652,0,46.9,0,-0.019986634188677438,0.012596533474759156,0.7268228616349892,3,8
7.7,5,484030.6,436907.05,40248.18,0,62,0.372,1,96.6,6007184.53,2.8,0.304,0,4.1,0,0.09735655142464132,0.09212069249054233,1.0342294698585863,4,3
2.8,127,535665.93,473741.76,81142.59,0,25,0.197,1,74.8,6905798.93,5.0,0.682,0,32.9,0,0.11560221871867049,0.17128021392920903,1.074332362647493,2,11
4.4,2,130085.52,132760.21,6650.02,1,37,0.325,0,,,,0.583,0,17.7,1,-0.020561012478560164,0.05009046008589472,,0,11
1.6,27,3898832.29,3986714.82,162110.14,4,15,0.412,1,69.4,43843619.32,9.7,0.138,1,26.6,0,-0.02254073103513765,0.04066258744837937,0.9371100554143951,1,10
3.0,34,454282.75,408422.37,87706.16,0,33,0.05,1,75.0,4584287.72,13.2,0.446,1,14.5,0,0.10095118073490575,0.21474377125817082,0.8409387692283421,2,10
1.5,7,735486.54,677591.17,31457.88,1,15,0.475,0,,,,0.588,0,30.3,1,0.07871710337486257,0.046426047730226475,,3,8
10.3,41,1383983.7,1182479.44,274252.53,0,105,0.242,1,76.5,13447938.04,0.0,0.115,0,17.7,0,0.14559727834944877,0.2319300621412919,0.8097360563808181,4,9
2.3,7,946671.78,905673.12,189990.43,0,17,0.331,1,71.5,9436504.81,13.8,0.151,0,9.8,0,0.04330820973664181,0.2097781482131213,0.8306737535086696,4,12
3.2,6,184330.24,172706.62,10702.2,0,36,0.502,1,82.9,1952633.73,12.0,0.828,1,70.4,0,0.06305867121965444,0.061967514621037695,0.8827606229992432,2,11
14.9,10,281523.26,255258.17,35131.02,0,108,0.405,1,73.0,2669158.32,10.0,0.836,1,69.1,0,0.09329634077127409,0.13762936559484068,0.7900940760631998,2,4
3.9,10,441285.22,453678.94,18268.83,2,42,0.409,1,90.6,4271685.56,4.6,0.873,1,50.3,1,-0.0280855089594889,0.0402681905402089,0.8066750947758157,2,1
5.1,8,845454.97,782741.85,157893.55,0,59,0.176,1,77.1,9783573.03,11.8,0.578,1,65.2,0,0.07417677135424491,0.2017185487143686,0.9643301907610762,2,10
2.8,3,511955.41,452390.63,52310.44,0,30,0.355,1,94.7,6410596.17,1.0,0.5,1,56.2,0,0.11634759363124998,0.11563113055635127,1.0434821804109855,3,2
3.8,2,426158.77,384903.96,49753.18,0,39,0.274,1,85.9,4330090.89,13.1,0.638,1,73.1,0,0.0968061973709939,0.12926128377582813,0.8467288083734613,2,14
15.7,17,816215.79,875561.82,0.0,1,143,0.551,1,60.6,9553726.11,17.7,0.295,0,0.0,0,-0.07270875021910556,0.0,0.9754085283010757,1,13
3.7,48,484339.43,472422.56,21088.68,3,24,0.269,1,52.1,5095651.0,15.2,0.675,0,51.6,1,0.024604377141047542,0.04463944312904956,0.876735522716648,3,3
3.3,34,409236.16,354941.7,70164.99,0,22,0.218,1,81.2,4607979.26,16.7,0.286,1,43.6,0,0.13267268464253004,0.19768032327562526,0.9383292807426076,3,5
6.0,6,615588.07,565901.83,133039.99,0,64,0.1,0,,,,0.143,0,12.2,0,0.08071345502195973,0.23509376175722915,,1,8
2.1,6,275653.55,290304.62,23910.54,1,19,0.392,1,71.4,2794398.83,6.1,0.15,0,8.4,0,-0.05315030406827704,0.082363622046387,0.8447798664906245,1,10
5.0,43,3049155.93,2540943.3,362295.13,0,56,0.207,1,79.7,28009233.2,8.1,0.514,0,24.2,0,0.16667321765994444,0.14258292579767523,0.7654914409925458,3,2
0.9,21,239381.95,215602.01,35825.4,0,9,0.325,1,73.7,2842290.34,8.8,0.41,0,20.9,0,0.09933890170081747,0.166164499115755,0.989454419321646,3,3
6.3,7,285599.17,229708.33,42175.13,0,70,0.265,1,72.9,2938353.91,8.5,0.784,0,37.5,1,0.19569678721405248,0.18360296294000308,0.8573653271938197,2,11
4.4,10,555257.19,496504.55,37144.77,0,41,0.273,1,88.1,5049452.82,4.1,0.169,0,10.8,0,0.10581157895497033,0.07481254703506744,0.7578249189353137,4,14
6.7,2,177378.82,136478.11,35235.85,0,61,0.121,1,76.5,1590275.92,4.3,0.497,0,32.4,0,0.23058395585222644,0.25817949852910477,0.7471184740846362,2,5
5.4,8,352637.07,312429.24,52378.08,0,51,0.213,1,87.5,4215970.94,9.5,0.42,1,69.8,0,0.11402042899233486,0.16764781683046057,0.99629602658242,2,14
4.9,6,184033.93,167674.93,17022.84,0,52,0.172,1,70.6,1959357.37,13.7,0.552,0,34.8,0,0.08889121696200261,0.10152286928045832,0.8872265067280437,3,3
4.5,44,1116100.07,1078455.99,86393.78,1,51,0.244,1,77.3,9616629.87,12.0,0.864,1,74.8,1,0.03372823012187435,0.08010876734988509,0.7180232705298548,2,8
3.7,3,188740.73,198721.69,17916.27,1,41,0.436,0,,,,0.563,0,22.7,0,-0.052881855442648715,0.09015759678774873,,3,14
4.2,9,596261.27,517753.39,104250.34,0,21,0.317,1,81.6,5833695.6,11.0,0.583,0,29.0,0,0.1316669117214338,0.20135134219014963,0.8153159100875359,0,8
18.5,9,618613.79,595799.8,57478.55,0,157,0.376,1,78.4,5653421.47,15.1,0.22,0,8.7,0,0.03687921344268771,0.09647292597278481,0.7615712152704085,4,6
7.1,4,538872.85,435549.47,58454.71,0,36,0.291,1,84.0,4593237.63,13.9,0.035,0,2.1,0,0.19173981394683368,0.13420911750851172,0.7103156199092235,1,8
5.1,6,270854.82,257986.59,27991.38,0,54,0.319,0,,,,0.535,0,20.3,0,0.047509695415425914,0.10849936037373106,,3,13
10.1,1,121659.8,94982.07,30414.95,0,88,0.05,1,69.6,1235616.81,12.4,0.728,0,27.4,0,0.21928138957979543,0.3202178053184143,0.8463606507654953,0,1
1.0,9,280383.68,246369.94,39498.58,0,10,0.203,1,91.5,2384304.11,2.1,0.666,0,27.5,0,0.12131141156289835,0.16032223736386023,0.7086432746965395,3,8
3.9,2,149996.14,148169.15,9760.78,1,45,0.348,0,,,,0.677,0,43.6,0,0.012180246771683723,0.065875926264003,,0,1
2.8,7,216525.82,220401.5,18954.68,0,24,0.315,1,90.0,2135030.18,12.4,0.802,1,53.6,0,-0.01789938955086277,0.08600068511330458,0.8216996091582366,0,12
8.5,20,249598.42,226628.35,36044.97,1,96,0.301,1,81.3,2165870.05,8.0,0.203,0,7.6,0,0.09202810658817474,0.15904881273680013,0.7231182426288328,4,7
3.2,6,184522.03,168918.24,20097.33,0,35,0.301,0,,,,0.839,1,81.8,0,0.08456329035617052,0.11897667179103928,,2,12
3.7,14,689918.37,628645.27,25259.29,0,40,0.223,1,64.2,7695736.92,25.4,0.507,0,39.8,0,0.08881210106059356,0.040180513885040445,0.9295467955143737,0,11
7.7,7,427232.08,367949.12,31314.0,0,71,0.313,1,65.2,4905049.46,12.3,0.454,0,27.6,0,0.1387605537486792,0.08510415787921982,0.9567496000456395,3,5
5.0,1,190521.1,158522.02,27346.14,0,50,0.291,0,,,,0.289,0,22.6,0,0.16795557027541838,0.17250688579416287,,3,11
6.1,10,222706.19,214282.05,25690.68,0,59,0.335,1,85.4,1879690.05,7.9,0.64,1,59.1,0,0.03782624991249688,0.1198918901513216,0.7033519701450597,0,12
15.4,4,92261.73,71161.81,21258.71,0,88,0.173,0,,,,0.758,1,61.2,0,0.2286963402919065,0.29873762345280425,,2,13
9.8,6,350375.27,312211.17,53612.49,0,90,0.403,0,,,,0.407,0,26.1,0,0.10892349793979476,0.17171868002032087,,4,8
1.1,4,314567.5,280205.1,28545.4,0,11,0.272,1,71.6,3108302.0,15.1,0.123,0,4.8,0,0.10923696821826802,0.10187323499822096,0.8234327025731096,4,8
11.4,9,340112.24,255084.18,85028.06,1,117,0.05,0,,,,0.572,0,24.9,1,0.25,0.3333333333333333,,3,0
13.1,7,622663.25,497666.72,151703.45,1,150,0.05,1,97.6,7798353.26,0.0,0.076,0,1.1,0,0.20074499338125387,0.30482940470682873,1.043682555003313,1,13
7.0,7,329508.42,322971.06,21470.22,0,77,0.215,1,79.4,3562913.81,11.4,0.853,0,50.5,0,0.019839735810089423,0.06647722554460453,0.9010679732149688,2,5
3.2,19,777536.9,766595.58,18761.42,2,29,0.565,1,80.2,7682865.6,10.4,0.606,0,40.9,0,0.014071769455571903,0.024473686634091992,0.8234191843499645,2,14
8.2,7,323058.73,353525.5,0.0,5,73,0.545,1,69.9,4129194.59,11.6,0.269,0,11.9,0,-0.09430721776192218,0.0,1.0651300126347512,1,7
1.9,16,305502.26,310766.25,28043.86,3,20,0.372,1,88.1,3351160.86,7.2,0.419,0,15.3,0,-0.017230609030519088,0.09024100911858994,0.9141124029655295,2,3
6.2,6,221895.37,188815.91,37101.25,0,60,0.347,1,87.3,2828300.95,7.2,0.41,1,45.6,0,0.14907683743018157,0.1964942996593878,1.0621751406229583,4,8
2.9,1,181823.27,161710.88,32096.57,0,14,0.277,0,,,,0.514,0,28.5,0,0.11061504943784141,0.1984812029963599,,2,11
12.8,6,701465.79,644435.95,39419.88,2,121,0.458,1,72.4,5984060.85,7.0,0.053,0,8.7,0,0.0813009569575732,0.06116958558876177,0.7108995828577754,1,14
9.2,8,336734.78,335575.84,4838.7,3,93,0.543,1,71.9,4407191.39,5.5,0.581,1,57.2,1,0.0034416997258198342,0.01441909524833492,1.0906682973664514,2,13
12.9,40,817531.98,880702.17,16465.08,0,113,0.416,1,92.9,8174179.71,4.3,0.471,0,39.9,0,-0.07726938094825363,0.018695400739162482,0.8332171207541019,0,1
11.6,1,317274.03,269097.34,30124.8,2,129,0.28,1,71.6,3309702.11,13.4,0.432,0,26.9,0,0.151845677378637,0.1119475948740333,0.8693069179556443,3,2
0.6,5,264605.2,233271.92,23408.89,0,6,0.329,0,,,,0.374,0,20.4,0,0.11841520877140735,0.10035022646531995,,4,7
13.6,2,107935.03,87738.93,13992.49,0,96,0.21,1,81.3,1073212.91,13.6,0.285,0,5.7,0,0.18711348854954696,0.15947869434924725,0.8285948423479075,3,2
2.0,10,595682.71,558641.9,61215.48,0,23,0.231,1,78.7,5964264.43,10.8,0.563,0,32.1,0,0.06218211369606471,0.10957910604270822,0.8343737823670144,3,0
7.7,5,305093.59,272593.59,28081.69,0,67,0.22,1,85.9,3125484.06,1.7,0.424,0,7.5,0,0.10652468968620415,0.10301669235876014,0.8536954348991731,4,11
12.4,39,518698.05,570567.86,16419.82,5,59,0.537,1,64.0,5824864.71,5.9,0.486,0,30.5,0,-0.10000000963951956,0.02877803176645807,0.9358149553482995,4,8
8.8,23,1042563.47,1073532.0,97965.69,1,75,0.371,1,89.5,12048259.02,0.6,0.513,0,35.4,0,-0.02970421551409242,0.09125549121963761,0.9630316176337925,2,13
7.5,3,370530.59,312750.36,52462.72,0,80,0.314,1,71.8,3747976.58,17.9,0.759,0,36.8,1,0.15593916280974274,0.1677463137052824,0.8429300848458063,2,12
4.3,2,158543.43,153255.24,13485.11,0,46,0.451,0,,,,0.428,0,34.1,0,0.03335483532808646,0.0879911838577265,,2,4
3.4,5,236001.17,208152.4,15517.95,1,25,0.216,1,62.3,2787934.61,10.2,0.263,0,22.2,0,0.11800267769858945,0.07455090597081754,0.9844353066837196,3,8
8.6,19,507368.5,500402.89,6829.99,1,52,0.505,1,73.6,5369025.97,13.8,0.052,0,7.8,0,0.013728897241354137,0.013648981923345805,0.8818419567500413,1,2
5.6,30,715109.1,707830.56,125818.58,2,48,0.33,1,83.0,8621854.64,5.8,0.247,1,40.1,0,0.01017822315504015,0.17775239882267868,1.0047248548042065,4,2
3.1,1,186143.31,155382.34,22467.39,0,27,0.112,0,,,,0.604,0,34.0,0,0.16525423341832698,0.14459423123631682,,3,10
2.0,6,209090.74,193275.31,26654.54,0,21,0.188,0,,,,0.318,0,17.4,0,0.07563907421246868,0.13790969989907145,,3,4
3.5,6,395659.62,337650.71,53694.76,0,28,0.352,1,93.7,4823597.16,6.8,0.433,0,27.3,0,0.1466131671460433,0.15902457305657672,1.015939989023899,3,12
3.7,10,239113.04,198395.8,59778.26,0,33,0.098,1,100.0,3005624.41,14.4,0.227,1,31.1,0,0.17028448134823604,0.3013080922075972,1.0474907635038782,4,11
1.2,1,236328.66,246718.97,1387.46,3,6,0.669,1,69.7,2376533.91,17.1,0.239,0,0.0,1,-0.04396550972700475,0.005623645397028044,0.8380045505272192,4,4
8.3,9,196173.8,161687.57,34883.34,0,73,0.131,0,,,,0.775,0,36.7,0,0.17579427018286836,0.21574534146316873,,2,10
0.7,7,399959.81,331000.88,53836.72,0,6,0.156,1,100.0,3591348.01,0.0,0.452,1,55.0,0,0.17241464836179413,0.1626482684879871,0.7482726847813367,2,12
6.6,10,237738.51,261512.36,0.0,4,63,0.656,1,91.2,2761396.4,12.1,0.582,1,61.6,0,-0.09999999579369777,0.0,0.9679389622937683,2,5
3.3,1,209266.12,202379.25,37797.52,1,10,0.224,1,72.9,2344020.39,17.4,0.129,0,24.0,0,0.03290962722489429,0.18676578750044778,0.9334288440957381,1,8
17.7,22,723559.99,655075.74,52055.69,1,133,0.333,1,85.2,6729198.42,0.0,0.766,1,75.0,0,0.09464902834110549,0.07946514703780666,0.775010424498458,2,10
10.5,5,557155.99,513372.95,72788.7,0,85,0.376,1,88.0,6260659.78,0.0,0.62,0,34.5,0,0.07858309124523633,0.14178522651027872,0.9364013987058335,3,8
4.1,5,1031514.3,936072.2,128567.89,0,22,0.517,1,80.0,12206845.62,11.0,0.894,1,79.1,0,0.0925262015272111,0.13734826223874613,0.9861590236800399,2,0
11.4,7,799327.74,816106.34,69720.52,1,118,0.409,1,49.3,10414270.46,23.1,0.292,0,15.2,0,-0.02099088916894086,0.08543068051646309,1.0857322075006015,4,8
3.2,3,286669.98,275141.09,30416.21,0,36,0.194,1,74.8,3730764.34,17.3,0.597,0,39.4,0,0.04021659331053763,0.11054768300874289,1.0845119825010394,2,13
5.2,17,366473.48,343159.83,26570.93,0,35,0.239,1,74.5,3391274.52,16.4,0.392,0,20.1,0,0.06361619945868925,0.07743018756012322,0.7711505072618079,4,13
1.1,5,742917.29,778187.31,17211.04,3,9,0.458,1,93.4,8038777.76,7.0,0.679,1,60.6,0,-0.04747502915163008,0.02211683457032986,0.901712957396195,2,13
6.9,18,1553364.09,1482986.7,108802.59,0,41,0.414,1,100.0,13978529.25,0.0,0.625,1,70.6,0,0.04530643553115749,0.07336720551843115,0.749906248637433,0,10
1.6,52,793919.46,733653.74,180256.57,0,8,0.36,1,92.6,7512201.58,19.4,0.493,0,21.5,0,0.0759091104782845,0.24569706412182948,0.7885142383754309,4,7
0.9,3,217499.14,232779.53,0.0,6,6,0.644,1,62.8,1909257.44,3.2,0.608,1,57.9,1,-0.07025494445633203,0.0,0.7315191529799459,2,9
8.0,8,282836.87,280563.54,18487.72,0,84,0.219,0,,,,0.643,0,37.3,0,0.008037601321213943,0.0658949484312894,,3,8
2.6,28,502580.69,461088.74,38351.52,0,30,0.258,1,89.0,5309888.55,0.0,0.299,0,1.0,0,0.08255778788476734,0.08317600642340561,0.880437154280639,4,1
3.1,5,330301.79,281155.03,67680.02,0,30,0.189,1,87.9,3465325.7,6.8,0.18,0,0.0,0,0.14879350184569073,0.24072135575877834,0.8742827026964242,4,13
4.9,27,1182816.77,925351.86,295704.19,0,49,0.204,1,72.9,15264855.99,10.9,0.156,0,17.0,0,0.21767100072482065,0.319558648750109,1.0754593312876346,4,14
10.1,10,1246447.68,1312850.35,0.0,8,71,0.589,1,70.1,13586700.7,7.3,0.203,0,17.4,0,-0.05327353170571922,0.0,0.9083614791864615,1,5
10.2,23,782607.85,726087.53,30516.53,4,115,0.388,1,81.7,8352761.92,16.5,0.566,0,36.6,0,0.0722204869271372,0.042028720697076284,0.8894154247664822,3,10
5.3,9,208689.45,187965.12,32640.22,0,58,0.238,1,92.1,2642111.71,2.0,0.85,1,75.7,0,0.0993070325308731,0.17365040918229938,1.0550412387082015,2,8
5.5,5,401136.49,412125.04,24020.77,2,27,0.419,1,84.6,4902208.17,3.2,0.174,0,18.6,0,-0.02739354377857768,0.05828515054557229,1.0183998655918838,4,5
9.6,33,400525.47,339377.23,55916.66,0,66,0.299,1,91.5,4449572.04,7.4,0.641,0,44.0,0,0.15267004118364805,0.16476255640368095,0.9257780035811456,3,7
2.8,10,838953.17,778887.47,78485.87,0,28,0.283,1,75.0,9766267.11,8.1,0.401,0,30.4,0,0.07159601053775155,0.10076663577602551,0.9700846502552698,4,5
5.6,9,346020.17,335218.1,62194.27,1,55,0.33,0,,,,0.582,0,43.3,1,0.031218035642257523,0.1855337465369561,,3,14
5.6,4,109675.87,104933.47,0.0,2,59,0.214,1,86.5,1034522.01,3.4,0.493,0,36.4,0,0.04324014024233402,0.0,0.7860449841884091,3,2
5.5,3,615745.19,551053.43,122428.19,0,46,0.057,1,75.5,7848633.5,12.8,0.178,0,11.1,0,0.10506255030591452,0.22217117857337354,1.0622133997777015,4,3
1.1,10,538964.39,558698.68,35119.64,2,10,0.167,1,92.7,7063507.58,9.4,0.079,0,0.0,0,-0.03661520198022737,0.06285971536571376,1.0921419718780803,1,12
2.3,3,193235.97,144926.98,48308.99,0,19,0.05,1,85.8,2438124.71,10.4,0.838,1,64.6,0,0.24999998706245008,0.33333331033324504,1.0514453347721269,2,9
8.7,5,278507.11,264219.28,25586.46,0,47,0.22,0,,,,0.58,1,51.6,0,0.05130149101040889,0.09683797488207521,,2,5
9.1,2,218851.0,177241.7,38169.0,0,61,0.076,0,,,,0.43,0,24.2,0,0.19012615889349369,0.21534999946400873,,3,12
3.5,45,672496.97,673031.09,56646.18,1,19,0.244,1,84.6,6059033.79,0.0,0.698,1,71.4,1,-0.000794234061753461,0.08416577011323505,0.7508130222504943,3,11
14.4,39,611679.04,626061.65,48333.73,0,99,0.603,1,76.9,7512125.54,25.6,0.839,1,73.8,0,-0.02351332816635336,0.07720282818792686,1.023429643210705,0,8
2.0,4,136472.65,142139.74,6124.55,3,16,0.373,0,,,,0.61,0,27.5,1,-0.041525463160567315,0.04308823134191747,,2,5
6.4,4,364253.31,349781.71,53095.98,0,58,0.263,1,77.2,4472294.17,11.4,0.508,0,24.1,0,0.03972949483973111,0.15179747391594603,1.0231648432606786,3,6
5.5,98,834264.43,801112.71,102931.17,0,47,0.243,1,65.4,7943597.34,14.2,0.119,0,7.7,0,0.03973766447168326,0.12848525396632393,0.7934731737274235,4,7
4.2,5,281427.94,309570.73,0.0,4,41,0.708,0,,,,0.519,0,33.6,0,-0.09999998578677007,0.0,,2,8
8.7,1,233880.1,220060.42,27968.48,1,84,0.347,0,,,,0.609,0,26.6,1,0.05908873820389162,0.12709454976047033,,3,8
2.8,2,189419.07,190243.44,16368.14,0,28,0.455,1,79.9,2166250.1,7.3,0.549,1,57.0,0,-0.004352096122106372,0.08603786811256146,0.9530235876813601,2,3
7.3,7,493209.66,415705.41,81959.06,0,80,0.322,1,80.8,6405619.96,10.3,0.796,0,35.2,0,0.1571426034112957,0.197156587401641,1.0823017199892908,2,0
3.1,8,529837.79,448332.52,50495.89,0,30,0.373,1,82.8,6911538.7,14.2,0.211,0,3.1,0,0.15383060917568755,0.11263044224407366,1.0870526210169593,1,2
4.1,10,557450.98,496309.59,85348.01,0,34,0.454,1,73.4,5634357.27,13.7,0.288,0,16.8,0,0.1096802987053677,0.1719652646647428,0.8422799301563699,3,8
4.0,8,298993.12,259632.66,66674.17,0,39,0.164,0,,,,0.432,1,65.4,0,0.13164336356635897,0.2568019370136253,,0,11
12.3,7,864459.45,845288.26,0.0,5,115,0.64,1,83.9,8102816.77,0.0,0.245,0,18.4,0,0.022177084188275048,0.0,0.7811063096520414,4,2
2.7,2,185692.68,174464.34,15438.97,0,17,0.224,0,,,,0.508,0,0.1,0,0.06046732698348689,0.08849355690681546,,2,14
10.3,5,369764.57,351861.22,26932.07,0,80,0.231,1,89.4,3363072.53,6.5,0.279,0,20.6,0,0.048418240828211404,0.0765417399507681,0.7579310374887098,3,10
11.1,5,127028.32,109625.72,16721.61,0,97,0.301,0,,,,0.434,0,24.8,0,0.1369977970266788,0.15253363900369366,,4,3
2.1,6,471222.14,438326.01,34472.28,0,20,0.341,1,66.5,5894569.42,16.1,0.19,1,40.2,0,0.06981023854269666,0.07864529873552335,1.0424258043846015,4,8
11.1,2,459587.62,430817.57,47677.21,0,84,0.379,1,100.0,5270221.8,0.0,0.544,1,39.5,0,0.06259970623229578,0.11066681890434506,0.955607006994662,3,3
10.2,1,63503.57,66178.8,2271.93,1,96,0.592,1,73.2,585912.36,14.0,0.792,1,68.2,0,-0.042127237885996066,0.03433017824439246,0.7688706319975397,2,11
3.9,48,790369.07,765788.58,155349.11,1,42,0.242,1,65.7,8256341.38,7.7,0.459,1,59.4,1,0.031100015085357518,0.20286161749761272,0.8705154015368204,2,0
6.0,7,578683.01,553845.78,81054.82,0,51,0.224,1,77.4,6006907.03,10.5,0.112,0,15.3,0,0.04292026821385335,0.14634907934118413,0.8650255445262396,1,9
6.1,4,379646.12,297503.94,94911.53,0,64,0.05,1,95.1,3412532.34,5.1,0.841,0,57.9,0,0.21636512444799907,0.31902612785565126,0.7490599271763926,0,8
1.8,6,252349.47,240613.67,9796.38,3,19,0.305,1,85.5,2645228.06,0.0,0.67,0,51.2,0,0.046506140868851395,0.0407141456260569,0.873533325299501,3,1
2.9,44,448548.13,397963.66,37040.72,0,33,0.405,1,86.9,5122546.37,8.1,0.25,0,0.0,0,0.11277378416447757,0.09307563409181634,0.9516902102939692,4,10
2.5,50,4632717.45,4244003.22,532388.32,0,28,0.243,1,92.6,49182640.81,5.4,0.407,1,54.3,0,0.08390631075504085,0.12544484355975583,0.8846974686171144,2,11
1.0,4,440644.05,403847.26,53436.95,0,10,0.226,1,83.5,3968538.04,23.1,0.723,0,43.4,0,0.08350683505201076,0.1323197042366958,0.750518481602857,2,8
6.1,5,192336.45,181835.31,8168.91,2,53,0.441,1,74.6,2143499.84,10.9,0.129,0,20.3,0,0.05459776345045369,0.04492477286177256,0.9287110512160676,1,0
9.1,3,230246.34,200495.24,48550.21,0,96,0.182,1,95.1,2108648.3,0.0,0.112,0,14.2,0,0.12921421465374872,0.24215143461759991,0.7631856022843475,4,14
3.5,2,193007.75,173735.18,12464.95,0,35,0.278,1,80.2,2437062.18,11.6,0.385,0,16.5,0,0.09985386597170325,0.07174683906851796,1.0522298456927248,4,6
5.4,28,789895.03,700025.06,120081.37,0,59,0.179,1,89.9,7890419.72,9.3,0.762,0,24.2,0,0.11377457331260835,0.17153867320121366,0.8324333635403006,2,0
6.9,7,161660.47,132652.12,33867.54,0,66,0.05,1,98.0,1907787.71,0.4,0.648,0,38.6,0,0.17943997069908313,0.2553109592217599,0.9834334217057927,3,13
6.0,6,396238.85,371458.89,10593.14,0,71,0.438,1,83.5,4553591.86,0.0,0.303,0,17.7,0,0.06253793639871498,0.028517664498485952,0.9576698204462623,4,12
11.6,10,624003.4,558250.29,139786.38,1,113,0.05,1,79.0,6124283.3,6.2,0.129,0,0.0,0,0.10537299957019462,0.2504009088826447,0.8178752578378045,4,14
6.8,10,479806.51,473799.71,52861.32,0,73,0.333,1,72.5,5127699.31,20.9,0.458,0,29.4,1,0.012519213213676463,0.11156891590330437,0.890584573004925,4,14
1.3,50,580144.81,496346.12,85119.23,0,13,0.133,1,84.8,5802529.7,10.1,0.42,1,51.8,1,0.1444444362089528,0.17149168003972712,0.8334886968422016,0,9
11.3,2,435051.22,436892.94,27749.52,2,122,0.374,1,87.6,4384484.84,22.0,0.825,1,70.1,0,-0.004233340616766988,0.06351560636342625,0.8398407356877811,2,9
6.2,19,736676.2,669858.76,109230.87,1,60,0.368,1,86.3,6692285.48,13.5,0.5,0,29.4,0,0.09070123345915064,0.16306552443980876,0.7570360718408804,3,10
6.9,8,558067.84,517607.68,94632.62,0,71,0.287,1,100.0,6797702.47,0.0,0.879,1,87.0,0,0.07250043292227694,0.1828269240518224,1.0150651322845146,2,11
6.3,9,509838.03,497643.05,40467.0,1,63,0.391,1,70.9,6500568.18,18.8,0.299,0,7.6,0,0.023919321985454947,0.08131732172286944,1.0625217875567265,4,14
3.9,5,759122.21,829725.64,37118.38,1,33,0.321,1,79.7,9637704.63,2.4,0.176,0,26.7,1,-0.09300667148178955,0.04473572734235379,1.0579878205644913,1,13
2.6,3,170243.34,165834.98,4164.83,2,27,0.373,0,,,,0.657,0,36.5,1,0.02589446377168109,0.02511430338762063,,3,8
2.0,3,462777.85,461145.71,1688.17,2,21,0.569,1,84.4,5797784.39,0.0,0.493,0,54.8,0,0.0035268325828471604,0.0036608168815015106,1.044018634787008,4,11
18.8,8,591136.35,645841.08,0.0,3,195,0.623,1,60.2,6939379.92,21.4,0.585,1,71.4,1,-0.0925416445799687,0.0,0.9782542724703024,3,3
4.0,7,502138.19,468203.78,56479.56,0,39,0.292,1,100.0,4759111.74,4.3,0.791,0,44.7,0,0.06757982299653403,0.1206302947831818,0.7898077718406561,2,10
2.5,5,210486.48,191374.19,45517.39,0,20,0.182,1,83.6,2594008.62,3.4,0.135,0,2.4,0,0.09080055878173271,0.2378449779460856,1.0269894056853437,1,12
2.2,3,157685.06,136464.0,23583.57,0,12,0.267,1,91.2,2061398.98,4.0,0.406,0,32.3,0,0.13457876098090713,0.17281898522687303,1.0894072547731113,4,7
3.1,42,373376.68,361385.3,42903.75,0,30,0.352,1,76.3,4229776.66,10.2,0.243,0,0.0,0,0.03211603895561985,0.11872024124943654,0.9440369664579302,4,8
5.7,203,2077580.03,2038798.05,315439.81,1,53,0.373,1,68.5,20704188.96,18.3,0.338,0,7.5,0,0.018666900644015133,0.15471851662797106,0.8304609473936848,4,11
11.1,13,569436.21,506090.66,129247.21,0,74,0.24,1,88.5,6753227.27,4.3,0.659,0,52.1,0,0.11124257447555011,0.25538351172100276,0.9882914526399132,3,1
5.6,2,102867.05,95923.65,19634.71,1,65,0.343,0,,,,0.4,0,12.4,0,0.06749877633314078,0.20469102249549512,,0,3
5.3,3,315172.35,274072.56,37466.21,1,49,0.258,1,69.5,2931207.3,13.0,0.339,0,16.2,0,0.1304041740971249,0.13670179167151938,0.77502761584257,4,0
10.5,133,786917.5,747959.02,97788.94,0,98,0.327,1,82.5,8370311.7,9.7,0.494,0,30.3,0,0.04950770569977155,0.1307410397965386,0.8864029266092062,3,13
2.3,8,341284.67,331413.88,28640.42,1,25,0.45,1,76.5,3975116.55,14.5,0.785,1,66.8,0,0.02892245350487023,0.08641889108567208,0.9706258194954962,2,8
6.9,28,598523.53,501123.48,134962.1,1,46,0.095,1,98.1,7542883.13,1.2,0.448,1,51.7,1,0.16273386946040375,0.26931905086546737,1.0502069887990313,2,8
7.1,8,509034.65,478136.04,90640.68,1,84,0.478,1,73.7,4453079.17,18.5,0.121,1,15.5,0,0.06070040615113341,0.18957090120209302,0.7290072116570715,1,5
3.6,6,1297248.73,1122314.18,94290.04,0,40,0.406,1,82.4,12686988.02,19.3,0.558,0,42.3,0,0.13485043072657318,0.08401394340397624,0.8149932832593073,2,14
9.9,4,557014.93,550233.13,25308.72,3,95,0.485,1,88.8,5209486.75,6.9,0.478,0,14.5,0,0.012175257133592535,0.04599635794376831,0.779375690761706,2,10
9.1,48,1923504.14,1631863.29,384929.66,0,82,0.261,1,100.0,22180967.33,7.8,0.569,0,19.3,0,0.15161955929036883,0.23588352183594985,0.9609617706186308,2,5
19.8,12,689907.8,719246.29,38817.08,1,225,0.583,1,73.5,6792735.91,20.1,0.341,0,28.2,0,-0.042525233081869764,0.05396910702174077,0.8204883693637517,4,5
12.3,7,378003.27,356470.51,27150.67,0,116,0.307,0,,,,0.858,1,79.9,0,0.056964480757005116,0.07616526259072594,,2,13
3.9,3,569338.8,498642.23,111946.08,0,30,0.05,1,100.0,6952137.39,0.0,0.668,1,38.9,0,0.12417311098418035,0.22450180362782352,1.017574741963836,0,1
6.1,36,525864.8,507166.89,77253.86,0,63,0.172,1,95.3,5070671.83,0.0,0.456,0,36.9,0,0.03555649665085024,0.1523243364723592,0.8035449146497984,0,3
2.1,7,1488152.56,1451018.36,41453.81,1,22,0.378,1,98.0,14006284.5,0.9,0.183,0,11.2,0,0.024953221193934547,0.02856877014292224,0.7843217196763752,4,1
7.2,3,74775.85,68762.21,12986.78,0,62,0.267,1,78.6,930137.59,19.6,0.841,1,66.8,0,0.08042222188046005,0.18886507574436598,1.0365842158040774,0,1
4.7,8,391909.05,345045.13,70419.61,0,52,0.059,1,84.1,3715211.11,13.1,0.556,0,22.7,1,0.11957856038282348,0.20408811450258696,0.789981568002406,2,0
7.6,6,527429.67,452648.3,123676.51,0,42,0.213,1,79.7,4931070.4,15.5,0.744,0,47.3,0,0.14178453404033953,0.273228707586,0.7791039387930779,0,1
3.8,2,288296.12,286098.54,13941.76,3,43,0.526,0,,,,0.342,1,48.0,0,0.007622648546223988,0.04873062267287348,,3,8
9.0,25,1087564.72,929117.25,134347.73,0,88,0.288,1,79.1,14115276.89,8.9,0.497,0,23.6,0,0.14569015258236767,0.1445971754372228,1.0815660461720997,2,13
1.5,10,504560.66,494722.22,0.0,3,9,0.503,1,75.8,4491630.13,4.6,0.685,1,69.0,0,0.019499023169979212,0.0,0.7418384755429275,3,11
19.3,2,241215.98,189602.92,51276.74,0,214,0.089,0,,,,0.378,0,25.3,0,0.2139703182185525,0.27044277588129967,,4,12
8.5,26,652785.85,548784.91,87123.6,0,86,0.196,1,100.0,8295097.12,2.5,0.197,0,18.7,0,0.15931861880890946,0.15875728069855274,1.058935473759631,1,13
7.1,5,199514.53,206589.94,0.0,4,61,0.475,0,,,,0.348,0,20.2,0,-0.03546313143208168,0.0,,3,13
10.5,4,167766.24,143910.78,6654.04,0,121,0.448,1,73.2,1537355.51,14.4,0.613,1,62.6,0,0.1421946393982484,0.046237258946133154,0.7636396879769534,0,13
1.2,6,266391.44,245752.34,30746.22,0,11,0.331,1,70.2,2239189.67,19.4,0.236,0,0.0,0,0.07747658858708074,0.12511058897750477,0.7004697266799063,1,14
12.1,2,449593.36,442918.43,58091.04,2,123,0.435,1,84.1,4792921.19,0.6,0.859,0,46.5,0,0.01484659381980195,0.13115516552336737,0.8883807785031939,2,12
5.1,3,524010.42,430327.48,82528.85,0,46,0.107,1,91.7,4887786.13,0.0,0.409,1,44.5,0,0.1787806814986618,0.19178150091646484,0.7773042200827482,2,1
4.0,10,187562.96,189923.04,0.0,2,35,0.482,1,72.5,2099579.16,8.5,0.692,1,68.1,0,-0.012582868173972177,0.0,0.9328330604294154,2,4
1.6,1,311250.18,308227.36,32927.11,1,14,0.235,1,89.0,2808027.32,0.0,0.812,1,77.5,1,0.009711865869443054,0.10682734329619539,0.7518141087232998,2,8
3.5,2,987675.94,953205.59,66093.49,3,41,0.367,1,72.7,10714547.14,16.8,0.343,0,21.4,0,0.034900465429987065,0.06933812673087661,0.9040201266149436,3,11
1.9,1,418636.49,362952.43,80598.51,1,13,0.05,1,84.0,4312412.8,13.2,0.377,0,32.3,0,0.133012915333778,0.22206356353641163,0.8584242939102927,4,3
10.1,7,100278.39,81089.23,18539.48,0,39,0.129,1,100.0,887393.95,0.0,0.492,0,27.3,0,0.19135887602503393,0.22863060852840755,0.7374419935674409,3,0
11.3,18,486276.07,417182.84,39345.01,0,127,0.387,1,71.4,5079385.63,22.8,0.336,0,4.9,0,0.14208642839447144,0.09431118978911021,0.8704564381161782,3,7
8.7,57,675569.44,621704.11,78284.6,1,91,0.269,1,85.6,8066543.27,5.5,0.438,1,48.5,0,0.07973322475924897,0.12591938631385274,0.9950301173579827,3,11
8.0,7,569327.89,558230.94,0.0,3,83,0.54,1,65.1,5380235.26,9.9,0.105,0,10.1,1,0.019491316330910943,0.0,0.7875126903291763,1,13
12.3,1,287495.48,243952.4,71873.87,1,82,0.05,0,,,,0.634,1,67.2,0,0.1514565724650697,0.2946225165237153,,2,8
6.8,8,489967.73,396920.78,84621.51,0,73,0.271,1,90.1,4547867.75,7.2,0.692,1,66.3,0,0.1899042412446223,0.21319496046541073,0.7734978366160291,2,9
13.8,50,464052.51,508319.71,0.0,5,104,0.625,1,75.4,5479019.63,9.3,0.673,1,73.9,1,-0.09539265287025386,0.0,0.9839079831001596,0,13
2.8,97,516667.55,468662.45,13636.82,1,29,0.302,1,82.7,6026186.39,7.7,0.537,1,51.9,0,0.09291293792304157,0.029097317269604166,0.9719638850294869,2,0
4.5,6,157410.21,145174.09,18145.84,0,48,0.256,0,,,,0.71,0,49.7,0,0.07773396655782364,0.12499365417065814,,0,11
0.5,10,548710.44,522944.53,77867.73,0,6,0.354,1,78.6,6662359.3,16.4,0.252,0,24.4,0,0.04695720752096483,0.14890246581219616,1.0118207489059865,4,13
4.7,9,284729.2,310299.14,0.0,8,46,0.617,0,,,,0.892,0,36.5,1,-0.08980441767124693,0.0,,0,12
3.2,6,634786.74,502070.71,158696.69,0,24,0.05,1,77.0,7669540.6,14.8,0.474,0,25.2,0,0.20907183725986458,0.31608434198441887,1.006839530600991,4,3
2.7,4,650832.31,590927.4,6029.33,1,29,0.388,1,88.6,5602257.6,0.0,0.547,0,23.1,0,0.09204354037063714,0.010203165397305997,0.717319642597338,2,7
3.3,7,421690.36,408567.41,6772.72,1,30,0.521,1,90.7,3713389.3,9.2,0.113,0,0.0,0,0.03111987193636585,0.016576750455940675,0.7338301694478699,1,3
4.3,105,1372022.18,1228794.59,164506.26,0,45,0.403,1,85.2,16567650.55,5.5,0.476,0,32.7,0,0.10439159955854348,0.13387612652168335,1.0062793196487052,4,1
1.6,10,454231.13,438599.2,36392.25,0,12,0.468,1,61.5,4041265.3,11.2,0.154,0,22.8,0,0.03441404379307951,0.08297381755370278,0.7414113346510031,4,14
10.9,26,2679757.13,2580787.59,87568.5,2,105,0.427,1,70.8,29992399.06,17.0,0.549,0,31.5,0,0.03693227975477018,0.03393092106429418,0.9326839960057624,3,7
4.8,144,627008.67,538546.04,122266.42,0,42,0.086,1,66.7,7910240.01,13.4,0.403,1,47.5,0,0.14108677317013815,0.2270305803381267,1.0513198605371754,2,3
3.5,107,1748208.44,1893285.71,0.0,4,34,0.666,1,84.8,20117738.02,8.1,0.262,0,23.5,1,-0.08298625420204471,0.0,0.9589692681802481,3,8
0.8,1,153774.44,146973.47,28405.99,0,7,0.233,0,,,,0.178,0,11.0,0,0.04422692093692555,0.19327290836910907,,4,13
13.3,8,140379.14,105284.35,33049.44,0,141,0.156,0,,,,0.826,0,56.7,0,0.2500000356178276,0.31390648277735483,,2,13
7.4,7,217188.04,192199.49,29519.97,2,73,0.37,0,,,,0.833,0,49.5,1,0.11505490818002694,0.15359026186802058,,2,6
17.0,16,208335.72,184121.93,26892.8,2,154,0.382,0,,,,0.781,1,65.1,0,0.11622486052799783,0.14605973335169797,,2,8
7.7,10,565887.09,513144.81,65850.07,0,54,0.43,1,84.0,7031792.29,4.9,0.147,0,28.4,0,0.09320283309520275,0.12832648546128725,1.0355116792527168,4,2
3.4,3,151247.55,129497.76,23659.22,0,37,0.174,0,,,,0.412,0,25.0,0,0.14380259382713964,0.18269983975012388,,3,1
6.1,17,541988.14,545395.74,53994.47,0,44,0.352,1,98.0,6638126.87,1.1,0.771,0,60.5,0,-0.006287222447339856,0.09900053491433579,1.020644546145727,2,6
5.5,2,597107.68,485717.38,87286.22,0,62,0.224,1,82.7,5025653.28,11.1,0.21,0,12.1,0,0.18654976938162984,0.17970577869789217,0.7013884664822935,1,1
6.3,9,540477.18,463957.47,37664.2,2,51,0.398,1,92.1,5161693.56,5.2,0.278,0,25.4,0,0.14157805885532498,0.08118028577059014,0.795854378162645,1,11
9.0,10,311420.75,318641.96,0.0,6,68,0.519,1,65.3,2645317.4,21.7,0.435,1,33.1,1,-0.023187953917650064,0.0,0.7078626477736845,2,1
7.4,35,346511.47,297352.36,43907.57,0,82,0.326,1,68.0,4247645.92,15.1,0.442,1,43.2,0,0.14186863713342587,0.1476617505238566,1.0215260503016923,2,3
11.9,2,980815.7,840891.8,159404.11,0,135,0.361,1,82.1,12481672.93,17.5,0.381,0,8.7,0,0.14266074656023545,0.1895655422017434,1.0604840550914238,4,6
5.2,8,526626.32,470949.84,86084.59,0,56,0.06,1,81.7,4866093.58,15.1,0.47,1,46.5,0,0.10572293462278894,0.18278929662657914,0.7700105044756087,2,1
11.8,10,243924.26,249652.88,0.0,3,111,0.392,0,,,,0.527,1,40.7,0,-0.023485240869440354,0.0,,3,2
12.3,22,795089.92,874358.04,0.0,7,109,0.674,1,56.3,9150396.98,22.8,0.349,1,36.9,0,-0.09969705061787223,0.0,0.9590526335268678,3,13
11.2,10,369427.56,354462.13,35463.82,0,72,0.449,1,91.4,4199444.93,0.0,0.208,0,11.3,0,0.04050978221549035,0.10004967244314647,0.9472865104234959,4,12
0.9,6,321829.12,258528.57,57614.13,0,9,0.119,1,97.4,2703783.38,4.8,0.741,1,69.6,0,0.19668993905834248,0.22285401570897945,0.7001084353916347,2,14
4.0,14,561853.55,488980.82,127563.95,0,31,0.05,1,86.3,6016723.03,6.3,0.673,0,37.4,0,0.12970057766832663,0.260877205776701,0.8923919513071215,3,13
11.5,7,326924.01,276469.79,52774.43,0,128,0.303,0,,,,0.486,0,39.2,0,0.15433011481781356,0.19088678730504335,,4,13
10.7,13,659347.43,663080.81,20035.2,5,95,0.44,1,74.9,8472381.4,17.0,0.28,0,12.2,0,-0.0056622348554539815,0.030215321719233586,1.070803875482359,4,8
1.4,6,320013.12,298401.66,45741.98,0,12,0.32,1,100.0,3606984.37,5.2,0.36,0,20.3,0,0.06753304364521061,0.15328996494188407,0.9392803358603964,4,13
9.2,8,354014.75,318521.16,56643.94,0,92,0.219,0,,,,0.545,0,25.0,0,0.10026020102269757,0.17783415079864712,,3,14
3.6,6,774586.21,668030.97,80588.0,0,38,0.33,1,86.3,9549504.28,0.9,0.133,0,8.0,0,0.1375640808271038,0.12063512564395032,1.0273769569604567,1,3
2.3,1,240210.06,244072.37,13899.6,1,18,0.362,1,69.7,3167288.26,22.1,0.492,0,43.0,0,-0.01607888528898414,0.05694868288450676,1.0987911511005548,4,12
7.6,15,635953.63,693174.55,0.0,1,73,0.498,1,79.2,8246940.21,12.6,0.349,0,21.1,0,-0.0899765600834766,0.0,1.0806527159849688,4,12
14.5,17,698544.9,731676.61,0.0,2,117,0.644,1,89.0,7035103.87,21.5,0.495,0,33.8,0,-0.04742960688711629,0.0,0.8392569408685587,2,10
10.4,7,264566.69,238064.29,26900.6,0,65,0.337,1,75.6,3176426.74,7.5,0.401,0,14.1,0,0.10017285244790262,0.11299720760303865,1.000512303092023,4,13
2.1,15,264902.78,227489.44,30182.92,0,23,0.31,1,84.7,2496973.66,13.2,0.206,0,15.0,1,0.14123422940295313,0.13267833443169932,0.7855000175284431,4,0
3.8,3,359474.93,352794.17,31155.93,1,44,0.402,1,74.8,4346388.91,5.5,0.614,1,61.5,0,0.01858477307443946,0.08831191853312088,1.007578124664586,2,14
11.7,10,183385.9,173430.18,18172.2,0,138,0.228,0,,,,0.435,0,15.4,0,0.05428836131894547,0.10478107097622802,,4,6
1.5,7,178534.71,149853.43,31086.63,0,13,0.255,0,,,,0.458,1,71.9,0,0.16064820112570827,0.20744690328409568,,3,1
9.4,1,239086.82,214714.52,36951.5,0,63,0.248,1,79.3,2149213.84,17.6,0.796,0,36.8,0,0.10193911985612597,0.17209595326855398,0.7491050879899332,2,5
1.9,15,765227.12,714812.55,17662.72,3,15,0.474,1,82.4,8347661.05,0.8,0.102,1,27.0,0,0.06588183910680001,0.02470958295290143,0.9090613788404851,1,14
9.9,3,540827.72,513972.18,38679.95,0,58,0.44,1,84.8,5002686.93,13.0,0.898,1,61.7,0,0.04965636746578001,0.07525689425447113,0.770838036001557,2,9
8.4,5,311593.45,307773.09,11159.18,1,78,0.362,0,,,,0.426,1,60.9,0,0.012260719857878867,0.03625781578239995,,2,14
4.5,3,951955.24,863995.49,0.0,5,37,0.593,1,66.7,10951292.11,16.9,0.508,1,42.0,1,0.09239903968594154,0.0,0.9586665816696732,2,0
10.2,2,250157.77,251403.51,6496.64,3,92,0.546,1,66.6,2891178.6,18.7,0.38,0,13.7,0,-0.004979817336875124,0.02584148487027886,0.96311839524313,4,5
2.4,47,1028331.05,848112.84,252681.29,1,19,0.175,1,78.1,12223118.14,9.0,0.28,0,10.2,0,0.17525310550527484,0.29793357449935554,0.9905304117125835,4,5
0.6,6,746203.64,753999.96,91566.7,0,6,0.344,1,68.6,8434036.4,14.1,0.332,0,9.8,0,-0.01044797905301018,0.12144125312685693,0.9418827904225537,3,3
11.6,3,635514.37,630247.1,21694.72,4,101,0.478,1,81.6,7262476.36,6.1,0.38,1,62.2,0,0.008288199683037881,0.034422562198223525,0.9523094864610747,3,7
8.5,11,363860.65,373734.07,34236.4,2,83,0.463,1,63.3,4066661.09,14.3,0.802,1,78.5,0,-0.027135168367340583,0.09160631247774655,0.9313687098801879,2,12
9.6,3,394511.92,389336.9,0.0,4,82,0.553,1,87.7,4878745.87,0.5,0.787,1,66.8,0,0.013117525067430056,0.0,1.0305446685447004,2,8
9.4,1,115858.78,110901.39,8194.88,1,99,0.405,0,,,,0.883,1,77.6,0,0.042788211648698525,0.07389339304042987,,2,14
8.4,1,244859.31,234978.73,0.0,3,97,0.544,0,,,,0.188,0,10.6,1,0.040352069929462706,0.0,,1,10
12.4,1,287110.63,269402.34,39503.08,0,113,0.341,1,84.4,2679672.33,8.6,0.89,1,72.6,0,0.06167758400307219,0.14663228240704962,0.7777699749396252,2,12
5.1,19,625441.15,526343.41,100042.2,0,46,0.1,1,100.0,5509672.22,2.7,0.549,1,59.2,0,0.15844454750059217,0.19007020530569574,0.7341048021331289,2,7
2.5,7,761362.54,722042.67,108648.07,2,26,0.215,1,69.7,8706497.45,18.4,0.452,0,26.4,0,0.05164408272568807,0.15047319848839405,0.9529513419016735,4,8
3.6,10,204240.37,206535.77,16055.73,0,38,0.419,1,43.0,1894185.42,21.6,0.45,1,53.5,0,-0.011238718378741647,0.07773825328174389,0.7728579075723374,2,4
4.0,5,334846.59,316267.92,2344.24,2,42,0.521,0,,,,0.425,0,30.0,1,0.05548412483459975,0.007412196595848229,,4,13
10.8,4,375212.98,377632.76,13023.2,3,78,0.116,1,99.7,3218642.42,0.0,0.624,1,52.9,0,-0.006449083930945108,0.034486414790920156,0.7148478756429659,2,11
5.6,19,1416822.24,1156720.93,304373.57,1,54,0.099,1,100.0,14619930.67,12.6,0.171,0,10.7,0,0.18358076451425553,0.2631348340865588,0.8599014904179747,1,13
4.9,7,629609.83,569137.74,69867.18,0,56,0.25,1,75.4,7139664.78,12.7,0.788,1,74.3,0,0.09604692798395471,0.12275970312564406,0.9449853491010458,2,13
7.0,1,302620.65,289127.88,27315.43,2,76,0.533,1,68.2,3962361.06,13.6,0.602,0,39.8,0,0.044586415368548106,0.09447525434074362,1.091124333385709,2,2
0.8,19,1470659.18,1499350.01,90278.93,3,8,0.233,1,97.7,17857854.07,4.7,0.859,0,32.2,1,-0.019508823247545413,0.0602120448180075,1.0118962476631284,2,13
1.8,1,305298.63,297725.34,22507.14,1,10,0.427,1,83.7,2690367.93,0.0,0.02,0,0.0,0,0.024806170928444646,0.07559699150901968,0.7343541878979281,1,14
4.6,5,139749.68,144762.85,0.0,3,52,0.589,1,71.8,1199106.55,23.6,0.369,0,21.8,1,-0.03587249716779325,0.0,0.7150323766990618,3,1
2.8,3,745829.42,674250.72,35191.4,3,25,0.308,1,100.0,9839041.05,0.0,0.119,0,14.8,0,0.09597194489860707,0.052193344339328256,1.0993399636876753,1,11
5.9,38,790276.95,689644.44,152530.27,0,61,0.089,1,65.6,7028142.3,20.7,0.444,0,27.0,0,0.1273382831170769,0.22117233338385212,0.7411054124759682,4,10
0.6,8,567422.51,455654.59,118021.81,2,6,0.14,1,87.4,5493425.33,0.0,0.044,0,17.7,0,0.19697477281964013,0.25901595767969765,0.8067805490597592,1,10
9.0,36,1223461.53,931231.07,302163.16,0,65,0.05,1,84.0,14454673.38,6.0,0.445,0,21.4,0,0.23885545465414026,0.3244771031963098,0.9845476015907096,3,7
1.6,206,1444042.13,1360657.03,243424.55,0,17,0.163,1,79.2,16863273.34,11.3,0.19,0,16.7,0,0.057744229387545545,0.1789022102064912,0.9731522018220711,4,3
9.5,5,337854.01,253390.51,60420.37,0,105,0.073,1,80.5,3432732.93,16.1,0.439,0,17.4,0,0.24999999260035421,0.23844764352066697,0.8467002581973202,4,0
4.7,37,422843.51,396068.68,78349.9,0,51,0.221,1,95.5,4259039.45,5.4,0.79,0,53.7,0,0.06332089618686595,0.19781897422436936,0.8393647904556149,2,5
0.5,5,381930.15,333665.23,45130.63,1,6,0.351,1,99.1,3765632.16,5.9,0.463,0,29.3,0,0.12637106549456764,0.13525721574285698,0.8216232208952343,3,11
2.9,9,939246.38,890466.16,78111.15,0,23,0.291,1,61.4,10526247.67,21.7,0.557,1,53.3,0,0.05193548896084111,0.08771939182955588,0.9339267358510696,2,0
5.5,9,728251.57,621437.35,136269.77,0,62,0.28,1,53.9,9572268.51,20.3,0.643,1,51.9,0,0.14667214517642574,0.21928158968880773,1.0953481947179324,0,8
9.7,33,363869.14,338541.16,41891.01,0,63,0.434,1,89.2,3725789.48,1.7,0.505,1,60.4,0,0.06960738687540262,0.12373978396009515,0.8532805410941601,2,2
2.1,4,1034651.61,1036465.45,31965.09,4,16,0.349,1,74.6,11509600.59,3.7,0.686,0,30.7,1,-0.0017530925216459746,0.030840478088295178,0.9270109602400367,3,8
7.0,5,725005.84,760417.98,30570.81,2,72,0.387,1,83.6,6220100.69,9.4,0.209,0,11.7,0,-0.04884393758814414,0.040202639606180805,0.7149483432666787,1,14
6.1,7,889574.93,706782.85,222393.73,0,67,0.05,1,83.4,10120772.52,4.8,0.302,0,7.0,0,0.20548249937753985,0.31465637571709615,0.9480906909100957,4,5
2.2,6,455245.36,419462.88,103332.22,0,12,0.156,1,83.4,4393603.47,8.9,0.513,1,56.9,0,0.07860042769024594,0.24634413419370982,0.8042555831870531,2,8
2.6,95,581918.82,577002.6,37532.22,3,17,0.497,1,72.6,5424279.42,19.0,0.58,0,53.9,1,0.008448291808125355,0.0650468819377937,0.7767806598865457,3,14
7.8,8,594930.83,524101.03,71026.81,0,78,0.199,1,87.6,6545203.74,20.6,0.049,0,6.8,0,0.11905552112671643,0.13552121811323284,0.9168017818138624,1,13
17.1,191,1414137.55,1337061.81,118213.0,0,89,0.286,1,62.0,16878869.83,11.9,0.265,0,14.7,0,0.054503707931381914,0.08841251699500713,0.9946504042929438,1,7
15.7,40,864882.59,867778.98,30860.0,0,179,0.226,1,65.6,7348624.78,18.2,0.819,1,61.1,0,-0.003348882303203738,0.035562050604175735,0.7080561054343033,2,8
2.1,3,486837.51,492933.8,33408.69,0,20,0.466,1,79.7,5831466.24,16.5,0.112,0,0.0,0,-0.012522227385478122,0.06777520632587987,0.9981883277646375,1,5
5.4,10,367710.12,356727.86,31834.14,0,52,0.381,1,82.5,3624536.63,9.4,0.357,0,22.8,0,0.029866624285456188,0.08923928733797243,0.8214207407907802,3,14
11.6,1,186838.09,158047.04,16763.87,1,98,0.297,1,77.4,1811936.5,8.0,0.718,0,62.7,0,0.15409625521219997,0.10606886405465106,0.8081580599187956,2,1
6.5,8,715575.83,687696.38,150829.47,0,76,0.24,1,90.1,8115986.17,14.0,0.684,0,60.6,0,0.0389608603745042,0.21932567101778258,0.9451579448027659,3,13
3.4,4,174044.56,163460.01,12673.96,0,35,0.311,1,81.9,1614609.13,20.0,0.433,0,18.8,0,0.06081517284998732,0.07753553912054696,0.7730822545291466,2,5
2.8,10,354937.2,326825.43,79142.0,0,18,0.05,1,99.0,3844536.28,0.0,0.62,1,72.5,0,0.07920209546928307,0.24215373938313184,0.9026329822101862,2,5
6.3,5,151810.3,146625.92,14959.35,0,53,0.37,0,,,,0.571,0,27.2,0,0.03415038373549078,0.10202391227962967,,3,6
10.6,8,375698.58,311687.47,86251.44,0,88,0.05,1,82.1,3640945.46,17.6,0.403,0,18.2,0,0.17037889789202834,0.2767241172704184,0.8075945393955619,2,10
12.2,32,967270.81,1038983.13,0.0,6,124,0.852,1,84.0,11866999.5,5.4,0.862,0,52.8,0,-0.07413882364546899,0.0,1.0223782365561098,2,10
8.7,8,618596.78,618616.8,0.0,4,93,0.432,1,66.2,7974903.33,14.0,0.127,0,0.0,0,-3.2363569690774374e-05,0.0,1.0743270883175304,1,13
2.6,3,409885.09,388201.6,24175.19,0,22,0.379,1,89.4,3756739.07,1.3,0.84,0,43.7,0,0.05290138755718108,0.06227483348857913,0.7637789146384092,2,13
11.1,10,652208.66,595479.76,32094.6,2,103,0.314,1,100.0,5826742.74,5.1,0.454,1,46.2,0,0.08697967917199999,0.05389704597180599,0.7444885736414478,3,4
3.2,5,207208.69,170570.99,36391.41,0,21,0.17,1,74.5,2572747.66,6.7,0.212,0,13.9,0,0.17681546078014398,0.21335052343895058,1.0346845894027579,4,11
3.5,4,111906.15,118712.81,5411.39,3,37,0.447,0,,,,0.687,1,65.0,1,-0.06082471785509558,0.04558387591027455,,3,0
15.8,10,500738.04,434284.03,90932.27,0,142,0.129,1,100.0,4873221.63,0.3,0.074,0,6.2,0,0.1327121262846337,0.2093843285004056,0.811006494533549,1,2
5.2,9,434220.6,325665.45,108555.15,0,57,0.05,1,83.4,3712803.5,16.6,0.7,1,60.9,0,0.24999999999999994,0.3333333333333333,0.7125417165069247,2,8
3.0,5,534647.82,533068.87,30370.24,2,29,0.376,1,78.9,5990574.1,11.1,0.755,0,43.3,1,0.002953252479361,0.056972450857991394,0.9337258839535403,2,3
6.9,10,1259068.05,1059708.57,235814.07,0,61,0.092,1,86.0,13915462.12,2.7,0.291,0,24.4,0,0.15833892377778944,0.22252728408150932,0.9210160192162236,3,3
6.6,47,1831582.34,1663608.92,109333.58,0,68,0.366,1,62.5,17836233.42,4.7,0.143,0,33.5,0,0.09170945598874913,0.06572072239189485,0.8115129484159582,1,2
5.4,9,556416.8,528266.77,26872.35,2,58,0.351,1,87.5,4927784.14,7.4,0.279,1,50.5,1,0.050591624839508846,0.05086890095320589,0.7380235074378295,3,3
7.3,1,557604.68,575835.14,50017.58,1,73,0.448,1,73.1,7193321.98,24.1,0.331,0,25.4,0,-0.032694237788678464,0.08686093731619088,1.0750331190429272,4,5
11.2,5,748290.91,823120.0,4128.08,1,84,0.411,1,83.3,9127344.63,2.6,0.432,1,48.8,1,-0.0999999986636213,0.005015161823306444,1.0164657118446088,0,13
1.5,26,428502.97,374251.34,35748.1,0,10,0.333,1,63.6,3779654.42,15.3,0.461,1,54.0,0,0.126607360504409,0.09551896327211547,0.7350502183606025,0,5
4.7,6,167550.17,151436.89,9716.38,0,50,0.406,0,,,,0.518,1,37.2,0,0.09616988153458751,0.06416124895327682,,0,8
24.5,5,680254.83,605854.63,122095.63,0,141,0.083,1,81.8,7146551.85,9.7,0.728,1,52.4,0,0.109371072014292,0.2015262803223935,0.875474838598353,0,8
7.3,4,136428.05,129436.88,14521.73,0,85,0.378,0,,,,0.534,0,37.3,0,0.05124437386593141,0.11219159485302797,,0,1
17.5,50,1089241.58,1118683.01,20165.6,8,127,0.509,1,80.9,10540783.55,17.3,0.617,0,39.3,0,-0.027029293171125485,0.018026196715010448,0.8064314154869727,2,11
40.0,3,368976.77,371956.86,31672.69,1,240,0.495,1,83.0,3724455.14,4.9,0.394,0,24.0,0,-0.00807663311703869,0.08515151461381838,0.8411674850605545,4,5
4.9,6,827074.75,771763.74,0.0,5,40,0.315,1,100.0,7868838.92,0.0,0.475,1,62.3,0,0.0668754668184466,0.0,0.7928383458286771,2,10
6.0,7,300112.82,289838.08,18371.22,0,36,0.353,0,,,,0.433,0,11.7,1,0.034236258217826186,0.06338442484852232,,3,3
20.8,36,425828.84,380744.22,22777.3,0,93,0.348,1,81.6,3991056.54,0.0,0.611,0,28.3,0,0.10587498019157193,0.059823101188509184,0.7810369184952339,2,0
1.0,6,220711.65,230014.88,0.0,5,9,0.615,1,84.0,2002676.22,2.1,0.828,1,73.3,1,-0.0421510599916226,0.0,0.7561435248207333,2,1
8.7,3,545151.02,457874.58,130203.49,1,86,0.089,1,86.8,6025954.3,9.6,0.437,0,24.1,0,0.1600958941615848,0.28436496736726463,0.9211444900778748,4,8
1.4,2,164395.64,129720.56,26002.1,0,11,0.108,1,99.6,1542771.83,0.0,0.643,1,76.6,0,0.21092457196553396,0.20044702243036877,0.7820421464137776,0,10
5.0,6,245281.47,226325.89,21735.25,0,32,0.465,1,69.4,2992762.83,20.2,0.862,1,76.3,0,0.07728092953780809,0.09603519067129261,1.0167784076799604,2,9
19.3,7,307190.35,256728.48,66628.75,0,218,0.05,1,77.2,3003799.92,11.6,0.426,0,16.9,0,0.16426905988420526,0.2595300295471698,0.8148584745582015,0,6
2.8,15,496163.59,446989.33,0.0,1,28,0.453,1,77.7,5116780.18,13.5,0.133,0,0.0,0,0.09910896525075531,0.0,0.8593906464062252,1,8
5.8,29,379085.67,350894.07,50968.87,0,64,0.32,1,71.6,3475253.15,10.6,0.085,0,11.8,0,0.07436735870284936,0.1452542928411415,0.7639550953394431,1,1
1.1,79,1941728.56,1927413.82,189739.17,1,10,0.382,1,76.7,21485789.78,12.1,0.285,0,14.3,0,0.007372163285274019,0.0984423625228546,0.9221075069661986,1,12
5.2,122,1178431.98,1097187.61,212232.75,0,48,0.379,1,83.9,11003684.02,6.5,0.539,1,36.5,0,0.06894277427874954,0.1934334183740919,0.7781303324213361,2,12
11.4,125,1263163.88,1283289.9,137981.76,0,123,0.299,1,71.9,13077398.84,19.9,0.269,0,12.7,0,-0.015933023670689522,0.10752189353317596,0.8627409744067941,3,10
6.6,11,375701.18,302921.79,67608.49,0,68,0.068,1,81.7,4622006.56,8.5,0.103,1,25.4,0,0.19371616027397096,0.2231879390386542,1.0251956444037074,4,8
1.9,2,212496.02,211626.24,17699.86,0,18,0.39,1,71.2,1998824.55,6.6,0.401,0,11.2,1,0.004093159015401789,0.08363735990395142,0.7838674460820491,4,6
3.0,29,1173107.22,1120211.13,95317.96,1,32,0.413,1,90.1,13641859.33,0.0,0.383,1,52.6,0,0.04509058430311262,0.08508928133931326,0.9690688041569919,3,8
8.6,5,1176546.74,1179469.51,101537.04,0,51,0.312,1,83.6,14234825.54,0.0,0.749,0,47.8,0,-0.002484193700625968,0.0860870409443649,1.0082348803810945,2,13
2.9,1,133791.58,128064.2,9940.78,0,31,0.522,0,,,,0.584,0,26.7,0,0.04280822455344343,0.07762341075804167,,3,14
5.9,7,494567.47,478754.78,21658.61,2,38,0.688,1,83.2,4746006.46,6.8,0.267,0,0.0,0,0.03197276602118604,0.04523946476315077,0.7996897538233425,1,7
6.8,2,209695.22,183993.97,31203.86,0,57,0.239,0,,,,0.781,0,33.4,0,0.1225647871229492,0.16959175346887728,,2,13
26.9,1,123977.99,96366.15,27168.41,0,240,0.05,0,,,,0.334,1,35.8,0,0.22271566106209667,0.2819289760979348,,4,10
17.6,9,347876.95,355993.0,29737.91,0,208,0.386,1,96.9,3939094.03,6.9,0.879,0,33.0,0,-0.023330232140991197,0.08353509760023371,0.9436032937316867,2,0
6.2,60,1281983.7,1296423.49,25573.62,0,56,0.664,1,84.4,15162320.4,4.4,0.117,1,43.2,0,-0.011263629950989265,0.019726285582807514,0.9856027810650012,1,14
2.4,3,512123.81,432087.96,100246.75,0,21,0.17,1,93.1,6637639.62,13.6,0.138,0,11.9,0,0.1562822279245325,0.23200542315504463,1.0800838082494153,4,9
5.4,10,830658.08,838600.3,52351.24,2,46,0.466,1,68.4,10084982.15,22.2,0.153,0,3.8,0,-0.009561358868621478,0.0624269273454827,1.0117462279626135,4,0
7.4,3,236925.92,210313.62,30017.32,0,79,0.084,1,71.5,2814663.78,14.6,0.282,0,18.6,0,0.1123232949776032,0.14272646726350866,0.9899943197434876,4,11
3.4,9,654312.31,605755.79,105531.06,0,35,0.265,1,86.3,6584469.12,10.8,0.33,0,41.4,0,0.07421000531076669,0.17421386925579366,0.838599169867368,4,1
11.3,9,713249.48,664098.0,88096.75,0,102,0.356,1,87.9,7365942.86,0.0,0.224,0,5.7,0,0.06891204463268587,0.13265624952943691,0.8606085091946604,1,7
4.4,20,579928.91,464947.11,144982.23,0,46,0.125,1,98.5,7329159.18,6.9,0.427,0,39.8,0,0.19826878435841394,0.31182520953834947,1.0531691979280702,0,13
16.7,181,1364576.3,1483769.24,6055.89,5,110,0.514,1,91.8,12762991.63,3.1,0.812,0,24.6,0,-0.08734794822392851,0.004081423065489618,0.7794233534858647,2,14
22.9,30,520658.88,481482.16,80359.9,0,154,0.324,1,93.4,6098328.87,0.0,0.24,0,25.2,0,0.07524450557724095,0.16690109556707147,0.9760595507369431,4,12
0.8,31,1018924.16,1050967.5,44014.34,1,7,0.783,1,75.7,9346680.08,13.1,0.307,0,39.3,0,-0.03144820906003443,0.041879829775896965,0.7644239259835263,4,3
6.2,8,224727.62,246238.21,6854.78,9,67,0.547,1,59.9,2286119.01,19.1,0.619,1,55.0,1,-0.09571849690750071,0.027838002883468004,0.8477369960132181,3,13
9.2,4,411099.29,333390.83,81055.96,0,68,0.074,1,84.3,3724502.37,8.5,0.276,0,23.2,0,0.1890260136425922,0.2431259432060564,0.7549884055990465,4,13
14.0,58,830359.7,677011.84,189244.81,0,100,0.086,1,88.6,7405625.18,10.3,0.612,0,35.0,0,0.18467642396421693,0.27952954264433544,0.7432145751614231,3,5
8.7,3,159129.33,131458.56,22185.47,1,67,0.104,0,,,,0.176,0,15.4,0,0.17388855970172182,0.16876398159237407,,4,8
2.1,31,550691.74,552744.04,81400.43,0,18,0.315,1,98.8,5911807.07,0.5,0.732,0,42.4,0,-0.003726767356270945,0.14726604740957494,0.8946031933703358,2,0
3.6,8,933933.21,741131.79,122330.01,0,37,0.226,1,75.9,11333782.52,11.3,0.182,0,18.0,0,0.2064402656802406,0.16505837645960375,1.0112948833532396,1,11
3.4,9,1289329.3,1309191.04,158319.26,0,15,0.36,1,80.1,16077454.77,6.9,0.248,0,11.6,0,-0.015404706927857755,0.12092907388061562,1.039135539307142,4,5
2.7,5,285075.32,244443.47,40150.14,0,16,0.153,1,85.9,3105461.5,6.4,0.732,1,67.4,0,0.14253022674849583,0.16425122749239324,0.9077897670458928,2,11
9.7,9,313112.02,275037.87,34585.31,0,94,0.357,1,90.3,4100862.79,16.1,0.754,1,70.2,0,0.12159913247661339,0.12574744706974353,1.0914258923478355,2,11
5.5,16,502235.98,457410.52,53003.48,0,49,0.531,1,67.4,6159958.53,11.0,0.773,0,30.7,0,0.08925178956712732,0.11587726491292767,1.0220890138137855,0,1
7.7,42,1084419.98,1061225.69,184923.16,0,52,0.287,1,73.7,13412546.85,6.1,0.583,1,48.7,0,0.021388659769990624,0.17425431907891337,1.0307005201988255,2,8
2.9,10,347012.15,275836.15,81505.61,0,26,0.05,1,78.6,3005897.32,1.2,0.657,0,26.6,0,0.20511097378002469,0.2954855989688081,0.7218520830850831,3,10
0.5,10,509221.31,531950.03,42028.08,0,6,0.24,0,,,,0.269,0,14.6,1,-0.0446342671715762,0.07900757144425764,,3,7
6.5,4,2234107.54,1892673.78,462718.28,0,63,0.151,1,76.3,24758910.48,17.6,0.61,1,56.7,0,0.1528278088171172,0.24447862325223316,0.9235197961867135,3,10
6.8,3,281230.47,235637.08,37140.07,1,54,0.416,0,,,,0.406,1,48.6,0,0.1621210887995173,0.157615558637885,,2,0
3.2,6,615284.02,506733.96,84410.29,0,18,0.05,1,83.7,5449237.65,3.1,0.55,1,45.4,0,0.1764226868755668,0.16657713250558537,0.7380382437041028,2,0
5.3,49,1089797.08,817347.81,233662.9,0,42,0.246,1,94.3,9503829.39,5.0,0.299,0,17.1,0,0.25,0.2858793981475279,0.7267277523812048,4,1
7.0,2,741928.44,639235.76,116207.41,0,21,0.283,1,94.3,8698849.77,10.4,0.44,0,24.0,0,0.13841318712624084,0.18179115949332997,0.9770539966091609,2,8
7.9,35,691833.07,593714.66,84124.7,0,72,0.146,1,92.5,7305009.31,0.0,0.645,1,58.9,0,0.14182382174937072,0.14169213877925801,0.8799099121314529,2,3
4.9,3,336177.74,286500.05,72141.04,0,39,0.227,1,56.5,4102807.55,21.0,0.403,0,22.0,0,0.1477720981763992,0.2518011427921217,1.0170234030565697,4,3
4.3,233,1559126.96,1394824.32,270175.89,0,21,0.098,1,71.4,18482958.03,12.5,0.599,0,38.2,0,0.10538118076028902,0.19369886667878003,0.9878903655799782,3,5
3.4,2,129372.64,104540.82,20709.41,0,34,0.256,1,74.3,1154792.36,15.0,0.669,0,32.4,0,0.19194027423418114,0.198098790501165,0.7438411758982941,3,3
11.4,4,138480.04,145439.87,6835.29,2,116,0.18,1,69.3,1755097.33,19.9,0.517,0,23.7,0,-0.050258723206607875,0.04699736048993993,1.0561674507989263,3,8
3.2,8,232600.38,194067.0,41496.57,0,29,0.239,1,100.0,2656195.97,6.9,0.258,0,13.6,0,0.1656634438860332,0.21382599823772203,0.9516307074247543,3,8
2.2,8,464780.76,456995.59,60159.22,0,15,0.388,1,68.4,5716976.01,10.1,0.099,0,12.5,0,0.016750198523708217,0.13164070139057577,1.0250309576067649,1,7
2.0,7,569394.12,565512.24,63635.12,0,20,0.385,1,81.1,7134851.02,7.1,0.415,0,16.4,0,0.00681756249959168,0.11252651224666685,1.0442168217917904,3,12
3.3,6,239680.62,211473.23,7935.48,3,38,0.342,0,,,,0.401,1,43.4,0,0.11768740417977884,0.03752474958650794,,3,14
11.6,2,650649.07,637905.93,0.0,5,89,0.474,1,84.5,6058381.33,3.4,0.421,0,18.6,0,0.019585273517719617,0.0,0.775940724595723,2,1
3.4,8,512816.56,462409.24,48806.37,1,11,0.261,1,89.8,6729674.34,0.0,0.411,1,35.0,0,0.09829503165810403,0.1055479989975979,1.0935805095685678,2,8
4.4,10,231283.52,209076.62,13011.44,1,38,0.277,0,,,,0.229,0,23.2,0,0.09601592020045352,0.06223287902779374,,4,13
6.0,7,339607.46,325501.22,1255.23,1,64,0.499,1,85.9,3887890.74,0.0,0.763,1,73.6,0,0.04153689674543677,0.003856298910338954,0.954015836401238,2,4
7.6,5,1256507.35,1267614.7,183748.04,0,72,0.314,1,70.5,13551431.84,9.6,0.593,0,12.8,0,-0.00883986074574085,0.1449557503553722,0.8987500046590786,3,8
2.5,2,187794.82,159895.83,21498.86,0,18,0.366,1,87.7,2177630.54,3.4,0.261,0,9.6,0,0.14856101994719567,0.1344554138778979,0.9663163854395275,4,5
6.9,9,257590.28,262327.15,0.0,2,55,0.312,1,61.5,2728643.15,26.2,0.347,0,44.4,0,-0.01838916437374898,0.0,0.8827465429466774,4,1
0.9,6,431310.58,341903.69,107827.64,0,9,0.05,1,88.7,4048531.99,2.4,0.144,0,7.1,0,0.20729120533050688,0.31537430906346753,0.782215140266982,1,10
8.7,6,421482.93,404063.12,56869.33,0,66,0.259,1,70.2,5182993.9,17.7,0.867,1,72.9,0,0.04132981138761657,0.1407436788588872,1.024753620112998,2,12
4.0,4,168749.46,151007.0,7858.37,7,27,0.191,1,71.8,1652757.38,20.6,0.519,0,16.8,1,0.10514084015439215,0.05203977299065606,0.8161790957237235,2,13
3.0,3,244788.31,252381.08,8935.71,4,25,0.5,1,80.0,2875317.55,9.7,0.384,0,30.2,0,-0.031017698516730596,0.03540562549300447,0.978844928637864,4,4
18.5,9,488772.2,506239.36,68055.66,2,132,0.277,1,79.2,4115648.3,10.9,0.88,0,54.4,0,-0.03573681154533743,0.13443375876581387,0.7016984428874363,2,8
5.4,7,560017.53,455180.41,47385.86,0,36,0.284,1,95.5,4851276.12,0.2,0.666,1,47.1,0,0.18720328272581047,0.10410346965503195,0.7218934914412412,2,2
18.5,2,204698.75,225168.63,0.0,2,175,0.725,1,58.8,2603476.37,25.2,0.333,0,6.1,0,-0.10000002442613844,0.0,1.0598812360440242,4,7
7.5,20,628223.36,587393.25,141230.08,0,61,0.148,1,76.9,6866871.06,10.5,0.429,1,50.7,0,0.06499298275059365,0.24043531313987687,0.9108850314002968,4,0
8.2,227,6890514.44,6040976.73,1225837.11,0,30,0.157,1,73.4,69424285.99,17.7,0.103,0,19.7,0,0.12329089756613294,0.2029203496037966,0.8396117904127537,1,8
3.1,2,419882.03,389358.17,42087.66,0,34,0.261,1,92.8,4058985.49,11.5,0.397,0,4.8,0,0.0726962761421346,0.10809497075661724,0.805580536117093,4,13
20.1,9,1208203.3,1094548.23,211306.21,0,234,0.165,1,94.8,12277035.67,19.3,0.398,0,18.7,0,0.09406949145065244,0.19305335681736016,0.846783240728885,4,1
3.9,3,443096.31,393041.38,22601.28,0,43,0.177,1,65.7,5173266.09,17.0,0.569,0,34.3,0,0.11296625331860695,0.05750356361968808,0.9729386089899958,3,11
4.9,9,1149472.82,917269.33,240057.07,0,47,0.054,1,91.3,10103453.66,8.0,0.317,0,21.3,0,0.20200868255414695,0.26170837958792326,0.7324701002209575,4,8
3.6,8,520874.74,449450.52,75301.76,0,34,0.317,1,88.6,5890761.23,14.3,0.453,1,40.6,0,0.13712360096402443,0.16754182418122465,0.9424468715197568,2,14
1.1,4,1273072.57,1161915.1,107284.98,0,8,0.31,1,84.3,10995517.06,6.5,0.236,0,28.2,1,0.08731432333036597,0.0923346120555624,0.7197492978215165,1,13
1.0,9,624056.05,686461.66,23238.96,1,7,0.523,1,90.5,8023061.92,0.0,0.841,1,77.3,1,-0.10000000801210081,0.03385325263467737,1.0713596852932252,0,7
2.5,5,1511475.79,1434942.23,184506.63,3,27,0.285,1,92.7,15573030.63,1.4,0.24,0,8.5,0,0.0506349889997246,0.12858122518284237,0.8585996289758634,1,11
8.8,10,1064703.91,966316.07,141163.49,0,92,0.222,1,80.5,10876331.33,8.4,0.324,0,12.4,0,0.09240863969401594,0.14608417926859066,0.8512798118367639,4,11
12.1,44,633080.61,555871.94,97752.39,0,113,0.322,1,88.3,7783660.92,3.8,0.693,0,23.0,0,0.12195709168852928,0.17585415446586494,1.0245747536004932,3,11
4.3,177,946228.84,918995.37,100011.19,0,39,0.231,1,95.9,8274601.43,0.0,0.454,0,41.1,0,0.02878106103804654,0.10882665273928421,0.7287350480320032,2,14
2.5,2,144026.01,139234.97,0.0,2,21,0.555,0,,,,0.495,0,14.3,0,0.033265102601953686,0.0,,2,3
3.0,19,462280.56,346710.42,115570.14,0,24,0.055,1,86.7,4958821.87,11.7,0.532,1,65.8,0,0.25000000000000006,0.33333333333333337,0.8939055447915295,2,13
11.2,23,577105.86,557557.83,55602.53,0,64,0.484,1,67.2,7006842.32,12.2,0.694,1,47.5,1,0.03387252037260552,0.09972513523843796,1.0117788903870542,2,0
2.5,6,596366.9,572522.53,72727.79,1,14,0.397,1,80.7,7103473.91,8.3,0.729,0,32.4,0,0.039982718692133976,0.12703044192863466,0.992603981150977,2,13
6.9,3,129127.91,118633.62,10621.49,0,65,0.173,0,,,,0.17,0,0.0,0,0.08127050147408107,0.08953187131944554,,4,3
7.5,9,345406.79,369380.6,40040.81,3,73,0.205,1,85.2,3188646.16,8.0,0.387,0,18.9,0,-0.06940746590418792,0.10839987265167689,0.769297306903936,3,1
12.9,209,1088556.36,977062.53,137791.43,0,133,0.282,1,97.3,13919636.77,0.0,0.686,0,37.3,0,0.10242357134360969,0.141026214565817,1.0656037422199556,2,12
4.2,1,182356.86,169451.68,23459.04,0,43,0.227,1,95.1,2202414.32,0.0,0.534,0,28.2,0,0.07076882109068995,0.13844088179001826,1.0064580332577928,2,5
7.1,8,253945.98,226457.8,38879.13,0,74,0.339,1,69.3,2152207.96,2.9,0.731,0,43.3,0,0.10824420217244636,0.17168377507862392,0.7062551781025764,2,3
8.2,36,479705.67,478449.61,51224.36,0,80,0.516,1,76.6,5013989.28,14.2,0.248,0,15.2,1,0.002618397235121273,0.10706322866476994,0.8710183475629963,1,13
3.9,44,696077.15,661177.36,17598.5,4,37,0.359,1,98.7,6923496.2,0.0,0.298,0,18.5,0,0.050137818774829826,0.026616912593619358,0.828870789202988,1,12
3.6,1,433580.18,415205.38,38878.93,0,31,0.263,1,90.8,3931057.61,10.1,0.192,0,19.3,0,0.04237924344235474,0.09363782810328711,0.7555422255848195,4,5
2.6,27,833242.12,791377.8,67534.87,0,29,0.202,1,78.4,7420021.79,11.7,0.529,1,45.2,0,0.05024268336315014,0.0853383428243754,0.742083404481121,2,13
13.6,109,606514.1,595962.39,39521.84,0,160,0.212,1,65.8,7667638.07,20.4,0.659,1,49.8,0,0.017397303706541963,0.06631599688698475,1.0535119285218049,2,14
5.6,24,401573.31,405945.24,0.0,4,42,0.497,1,79.3,4464322.12,6.7,0.543,1,53.1,0,-0.010887003421616822,0.0,0.9264232309994241,2,13
2.4,9,204051.71,177573.97,25304.95,0,27,0.37,1,73.0,2422218.4,16.9,0.487,1,59.9,0,0.1297599515338538,0.14250371267815887,0.9892175534002304,4,11
0.8,20,504008.29,447459.79,34159.47,1,8,0.41,1,80.0,4959796.62,11.7,0.85,0,52.7,0,0.11219755929014581,0.07634087076293493,0.8200587037963206,0,13
2.9,2,233963.64,221953.67,16187.13,1,19,0.478,0,,,,0.608,0,26.9,1,0.05133263442131435,0.07293022007700976,,3,14
1.0,3,378472.72,338101.91,27862.61,0,8,0.297,1,64.4,4964547.96,14.3,0.387,0,22.6,0,0.106667687964406,0.08240891037853056,1.0931100397407771,4,7
2.8,31,744561.27,775888.76,0.0,4,28,0.547,1,60.6,6443012.53,17.1,0.299,0,8.7,0,-0.04207510014588858,0.0,0.7211195807073518,1,6
0.9,2,676942.15,729833.41,0.0,4,8,0.611,1,94.7,6893930.94,2.9,0.277,0,23.4,1,-0.07813261443389219,0.0,0.848660768132107,1,9
10.7,1,437427.54,420865.48,45579.28,0,70,0.237,1,72.2,4661957.8,8.9,0.03,0,6.6,0,0.03786240802305223,0.10829892724867814,0.8881390580330936,1,12
8.7,4,297528.78,295349.33,29980.79,0,54,0.128,1,76.2,3803125.15,3.7,0.6,0,23.5,0,0.007325173719328972,0.10150959204816885,1.0651981157363442,0,10
7.5,44,521338.64,443393.37,77051.97,0,45,0.234,1,93.1,4745583.32,13.1,0.442,0,26.5,0,0.14950986560290258,0.17377790290369025,0.7585573873186663,4,1
