company_id,company_name,age_of_business_years,business_category,state,employee_count,avg_monthly_inflow,avg_monthly_outflow,min_ending_balance_avg,bounce_count_last_6m,account_vintage_months,cash_flow_volatility,has_gst_registration,gst_filing_regularity_score,annual_turnover_gst,gst_filing_delay_days_avg,upi_transaction_volume_ratio,pos_terminal_active_status,digital_payment_adoption_score,credit_default_status
MSME000001,Sai Textiles,1.8,services,Maharashtra,5,1405059.33,1356667.5,276477.9,0,19,0.174,1,88.3,15833483.5,15.8,0.547,1,72.7,0
MSME000002,New Traders,6.4,retail,Gujarat,13,1484196.12,1184369.05,320713.38,0,56,0.138,1,91.7,18121284.07,0.9,0.895,1,70.1,0
MSME000003,Durga Suppliers,4.1,food,Telangana,6,718827.52,729890.67,0.0,7,41,0.497,1,85.3,8434698.41,0.0,0.643,1,51.9,0
MSME000004,Vishwakarma Stores,3.9,trading,Kerala,4,274510.43,255156.37,44900.73,0,44,0.389,0,,,,0.392,0,28.0,0
MSME000005,Vishwakarma Fabrics,14.9,retail,Tamil Nadu,10,350405.25,345894.45,9133.69,3,147,0.314,1,86.4,3130710.37,10.0,0.535,0,32.0,0
MSME000006,Royal Solutions,11.7,trading,Andhra Pradesh,3,461774.11,486726.6,0.0,7,84,0.765,1,69.3,4900462.56,14.0,0.499,0,19.1,0
MSME000007,Sai Plastics,1.2,food,Kerala,6,198799.31,173398.53,39086.2,0,12,0.16,0,,,,0.41,0,30.0,0
MSME000008,Durga Metals,2.4,trading,West Bengal,3,214978.99,165957.4,38135.7,0,24,0.297,1,88.2,2829623.11,10.4,0.444,0,40.4,1
MSME000009,Kaveri Logistics,4.8,trading,Haryana,79,2222404.15,1815237.74,555601.04,0,47,0.05,1,82.8,19790859.18,1.5,0.419,0,39.3,0
MSME000010,Sai Engineering Works,12.3,trading,Tamil Nadu,4,392056.71,355330.74,25786.5,3,98,0.203,1,83.9,5052007.65,4.2,0.462,0,24.8,0
MSME000011,Om Metals,3.5,retail,Maharashtra,21,312036.26,323195.93,24502.49,1,29,0.419,1,63.8,3590144.52,14.0,0.754,0,30.3,0
MSME000012,Modern Enterprises,5.5,retail,Andhra Pradesh,10,779442.04,624033.18,79827.57,0,57,0.26,1,86.7,9847642.13,7.9,0.674,0,31.5,0
MSME000013,Sri Associates,6.0,services,Rajasthan,2,195227.19,161050.59,41895.36,0,43,0.053,0,,,,0.41,0,14.3,0
MSME000014,New Caterers,12.2,manufacturing,Gujarat,42,310623.44,313962.63,23353.76,1,140,0.314,0,,,,0.069,1,22.0,0
MSME000015,Sri Stores,2.1,services,Maharashtra,9,226024.77,190422.29,45072.84,0,23,0.189,0,,,,0.626,0,36.6,0
MSME000016,New Caterers,4.8,retail,Maharashtra,9,336523.63,369299.78,0.0,0,54,0.666,1,56.9,4330671.45,10.2,0.57,1,49.1,0
MSME000017,Om Enterprises,7.5,trading,Maharashtra,70,1084123.53,874089.82,269556.74,1,81,0.09,1,71.5,14269750.29,10.3,0.268,0,0.0,0
MSME000018,Balaji Garments,1.9,retail,Uttar Pradesh,4,384478.95,328620.57,52690.61,0,18,0.172,1,100.0,4590855.29,3.9,0.839,1,62.6,0
MSME000019,National Fabrics,5.6,trading,Punjab,4,793939.54,873333.49,0.0,5,35,0.537,1,81.4,8793099.52,2.3,0.152,0,21.7,1
MSME000020,Shiv Suppliers,5.0,services,Tamil Nadu,1,190521.1,158522.02,27346.14,0,50,0.291,0,,,,0.289,0,22.6,0
MSME000021,Om Bakers,10.3,retail,Telangana,8,333953.31,356175.04,9894.81,6,93,0.654,1,69.1,3915977.81,12.3,0.821,0,35.8,0
MSME000022,Maruti Plastics,9.4,manufacturing,Maharashtra,40,1803064.49,1776674.91,173774.41,0,54,0.472,1,95.0,20827297.96,0.0,0.19,0,15.3,0
MSME000023,Annapurna Stores,11.3,trading,Tamil Nadu,7,819998.64,762093.84,135031.94,0,110,0.218,1,100.0,10646740.15,0.0,0.192,1,35.7,0
MSME000024,Classic Exports,6.6,services,Kerala,10,387323.91,361537.47,47591.03,0,60,0.265,0,,,,0.354,0,17.1,0
MSME000025,New Bakers,10.9,manufacturing,Uttar Pradesh,3,487615.8,434212.67,115066.76,0,115,0.095,1,100.0,5800968.06,7.1,0.296,0,13.6,0
MSME000026,Hanuman Industries,2.2,services,Tamil Nadu,4,254183.85,234562.65,32426.29,0,15,0.305,0,,,,0.602,0,45.4,1
MSME000027,Vishwakarma Engineering Works,7.7,manufacturing,Telangana,7,283165.09,265778.37,20244.89,0,69,0.304,0,,,,0.158,0,0.7,0
MSME000028,National Enterprises,2.9,manufacturing,Maharashtra,24,2608217.88,2235692.11,544824.8,0,28,0.07,1,100.0,33709904.04,5.0,0.215,0,13.6,0
MSME000029,Om Logistics,0.9,services,Maharashtra,12,341646.53,336998.65,29168.84,1,8,0.196,1,80.3,3448891.7,19.5,0.483,0,22.4,0
MSME000030,Vishwakarma Foods,2.1,retail,Punjab,4,411446.64,394514.88,39451.04,0,20,0.254,1,79.4,4295796.6,11.5,0.809,0,33.2,0
MSME000031,Shiv Electricals,3.3,retail,Gujarat,199,495646.48,429666.12,44600.01,1,27,0.26,1,85.9,5364813.46,3.4,0.881,1,82.8,1
MSME000032,Kaveri Metals,2.6,manufacturing,West Bengal,17,1052240.24,994973.29,132110.38,0,17,0.337,1,76.5,9629988.93,15.1,0.194,0,22.2,0
MSME000033,Sai Agencies,17.6,retail,Maharashtra,4,180225.99,157845.14,37691.61,2,158,0.101,1,75.8,1772702.49,0.0,0.607,1,59.2,0
MSME000034,Krishna Industries,6.8,food,Uttar Pradesh,2,586669.91,615864.17,17529.15,3,67,0.371,1,66.5,6830734.12,21.0,0.645,0,43.6,1
MSME000035,Royal Traders,9.5,trading,Rajasthan,10,1432945.19,1343656.38,18864.18,2,100,0.426,1,100.0,14935213.58,12.3,0.327,0,13.6,0
MSME000036,Sai Foods,2.4,services,Madhya Pradesh,5,482069.1,497128.93,49117.64,2,22,0.59,1,76.5,5556148.94,4.1,0.295,1,48.0,1
MSME000037,Royal Caterers,0.7,trading,Tamil Nadu,8,530911.62,564111.66,0.0,2,6,0.585,1,75.1,6433833.12,10.3,0.122,0,6.5,1
MSME000038,National Garments,19.3,food,Kerala,7,307190.35,256728.48,66628.75,0,218,0.05,1,77.2,3003799.92,11.6,0.426,0,16.9,0
MSME000039,Lakshmi Solutions,0.5,retail,Telangana,189,1093959.08,1027643.47,74568.1,2,6,0.365,1,89.1,13140579.98,3.7,0.578,1,55.7,1
MSME000040,Hanuman Foods,2.3,trading,Karnataka,6,572187.2,541307.71,44017.03,0,25,0.496,1,83.2,6876353.86,7.7,0.345,0,19.0,0
MSME000041,Annapurna Agencies,8.2,manufacturing,Rajasthan,4,475941.59,398309.45,101387.51,0,45,0.211,1,100.0,4458388.6,0.0,0.094,0,9.5,0
MSME000042,New Textiles,3.4,retail,West Bengal,89,1534299.89,1367714.46,154687.03,0,33,0.404,1,84.4,13060973.16,4.2,0.811,0,23.2,0
MSME000043,Sri Agencies,5.7,retail,Bihar,4,211107.9,204020.95,37948.53,0,36,0.291,1,81.3,2646099.3,26.7,0.632,1,56.1,0
MSME000044,Maruti Associates,1.8,manufacturing,Uttar Pradesh,5,1123137.73,1069485.86,0.0,2,11,0.563,1,64.5,13985230.34,17.0,0.181,0,20.9,0
MSME000045,Sai Metals,6.7,manufacturing,Andhra Pradesh,2,291137.6,250085.17,50126.84,0,41,0.083,1,87.2,2509894.43,0.0,0.188,0,9.4,0
MSME000046,Modern Agencies,1.3,retail,Rajasthan,6,262395.55,214400.76,15382.2,1,9,0.395,0,,,,0.87,0,36.4,0
MSME000047,Vishwakarma Fabrics,3.0,services,Delhi,1,264956.86,261918.18,18170.35,0,21,0.524,1,75.1,2700129.75,9.2,0.538,0,38.7,0
MSME000048,Royal Suppliers,7.9,retail,Delhi,3,405456.42,415719.95,14246.26,3,63,0.519,1,78.7,5216919.95,20.1,0.408,0,27.7,0
MSME000049,Durga Engineering Works,2.8,retail,Maharashtra,32,252470.87,213926.93,49541.12,0,26,0.05,0,,,,0.664,1,54.5,0
MSME000050,New Caterers,6.0,services,Gujarat,7,300112.82,289838.08,18371.22,0,36,0.353,0,,,,0.433,0,11.7,1
MSME000051,New Exports,17.7,retail,Karnataka,29,192878.18,190502.0,3495.96,2,147,0.382,1,67.5,1873495.2,8.2,0.442,0,30.7,0
MSME000052,Annapurna Textiles,7.1,trading,Karnataka,45,579552.45,572995.98,17083.14,1,80,0.45,1,80.4,6079174.25,11.0,0.38,0,17.6,1
MSME000053,Maruti Solutions,6.4,retail,Telangana,1,162410.24,158245.57,25545.24,2,42,0.321,0,,,,0.874,1,46.7,0
MSME000054,Shiv Caterers,9.4,manufacturing,Uttar Pradesh,1,350788.98,346703.45,40481.17,0,83,0.314,0,,,,0.281,0,4.6,0
MSME000055,Shiv Traders,4.9,services,West Bengal,3,196207.66,163706.7,36499.68,0,51,0.29,1,89.6,1845594.68,11.7,0.28,0,12.0,0
MSME000056,Shree Caterers,2.8,retail,Delhi,8,318631.13,287894.2,24128.67,1,25,0.14,1,77.1,4178484.17,7.5,0.603,1,74.4,0
MSME000057,Om Caterers,11.0,food,Haryana,9,752730.13,583383.68,130184.19,0,100,0.289,1,80.9,9876507.73,10.6,0.53,0,35.6,0
MSME000058,Annapurna Metals,9.1,manufacturing,Maharashtra,1,926938.27,816370.49,37466.92,3,39,0.29,1,82.8,8926945.88,13.2,0.257,0,0.1,0
MSME000059,Sri Engineering Works,2.3,retail,Punjab,3,193235.97,144926.98,48308.99,0,19,0.05,1,85.8,2438124.71,10.4,0.838,1,64.6,0
MSME000060,Durga Suppliers,4.0,food,Maharashtra,1,331126.11,333590.15,5059.0,1,27,0.293,1,85.7,2952827.49,0.0,0.551,1,68.3,0
MSME000061,Classic Garments,7.1,retail,Karnataka,1,284682.16,230959.16,71170.54,0,64,0.118,0,,,,0.633,0,24.4,0
MSME000062,Sri Suppliers,1.0,retail,Tamil Nadu,10,177377.02,169835.41,11950.83,0,8,0.378,0,,,,0.793,0,50.1,0
MSME000063,Maruti Suppliers,7.1,trading,West Bengal,30,481111.1,502734.76,1761.0,3,76,0.375,1,84.6,4390807.95,9.8,0.225,0,4.6,0
MSME000064,Modern Suppliers,6.5,retail,Maharashtra,5,70783.53,71715.61,986.07,5,67,0.372,1,71.0,801938.51,18.7,0.554,0,27.0,0
MSME000065,Vishwakarma Garments,1.5,services,Uttar Pradesh,26,694829.63,562109.98,68403.02,0,16,0.239,1,74.9,7454113.98,14.6,0.272,0,0.0,0
MSME000066,Ganesh Stores,15.6,services,Tamil Nadu,8,225186.07,182708.44,49274.3,0,158,0.211,0,,,,0.299,0,13.8,0
MSME000067,Classic Garments,3.6,manufacturing,Kerala,7,577598.47,580218.07,34349.99,0,41,0.526,1,81.8,5523788.66,10.8,0.132,0,4.6,0
MSME000068,Maruti Traders,3.3,retail,Karnataka,36,2796481.63,2838003.1,137006.08,2,34,0.513,1,70.8,36239776.01,17.2,0.555,1,52.0,1
MSME000069,Sai Traders,9.7,retail,Madhya Pradesh,44,1735450.96,1549153.03,252995.43,0,87,0.228,1,100.0,17829746.18,0.0,0.801,1,86.9,0
MSME000070,Shiv Solutions,11.1,trading,Madhya Pradesh,43,543641.06,517964.68,96419.98,1,118,0.269,1,84.4,7027302.97,4.1,0.363,0,27.5,0
MSME000071,New Caterers,1.9,retail,Gujarat,16,305502.26,310766.25,28043.86,3,20,0.372,1,88.1,3351160.86,7.2,0.419,0,15.3,0
MSME000072,Annapurna Associates,4.5,food,Maharashtra,5,626345.98,673683.01,0.0,2,41,0.552,1,98.4,6653757.93,9.6,0.602,1,49.4,0
MSME000073,Shiv Textiles,0.6,services,Maharashtra,27,338485.37,310384.37,53448.18,0,6,0.402,1,100.0,2933924.56,4.6,0.406,0,29.8,0
MSME000074,Balaji Fabrics,9.4,manufacturing,Rajasthan,47,1646436.4,1362322.06,225360.12,0,95,0.167,1,100.0,19590846.62,5.7,0.27,0,4.9,0
MSME000075,Durga Industries,5.0,services,Delhi,43,3049155.93,2540943.3,362295.13,0,56,0.207,1,79.7,28009233.2,8.1,0.514,0,24.2,0
MSME000076,Shiv Agencies,1.2,retail,Tamil Nadu,42,1032981.33,899262.56,134079.55,0,12,0.299,1,77.7,12410066.77,11.4,0.503,1,61.9,0
MSME000077,Ganesh Electricals,2.6,retail,Madhya Pradesh,15,1000717.02,950836.3,773.61,5,24,0.424,1,74.0,11385558.91,11.9,0.473,0,22.2,1
MSME000078,Kaveri Traders,1.8,trading,Telangana,8,896794.93,818730.24,119850.03,0,12,0.204,1,97.7,11205372.72,0.0,0.451,0,18.6,0
MSME000079,Krishna Metals,2.5,manufacturing,Kerala,3,305670.41,307988.67,45963.45,0,22,0.255,1,94.3,3255168.35,5.6,0.091,0,0.0,0
MSME000080,Durga Garments,0.7,trading,Tamil Nadu,5,507166.54,523659.76,43065.95,1,6,0.413,1,66.7,5751052.79,14.4,0.301,1,33.6,1
MSME000081,Classic Electricals,13.2,retail,Delhi,4,206725.9,195762.02,22983.33,0,135,0.408,0,,,,0.74,0,50.2,0
MSME000082,Vishwakarma Garments,2.0,services,West Bengal,6,758694.16,722614.01,63882.98,1,19,0.381,1,91.1,8356088.83,0.0,0.562,0,32.6,0
MSME000083,Annapurna Traders,5.2,retail,Rajasthan,26,339282.7,303335.24,19861.81,1,40,0.285,1,65.9,3497461.48,12.9,0.621,1,56.6,0
MSME000084,National Exports,7.1,trading,Bihar,3,544710.0,599181.0,18076.02,2,80,0.724,1,81.9,6470762.18,0.0,0.29,0,14.4,0
MSME000085,Hanuman Garments,11.1,retail,Uttar Pradesh,8,803964.64,822633.09,34551.46,1,106,0.38,1,76.5,8921317.49,13.6,0.833,0,52.2,0
MSME000086,Sri Electricals,5.3,trading,Telangana,9,394112.65,387188.57,2933.12,3,55,0.336,1,90.5,3716959.58,10.3,0.43,0,19.0,0
MSME000087,Sai Metals,4.1,trading,West Bengal,9,347405.44,345854.88,39598.54,0,41,0.283,0,,,,0.258,0,14.1,0
MSME000088,Ganesh Foods,5.5,manufacturing,Telangana,9,527374.34,423942.9,131843.59,0,62,0.05,1,79.4,5286095.0,21.9,0.155,0,0.0,0
MSME000089,New Industries,1.9,services,Andhra Pradesh,7,239351.09,220895.19,29518.44,1,12,0.337,0,,,,0.546,0,44.1,0
MSME000090,National Garments,2.1,retail,West Bengal,8,470186.32,473324.85,22944.62,5,22,0.491,1,76.4,4927805.4,6.1,0.603,1,61.9,0
MSME000091,Vishwakarma Bakers,4.0,manufacturing,Maharashtra,7,324046.02,298005.64,31629.93,0,44,0.286,1,52.5,4241716.36,28.7,0.251,0,2.1,0
MSME000092,National Agencies,0.5,manufacturing,Tamil Nadu,10,375631.09,346601.79,27099.74,0,6,0.253,1,91.0,4278628.24,17.6,0.185,0,4.9,0
MSME000093,National Traders,2.8,services,Andhra Pradesh,1,293221.3,255673.85,29441.75,1,24,0.116,0,,,,0.299,0,10.6,0
MSME000094,Maruti Solutions,3.4,food,West Bengal,2,327419.46,270801.09,54920.68,1,33,0.219,0,,,,0.895,1,72.4,0
MSME000095,Royal Exports,17.8,manufacturing,Kerala,44,796212.24,654430.94,168504.88,0,141,0.085,1,100.0,10356386.96,0.0,0.197,0,27.3,0
MSME000096,Lakshmi Textiles,12.2,retail,Gujarat,16,215132.54,179155.78,22843.15,0,106,0.253,1,81.3,2510119.28,11.4,0.814,1,65.6,0
MSME000097,Kaveri Suppliers,7.1,trading,Rajasthan,191,2477897.53,2234192.77,357674.82,2,50,0.299,1,85.4,25671700.26,5.1,0.418,0,21.2,0
MSME000098,Durga Electricals,9.5,trading,Andhra Pradesh,5,337854.01,253390.51,60420.37,0,105,0.073,1,80.5,3432732.93,16.1,0.439,0,17.4,0
MSME000099,Hanuman Caterers,2.1,trading,Bihar,7,1488152.56,1451018.36,41453.81,1,22,0.378,1,98.0,14006284.5,0.9,0.183,0,11.2,0
MSME000100,Balaji Engineering Works,5.6,food,Gujarat,9,341637.5,317787.57,38890.9,0,40,0.338,1,100.0,3518967.12,6.6,0.772,1,61.1,0
MSME000101,National Associates,8.7,services,Maharashtra,1,233880.1,220060.42,27968.48,1,84,0.347,0,,,,0.609,0,26.6,1
MSME000102,Annapurna Garments,2.1,trading,Kerala,2,258421.87,284264.05,3372.2,7,16,0.581,0,,,,0.401,1,42.4,1
MSME000103,National Foods,1.2,food,Telangana,9,420079.33,335139.21,59907.55,1,6,0.05,1,76.0,4918635.76,11.0,0.827,0,46.0,0
MSME000104,Shree Plastics,6.5,services,Rajasthan,4,2234107.54,1892673.78,462718.28,0,63,0.151,1,76.3,24758910.48,17.6,0.61,1,56.7,0
MSME000105,New Industries,1.4,retail,Karnataka,1,189833.31,193979.28,0.0,2,14,0.604,1,76.6,2343595.32,10.4,0.542,1,54.1,0
MSME000106,New Suppliers,7.6,food,Uttar Pradesh,7,687132.12,625996.72,108833.23,1,86,0.161,1,86.3,9047189.74,9.3,0.856,0,54.5,0
MSME000107,New Fabrics,11.0,trading,Gujarat,9,542880.18,532846.26,61121.7,0,96,0.186,1,52.5,6947271.07,22.4,0.18,0,0.0,0
MSME000108,Durga Solutions,2.2,trading,Uttar Pradesh,39,1534858.35,1423245.14,347855.22,0,23,0.217,1,84.9,14236675.02,2.8,0.401,0,23.3,0
MSME000109,Shiv Electricals,2.3,trading,Uttar Pradesh,10,184264.81,184969.29,10417.95,3,22,0.318,0,,,,0.236,0,23.3,0
MSME000110,Sri Engineering Works,10.8,food,Andhra Pradesh,9,1070902.43,1074967.09,0.0,4,105,0.438,1,84.3,11756456.54,3.5,0.545,0,39.8,0
MSME000111,Lakshmi Garments,5.3,retail,Gujarat,1,277450.71,247651.91,25742.19,0,50,0.214,1,79.7,3118561.56,4.4,0.642,1,61.6,0
MSME000112,New Stores,9.8,trading,Telangana,2,282814.53,255414.99,19519.27,1,109,0.364,0,,,,0.29,0,21.6,0
MSME000113,Krishna Solutions,4.2,services,Rajasthan,9,693403.38,666154.43,52351.32,1,34,0.352,1,76.5,8867203.41,8.1,0.399,0,32.9,0
MSME000114,Shiv Traders,4.4,manufacturing,Maharashtra,7,580778.64,495440.58,100626.31,0,48,0.148,1,87.6,6387340.73,7.1,0.221,0,5.0,0
MSME000115,Om Foods,5.2,retail,Gujarat,3,170558.37,136368.99,21691.88,0,26,0.229,1,71.8,1509405.32,15.8,0.64,1,56.7,0
MSME000116,Krishna Engineering Works,15.4,retail,Uttar Pradesh,4,92261.73,71161.81,21258.71,0,88,0.173,0,,,,0.758,1,61.2,0
MSME000117,Shree Engineering Works,9.2,food,Madhya Pradesh,9,1003150.5,956469.1,74420.08,0,86,0.398,1,82.5,10095791.38,0.0,0.436,0,21.8,0
MSME000118,Balaji Plastics,2.8,manufacturing,Kerala,31,744561.27,775888.76,0.0,4,28,0.547,1,60.6,6443012.53,17.1,0.299,0,8.7,0
MSME000119,Kaveri Bakers,5.9,trading,Bihar,10,380619.63,323309.62,65775.74,0,60,0.221,1,90.3,3969800.14,3.7,0.163,0,4.8,0
MSME000120,Balaji Traders,3.9,trading,Bihar,9,384779.69,382762.18,33145.27,0,25,0.335,1,48.8,4741796.69,22.7,0.367,1,49.8,0
MSME000121,Vishwakarma Metals,3.3,trading,Andhra Pradesh,142,2662379.59,2781924.56,335102.37,1,38,0.5,1,83.1,28872773.13,13.2,0.474,0,22.4,0
MSME000122,Durga Suppliers,7.4,services,Bihar,5,269730.87,216578.01,28671.55,0,73,0.198,0,,,,0.594,1,58.8,0
MSME000123,Durga Suppliers,6.3,services,Karnataka,40,944275.67,937769.45,115611.77,1,71,0.179,1,87.4,12225397.47,8.0,0.339,0,11.6,0
MSME000124,Shiv Stores,2.2,manufacturing,Madhya Pradesh,8,464780.76,456995.59,60159.22,0,15,0.388,1,68.4,5716976.01,10.1,0.099,0,12.5,0
MSME000125,Royal Industries,5.2,retail,Gujarat,37,343860.78,375328.48,34518.55,2,54,0.353,1,88.6,3337337.59,7.6,0.762,0,27.9,0
MSME000126,Krishna Logistics,3.2,manufacturing,Maharashtra,1,488963.58,446307.48,94049.71,0,29,0.161,1,69.1,5793884.19,17.9,0.263,0,12.3,0
MSME000127,Sai Foods,7.1,retail,Madhya Pradesh,10,846630.03,781126.07,100448.63,0,53,0.309,1,86.5,11040486.54,8.8,0.577,1,65.2,0
MSME000128,New Garments,3.1,manufacturing,Bihar,226,1056448.25,936883.21,125215.15,1,27,0.261,0,,,,0.116,1,28.3,0
MSME000129,Krishna Stores,4.5,retail,Uttar Pradesh,3,314078.56,258472.0,32884.18,0,46,0.318,1,86.5,4030746.73,3.1,0.731,1,57.5,0
MSME000130,Hanuman Suppliers,3.4,retail,Delhi,10,486854.9,402854.46,107568.98,0,32,0.118,1,90.6,4529707.59,1.7,0.631,0,44.7,0
MSME000131,Krishna Electricals,0.9,retail,Maharashtra,14,652762.12,618787.28,14526.73,0,7,0.297,1,85.3,6230100.15,8.7,0.786,1,61.5,0
MSME000132,Krishna Agencies,14.9,retail,Bihar,16,1573404.8,1525446.89,143332.28,1,85,0.417,1,82.6,16631937.16,15.7,0.876,1,70.5,0
MSME000133,Sai Plastics,5.2,trading,Punjab,1,222349.62,232811.3,18342.1,2,57,0.386,1,69.9,1881618.9,24.5,0.322,0,14.6,0
MSME000134,Krishna Traders,15.2,services,Tamil Nadu,10,363267.2,380388.68,35220.56,1,160,0.382,1,81.6,3914025.7,12.4,0.32,1,38.2,0
MSME000135,New Logistics,5.4,manufacturing,Kerala,6,465059.45,411271.27,73755.58,0,50,0.301,1,88.8,4602163.42,8.1,0.152,0,18.4,0
MSME000136,Ganesh Enterprises,8.4,trading,Telangana,24,413857.97,432246.6,21137.67,0,61,0.343,1,83.7,3608383.94,2.6,0.354,0,5.9,0
MSME000137,Hanuman Plastics,2.9,trading,Bihar,6,177185.64,163234.05,20865.21,0,29,0.229,0,,,,0.358,0,13.5,0
MSME000138,Shree Stores,3.0,trading,Delhi,7,515216.49,392553.08,128804.12,0,25,0.104,1,93.2,5620057.3,0.0,0.284,0,14.5,1
MSME000139,Ganesh Enterprises,5.0,manufacturing,West Bengal,5,647707.07,617682.4,79028.48,0,32,0.482,1,72.7,7992947.98,19.4,0.229,0,17.2,0
MSME000140,Vishwakarma Solutions,15.1,retail,Rajasthan,10,462182.65,475031.26,22005.96,0,84,0.375,1,83.1,6093076.27,9.6,0.507,0,17.6,0
MSME000141,Modern Agencies,2.3,trading,Madhya Pradesh,2,316577.52,290334.26,25970.92,0,26,0.344,0,,,,0.388,0,26.9,0
MSME000142,Kaveri Traders,0.6,retail,Gujarat,7,252753.74,247081.41,0.0,6,6,0.621,1,88.0,2342690.61,14.3,0.694,1,66.8,0
MSME000143,Lakshmi Stores,10.6,retail,Tamil Nadu,3,368422.68,288436.81,88857.24,0,116,0.201,1,100.0,4616437.0,2.3,0.851,0,34.7,0
MSME000144,Vishwakarma Associates,8.8,services,Maharashtra,1,238305.53,213732.17,25069.43,0,80,0.263,0,,,,0.475,0,20.7,0
MSME000145,Modern Suppliers,3.6,retail,Gujarat,7,538026.41,504539.78,33230.1,3,24,0.396,1,72.2,6642628.95,14.8,0.734,0,38.0,0
MSME000146,Royal Fabrics,19.2,retail,Telangana,7,495089.69,510294.05,45726.14,2,225,0.42,1,82.5,4771388.02,3.7,0.421,1,58.2,0
MSME000147,Shree Plastics,19.8,manufacturing,Delhi,2,456166.24,406075.69,15775.79,1,201,0.509,1,94.5,5432995.52,5.2,0.112,0,17.6,0
MSME000148,Kaveri Metals,0.8,retail,Punjab,48,1532180.78,1325005.05,360107.87,0,7,0.282,1,87.8,17898461.62,5.6,0.604,0,40.1,0
MSME000149,National Agencies,2.9,services,Uttar Pradesh,8,557727.48,461693.49,107309.71,0,29,0.145,1,90.6,6034140.56,1.4,0.294,0,11.2,0
MSME000150,Sai Garments,4.9,trading,Karnataka,10,694538.09,685123.8,5396.76,1,32,0.385,1,69.9,8610863.73,28.5,0.421,0,25.4,0
MSME000151,Royal Textiles,6.9,manufacturing,Karnataka,7,205786.22,173966.74,51446.55,0,46,0.05,1,61.3,2002781.4,16.6,0.197,0,13.4,0
MSME000152,Lakshmi Suppliers,6.2,services,Uttar Pradesh,48,1249617.29,1162274.58,155186.62,0,44,0.285,1,87.8,12903412.65,3.1,0.507,0,17.3,0
MSME000153,Classic Engineering Works,5.2,retail,Karnataka,3,272214.19,227954.01,52218.24,0,53,0.05,1,78.7,2809609.83,0.3,0.559,1,54.2,0
MSME000154,Lakshmi Stores,1.9,manufacturing,Gujarat,193,1528605.51,1668495.37,14660.48,3,11,0.675,1,67.2,17024438.88,10.8,0.262,0,28.0,1
MSME000155,Vishwakarma Metals,7.6,trading,Delhi,1,131931.63,124397.2,16373.61,0,82,0.134,1,90.6,1127253.01,9.9,0.226,0,2.4,0
MSME000156,Durga Bakers,7.9,retail,Tamil Nadu,1,725970.77,674103.11,96387.17,1,56,0.33,1,89.8,7741077.85,0.0,0.852,1,74.8,0
MSME000157,Balaji Caterers,10.1,services,Andhra Pradesh,7,100278.39,81089.23,18539.48,0,39,0.129,1,100.0,887393.95,0.0,0.492,0,27.3,0
MSME000158,Krishna Industries,1.7,services,Kerala,3,686031.19,640734.95,57593.59,0,10,0.149,1,91.9,6103116.78,10.7,0.305,0,8.7,0
MSME000159,Om Industries,4.3,trading,Bihar,105,1372022.18,1228794.59,164506.26,0,45,0.403,1,85.2,16567650.55,5.5,0.476,0,32.7,0
MSME000160,New Caterers,3.4,trading,Uttar Pradesh,4,141715.58,129107.33,16613.72,0,34,0.263,1,94.9,1413389.7,0.7,0.315,0,12.4,1
MSME000161,Modern Agencies,1.7,retail,Tamil Nadu,41,2167768.15,1803174.26,511039.89,0,19,0.253,1,90.3,20017238.11,6.0,0.671,1,72.8,0
MSME000162,Durga Traders,4.3,services,Punjab,147,1302847.98,1199264.5,141890.66,0,48,0.451,1,100.0,15867019.95,8.6,0.553,0,51.2,0
MSME000163,Vishwakarma Engineering Works,2.0,food,Maharashtra,20,127873.7,113147.25,24330.0,0,22,0.179,0,,,,0.521,1,54.2,1
MSME000164,Vishwakarma Metals,1.4,trading,Maharashtra,1,210614.3,213067.3,35522.59,0,7,0.05,1,80.9,2157637.63,21.2,0.381,0,37.3,0
MSME000165,Vishwakarma Agencies,8.9,food,Punjab,49,823173.38,742564.6,120985.96,0,94,0.145,1,100.0,9854296.96,2.0,0.873,1,74.1,0
MSME000166,National Enterprises,3.6,retail,Bihar,5,960270.58,1025835.38,22077.43,1,36,0.648,1,79.5,12586737.34,9.8,0.495,1,32.8,0
MSME000167,Ganesh Logistics,2.7,manufacturing,Bihar,2,293292.92,265735.86,44171.76,0,30,0.24,1,83.1,3462619.73,12.3,0.205,1,33.6,0
MSME000168,Annapurna Textiles,11.9,food,Uttar Pradesh,5,71733.8,65297.49,9822.11,0,80,0.238,0,,,,0.766,0,41.6,0
MSME000169,Ganesh Agencies,8.1,services,Rajasthan,39,1466772.61,1524805.74,26338.13,4,94,0.411,1,92.3,13973714.63,6.4,0.476,0,42.0,0
MSME000170,Shree Traders,0.5,retail,Andhra Pradesh,22,770570.26,746476.92,103050.76,0,6,0.41,1,90.7,8978297.23,6.5,0.646,1,61.5,0
MSME000171,Balaji Suppliers,7.0,trading,Tamil Nadu,6,133818.21,108732.74,31714.26,0,80,0.05,0,,,,0.422,0,3.5,0
MSME000172,Sai Exports,6.9,retail,Uttar Pradesh,39,841166.47,807851.88,18389.2,2,66,0.38,1,86.3,7283922.97,21.0,0.725,1,68.7,1
MSME000173,New Bakers,4.1,services,Maharashtra,10,557450.98,496309.59,85348.01,0,34,0.454,1,73.4,5634357.27,13.7,0.288,0,16.8,0
MSME000174,Sri Electricals,4.0,food,West Bengal,3,220444.14,181875.94,24896.32,0,46,0.334,0,,,,0.701,1,61.9,0
MSME000175,Durga Foods,1.0,trading,Tamil Nadu,4,256397.3,254069.88,28370.94,0,9,0.415,1,89.6,2306671.7,4.8,0.111,0,6.1,0
MSME000176,Shiv Textiles,19.1,retail,Andhra Pradesh,9,319701.43,276176.8,45120.22,0,203,0.138,1,85.7,3173450.19,7.2,0.59,0,42.8,0
MSME000177,Sri Foods,4.2,retail,Tamil Nadu,10,385934.13,384291.97,19758.74,0,32,0.274,1,87.6,4335655.37,4.3,0.473,1,52.4,0
MSME000178,Annapurna Plastics,6.7,services,Uttar Pradesh,28,722862.57,700284.45,96511.59,1,75,0.188,1,85.5,7352595.61,13.5,0.52,0,30.3,0
MSME000179,Classic Enterprises,4.4,services,Punjab,97,1336192.0,1233704.89,128006.53,0,46,0.305,1,93.8,15706070.28,12.3,0.442,0,19.8,0
MSME000180,Om Exports,2.8,retail,Punjab,5,114850.0,98073.61,28712.5,0,25,0.162,0,,,,0.605,1,46.9,0
MSME000181,Classic Bakers,9.4,manufacturing,Madhya Pradesh,4,521505.51,490072.51,45037.49,0,78,0.478,1,100.0,4674782.75,9.3,0.216,0,13.6,0
MSME000182,Annapurna Fabrics,5.8,retail,Delhi,8,564240.7,534267.54,49788.13,0,54,0.366,1,78.3,5188567.76,13.5,0.458,0,20.2,0
MSME000183,Shiv Suppliers,4.3,services,Uttar Pradesh,30,666487.24,574233.26,120472.05,2,38,0.205,1,91.9,6117254.69,9.5,0.515,0,29.6,0
MSME000184,Durga Bakers,6.6,trading,Rajasthan,8,398911.69,393260.47,20419.42,1,72,0.359,1,81.8,4464498.66,13.4,0.469,0,7.7,1
MSME000185,Shiv Fabrics,4.8,retail,Uttar Pradesh,8,942000.77,719356.71,201617.95,0,44,0.05,1,80.5,12220491.59,0.8,0.839,0,47.1,0
MSME000186,Vishwakarma Stores,15.9,services,Rajasthan,7,819086.97,751095.88,5453.89,3,172,0.389,1,53.9,9017100.81,19.1,0.525,0,28.4,0
MSME000187,Annapurna Bakers,9.1,services,Telangana,2,218851.0,177241.7,38169.0,0,61,0.076,0,,,,0.43,0,24.2,0
MSME000188,Maruti Industries,7.5,trading,Andhra Pradesh,20,628223.36,587393.25,141230.08,0,61,0.148,1,76.9,6866871.06,10.5,0.429,1,50.7,0
MSME000189,Kaveri Metals,1.1,manufacturing,Maharashtra,3,634872.16,566393.68,7102.91,0,9,0.333,1,65.1,6847516.34,15.2,0.103,0,10.0,1
MSME000190,Ganesh Engineering Works,7.6,trading,Gujarat,1,537981.97,484857.88,65540.26,0,86,0.19,1,90.3,6665824.71,9.2,0.136,0,12.5,0
MSME000191,Durga Logistics,7.5,retail,Haryana,4,223384.71,200457.16,23018.75,0,40,0.391,1,75.1,2146569.2,9.3,0.694,1,61.5,0
MSME000192,Hanuman Caterers,2.1,food,Karnataka,9,206677.38,175377.95,34860.44,0,21,0.321,1,68.1,1883807.63,1.1,0.887,0,57.3,0
MSME000193,Hanuman Plastics,1.1,food,Tamil Nadu,3,306441.64,310526.59,14650.17,2,11,0.466,0,,,,0.616,0,33.2,1
MSME000194,Maruti Enterprises,8.9,retail,Gujarat,8,232558.49,210943.4,18371.31,2,76,0.3,1,90.7,2643892.5,3.8,0.436,0,11.8,0
MSME000195,Modern Agencies,9.7,food,Tamil Nadu,36,191746.45,180627.84,9622.47,4,90,0.263,1,81.0,1813315.41,12.2,0.803,0,50.5,0
MSME000196,Sai Exports,3.0,manufacturing,Rajasthan,5,308656.65,298815.7,1509.75,6,26,0.386,1,79.4,2737130.34,3.0,0.262,0,12.7,1
MSME000197,Ganesh Caterers,2.9,retail,Rajasthan,2,356807.46,349453.37,0.0,5,13,0.543,1,46.5,4546660.06,26.6,0.726,1,61.6,1
MSME000198,Balaji Caterers,5.7,trading,Rajasthan,3,870611.24,799255.06,114194.71,2,57,0.215,1,78.8,7342350.6,5.2,0.127,0,20.3,0
MSME000199,Ganesh Associates,3.6,retail,Rajasthan,7,280590.57,256890.62,31437.48,0,24,0.466,0,,,,0.621,0,32.2,0
MSME000200,Modern Solutions,1.1,services,Karnataka,8,380244.91,411621.43,1072.41,3,12,0.492,1,86.3,4598820.46,5.1,0.307,1,44.5,0
MSME000201,Maruti Exports,2.1,food,Maharashtra,21,517198.07,477396.43,48600.71,2,19,0.319,1,64.0,5763776.85,6.1,0.662,0,45.8,0
MSME000202,Classic Exports,6.5,trading,Maharashtra,4,282874.7,272917.4,24762.3,1,56,0.635,0,,,,0.134,0,2.6,0
MSME000203,Shiv Metals,2.2,trading,Gujarat,47,570840.13,428130.09,140856.04,0,16,0.232,1,81.4,7204861.22,9.9,0.458,0,31.8,0
MSME000204,Durga Stores,10.0,retail,Kerala,10,554936.13,526748.15,32106.02,1,87,0.276,1,82.6,6967594.96,0.5,0.518,1,55.0,0
MSME000205,Shiv Garments,7.4,trading,Telangana,1,137523.15,103749.98,34380.79,0,67,0.054,1,87.3,1737219.83,8.6,0.348,1,55.9,0
MSME000206,Lakshmi Plastics,6.7,manufacturing,Maharashtra,6,335798.4,361343.6,0.0,2,63,0.499,1,80.3,3883583.5,1.4,0.079,0,0.0,0
MSME000207,New Logistics,5.6,retail,Rajasthan,3,286857.68,262339.17,20919.64,0,48,0.246,1,76.3,2553746.68,5.6,0.499,0,21.7,0
MSME000208,Modern Fabrics,2.7,services,West Bengal,9,503782.74,467595.69,107424.86,0,28,0.148,1,100.0,4932871.59,0.0,0.533,1,56.9,0
MSME000209,Lakshmi Plastics,8.2,trading,Rajasthan,16,267121.1,242527.37,17074.09,2,89,0.218,0,,,,0.122,0,0.0,0
MSME000210,New Traders,2.6,services,Madhya Pradesh,8,378877.46,367158.3,47592.47,0,29,0.397,1,84.0,4253309.85,9.3,0.695,0,49.5,0
MSME000211,Lakshmi Industries,10.4,services,Haryana,1,106714.86,104000.05,8105.71,1,117,0.401,0,,,,0.468,0,23.2,0
MSME000212,Sri Industries,14.3,services,Maharashtra,4,226597.34,188427.03,34377.97,0,75,0.363,0,,,,0.606,1,73.8,0
MSME000213,New Plastics,5.7,trading,Karnataka,8,769049.54,803840.6,0.0,6,47,0.476,1,84.7,8812790.04,7.3,0.473,0,17.1,0
MSME000214,Vishwakarma Suppliers,13.0,services,Karnataka,6,358354.68,325808.38,73012.85,0,93,0.256,1,88.7,3352648.78,0.0,0.663,0,45.9,0
MSME000215,Sri Metals,2.1,services,Karnataka,5,884457.57,796870.65,152293.11,1,17,0.089,1,71.6,10681395.42,5.6,0.537,0,27.3,0
MSME000216,Lakshmi Foods,7.5,services,Uttar Pradesh,2,257263.13,264256.1,17655.3,0,52,0.414,1,85.2,2347340.61,11.2,0.341,1,38.4,0
MSME000217,Sai Fabrics,5.1,services,West Bengal,6,635584.67,617179.44,58546.62,0,50,0.24,1,92.2,6493504.97,0.0,0.55,0,34.3,0
MSME000218,Sai Stores,9.0,manufacturing,Maharashtra,21,1158261.48,975212.31,159264.96,0,63,0.319,1,71.7,12673393.83,13.6,0.068,0,5.0,0
MSME000219,Vishwakarma Enterprises,0.6,retail,Bihar,16,528221.79,456030.26,110717.34,0,6,0.064,1,100.0,5501993.23,0.0,0.401,0,27.1,0
MSME000220,Classic Agencies,8.6,retail,Madhya Pradesh,1,111549.71,97353.27,20314.09,0,63,0.23,1,68.9,1427012.91,19.7,0.572,0,25.1,0
MSME000221,Balaji Electricals,2.9,food,Tamil Nadu,4,271359.01,281093.34,10937.6,6,27,0.298,1,69.1,2477351.49,17.5,0.817,0,31.0,1
MSME000222,Shiv Bakers,5.3,retail,Haryana,3,239220.48,233299.11,14675.54,2,51,0.293,1,99.2,2652412.61,7.7,0.851,1,77.7,0
MSME000223,Sri Caterers,18.8,food,Telangana,7,248704.51,218370.86,0.0,2,187,0.374,1,75.0,2374172.08,18.9,0.83,1,64.6,0
MSME000224,Kaveri Metals,7.7,services,Karnataka,5,384786.08,420389.73,0.0,6,54,0.511,1,59.2,3703967.24,9.5,0.391,0,22.0,0
MSME000225,Sri Garments,6.9,food,Haryana,5,138587.1,138624.08,6825.36,0,49,0.569,0,,,,0.456,1,55.6,0
MSME000226,Ganesh Plastics,6.5,services,Andhra Pradesh,9,260910.45,234459.95,33043.27,1,73,0.251,1,73.9,2881394.54,0.0,0.333,0,19.7,0
MSME000227,National Electricals,11.2,manufacturing,Uttar Pradesh,4,259640.99,212831.11,59127.23,0,94,0.061,1,84.6,2590778.02,4.3,0.053,0,1.1,0
MSME000228,Krishna Fabrics,9.2,services,West Bengal,8,354014.75,318521.16,56643.94,0,92,0.219,0,,,,0.545,0,25.0,0
MSME000229,Om Enterprises,6.6,trading,Karnataka,9,338509.23,326595.3,0.0,1,63,0.491,1,69.0,4244268.96,3.9,0.369,1,55.2,0
MSME000230,Annapurna Engineering Works,6.0,trading,West Bengal,2,222676.68,231917.66,8193.07,2,54,0.595,0,,,,0.229,0,19.5,0
MSME000231,Shiv Industries,5.7,retail,Delhi,8,464803.74,427491.79,53740.37,0,62,0.522,1,73.5,3963504.91,18.2,0.581,1,67.3,0
MSME000232,Royal Plastics,4.8,retail,Rajasthan,20,445484.14,490032.55,0.0,3,37,0.482,1,52.4,4688343.35,22.1,0.763,1,56.9,1
MSME000233,Shree Engineering Works,1.7,food,Maharashtra,1,189530.8,185807.83,18382.62,1,14,0.396,0,,,,0.613,0,27.8,0
MSME000234,New Textiles,7.5,retail,Rajasthan,7,224322.14,204394.95,18338.99,0,60,0.249,0,,,,0.414,0,19.3,0
MSME000235,Shiv Agencies,3.2,manufacturing,Telangana,37,562984.29,538703.46,41738.01,0,29,0.485,1,67.5,7421467.7,20.5,0.144,0,11.0,0
MSME000236,Sri Bakers,4.4,trading,Gujarat,3,1138156.94,1147725.85,7699.75,6,47,0.46,1,65.6,10054693.63,11.0,0.377,0,35.9,1
MSME000237,Durga Associates,9.6,trading,Maharashtra,3,252430.83,242752.91,15765.38,0,89,0.517,1,72.3,3010722.17,10.6,0.478,0,26.8,0
MSME000238,Vishwakarma Metals,4.9,food,Tamil Nadu,48,191408.67,170717.06,14518.84,1,41,0.314,0,,,,0.578,1,52.9,0
MSME000239,Ganesh Caterers,4.6,retail,Madhya Pradesh,9,539644.32,454273.18,59773.7,0,43,0.218,1,80.0,4653394.67,14.4,0.679,1,64.6,0
MSME000240,Hanuman Caterers,5.8,services,Maharashtra,17,346469.61,309996.17,25626.96,3,64,0.231,1,84.6,3139793.46,11.7,0.565,1,43.8,0
MSME000241,Balaji Agencies,3.9,trading,Gujarat,19,740398.27,614005.28,109064.08,0,33,0.087,1,78.0,9027980.15,8.5,0.138,0,0.0,1
MSME000242,Krishna Bakers,18.6,retail,Uttar Pradesh,2,270024.34,277012.41,18750.56,1,176,0.39,1,100.0,2385886.96,0.0,0.772,0,31.8,0
MSME000243,Sai Caterers,16.9,retail,Rajasthan,6,535134.69,442799.03,51798.37,0,165,0.267,1,71.6,6141722.71,14.9,0.831,1,66.9,0
MSME000244,Hanuman Solutions,16.6,services,Uttar Pradesh,8,385433.84,405510.05,30591.71,1,116,0.316,1,74.5,3966040.4,3.0,0.662,0,40.3,0
MSME000245,Hanuman Agencies,6.5,retail,Maharashtra,9,394703.95,361621.46,15835.58,3,68,0.469,1,57.6,5075536.78,18.4,0.576,1,66.7,0
MSME000246,Sai Foods,3.0,manufacturing,Madhya Pradesh,3,780759.96,754839.01,29272.06,2,19,0.23,1,75.1,8613553.69,6.8,0.257,0,26.1,0
MSME000247,New Associates,9.8,services,Uttar Pradesh,16,148244.2,123926.27,21632.13,0,108,0.143,0,,,,0.568,0,39.4,0
MSME000248,Vishwakarma Caterers,4.0,retail,Uttar Pradesh,4,168749.46,151007.0,7858.37,7,27,0.191,1,71.8,1652757.38,20.6,0.519,0,16.8,1
MSME000249,New Caterers,10.4,retail,West Bengal,43,455793.63,501372.99,0.0,5,55,0.912,1,72.2,4073383.56,14.7,0.589,1,55.4,0
MSME000250,Shree Associates,2.9,retail,Maharashtra,6,155870.01,144294.72,23982.99,0,20,0.194,0,,,,0.479,0,39.1,0
MSME000251,Annapurna Industries,6.9,manufacturing,Maharashtra,6,393438.9,334493.95,94022.94,0,54,0.171,1,84.7,5032148.7,3.3,0.181,0,0.0,0
MSME000252,Shiv Exports,11.5,trading,Rajasthan,32,551598.74,606758.61,14425.26,4,129,0.441,1,90.5,5642896.8,7.2,0.438,0,24.2,0
MSME000253,Annapurna Logistics,4.2,retail,Gujarat,2,484850.9,434205.18,68187.63,1,38,0.306,1,86.3,5980905.71,0.6,0.666,1,61.8,0
MSME000254,Ganesh Associates,4.1,trading,Karnataka,6,435213.75,412441.08,55331.75,0,18,0.392,1,53.8,3777338.26,19.4,0.327,0,25.2,0
MSME000255,Durga Electricals,1.2,trading,Haryana,1,236328.66,246718.97,1387.46,3,6,0.669,1,69.7,2376533.91,17.1,0.239,0,0.0,1
MSME000256,Balaji Electricals,3.0,services,Rajasthan,7,317303.16,238946.92,71074.56,0,31,0.05,1,100.0,2741955.36,0.0,0.484,0,32.1,0
MSME000257,Durga Enterprises,6.4,retail,Karnataka,8,241897.15,221965.97,21840.14,2,63,0.405,1,73.4,2197336.52,11.7,0.446,1,38.6,0
MSME000258,Balaji Engineering Works,7.2,retail,Kerala,5,610861.91,585503.41,99597.04,0,78,0.213,1,72.4,7072637.05,15.9,0.668,0,44.6,1
MSME000259,Annapurna Stores,8.0,trading,Rajasthan,25,1368720.89,1371838.13,115218.13,0,64,0.351,1,84.4,15262304.53,5.1,0.352,0,8.0,1
MSME000260,Krishna Foods,0.8,services,Telangana,3,155363.87,157728.08,19495.59,1,7,0.203,1,94.1,2017601.42,8.7,0.538,0,30.6,0
MSME000261,New Solutions,4.0,services,Karnataka,39,1602610.5,1414832.28,260129.6,1,44,0.428,1,79.2,16757893.24,9.5,0.69,0,20.3,0
MSME000262,Annapurna Enterprises,1.4,retail,West Bengal,14,353312.78,364778.92,19927.73,0,12,0.357,0,,,,0.595,0,23.4,0
MSME000263,Lakshmi Associates,6.2,retail,Delhi,3,211987.09,175249.28,49520.54,0,30,0.19,1,81.3,2665385.5,11.0,0.851,1,76.1,0
MSME000264,Classic Plastics,1.0,services,Maharashtra,42,872020.21,778748.78,126605.26,0,9,0.231,1,59.6,8495804.09,18.7,0.523,0,22.6,0
MSME000265,Modern Metals,1.9,retail,Kerala,14,696117.47,592140.65,95807.01,0,15,0.246,1,92.9,8559233.08,3.3,0.782,1,73.4,0
MSME000266,Krishna Bakers,9.1,services,Rajasthan,7,375994.15,333878.33,35287.09,0,88,0.353,1,92.0,4381538.73,4.4,0.452,0,27.6,0
MSME000267,Vishwakarma Garments,3.3,trading,West Bengal,5,357372.27,361032.56,35265.33,0,36,0.311,1,74.8,4544440.71,16.3,0.389,1,45.0,0
MSME000268,Ganesh Suppliers,13.1,retail,Rajasthan,34,1273593.17,1148189.81,239789.89,0,125,0.3,1,100.0,15743461.47,1.3,0.466,0,6.1,0
MSME000269,Hanuman Stores,8.1,trading,Tamil Nadu,231,978378.31,837820.72,155808.6,0,84,0.182,1,92.3,11082389.7,8.2,0.455,0,26.4,0
MSME000270,Krishna Garments,4.2,retail,Maharashtra,153,1014309.94,1002555.43,47925.31,3,33,0.447,1,82.3,12635437.23,17.7,0.869,0,54.1,0
MSME000271,Lakshmi Textiles,10.1,services,Delhi,10,1105713.52,1178563.76,84299.95,0,52,0.403,1,91.4,11610474.91,9.3,0.526,0,33.5,0
MSME000272,Shree Exports,4.5,retail,West Bengal,12,233777.02,238972.32,0.0,5,27,0.392,0,,,,0.807,0,36.7,0
MSME000273,Annapurna Foods,8.7,trading,Andhra Pradesh,10,414326.54,354688.09,42275.7,0,74,0.475,1,70.4,3880259.88,13.5,0.287,0,17.8,0
MSME000274,Modern Plastics,2.8,trading,Tamil Nadu,19,1137851.19,1003283.4,157483.8,0,27,0.281,1,69.5,11921808.36,12.5,0.41,0,20.7,0
MSME000275,Vishwakarma Suppliers,10.5,retail,Tamil Nadu,5,500363.23,406885.45,112093.88,0,100,0.176,1,71.6,5383060.29,13.7,0.783,1,69.2,0
MSME000276,Shiv Foods,1.1,services,Tamil Nadu,35,1040371.86,872086.5,155756.26,0,9,0.05,1,88.4,13214681.44,6.9,0.578,0,42.6,0
MSME000277,Shiv Foods,1.9,manufacturing,Uttar Pradesh,226,741523.44,686258.04,55587.38,1,14,0.288,1,90.6,9322906.61,1.2,0.171,0,11.8,0
MSME000278,New Metals,2.2,food,Rajasthan,3,314458.33,293983.15,30562.54,0,25,0.366,0,,,,0.726,0,35.1,0
MSME000279,Sai Agencies,3.1,retail,Delhi,153,900475.63,897799.47,8265.97,1,29,0.474,1,84.3,7855621.85,2.7,0.551,1,60.0,1
MSME000280,Sai Textiles,6.6,retail,Andhra Pradesh,9,1560199.66,1388099.22,207364.73,0,41,0.143,1,78.4,17474503.8,14.9,0.725,0,40.6,0
MSME000281,Lakshmi Logistics,5.1,trading,Rajasthan,8,777877.08,696925.29,61968.5,2,54,0.289,1,80.7,8972320.11,10.8,0.371,0,29.3,0
MSME000282,Shiv Logistics,8.8,manufacturing,Gujarat,2,362847.67,345018.8,20387.69,1,78,0.294,1,72.9,4175609.03,12.6,0.142,0,0.0,0
MSME000283,Durga Metals,11.6,trading,West Bengal,10,624003.4,558250.29,139786.38,1,113,0.05,1,79.0,6124283.3,6.2,0.129,0,0.0,0
MSME000284,Shiv Fabrics,1.0,trading,West Bengal,3,381674.49,386610.65,38107.82,0,9,0.358,0,,,,0.376,0,18.4,0
MSME000285,Vishwakarma Solutions,12.6,services,Madhya Pradesh,6,548176.06,523496.54,55576.89,1,108,0.545,1,68.3,7000874.61,10.8,0.643,0,19.7,0
MSME000286,Classic Associates,4.4,retail,Karnataka,2,177113.54,133077.7,44278.39,0,47,0.05,1,89.5,1943069.66,1.6,0.68,0,33.5,0
MSME000287,Annapurna Engineering Works,16.4,trading,Maharashtra,5,916080.42,846943.25,124515.75,0,195,0.207,1,99.6,10563614.0,5.9,0.351,0,20.9,0
MSME000288,Krishna Bakers,2.7,trading,Maharashtra,7,230999.94,217025.88,29179.27,0,29,0.24,0,,,,0.241,0,23.0,0
MSME000289,Om Engineering Works,0.7,services,Punjab,33,699662.91,565502.41,120511.01,1,6,0.154,1,100.0,7480195.65,3.0,0.339,0,15.2,0
MSME000290,Shiv Engineering Works,8.2,services,Bihar,2,170111.51,155586.51,7143.6,3,95,0.346,0,,,,0.302,0,24.3,0
MSME000291,National Metals,7.8,trading,Delhi,3,379276.3,330989.92,48407.42,0,54,0.169,1,78.3,3514066.18,9.0,0.108,0,7.8,0
MSME000292,Lakshmi Bakers,1.9,services,Tamil Nadu,8,701045.23,639163.61,59315.69,0,17,0.382,1,97.5,8990135.53,2.2,0.462,0,24.1,0
MSME000293,Modern Electricals,2.1,trading,Karnataka,28,283888.49,305096.56,22822.78,0,20,0.308,1,73.4,2635629.54,18.8,0.228,0,3.6,0
MSME000294,Ganesh Logistics,9.3,retail,Tamil Nadu,10,420480.55,358068.18,22770.01,0,87,0.284,1,70.4,4987582.97,16.1,0.426,0,18.0,0
MSME000295,Om Caterers,6.9,manufacturing,Kerala,36,398907.45,372416.86,17064.79,1,69,0.368,1,76.9,4685106.23,14.0,0.246,0,8.5,1
MSME000296,Om Fabrics,4.0,manufacturing,Tamil Nadu,44,802424.93,756526.86,113476.67,1,47,0.208,1,77.4,9157971.8,13.8,0.065,0,0.6,0
MSME000297,National Traders,7.4,food,Madhya Pradesh,21,214768.32,202017.88,12930.84,0,70,0.184,0,,,,0.601,1,53.1,0
MSME000298,Vishwakarma Stores,6.4,services,Uttar Pradesh,10,476108.21,415211.73,115502.18,0,44,0.303,1,93.9,5236084.94,13.7,0.589,0,39.9,0
MSME000299,Lakshmi Textiles,2.3,retail,Maharashtra,8,341284.67,331413.88,28640.42,1,25,0.45,1,76.5,3975116.55,14.5,0.785,1,66.8,0
MSME000300,Shree Metals,9.8,trading,Uttar Pradesh,10,804184.76,884603.23,12758.89,3,80,0.383,1,82.4,10471447.39,3.3,0.419,0,37.6,1
MSME000301,Maruti Enterprises,8.5,trading,Karnataka,2,644041.8,562164.56,66177.28,0,79,0.322,1,69.0,7315191.82,16.2,0.42,0,14.8,0
MSME000302,National Solutions,5.2,retail,Andhra Pradesh,3,322552.52,300447.86,56502.52,1,55,0.247,1,77.6,3071956.96,18.7,0.893,0,56.1,0
MSME000303,Shree Textiles,9.3,trading,Haryana,5,706797.97,530098.48,176699.49,1,103,0.05,1,81.8,8936979.71,1.4,0.276,0,4.8,0
MSME000304,Royal Exports,17.7,trading,West Bengal,10,1140547.74,1024737.25,126507.07,0,207,0.279,1,86.0,13060044.69,17.3,0.456,0,22.7,0
MSME000305,Om Foods,2.1,retail,Karnataka,8,259810.8,244717.99,47251.96,1,6,0.211,1,88.4,3411328.44,10.6,0.546,0,27.7,0
MSME000306,Balaji Metals,4.2,manufacturing,Telangana,4,997425.45,992596.15,130136.13,0,42,0.316,1,83.6,11304090.11,10.2,0.177,0,7.6,0
MSME000307,Ganesh Agencies,4.4,retail,Maharashtra,1,225374.35,182632.39,30560.44,3,38,0.075,0,,,,0.658,1,70.6,1
MSME000308,Krishna Logistics,9.1,trading,Telangana,7,279474.29,225235.02,38198.65,1,60,0.357,1,88.4,2767243.59,3.1,0.418,0,23.7,0
MSME000309,Ganesh Enterprises,3.1,manufacturing,Bihar,4,533836.53,493668.07,73864.95,0,15,0.36,1,99.7,5917369.73,7.7,0.039,0,17.0,0
MSME000310,Balaji Plastics,8.8,services,Karnataka,3,290850.36,271935.58,32530.14,1,92,0.194,0,,,,0.292,0,27.2,0
MSME000311,Durga Caterers,3.4,retail,Maharashtra,3,147902.46,123512.17,25392.6,1,38,0.329,1,86.8,1315506.69,20.2,0.792,1,67.6,0
MSME000312,Durga Caterers,1.8,services,Uttar Pradesh,49,384456.04,336163.57,22984.57,0,15,0.376,1,83.6,4871563.21,13.8,0.656,0,44.8,0
MSME000313,Balaji Foods,5.5,manufacturing,Gujarat,16,1695634.48,1686388.41,153760.97,0,65,0.467,1,90.8,21477576.11,8.6,0.235,0,2.0,0
MSME000314,Lakshmi Agencies,3.3,manufacturing,Delhi,3,484020.71,513617.42,27188.47,2,38,0.571,1,76.3,4200844.21,13.7,0.239,0,12.3,1
MSME000315,Kaveri Exports,5.9,trading,West Bengal,4,912985.99,852608.84,85850.62,0,45,0.424,1,63.7,10741637.88,12.6,0.347,0,17.4,0
MSME000316,Durga Associates,7.0,retail,Karnataka,7,329508.42,322971.06,21470.22,0,77,0.215,1,79.4,3562913.81,11.4,0.853,0,50.5,0
MSME000317,Sri Garments,1.1,services,Rajasthan,50,456058.93,342115.72,114014.73,0,9,0.05,1,56.7,4344427.35,10.9,0.679,0,42.6,0
MSME000318,Sri Industries,3.7,retail,Bihar,2,112385.32,108842.6,15889.83,0,30,0.278,1,66.8,1334152.67,9.0,0.402,1,39.3,1
MSME000319,Classic Fabrics,5.5,manufacturing,Tamil Nadu,5,825363.24,776387.55,96452.4,0,59,0.367,1,71.5,9050291.71,3.9,0.049,0,6.0,0
MSME000320,New Foods,9.3,services,Maharashtra,10,545940.92,512158.06,67507.56,0,81,0.344,1,94.8,4627411.4,4.1,0.696,0,49.2,0
MSME000321,Ganesh Electricals,8.5,manufacturing,Madhya Pradesh,48,767754.28,712736.61,104426.2,0,84,0.123,1,76.6,8243703.72,8.6,0.243,0,19.4,0
MSME000322,Balaji Metals,2.5,food,Tamil Nadu,10,245298.86,208384.26,23552.35,0,17,0.317,0,,,,0.781,0,46.1,0
MSME000323,Hanuman Stores,4.5,services,Tamil Nadu,28,1105332.16,1046755.12,78284.43,0,39,0.355,1,76.1,13067881.13,12.8,0.536,0,36.9,1
MSME000324,Classic Agencies,7.3,food,Rajasthan,9,333306.97,326676.72,0.0,2,50,0.456,1,70.7,3269275.53,21.2,0.592,0,12.3,0
MSME000325,Modern Caterers,4.3,services,Tamil Nadu,14,440034.99,430020.95,18912.58,0,45,0.393,1,77.2,5230764.44,1.9,0.581,1,40.7,1
MSME000326,Kaveri Agencies,2.7,retail,Delhi,151,753992.62,769507.8,52779.21,2,27,0.55,1,72.6,6712782.18,21.5,0.703,1,77.6,0
MSME000327,Kaveri Associates,5.0,manufacturing,Andhra Pradesh,3,331891.73,300502.17,33925.35,0,55,0.293,1,62.3,4338622.79,17.9,0.079,0,9.5,0
MSME000328,Shree Foods,6.8,services,Haryana,2,362264.86,316000.61,25918.39,0,69,0.204,1,77.8,3397128.27,8.0,0.415,0,25.1,0
MSME000329,Balaji Textiles,2.3,food,Punjab,27,235063.72,227779.62,14245.23,2,22,0.518,1,77.6,2824082.8,12.4,0.582,0,32.9,0
MSME000330,Krishna Plastics,7.9,retail,Tamil Nadu,22,612485.42,460161.92,101049.38,1,44,0.097,1,75.2,6361288.44,14.3,0.746,0,40.5,0
MSME000331,Om Associates,5.7,trading,Gujarat,9,873590.62,785562.52,152055.2,0,65,0.089,1,78.3,9144926.5,17.6,0.433,0,27.3,0
MSME000332,Maruti Metals,8.1,manufacturing,Madhya Pradesh,5,462579.75,432455.38,33770.74,0,63,0.365,1,66.4,6042280.33,14.5,0.273,1,42.2,0
MSME000333,Ganesh Agencies,4.9,retail,Maharashtra,87,1585794.72,1489084.42,122481.08,0,52,0.404,1,76.7,17634016.0,3.5,0.687,0,34.2,0
MSME000334,National Bakers,16.0,services,Haryana,5,738274.37,644232.44,75618.9,0,38,0.28,1,66.8,8924452.6,7.2,0.662,0,38.2,0
MSME000335,Shiv Suppliers,6.7,trading,Maharashtra,243,2300774.38,2197278.66,211960.59,0,79,0.55,1,72.6,28099446.25,17.2,0.355,0,21.2,0
MSME000336,National Enterprises,8.7,retail,Karnataka,5,278507.11,264219.28,25586.46,0,47,0.22,0,,,,0.58,1,51.6,0
MSME000337,Modern Logistics,7.8,retail,Madhya Pradesh,2,278179.12,255769.02,6096.69,3,41,0.226,0,,,,0.662,0,45.6,1
MSME000338,Ganesh Associates,4.5,manufacturing,Kerala,185,1747449.45,1743542.28,57822.78,3,43,0.557,1,77.3,19240496.82,2.4,0.162,0,3.5,1
MSME000339,Kaveri Agencies,6.3,retail,West Bengal,8,333201.7,290251.15,43096.74,0,51,0.261,1,77.7,4200313.58,13.6,0.579,0,25.5,0
MSME000340,Modern Plastics,3.1,services,West Bengal,3,229465.55,216073.89,21465.42,1,32,0.378,0,,,,0.3,1,37.5,0
MSME000341,Hanuman Electricals,15.2,services,Tamil Nadu,3,221991.46,226900.26,25730.14,1,167,0.394,0,,,,0.401,1,34.6,0
MSME000342,Lakshmi Suppliers,7.2,services,West Bengal,8,1649323.4,1698721.89,235065.66,0,60,0.129,1,77.0,17250204.32,10.1,0.675,0,35.8,0
MSME000343,Hanuman Associates,2.6,trading,Bihar,8,429366.48,396849.31,78178.17,1,28,0.412,1,79.9,4233197.55,8.1,0.324,0,14.1,0
MSME000344,Om Exports,12.9,retail,Karnataka,9,804733.63,761709.93,60797.32,0,81,0.239,1,75.7,8054161.89,9.8,0.863,1,77.6,0
MSME000345,Classic Engineering Works,4.7,manufacturing,Bihar,8,346346.98,338526.34,31314.07,0,41,0.527,1,69.2,3646678.91,15.9,0.118,0,5.5,0
MSME000346,Lakshmi Agencies,9.6,retail,Maharashtra,1,586431.33,480133.68,86409.26,0,94,0.178,1,71.1,5519048.55,20.8,0.796,1,54.7,0
MSME000347,Modern Plastics,1.0,retail,Tamil Nadu,5,303907.13,280431.26,14758.08,1,8,0.541,1,66.1,3472214.49,8.2,0.703,0,34.7,0
MSME000348,Classic Plastics,11.3,food,Delhi,34,565533.45,503536.2,6620.55,2,78,0.61,1,74.1,5704076.17,10.1,0.532,1,42.2,0
MSME000349,Annapurna Electricals,7.0,trading,Tamil Nadu,20,239988.53,243528.89,15637.29,0,76,0.381,0,,,,0.261,0,22.7,0
MSME000350,Annapurna Associates,2.4,retail,West Bengal,5,691639.47,743261.68,53069.2,5,25,0.378,1,60.6,6465203.46,10.2,0.587,0,41.1,1
MSME000351,Om Foods,6.9,food,Karnataka,109,1626704.93,1746166.78,0.0,3,50,0.452,1,91.6,21368808.46,7.6,0.64,0,38.3,1
MSME000352,Shree Garments,14.2,retail,Delhi,4,182077.78,191311.76,0.0,2,126,0.674,1,77.2,2240326.9,0.0,0.512,1,59.0,0
MSME000353,Lakshmi Industries,3.2,retail,Uttar Pradesh,5,714138.27,635535.62,91435.58,0,36,0.246,1,93.8,7684684.44,1.2,0.538,1,55.3,0
MSME000354,Vishwakarma Plastics,3.2,trading,Tamil Nadu,5,207208.69,170570.99,36391.41,0,21,0.17,1,74.5,2572747.66,6.7,0.212,0,13.9,0
MSME000355,Modern Fabrics,4.4,manufacturing,Andhra Pradesh,13,916090.75,864738.47,155858.92,2,35,0.209,1,87.7,9075355.72,13.4,0.214,0,6.4,1
MSME000356,Modern Metals,5.4,manufacturing,Madhya Pradesh,7,457984.69,446351.72,20079.83,0,52,0.41,1,68.0,4629785.59,7.9,0.057,0,0.0,0
MSME000357,Annapurna Stores,10.1,manufacturing,Karnataka,10,1246447.68,1312850.35,0.0,8,71,0.589,1,70.1,13586700.7,7.3,0.203,0,17.4,0
MSME000358,Royal Logistics,7.3,food,Gujarat,218,1105190.67,952011.27,70394.25,0,80,0.219,1,100.0,10421741.54,0.0,0.713,0,31.5,0
MSME000359,Sai Enterprises,4.4,retail,Gujarat,46,1222374.87,1311076.88,0.0,2,46,0.685,1,53.1,15071315.54,18.0,0.604,0,34.4,1
MSME000360,Sri Electricals,6.5,services,Delhi,45,1356160.19,1259285.52,104426.82,0,50,0.294,1,72.0,14446901.88,10.6,0.485,0,21.4,1
MSME000361,National Stores,15.8,retail,Madhya Pradesh,31,553794.18,557016.71,25065.19,1,168,0.505,1,89.0,4911807.24,2.5,0.612,0,28.0,0
MSME000362,Royal Metals,8.2,food,Delhi,7,335173.77,368691.15,0.0,6,94,0.506,1,77.1,3188810.41,12.8,0.714,1,73.5,0
MSME000363,Kaveri Associates,4.8,food,Punjab,10,205879.31,154409.48,45012.03,1,41,0.154,0,,,,0.641,0,39.6,1
MSME000364,Royal Bakers,4.3,trading,Karnataka,45,712572.51,714799.88,0.0,4,35,0.572,1,99.5,8051847.49,4.3,0.15,0,10.5,0
MSME000365,Balaji Engineering Works,6.2,manufacturing,West Bengal,9,1670923.7,1558762.2,129611.15,2,67,0.374,1,67.0,20167177.13,10.7,0.153,0,0.1,0
MSME000366,Om Textiles,10.0,services,West Bengal,8,616983.61,563053.29,57904.49,1,117,0.415,1,80.0,6373801.77,0.0,0.573,0,31.5,0
MSME000367,Shiv Enterprises,2.8,retail,Andhra Pradesh,97,516667.55,468662.45,13636.82,1,29,0.302,1,82.7,6026186.39,7.7,0.537,1,51.9,0
MSME000368,Ganesh Associates,9.1,services,West Bengal,3,742300.9,639197.78,111726.82,0,98,0.277,1,80.3,7049113.06,12.4,0.484,0,16.3,0
MSME000369,Shree Stores,4.7,food,Maharashtra,6,402569.23,373159.69,0.0,6,47,0.267,1,81.4,4565020.58,3.5,0.839,0,50.6,0
MSME000370,New Engineering Works,5.3,trading,Delhi,2,517386.48,488677.78,58336.06,0,50,0.26,1,85.7,5306299.92,7.9,0.334,0,22.2,0
MSME000371,Ganesh Fabrics,24.3,retail,Madhya Pradesh,49,977644.2,905861.09,156283.71,0,171,0.184,1,77.5,11879832.2,8.0,0.537,0,12.7,0
MSME000372,Durga Logistics,8.4,food,Andhra Pradesh,70,860871.32,896895.81,0.0,4,83,0.487,1,76.2,10937672.89,7.9,0.518,1,51.9,0
MSME000373,Vishwakarma Agencies,3.4,trading,Gujarat,10,177712.85,145216.69,26655.91,0,26,0.391,0,,,,0.27,0,28.9,0
MSME000374,Maruti Foods,7.0,trading,Rajasthan,2,602377.51,662615.26,0.0,4,61,0.604,1,73.8,6869570.42,16.3,0.24,0,15.1,1
MSME000375,Royal Logistics,10.3,services,Madhya Pradesh,47,201324.13,199546.12,1558.15,4,105,0.348,1,91.5,1814452.39,0.0,0.252,0,27.8,0
MSME000376,Sai Stores,8.5,services,Bihar,3,529140.91,527496.43,95017.29,3,72,0.371,1,100.0,6096052.54,0.0,0.363,0,22.9,0
MSME000377,Sri Textiles,0.5,trading,Maharashtra,10,563221.66,560992.08,33496.25,1,6,0.483,1,78.1,6194431.64,14.9,0.204,0,15.8,1
MSME000378,Sri Engineering Works,5.1,retail,Gujarat,2,449107.23,400743.4,86492.44,0,36,0.277,1,100.0,3835302.32,0.0,0.672,0,35.3,0
MSME000379,Maruti Plastics,7.2,manufacturing,Bihar,6,558753.84,561792.65,70423.85,0,81,0.369,1,85.1,5028566.9,2.2,0.143,0,0.6,0
MSME000380,Lakshmi Garments,6.8,trading,Haryana,6,811147.94,858461.7,5741.41,3,35,0.463,1,61.5,8152351.11,15.8,0.371,1,37.6,0
MSME000381,Shree Textiles,3.6,services,Maharashtra,44,687959.4,596281.63,131622.0,0,39,0.15,1,79.0,7370997.23,6.6,0.345,1,52.9,1
MSME000382,Classic Caterers,8.6,manufacturing,Tamil Nadu,3,484647.2,431575.33,72209.29,1,71,0.214,1,60.7,6214587.06,14.8,0.061,0,1.4,0
MSME000383,Classic Agencies,11.4,retail,Rajasthan,12,609343.18,623152.32,45291.63,0,72,0.446,1,71.8,5693431.44,11.6,0.783,0,38.8,0
MSME000384,Kaveri Agencies,1.1,manufacturing,Uttar Pradesh,4,1273072.57,1161915.1,107284.98,0,8,0.31,1,84.3,10995517.06,6.5,0.236,0,28.2,1
MSME000385,Shree Enterprises,1.0,manufacturing,Maharashtra,8,777251.25,666284.45,85155.39,1,6,0.128,1,85.5,9272749.96,8.8,0.161,0,26.1,1
MSME000386,Balaji Bakers,7.0,food,Karnataka,41,281742.79,259914.86,9875.31,5,64,0.285,1,98.3,3349918.05,2.6,0.558,1,57.4,0
MSME000387,Sai Foods,9.1,retail,West Bengal,8,316372.87,237279.66,79093.22,0,76,0.05,1,98.9,3842541.15,12.2,0.541,1,40.8,0
MSME000388,National Solutions,3.2,trading,Gujarat,6,634786.74,502070.71,158696.69,0,24,0.05,1,77.0,7669540.6,14.8,0.474,0,25.2,0
MSME000389,Royal Plastics,0.6,services,Gujarat,6,746203.64,753999.96,91566.7,0,6,0.344,1,68.6,8434036.4,14.1,0.332,0,9.8,0
MSME000390,Annapurna Bakers,5.2,food,Haryana,47,407231.12,405739.81,13015.79,2,58,0.439,1,76.6,4402234.63,21.1,0.641,1,50.3,0
MSME000391,Sri Textiles,6.9,food,Rajasthan,18,1553364.09,1482986.7,108802.59,0,41,0.414,1,100.0,13978529.25,0.0,0.625,1,70.6,0
MSME000392,Annapurna Textiles,4.2,trading,Telangana,4,445107.48,420480.07,17442.86,2,32,0.646,1,59.0,5567782.03,30.2,0.217,1,26.7,0
MSME000393,Maruti Metals,10.5,trading,Tamil Nadu,13,727481.75,650125.59,72248.58,0,115,0.319,1,80.7,8668692.87,24.9,0.18,0,4.2,0
MSME000394,Krishna Metals,6.6,retail,Andhra Pradesh,7,207883.27,179515.64,26435.23,0,70,0.356,1,87.4,2561258.45,11.9,0.817,0,43.3,0
MSME000395,Sri Garments,2.9,services,Telangana,1,400872.39,440959.63,13532.39,4,15,0.505,1,76.7,5290672.12,10.3,0.449,0,15.2,0
MSME000396,Royal Traders,3.2,manufacturing,Tamil Nadu,1,233084.26,209671.23,38145.01,0,32,0.185,0,,,,0.021,1,21.3,0
MSME000397,Shree Caterers,5.3,manufacturing,West Bengal,24,516826.4,466192.07,119206.41,0,51,0.18,1,88.6,4976287.86,13.6,0.124,0,0.0,0
MSME000398,Annapurna Agencies,3.9,trading,Madhya Pradesh,8,418616.24,376729.24,57112.66,0,27,0.235,1,84.6,5235616.74,2.2,0.282,0,5.0,0
MSME000399,Lakshmi Caterers,0.9,food,Rajasthan,2,498753.88,446292.12,53820.65,0,8,0.307,1,86.2,5889803.2,12.0,0.702,1,62.6,1
MSME000400,Ganesh Bakers,6.2,retail,Bihar,43,927043.83,832470.51,160456.11,0,51,0.128,1,98.6,11786486.45,0.7,0.702,1,63.3,0
MSME000401,Modern Bakers,3.3,trading,Tamil Nadu,8,305641.8,240007.88,72347.91,0,24,0.05,1,88.1,3987345.91,1.5,0.262,0,3.0,0
MSME000402,New Stores,3.8,services,Rajasthan,1,162133.91,161135.22,10166.56,0,39,0.41,0,,,,0.596,0,21.9,1
MSME000403,Ganesh Stores,2.1,trading,Haryana,3,804299.32,716563.26,101198.75,0,20,0.372,1,70.8,8610377.59,14.3,0.4,0,11.3,0
MSME000404,Modern Garments,14.4,manufacturing,Uttar Pradesh,10,524845.4,394750.55,131211.35,0,115,0.162,1,88.5,4773391.53,0.0,0.281,0,4.6,0
MSME000405,Shiv Traders,8.1,services,Uttar Pradesh,3,411861.92,390919.5,58527.61,1,19,0.222,1,95.5,3473978.18,11.7,0.464,0,24.3,0
MSME000406,Om Agencies,16.8,retail,Uttar Pradesh,10,718699.46,693972.4,29881.15,0,195,0.397,1,70.2,8913737.69,15.1,0.615,1,61.0,0
MSME000407,Vishwakarma Logistics,4.1,retail,Haryana,43,109454.52,93905.33,25290.4,0,36,0.074,1,94.5,1387234.2,8.7,0.766,0,38.1,0
MSME000408,Balaji Metals,8.4,trading,Uttar Pradesh,34,1547689.94,1191689.54,165535.63,0,74,0.339,1,100.0,13928789.27,7.0,0.12,0,17.2,0
MSME000409,Classic Associates,6.3,services,Uttar Pradesh,50,443511.91,425660.23,13691.52,2,39,0.311,1,73.2,4032093.7,8.6,0.624,0,45.6,0
MSME000410,Shree Logistics,3.0,trading,Madhya Pradesh,3,303805.1,315043.23,1211.97,6,27,0.452,1,78.3,2762342.35,23.7,0.313,1,26.9,0
MSME000411,Annapurna Traders,4.1,trading,Bihar,7,1116152.85,984422.35,130081.92,0,45,0.295,1,87.1,11117991.1,19.5,0.471,0,26.7,0
MSME000412,Kaveri Plastics,8.1,retail,Karnataka,7,918301.45,883563.07,106577.17,0,58,0.168,0,,,,0.507,0,12.7,0
MSME000413,Lakshmi Garments,2.1,manufacturing,Haryana,7,703626.78,715088.57,4881.44,1,21,0.544,1,83.2,7361115.16,8.8,0.125,0,7.7,1
MSME000414,Balaji Bakers,10.6,trading,Maharashtra,3,552996.29,547789.77,76881.84,0,83,0.403,1,80.3,6312921.62,11.0,0.493,0,35.6,0
MSME000415,Shree Electricals,5.9,trading,West Bengal,8,853452.31,771394.3,84727.96,0,62,0.346,1,80.6,8354952.67,5.9,0.251,0,16.7,1
MSME000416,Durga Foods,9.6,trading,West Bengal,4,887397.54,818439.22,90743.34,1,102,0.301,1,79.8,7705867.3,7.8,0.1,0,0.0,0
MSME000417,Modern Agencies,6.9,retail,Tamil Nadu,17,1276282.17,1049239.18,124887.79,0,71,0.228,1,71.7,13453940.68,27.9,0.703,1,73.3,0
MSME000418,Balaji Textiles,1.1,retail,Kerala,9,474364.48,497479.68,23910.63,0,6,0.673,1,80.3,5034508.9,6.9,0.749,0,34.4,0
MSME000419,Lakshmi Associates,5.1,retail,Karnataka,46,488192.14,481733.98,14885.07,1,49,0.46,1,82.6,5105384.25,20.5,0.886,0,50.5,0
MSME000420,Om Suppliers,10.7,services,Tamil Nadu,4,286904.98,290374.25,38219.33,1,100,0.366,1,86.1,2727989.27,14.7,0.378,0,12.6,0
MSME000421,Classic Metals,5.8,retail,Maharashtra,185,1196549.15,964335.69,216639.15,0,47,0.053,1,89.5,12257750.85,8.8,0.652,1,63.4,0
MSME000422,Durga Solutions,5.2,retail,Maharashtra,9,434220.6,325665.45,108555.15,0,57,0.05,1,83.4,3712803.5,16.6,0.7,1,60.9,0
MSME000423,New Enterprises,5.8,food,Kerala,10,217395.44,194765.01,19706.29,0,61,0.398,0,,,,0.505,0,12.4,0
MSME000424,Krishna Foods,0.8,trading,Tamil Nadu,8,633745.54,588223.65,112080.83,0,6,0.293,1,89.9,6959162.65,9.5,0.392,0,18.0,0
MSME000425,Vishwakarma Electricals,11.5,trading,Kerala,5,182536.73,200790.4,0.0,5,111,0.563,0,,,,0.198,0,16.9,1
MSME000426,Annapurna Foods,0.5,trading,Maharashtra,45,880824.3,660618.22,178848.02,0,6,0.363,1,98.1,10951342.35,0.0,0.353,0,29.9,0
MSME000427,Royal Metals,13.2,retail,Haryana,5,406327.45,364123.77,47178.69,2,126,0.277,1,81.5,4753519.94,8.3,0.731,0,36.7,0
MSME000428,National Industries,3.9,retail,Andhra Pradesh,48,790369.07,765788.58,155349.11,1,42,0.242,1,65.7,8256341.38,7.7,0.459,1,59.4,1
MSME000429,Shree Traders,7.3,manufacturing,Maharashtra,4,723502.13,717357.78,68077.39,1,59,0.566,1,82.3,6769272.24,13.6,0.122,0,2.0,0
MSME000430,Sri Bakers,0.8,trading,Maharashtra,200,1959322.42,1602250.96,461037.7,0,8,0.056,1,68.7,20657402.66,11.0,0.289,0,34.4,0
MSME000431,Sai Solutions,9.0,services,Telangana,4,1120979.52,989186.82,248965.3,0,79,0.118,1,80.5,12499234.54,1.0,0.408,0,16.0,0
MSME000432,Sri Foods,8.0,food,Maharashtra,5,231370.79,207212.56,37723.42,0,71,0.204,0,,,,0.52,1,54.1,1
MSME000433,National Electricals,7.6,retail,Tamil Nadu,22,683176.26,565623.38,75431.79,0,74,0.224,1,73.7,8272415.53,11.2,0.86,0,36.5,0
MSME000434,Balaji Garments,0.7,services,Telangana,5,397568.09,386910.47,61099.52,1,7,0.377,1,91.5,5054268.07,15.2,0.62,0,32.2,0
MSME000435,Vishwakarma Garments,2.7,retail,Kerala,8,473244.83,424639.36,96212.56,0,28,0.131,1,96.5,5970062.2,8.5,0.75,1,71.6,0
MSME000436,Balaji Solutions,6.9,trading,Bihar,9,257590.28,262327.15,0.0,2,55,0.312,1,61.5,2728643.15,26.2,0.347,0,44.4,0
MSME000437,Krishna Exports,11.3,manufacturing,Kerala,9,301970.7,332167.77,0.0,3,109,0.704,1,81.2,3811517.69,9.1,0.067,0,0.0,1
MSME000438,Classic Traders,2.3,retail,Karnataka,36,682423.44,728064.6,22381.43,1,23,0.534,1,82.0,7322763.94,11.1,0.614,1,39.2,0
MSME000439,Sai Exports,2.4,food,Bihar,7,143137.29,140818.87,1985.03,2,11,0.489,0,,,,0.725,1,75.3,0
MSME000440,Maruti Associates,6.6,services,Gujarat,22,460060.69,455608.35,4307.77,1,70,0.394,1,81.7,5728067.44,0.0,0.578,0,32.2,0
MSME000441,Modern Garments,22.9,trading,Telangana,30,520658.88,481482.16,80359.9,0,154,0.324,1,93.4,6098328.87,0.0,0.24,0,25.2,0
MSME000442,Ganesh Garments,3.1,retail,Madhya Pradesh,49,633631.37,586058.52,87513.87,0,17,0.277,1,85.5,6631117.67,7.4,0.442,0,14.2,0
MSME000443,Balaji Caterers,3.9,services,Karnataka,10,811953.31,804974.65,81464.0,0,29,0.287,1,74.3,8061332.06,2.4,0.267,1,57.8,0
MSME000444,Shiv Metals,3.4,trading,Haryana,9,285418.21,274394.6,19567.47,0,37,0.372,0,,,,0.131,0,1.9,0
MSME000445,Om Engineering Works,4.7,retail,Rajasthan,165,1738916.24,1760512.05,76969.81,3,40,0.582,1,87.3,16780620.66,10.6,0.635,0,33.2,0
MSME000446,Durga Agencies,11.9,trading,West Bengal,31,548371.27,529451.37,35543.01,2,132,0.29,1,78.3,4783318.13,13.0,0.482,0,27.4,0
MSME000447,Ganesh Stores,4.9,retail,Rajasthan,5,292721.1,267876.66,15414.21,0,24,0.397,1,90.5,3019628.81,9.8,0.745,1,55.8,0
MSME000448,Modern Exports,24.3,food,Tamil Nadu,41,750930.99,730841.24,111208.35,0,205,0.338,1,90.5,7654451.29,0.0,0.876,0,45.0,0
MSME000449,Om Exports,5.7,trading,Tamil Nadu,5,371836.02,335175.49,47754.44,1,28,0.202,0,,,,0.449,0,9.4,0
MSME000450,Lakshmi Textiles,12.7,trading,Punjab,29,450396.98,397022.64,112599.24,1,106,0.144,1,71.2,5081718.44,8.9,0.393,0,27.2,0
MSME000451,Modern Engineering Works,4.1,manufacturing,Gujarat,5,395354.87,380359.41,37247.62,0,16,0.452,1,70.1,4608631.98,17.7,0.141,0,3.7,0
MSME000452,Classic Logistics,1.7,services,Madhya Pradesh,11,168737.77,134134.23,42184.44,0,19,0.134,0,,,,0.473,1,27.1,0
MSME000453,Shiv Metals,4.9,manufacturing,Karnataka,17,865476.16,790301.77,132814.15,0,39,0.088,1,85.8,10667693.77,20.4,0.06,0,0.0,0
MSME000454,Shree Fabrics,7.7,food,Kerala,1,50000.0,44755.55,7478.75,0,35,0.213,1,85.5,481544.06,18.2,0.769,0,44.9,0
MSME000455,Krishna Electricals,2.7,retail,Bihar,4,570118.44,545858.75,118569.17,0,28,0.167,1,91.0,4845321.82,9.8,0.566,0,34.0,0
MSME000456,Krishna Industries,11.4,trading,Maharashtra,37,1111067.34,982019.39,94203.72,0,121,0.311,1,79.6,10671361.02,8.4,0.186,0,25.7,0
MSME000457,Balaji Textiles,3.5,services,Gujarat,23,1352090.46,1323993.72,21473.97,3,36,0.363,1,92.9,11731594.11,5.6,0.274,0,16.7,0
MSME000458,Hanuman Agencies,2.1,retail,Madhya Pradesh,4,1161625.7,980891.49,196996.46,0,23,0.055,1,96.5,13830909.4,5.4,0.702,1,61.4,0
MSME000459,National Garments,21.4,services,Uttar Pradesh,193,1784277.47,1722949.32,222782.75,0,150,0.428,1,71.0,18732420.47,10.2,0.598,0,31.7,0
MSME000460,Balaji Bakers,2.6,retail,Rajasthan,8,305526.83,260359.63,24595.56,0,28,0.256,0,,,,0.517,1,68.1,0
MSME000461,Sri Bakers,3.5,food,Tamil Nadu,3,870598.25,784898.48,102805.0,0,25,0.225,1,53.4,7400019.62,25.9,0.754,1,58.1,1
MSME000462,Balaji Traders,8.6,services,Maharashtra,101,454656.27,363409.71,91475.43,0,58,0.116,1,88.3,4325077.85,11.3,0.464,1,46.6,0
MSME000463,Sri Logistics,4.0,services,Haryana,7,137315.59,117873.36,20072.61,0,24,0.118,1,79.5,1340824.55,3.7,0.54,0,36.3,0
MSME000464,Vishwakarma Engineering Works,2.1,trading,Delhi,23,1900214.06,2027977.32,18086.63,3,21,0.509,1,79.3,20692465.21,10.2,0.463,0,27.3,0
MSME000465,Shree Textiles,3.2,food,Bihar,14,584688.91,458920.92,137223.88,0,27,0.05,1,100.0,6068118.35,7.4,0.616,1,49.1,0
MSME000466,Modern Associates,17.6,services,Uttar Pradesh,4,117658.39,98181.43,18803.21,0,189,0.231,1,70.4,1240194.11,18.7,0.428,0,25.7,0
MSME000467,Annapurna Traders,7.9,manufacturing,Haryana,4,214967.7,206588.35,22696.78,0,88,0.359,1,69.5,2023902.29,13.5,0.233,0,28.8,0
MSME000468,Krishna Electricals,9.1,manufacturing,West Bengal,43,1258343.07,1254955.99,7925.57,2,91,0.462,1,80.7,12575315.4,9.5,0.199,0,10.2,0
MSME000469,Annapurna Associates,6.4,retail,Punjab,1,142536.58,123463.15,14377.94,0,72,0.126,1,97.2,1425476.54,0.4,0.46,0,21.4,0
MSME000470,Classic Engineering Works,7.2,retail,Maharashtra,6,265258.46,245623.87,14584.29,2,80,0.42,1,57.0,2784974.3,23.3,0.846,1,71.5,0
MSME000471,Sri Associates,3.7,retail,Uttar Pradesh,1,678314.91,555802.26,148147.11,0,36,0.086,1,84.4,8606043.36,0.0,0.504,1,50.9,0
MSME000472,National Plastics,5.8,services,Madhya Pradesh,3,986307.34,772368.56,146016.1,0,46,0.243,1,70.4,12432118.77,8.3,0.265,0,34.3,0
MSME000473,Vishwakarma Fabrics,0.6,services,Kerala,6,404583.28,376466.37,45371.0,0,6,0.387,1,77.3,5285480.02,7.7,0.317,0,25.4,0
MSME000474,Shiv Textiles,10.3,trading,Uttar Pradesh,7,440647.86,416673.52,33707.04,0,119,0.224,1,83.3,5599562.58,11.9,0.171,0,0.0,0
MSME000475,Hanuman Enterprises,3.7,food,Tamil Nadu,14,689918.37,628645.27,25259.29,0,40,0.223,1,64.2,7695736.92,25.4,0.507,0,39.8,0
MSME000476,New Garments,1.8,retail,Karnataka,5,274801.94,285091.19,4437.46,7,20,0.532,1,69.4,2881763.55,16.7,0.716,0,35.1,0
MSME000477,National Engineering Works,6.1,manufacturing,Haryana,3,121768.62,122490.42,12165.42,2,64,0.264,0,,,,0.093,0,7.3,1
MSME000478,Shree Logistics,4.5,trading,Telangana,9,113091.68,106896.47,16056.26,0,42,0.246,1,82.7,1345966.15,7.5,0.249,0,22.4,0
MSME000479,Durga Enterprises,10.0,trading,Delhi,32,727988.81,619376.95,112532.2,0,78,0.198,1,85.4,8539085.97,2.1,0.47,0,39.0,1
MSME000480,Balaji Associates,5.0,retail,Madhya Pradesh,4,568196.08,567538.14,51343.45,1,42,0.461,1,92.2,5877827.09,3.3,0.724,0,43.5,0
MSME000481,Lakshmi Solutions,3.1,services,Andhra Pradesh,4,333047.47,289045.97,66118.31,0,19,0.32,1,87.8,4384784.11,1.1,0.354,0,19.8,0
MSME000482,National Enterprises,5.1,manufacturing,Rajasthan,23,1200564.0,1162981.92,0.0,3,48,0.478,1,93.7,10251208.24,2.0,0.055,0,0.0,1
MSME000483,Lakshmi Electricals,13.7,trading,Maharashtra,1,438249.39,410849.33,52192.81,0,108,0.21,1,85.8,5093577.34,2.5,0.241,0,13.3,0
MSME000484,New Metals,10.2,trading,Madhya Pradesh,4,866148.23,952763.06,23761.53,5,89,0.457,1,73.5,8185636.85,24.9,0.114,0,22.9,0
MSME000485,Shiv Garments,7.9,services,West Bengal,47,770659.14,577994.36,155443.21,0,76,0.05,1,89.7,9557310.32,8.2,0.27,0,1.8,0
MSME000486,Kaveri Textiles,10.6,trading,Rajasthan,3,431143.63,447751.08,29047.52,1,113,0.416,1,78.2,4927752.38,5.4,0.363,0,18.4,0
MSME000487,Ganesh Foods,8.3,services,Tamil Nadu,4,323514.95,277742.35,55342.33,0,80,0.266,1,95.4,3873133.97,3.2,0.394,0,28.4,0
MSME000488,Om Fabrics,2.4,trading,Telangana,2,284273.01,247144.62,53312.24,0,17,0.304,0,,,,0.41,0,42.0,1
MSME000489,New Bakers,9.1,manufacturing,Telangana,37,374004.37,386347.0,0.0,3,54,0.632,1,82.6,4184967.18,14.0,0.213,0,28.9,0
MSME000490,Hanuman Agencies,11.4,services,Gujarat,13,898403.64,852516.38,81487.9,0,69,0.079,1,90.2,10308264.73,4.6,0.387,0,24.4,0
MSME000491,Classic Plastics,11.9,retail,Delhi,2,229680.27,225687.23,15500.55,0,121,0.322,1,61.9,2721430.34,14.1,0.822,1,77.5,0
MSME000492,Royal Fabrics,2.0,manufacturing,Gujarat,106,957853.7,931079.8,56183.28,0,17,0.403,1,73.4,11146190.53,14.6,0.024,0,10.4,0
MSME000493,New Textiles,3.5,trading,Maharashtra,35,578236.28,589560.4,37818.51,2,28,0.394,1,76.1,5579417.89,8.4,0.276,0,12.8,0
MSME000494,Hanuman Foods,3.0,food,Uttar Pradesh,8,169648.02,147185.18,37299.52,0,25,0.204,0,,,,0.736,0,48.5,0
MSME000495,Lakshmi Fabrics,4.1,services,Rajasthan,5,336950.9,349571.38,0.0,5,29,0.446,0,,,,0.603,0,29.1,1
MSME000496,Vishwakarma Textiles,7.3,retail,Maharashtra,7,550458.12,523346.38,117335.85,0,66,0.42,1,96.0,7185827.29,4.3,0.59,0,21.2,0
MSME000497,Balaji Fabrics,5.9,services,Madhya Pradesh,6,253212.77,238972.53,16949.75,3,51,0.392,0,,,,0.375,0,27.1,1
MSME000498,Maruti Plastics,5.9,retail,Telangana,6,699780.81,536662.53,116369.08,0,64,0.294,1,100.0,7253368.91,0.0,0.536,1,54.9,0
MSME000499,Classic Solutions,1.5,manufacturing,Karnataka,5,395760.82,339861.62,98940.2,0,17,0.05,1,81.9,3945628.15,18.5,0.295,0,25.1,0
MSME000500,Vishwakarma Traders,3.4,food,Kerala,4,123754.82,114131.63,10447.58,1,31,0.432,0,,,,0.792,1,72.1,0
MSME000501,Balaji Caterers,12.5,services,Delhi,3,644191.05,575587.03,62915.08,1,89,0.282,1,66.9,6760514.6,5.1,0.648,0,29.1,0
MSME000502,Durga Foods,11.4,trading,Rajasthan,9,576050.06,541710.44,94613.23,0,74,0.166,1,99.5,4964944.56,3.9,0.402,0,34.8,0
MSME000503,Modern Traders,5.0,services,Maharashtra,17,822200.13,684186.09,106371.78,0,32,0.153,1,57.8,9821866.34,19.2,0.366,0,27.0,0
MSME000504,Royal Logistics,9.1,trading,Uttar Pradesh,33,1246189.78,1135405.71,52008.25,0,63,0.223,1,84.2,15749442.5,9.1,0.368,0,28.0,0
MSME000505,Lakshmi Garments,6.8,retail,West Bengal,5,222421.42,197908.95,26114.47,0,77,0.126,1,95.8,2606307.58,0.9,0.445,0,15.2,0
MSME000506,Shiv Metals,9.8,food,Gujarat,20,351097.7,344620.86,28893.59,0,70,0.383,0,,,,0.542,0,24.4,0
MSME000507,Om Industries,9.4,trading,Madhya Pradesh,9,912234.82,733377.7,228058.7,0,96,0.05,1,82.0,8302057.41,2.7,0.218,0,8.1,0
MSME000508,Kaveri Enterprises,5.3,trading,Madhya Pradesh,8,1367555.82,1504311.4,0.0,5,53,0.639,1,75.7,13177479.72,12.4,0.183,0,10.6,0
MSME000509,Lakshmi Associates,7.9,retail,West Bengal,40,726888.37,641686.39,111090.15,0,82,0.261,1,86.0,7532433.07,12.4,0.795,1,88.2,0
MSME000510,Kaveri Bakers,7.2,food,Uttar Pradesh,125,576813.25,524797.16,72241.02,0,77,0.513,1,66.9,7232689.69,14.4,0.441,0,12.8,0
MSME000511,Modern Exports,5.4,food,Tamil Nadu,29,1320545.2,1306324.38,124265.74,0,40,0.33,1,75.8,15920591.57,7.5,0.881,1,74.7,0
MSME000512,Sri Fabrics,4.5,trading,Gujarat,7,339126.33,299771.79,49151.84,2,50,0.27,1,80.9,3579221.96,18.2,0.308,0,8.8,0
MSME000513,National Caterers,16.0,retail,Telangana,9,535753.16,481560.15,57440.65,0,180,0.33,1,88.8,6085629.7,13.2,0.86,1,64.9,0
MSME000514,National Bakers,5.4,manufacturing,Madhya Pradesh,27,637970.08,613179.95,70825.44,0,54,0.267,1,84.6,7834499.63,1.9,0.078,0,1.8,0
MSME000515,Modern Garments,8.7,trading,West Bengal,46,980961.98,883359.96,118813.35,0,97,0.1,1,94.9,11775978.84,1.3,0.221,1,41.8,0
MSME000516,Balaji Stores,15.2,food,Madhya Pradesh,7,202460.99,158388.88,48709.13,0,129,0.117,1,85.7,2411825.63,7.8,0.855,0,25.4,0
MSME000517,Royal Garments,7.9,food,Rajasthan,9,299018.36,328564.29,0.0,2,59,0.803,1,74.5,2653197.2,14.1,0.847,0,33.6,1
MSME000518,Sai Stores,7.7,manufacturing,Maharashtra,8,395677.26,339055.69,77995.69,0,72,0.181,0,,,,0.063,0,0.0,0
MSME000519,Shiv Associates,5.4,retail,Uttar Pradesh,7,596421.8,465277.79,149105.45,0,57,0.05,1,85.7,7571776.83,5.8,0.6,1,56.2,0
MSME000520,Krishna Garments,7.3,services,Uttar Pradesh,8,445380.98,474064.55,0.0,3,65,0.521,1,79.0,3821730.5,4.8,0.425,0,15.2,0
MSME000521,Maruti Exports,4.2,food,Maharashtra,9,596261.27,517753.39,104250.34,0,21,0.317,1,81.6,5833695.6,11.0,0.583,0,29.0,0
MSME000522,Balaji Stores,26.4,trading,Tamil Nadu,3,235224.86,199011.74,52008.14,0,240,0.269,1,89.7,3017436.18,1.6,0.338,0,15.2,0
MSME000523,Annapurna Fabrics,1.5,manufacturing,Telangana,28,727726.38,622251.85,106140.82,0,15,0.151,0,,,,0.054,0,8.2,1
MSME000524,National Caterers,4.8,trading,Maharashtra,9,728368.75,558690.19,142030.63,0,40,0.05,1,95.0,7421546.69,7.0,0.495,0,29.9,0
MSME000525,Ganesh Suppliers,8.0,food,Maharashtra,6,521234.7,455498.79,88878.0,1,65,0.447,1,75.4,5864682.88,22.7,0.633,0,34.4,1
MSME000526,Ganesh Industries,7.7,services,Maharashtra,2,120859.26,132945.19,0.0,5,70,0.493,1,82.5,1318089.77,17.0,0.342,0,29.7,0
MSME000527,Classic Associates,4.2,retail,Tamil Nadu,20,677951.75,610696.96,107280.59,0,43,0.05,1,68.7,8387879.81,18.9,0.546,0,37.9,0
MSME000528,Balaji Electricals,1.0,trading,Uttar Pradesh,2,209509.5,174447.3,39799.76,0,8,0.24,1,74.3,1788346.12,10.3,0.171,0,7.2,0
MSME000529,Classic Traders,1.8,retail,Maharashtra,31,1071672.69,836754.02,239444.37,0,14,0.132,1,94.7,12543352.64,0.0,0.532,0,17.5,0
MSME000530,Classic Enterprises,6.3,trading,Tamil Nadu,8,1386708.82,1486671.18,0.0,7,52,0.556,1,71.7,14312209.14,20.0,0.329,0,16.4,1
MSME000531,Krishna Associates,0.7,food,Haryana,9,87357.91,86891.38,0.0,4,6,0.549,0,,,,0.519,0,15.6,0
MSME000532,Annapurna Caterers,8.4,retail,Tamil Nadu,92,629640.4,602242.02,22216.6,3,68,0.283,1,93.2,6779413.23,0.0,0.855,0,52.4,0
MSME000533,Annapurna Garments,12.1,food,Uttar Pradesh,7,393712.06,321092.37,71471.88,0,47,0.1,1,83.3,4819692.24,9.6,0.747,1,83.6,0
MSME000534,Lakshmi Exports,9.5,retail,Rajasthan,7,413477.37,349817.77,96535.19,0,96,0.05,1,100.0,4590306.6,0.7,0.597,1,61.5,0
MSME000535,Krishna Enterprises,10.8,services,Uttar Pradesh,43,1135356.6,1035576.53,105380.57,0,113,0.414,1,70.7,10882913.54,12.1,0.564,0,39.3,0
MSME000536,Annapurna Stores,0.7,food,Karnataka,9,383774.04,378369.43,37004.38,0,6,0.406,1,81.0,3815498.9,10.5,0.882,0,40.1,0
MSME000537,Shiv Enterprises,4.4,services,Gujarat,10,325481.45,244111.09,81370.36,2,24,0.05,1,80.5,4046043.22,6.0,0.345,0,20.7,0
MSME000538,Balaji Metals,2.2,manufacturing,Kerala,97,678069.09,688213.57,41616.99,1,20,0.297,1,56.9,6983733.62,12.6,0.232,0,11.3,1
MSME000539,Om Metals,1.2,food,Delhi,9,191114.88,168376.93,39618.59,0,9,0.093,1,92.9,2276207.45,15.8,0.466,1,42.9,0
MSME000540,Shree Solutions,3.7,services,Madhya Pradesh,2,177913.18,175011.53,10754.36,2,31,0.443,1,90.2,2029111.73,4.5,0.389,0,20.1,0
MSME000541,Sri Engineering Works,15.0,manufacturing,Uttar Pradesh,13,474221.54,430888.54,80685.77,1,87,0.186,1,88.2,4636883.41,10.2,0.291,0,5.8,0
MSME000542,Sai Textiles,17.7,retail,Rajasthan,22,723559.99,655075.74,52055.69,1,133,0.333,1,85.2,6729198.42,0.0,0.766,1,75.0,0
MSME000543,Annapurna Engineering Works,2.5,trading,Tamil Nadu,9,473826.05,500829.35,36932.41,1,19,0.251,1,77.0,5547072.02,3.2,0.172,0,5.3,0
MSME000544,Annapurna Fabrics,5.7,retail,Telangana,6,276467.93,268914.58,27408.21,1,39,0.479,1,76.1,3011082.0,6.1,0.71,0,31.4,0
MSME000545,National Foods,7.2,manufacturing,Maharashtra,34,496796.95,499768.61,48845.32,0,63,0.401,1,79.4,5943274.15,4.6,0.216,0,13.7,0
MSME000546,Sai Bakers,4.4,services,Madhya Pradesh,20,364998.93,332633.51,13452.95,3,46,0.392,1,84.7,4335029.0,2.0,0.592,0,39.0,0
MSME000547,Vishwakarma Textiles,12.6,services,Tamil Nadu,8,298551.98,270257.96,59664.47,1,116,0.266,1,83.6,3012145.66,2.8,0.505,0,37.0,0
MSME000548,Krishna Traders,3.7,food,Rajasthan,8,234972.86,176229.65,42082.76,0,30,0.054,1,90.7,3098934.13,10.2,0.706,1,57.6,0
MSME000549,Om Foods,3.2,retail,Tamil Nadu,7,599999.7,587277.72,47746.7,0,27,0.381,1,96.9,7702976.08,0.0,0.644,0,35.5,0
MSME000550,Durga Fabrics,2.6,food,Gujarat,9,779765.27,742503.68,30497.81,2,27,0.432,1,81.8,8229302.45,0.0,0.643,1,69.9,1
MSME000551,National Suppliers,4.4,retail,Madhya Pradesh,41,370406.26,407446.89,32880.41,3,23,0.211,1,77.7,3738181.7,11.6,0.541,0,20.4,0
MSME000552,Maruti Agencies,0.5,trading,West Bengal,13,1068345.52,1089554.54,17387.47,0,6,0.26,1,92.2,11214052.03,1.9,0.102,0,6.4,0
MSME000553,National Stores,4.5,services,Tamil Nadu,2,391931.96,431125.16,5793.5,7,45,0.731,1,69.5,3554448.36,23.5,0.438,0,24.8,0
MSME000554,Ganesh Suppliers,6.0,trading,Maharashtra,21,736769.76,621113.14,156597.06,1,66,0.154,1,94.5,8309578.06,3.4,0.493,0,18.3,0
MSME000555,Modern Associates,6.2,services,Andhra Pradesh,34,1460479.99,1379152.81,163614.41,0,50,0.249,1,100.0,18799914.16,9.0,0.672,0,47.2,0
MSME000556,Om Garments,2.1,manufacturing,Rajasthan,45,857867.09,825930.94,96399.23,0,21,0.203,1,91.9,8006347.53,3.4,0.269,0,12.1,0
MSME000557,Sri Industries,6.2,manufacturing,West Bengal,60,1281983.7,1296423.49,25573.62,0,56,0.664,1,84.4,15162320.4,4.4,0.117,1,43.2,0
MSME000558,Royal Engineering Works,6.1,retail,Rajasthan,9,478562.99,448559.16,25989.25,0,51,0.395,1,70.7,5412376.35,17.3,0.764,1,57.5,0
MSME000559,New Garments,6.2,retail,West Bengal,25,625738.58,674381.34,5889.62,3,73,0.421,1,79.1,5763256.53,2.8,0.619,1,37.1,0
MSME000560,Royal Industries,9.6,retail,West Bengal,4,450285.85,414501.77,45677.39,0,101,0.276,1,72.7,4867226.95,19.7,0.467,0,20.7,0
MSME000561,Om Plastics,2.0,trading,Maharashtra,3,380026.83,335645.08,78240.12,0,15,0.309,1,67.8,4983612.49,12.7,0.407,0,26.2,0
MSME000562,Shree Industries,4.4,retail,Karnataka,8,557506.98,495679.12,50149.28,0,35,0.246,1,64.4,5496635.12,7.1,0.624,0,29.8,0
MSME000563,Shiv Fabrics,0.9,trading,Rajasthan,10,368894.46,337745.95,34090.95,2,9,0.467,1,73.6,4788120.41,15.6,0.179,0,10.8,1
MSME000564,Annapurna Industries,9.0,manufacturing,Maharashtra,21,526541.64,469538.61,0.0,4,74,0.611,1,84.6,5686784.83,6.6,0.061,0,3.1,0
MSME000565,Royal Enterprises,2.4,food,Bihar,1,130452.7,112022.16,8211.66,3,10,0.289,0,,,,0.413,1,39.7,0
MSME000566,Kaveri Suppliers,10.7,manufacturing,Uttar Pradesh,10,489054.85,443716.68,60725.21,0,99,0.224,1,76.0,6349282.26,14.0,0.2,1,61.2,0
MSME000567,Kaveri Foods,10.9,retail,Maharashtra,4,610781.85,613301.84,39622.28,3,102,0.306,1,87.6,6185875.96,3.6,0.848,0,45.7,0
MSME000568,Kaveri Agencies,4.8,services,Telangana,10,337798.77,371578.65,11747.55,1,20,0.417,0,,,,0.42,0,17.3,0
MSME000569,Hanuman Electricals,4.6,retail,Andhra Pradesh,1,329288.01,326179.74,14452.72,0,46,0.249,1,73.1,3802499.81,11.9,0.646,1,84.5,0
MSME000570,Krishna Foods,1.4,trading,Tamil Nadu,7,553915.93,505222.31,22042.52,1,12,0.491,1,92.3,6165705.36,7.4,0.189,1,27.2,0
MSME000571,Classic Fabrics,5.5,trading,Madhya Pradesh,98,834264.43,801112.71,102931.17,0,47,0.243,1,65.4,7943597.34,14.2,0.119,0,7.7,0
MSME000572,Vishwakarma Stores,9.6,food,Maharashtra,48,1252625.2,1305259.56,0.0,2,90,0.381,1,62.8,13968006.35,8.0,0.576,1,51.6,0
MSME000573,Lakshmi Foods,6.7,services,Bihar,6,559475.32,566577.74,58672.27,1,36,0.37,1,84.7,4974126.07,13.0,0.552,0,19.6,0
MSME000574,Shree Stores,13.7,retail,Rajasthan,9,447519.4,398348.9,98564.42,0,148,0.251,1,86.9,5344336.89,2.5,0.821,0,53.8,0
MSME000575,Shree Logistics,4.0,services,Telangana,5,337768.17,330760.89,18986.02,1,44,0.264,1,63.7,4354293.67,4.6,0.582,0,32.5,0
MSME000576,Maruti Garments,4.0,food,Gujarat,1,199030.42,203306.43,2077.03,1,36,0.457,0,,,,0.825,0,34.3,0
MSME000577,Classic Associates,2.5,retail,Gujarat,2,122304.11,134534.52,0.0,5,28,0.643,0,,,,0.615,1,77.1,1
MSME000578,Om Caterers,19.9,manufacturing,Andhra Pradesh,3,263797.79,197848.34,65949.45,0,217,0.05,1,83.1,2577713.27,13.9,0.107,0,6.5,1
MSME000579,Royal Plastics,1.4,retail,Maharashtra,9,576585.29,432438.97,101958.32,0,8,0.13,1,76.5,5967880.54,7.3,0.412,1,59.8,0
MSME000580,Balaji Agencies,9.1,retail,Uttar Pradesh,31,272122.28,276133.44,68030.57,0,105,0.117,1,93.4,2768659.48,3.5,0.639,1,73.0,0
MSME000581,Sai Garments,9.7,manufacturing,Gujarat,1,197430.73,167077.69,43092.2,1,75,0.09,0,,,,0.13,1,18.6,0
MSME000582,National Metals,9.4,retail,West Bengal,9,360265.18,331358.66,57265.66,0,102,0.337,1,69.2,3062558.25,14.7,0.413,1,54.9,0
MSME000583,Balaji Logistics,2.7,services,Maharashtra,6,1842996.98,1465568.95,250003.54,0,28,0.384,1,68.1,21500418.05,20.9,0.658,0,46.2,0
MSME000584,Sai Enterprises,4.8,retail,Karnataka,19,811859.74,888221.75,0.0,3,55,0.434,1,77.3,9817308.89,17.3,0.507,1,54.7,0
MSME000585,Vishwakarma Plastics,8.2,services,Gujarat,160,1842556.17,1573891.08,460639.04,0,79,0.05,1,78.3,16905602.29,4.9,0.414,0,32.7,0
MSME000586,Classic Logistics,3.3,services,West Bengal,6,239680.62,211473.23,7935.48,3,38,0.342,0,,,,0.401,1,43.4,0
MSME000587,Durga Foods,4.3,manufacturing,Kerala,10,729415.88,686308.84,82913.26,1,27,0.222,1,74.9,7271361.39,21.7,0.261,0,29.4,0
MSME000588,Sai Solutions,3.3,manufacturing,Rajasthan,8,212197.28,199611.73,19497.42,0,32,0.277,0,,,,0.13,0,3.2,0
MSME000589,National Metals,5.8,services,Karnataka,7,326010.88,281343.26,27987.75,0,61,0.255,1,89.5,3329125.21,0.0,0.281,0,30.3,0
MSME000590,National Metals,5.6,trading,Rajasthan,9,681973.87,623466.22,144760.77,0,65,0.179,1,90.7,6213466.26,9.5,0.331,0,23.0,0
MSME000591,National Enterprises,15.4,retail,Maharashtra,5,171617.21,163055.25,23800.41,2,135,0.223,1,67.9,2077852.1,10.4,0.492,1,56.3,0
MSME000592,Classic Associates,8.3,services,Telangana,10,540712.83,533462.21,8669.02,2,83,0.429,1,78.4,4581290.82,22.4,0.328,1,32.0,0
MSME000593,Kaveri Garments,1.7,trading,Kerala,8,647584.97,550367.37,94501.8,2,15,0.203,1,98.6,7811200.48,0.0,0.477,0,40.4,0
MSME000594,Modern Suppliers,1.9,retail,Telangana,10,331369.65,278399.63,34890.79,0,20,0.31,1,95.4,2908552.53,0.0,0.519,1,46.0,0
MSME000595,Ganesh Bakers,9.2,food,Delhi,6,205361.68,199231.53,22854.05,3,75,0.494,0,,,,0.533,1,70.6,0
MSME000596,National Agencies,5.5,trading,Rajasthan,45,567086.63,462887.64,119484.34,0,45,0.295,1,100.0,5475620.71,10.0,0.214,0,15.7,0
MSME000597,Krishna Garments,19.2,retail,West Bengal,7,342371.09,314965.91,21911.2,0,226,0.33,0,,,,0.519,1,58.2,0
MSME000598,New Stores,19.1,food,Uttar Pradesh,5,258407.38,207985.41,64601.85,0,104,0.209,1,69.0,3366833.43,12.4,0.894,1,70.2,0
MSME000599,Hanuman Fabrics,2.5,services,Punjab,12,609171.66,570945.45,18757.73,0,15,0.583,1,73.5,5710479.87,11.0,0.397,1,44.0,0
MSME000600,Hanuman Fabrics,6.8,services,Karnataka,40,493782.76,456481.78,40246.44,0,73,0.225,1,69.1,5686733.98,0.0,0.391,0,7.0,0
MSME000601,Hanuman Electricals,1.9,retail,Tamil Nadu,10,1114076.04,1140467.0,50639.85,0,17,0.315,1,84.3,11997448.96,5.1,0.83,1,78.8,0
MSME000602,New Solutions,9.1,trading,Telangana,7,1150783.54,1151395.41,87513.56,0,101,0.469,1,69.7,13973790.39,13.0,0.275,0,19.3,0
MSME000603,Sri Traders,16.8,services,Karnataka,2,304819.18,270724.0,55403.34,2,189,0.195,1,100.0,3366405.01,0.0,0.279,0,30.6,0
MSME000604,Balaji Plastics,6.1,retail,Delhi,6,327188.94,304870.69,28642.41,0,57,0.493,1,78.5,3488017.63,14.8,0.59,1,55.7,0
MSME000605,National Suppliers,3.9,services,Bihar,2,199637.52,149728.14,49909.38,4,25,0.05,0,,,,0.297,0,35.6,1
MSME000606,Om Enterprises,7.3,retail,Andhra Pradesh,7,493209.66,415705.41,81959.06,0,80,0.322,1,80.8,6405619.96,10.3,0.796,0,35.2,0
MSME000607,Ganesh Plastics,10.4,retail,Karnataka,7,543027.67,573356.09,33877.2,1,118,0.345,1,75.2,7037106.04,4.9,0.427,1,51.9,0
MSME000608,Om Associates,10.5,retail,Karnataka,9,400289.22,357293.56,55285.33,0,116,0.249,1,94.9,3570075.88,0.0,0.451,0,31.8,0
MSME000609,Modern Suppliers,3.9,retail,Bihar,2,228499.75,197326.67,22525.53,0,24,0.16,1,87.5,2918878.8,13.1,0.486,1,57.1,0
MSME000610,Royal Industries,3.2,retail,Maharashtra,5,454384.2,395448.62,66846.34,1,21,0.233,1,84.9,5205466.84,21.7,0.553,0,27.7,0
MSME000611,National Engineering Works,6.5,manufacturing,Maharashtra,4,470552.8,398332.41,25164.88,0,41,0.451,1,93.1,6069541.09,9.9,0.028,0,0.0,0
MSME000612,Shiv Foods,4.2,services,Haryana,5,257834.69,235643.66,25560.26,0,40,0.368,0,,,,0.375,0,21.7,0
MSME000613,New Suppliers,12.7,retail,Kerala,47,784401.26,724205.28,94433.93,1,131,0.24,1,86.7,7330845.31,1.2,0.413,1,43.6,0
MSME000614,Maruti Electricals,4.1,services,Delhi,34,452124.23,405742.6,38642.76,0,47,0.126,1,71.0,5413577.48,14.2,0.387,0,39.2,0
MSME000615,Durga Associates,5.8,retail,Maharashtra,10,305270.73,247299.71,54145.22,0,50,0.106,1,80.2,2773649.02,1.9,0.412,1,53.4,0
MSME000616,Hanuman Logistics,7.2,trading,Tamil Nadu,6,455615.58,494046.29,13816.84,1,78,0.545,1,69.5,4874160.69,17.6,0.189,0,12.3,0
MSME000617,Kaveri Fabrics,1.4,manufacturing,Kerala,124,933226.87,857657.36,102261.58,1,11,0.323,1,64.8,8568151.92,14.0,0.167,0,23.1,0
MSME000618,Lakshmi Textiles,3.4,services,Maharashtra,5,236001.17,208152.4,15517.95,1,25,0.216,1,62.3,2787934.61,10.2,0.263,0,22.2,0
MSME000619,Sai Caterers,18.6,services,Rajasthan,10,774181.02,839676.76,5875.73,6,139,0.479,1,77.2,7929189.95,8.3,0.519,0,12.2,0
MSME000620,Balaji Textiles,10.1,retail,Gujarat,6,318739.34,300142.5,30943.6,0,72,0.324,1,83.9,4197889.24,10.5,0.727,0,49.8,0
MSME000621,Vishwakarma Traders,4.1,retail,Andhra Pradesh,5,1031514.3,936072.2,128567.89,0,22,0.517,1,80.0,12206845.62,11.0,0.894,1,79.1,0
MSME000622,Shiv Traders,9.1,manufacturing,Karnataka,6,722877.64,733292.38,55728.68,1,72,0.123,1,68.1,9352175.0,15.1,0.105,0,10.3,1
MSME000623,Annapurna Foods,12.5,services,Tamil Nadu,47,442930.92,424932.9,70464.11,0,124,0.344,1,100.0,5811277.31,3.4,0.359,0,20.4,0
MSME000624,Vishwakarma Bakers,4.6,services,Karnataka,35,1204104.72,1048792.11,266288.59,0,44,0.21,1,97.8,14958269.38,0.0,0.44,1,45.3,0
MSME000625,Hanuman Foods,9.8,food,Maharashtra,9,247751.89,221988.29,10094.15,0,111,0.173,0,,,,0.797,1,60.1,0
MSME000626,Kaveri Stores,8.8,trading,Bihar,34,2285739.41,1768225.86,571434.85,0,91,0.229,1,75.7,25865466.37,6.3,0.472,0,34.1,1
MSME000627,Ganesh Exports,1.9,manufacturing,West Bengal,15,765227.12,714812.55,17662.72,3,15,0.474,1,82.4,8347661.05,0.8,0.102,1,27.0,0
MSME000628,Maruti Traders,4.6,services,West Bengal,18,701261.29,771387.42,0.0,5,24,0.685,1,77.6,6788376.64,10.8,0.577,0,26.3,1
MSME000629,Om Exports,15.6,retail,Rajasthan,5,380679.69,387863.52,30825.83,0,140,0.357,1,80.3,4590588.32,0.7,0.697,1,91.6,0
MSME000630,Maruti Traders,18.2,retail,Tamil Nadu,7,479600.06,448424.97,25685.33,0,111,0.233,1,72.5,4715022.59,14.3,0.69,1,59.3,0
MSME000631,Sri Plastics,10.2,services,Maharashtra,136,845728.86,930301.74,0.0,7,113,0.764,1,91.6,8385305.15,0.0,0.355,0,14.4,0
MSME000632,Ganesh Associates,3.3,retail,Delhi,2,170470.41,142345.9,34039.66,0,28,0.18,1,98.0,2000834.88,6.6,0.423,1,54.4,0
MSME000633,Vishwakarma Garments,0.5,services,Gujarat,1,261635.5,233717.47,18474.3,0,6,0.265,0,,,,0.555,0,28.2,0
MSME000634,Maruti Engineering Works,2.9,services,Rajasthan,1,381370.25,356824.41,15572.35,2,30,0.384,1,73.6,4685491.75,3.4,0.627,0,48.3,1
MSME000635,Annapurna Fabrics,1.7,trading,Gujarat,5,224613.54,227613.25,16716.9,0,15,0.479,1,76.0,2321954.08,14.3,0.489,0,32.2,0
MSME000636,Durga Associates,16.4,trading,Haryana,8,1162899.02,1071841.62,117933.64,0,150,0.211,1,79.1,13196176.23,9.5,0.284,0,17.5,0
MSME000637,Kaveri Engineering Works,0.9,services,Telangana,3,421191.12,354892.68,25980.58,1,9,0.26,0,,,,0.687,0,45.3,0
MSME000638,Lakshmi Exports,2.0,trading,Maharashtra,38,627943.36,649789.34,39633.75,1,21,0.528,1,78.2,7436599.98,9.8,0.171,0,13.6,0
MSME000639,New Industries,6.4,manufacturing,West Bengal,10,465441.12,468058.58,0.0,6,47,0.567,1,73.5,5025898.58,2.5,0.264,0,8.1,0
MSME000640,Classic Caterers,5.5,retail,Rajasthan,235,3343900.66,3093194.25,555116.58,1,54,0.178,1,75.8,28406483.35,8.9,0.753,1,70.1,0
MSME000641,Durga Fabrics,15.1,food,Telangana,38,952010.9,853894.54,113331.2,0,144,0.255,1,81.7,11593286.13,7.9,0.531,0,18.9,0
MSME000642,Classic Engineering Works,8.5,retail,Haryana,35,1262185.79,1201921.84,202453.55,0,79,0.256,1,82.5,11598647.72,5.6,0.76,0,31.0,0
MSME000643,Royal Stores,4.9,retail,Bihar,2,247070.17,245600.7,15821.59,1,52,0.452,0,,,,0.606,1,53.2,0
MSME000644,Shiv Stores,12.8,services,Andhra Pradesh,19,717919.58,671706.03,33989.68,0,108,0.394,1,76.3,8689590.7,17.5,0.503,0,25.8,0
MSME000645,New Suppliers,4.0,retail,Rajasthan,7,502138.19,468203.78,56479.56,0,39,0.292,1,100.0,4759111.74,4.3,0.791,0,44.7,0
MSME000646,Ganesh Enterprises,15.9,retail,Gujarat,3,291299.48,233878.05,38235.99,0,152,0.121,1,65.8,2910195.05,9.7,0.661,1,36.6,0
MSME000647,Shiv Bakers,2.6,retail,West Bengal,14,542661.41,406996.05,84070.11,0,22,0.205,1,86.5,5320532.85,9.2,0.417,0,19.2,0
MSME000648,Om Solutions,5.3,services,Bihar,1,399677.98,316296.09,73394.11,0,55,0.11,1,81.6,3695229.98,8.7,0.426,0,9.7,0
MSME000649,Modern Solutions,0.6,services,Uttar Pradesh,14,1162375.71,963755.66,185616.56,0,6,0.143,1,98.4,11330532.69,0.0,0.408,1,52.9,0
MSME000650,National Solutions,10.6,retail,Rajasthan,8,375698.58,311687.47,86251.44,0,88,0.05,1,82.1,3640945.46,17.6,0.403,0,18.2,0
MSME000651,Shiv Caterers,6.2,trading,Maharashtra,6,221895.37,188815.91,37101.25,0,60,0.347,1,87.3,2828300.95,7.2,0.41,1,45.6,0
MSME000652,Durga Logistics,16.0,retail,Uttar Pradesh,15,1288508.47,1221240.75,101393.05,0,149,0.405,1,55.1,14306214.76,15.5,0.438,0,14.6,1
MSME000653,Kaveri Enterprises,4.5,food,Kerala,7,846773.1,635079.82,137388.18,0,35,0.077,1,94.0,7670741.21,3.2,0.471,1,56.3,0
MSME000654,National Plastics,1.4,retail,Uttar Pradesh,10,575261.32,605582.65,2785.02,1,13,0.515,1,74.7,7106448.41,13.3,0.461,0,12.4,1
MSME000655,Krishna Foods,7.7,services,Telangana,19,1417671.26,1098749.8,354417.81,1,91,0.05,1,86.0,15254545.84,17.4,0.412,0,19.9,0
MSME000656,Om Foods,3.5,trading,Gujarat,6,547069.21,568382.21,26687.46,2,37,0.321,1,85.3,6218807.31,10.7,0.381,0,16.2,0
MSME000657,New Metals,9.5,services,Madhya Pradesh,9,255905.71,222440.35,46283.87,0,69,0.203,1,100.0,2506019.18,0.0,0.378,0,36.3,0
MSME000658,Hanuman Metals,2.7,food,Kerala,5,149469.39,132466.55,32370.22,0,26,0.05,0,,,,0.511,1,36.0,0
MSME000659,Sai Garments,14.1,trading,Telangana,4,195352.41,170019.71,20998.59,0,150,0.245,0,,,,0.151,0,22.4,0
MSME000660,Lakshmi Logistics,5.8,services,Telangana,4,330957.95,354620.35,0.0,2,55,0.444,1,88.7,3327970.53,0.0,0.495,1,49.3,0
MSME000661,Annapurna Industries,4.9,trading,Tamil Nadu,4,312716.99,315338.02,8031.15,1,27,0.239,1,80.1,3917938.87,1.7,0.464,0,23.5,0
MSME000662,Sri Foods,13.5,services,Gujarat,9,306868.98,287848.43,55535.29,3,123,0.305,0,,,,0.346,0,30.2,0
MSME000663,Shree Bakers,10.7,trading,Bihar,52,827850.21,750303.1,131093.88,0,122,0.112,1,80.2,9915084.45,3.8,0.478,0,34.5,0
MSME000664,Kaveri Plastics,3.0,retail,Bihar,6,633950.45,612646.45,63561.69,0,31,0.364,1,92.4,5794819.07,0.0,0.794,0,45.6,0
MSME000665,Krishna Garments,10.5,retail,Telangana,49,552525.95,518400.12,38882.43,0,88,0.305,1,75.9,5598429.77,14.3,0.871,1,78.1,0
MSME000666,Durga Plastics,9.0,retail,Bihar,10,311420.75,318641.96,0.0,6,68,0.519,1,65.3,2645317.4,21.7,0.435,1,33.1,1
MSME000667,Om Foods,5.1,food,Uttar Pradesh,3,202285.98,172116.75,49208.59,0,57,0.05,1,97.2,2082995.4,0.0,0.799,1,59.0,0
MSME000668,Royal Metals,9.9,manufacturing,Tamil Nadu,42,1531090.3,1336243.44,123695.41,0,100,0.341,1,100.0,15748100.23,0.6,0.137,0,12.4,0
MSME000669,Classic Fabrics,14.1,retail,Delhi,8,415133.66,350094.3,67284.81,0,143,0.131,1,55.3,3834398.7,27.4,0.741,0,31.5,0
MSME000670,Balaji Stores,5.3,trading,Karnataka,2,382223.66,348336.76,56137.09,0,47,0.189,1,95.7,4273984.61,8.5,0.132,0,7.8,0
MSME000671,Modern Agencies,5.3,services,Bihar,18,1222473.36,1194630.0,799.94,5,58,0.418,1,67.6,11944520.01,13.1,0.331,0,14.9,1
MSME000672,Hanuman Suppliers,5.0,trading,West Bengal,23,3276945.25,3005389.04,358297.34,0,39,0.26,1,73.4,43028621.45,9.7,0.129,0,0.0,0
MSME000673,Hanuman Solutions,2.9,trading,Delhi,3,526853.73,516280.14,90365.06,0,17,0.328,1,74.3,5166296.92,21.3,0.451,0,34.5,0
MSME000674,Sai Suppliers,5.2,services,Andhra Pradesh,46,930797.0,876586.14,23966.89,4,38,0.28,1,82.6,9303718.69,17.0,0.284,1,47.4,0
MSME000675,Hanuman Plastics,4.8,retail,Tamil Nadu,217,610335.24,502544.56,84453.25,0,35,0.05,1,78.6,5501205.84,19.4,0.694,1,62.0,0
MSME000676,Sri Engineering Works,4.5,trading,Kerala,1,325402.61,337320.52,0.0,3,43,0.298,1,64.1,3884889.8,15.2,0.196,0,25.8,1
MSME000677,Krishna Garments,4.5,retail,Tamil Nadu,10,477569.03,435392.3,59809.66,0,38,0.387,1,76.4,5377946.17,10.0,0.449,1,36.4,0
MSME000678,Sai Agencies,2.0,retail,Rajasthan,3,523818.93,494961.95,65766.96,0,16,0.359,1,77.3,5061491.4,4.3,0.595,1,49.9,0
MSME000679,Om Suppliers,11.4,services,Andhra Pradesh,9,340112.24,255084.18,85028.06,1,117,0.05,0,,,,0.572,0,24.9,1
MSME000680,Classic Traders,3.4,services,Tamil Nadu,5,394405.82,382585.06,33053.84,1,24,0.419,0,,,,0.501,1,50.1,0
MSME000681,Sri Textiles,14.6,food,Tamil Nadu,2,325207.32,296589.83,40984.24,0,109,0.357,1,74.9,3031451.73,12.0,0.522,1,52.3,1
MSME000682,Balaji Fabrics,2.4,retail,Madhya Pradesh,4,993895.2,777914.37,247176.69,1,21,0.05,1,85.7,9561202.21,0.0,0.696,0,46.3,0
MSME000683,Modern Agencies,16.9,services,Haryana,4,780207.22,725762.85,14572.77,0,160,0.417,1,85.3,9831082.47,5.1,0.536,0,50.0,0
MSME000684,Modern Exports,4.1,food,Uttar Pradesh,6,652137.3,586469.45,77450.75,0,44,0.289,1,86.7,5531465.69,15.0,0.556,1,61.3,0
MSME000685,Annapurna Garments,10.5,services,Madhya Pradesh,4,492453.81,476837.38,28826.22,3,107,0.436,1,71.4,4446229.53,14.4,0.624,0,34.9,0
MSME000686,National Exports,6.1,food,Karnataka,7,268624.99,284265.04,0.0,4,60,0.654,1,97.5,2432034.72,0.0,0.462,1,64.0,0
MSME000687,Vishwakarma Fabrics,1.7,food,Gujarat,8,528760.42,507118.88,44286.09,0,16,0.484,1,73.1,6049424.04,16.8,0.75,1,68.1,1
MSME000688,Krishna Foods,1.8,manufacturing,Bihar,2,240209.38,252977.59,15457.2,2,19,0.36,0,,,,0.298,0,17.2,0
MSME000689,Vishwakarma Fabrics,3.2,food,Karnataka,6,290178.12,284630.67,24320.39,0,25,0.219,1,60.5,2851333.83,8.9,0.636,0,38.1,0
MSME000690,New Foods,4.0,services,Telangana,6,992514.0,857496.69,154047.11,0,40,0.568,1,66.4,10278986.37,17.0,0.58,0,35.2,0
MSME000691,Modern Agencies,5.4,trading,Bihar,3,497999.87,464706.48,63664.81,0,48,0.299,1,74.5,4586371.98,10.3,0.287,0,24.4,0
MSME000692,New Associates,7.2,food,Haryana,8,401736.48,406468.3,0.0,6,84,0.475,1,79.8,3806338.9,12.9,0.77,1,48.5,1
MSME000693,Classic Bakers,4.8,manufacturing,Telangana,3,504997.0,487377.82,59487.01,0,47,0.364,1,87.6,5372339.19,10.8,0.044,0,7.5,0
MSME000694,Classic Foods,6.9,retail,Maharashtra,28,598523.53,501123.48,134962.1,1,46,0.095,1,98.1,7542883.13,1.2,0.448,1,51.7,1
MSME000695,Sai Associates,7.7,trading,Bihar,9,157801.82,130599.6,37815.61,0,76,0.23,1,94.8,1935669.73,4.0,0.288,0,14.2,0
MSME000696,Lakshmi Enterprises,4.7,retail,West Bengal,5,186703.42,194425.86,16898.87,2,34,0.309,0,,,,0.496,0,36.1,0
MSME000697,Sri Enterprises,8.9,manufacturing,Maharashtra,4,636138.59,517808.52,75779.58,0,92,0.339,1,87.7,7034413.96,30.9,0.224,0,19.8,0
MSME000698,Krishna Fabrics,10.3,retail,West Bengal,7,249739.23,254123.21,7260.2,3,78,0.436,1,90.0,2874911.91,10.5,0.581,0,27.1,0
MSME000699,Sai Logistics,7.9,trading,Bihar,7,451170.5,431873.93,41638.8,0,80,0.287,1,67.8,4676603.53,16.8,0.184,0,10.9,0
MSME000700,Sai Agencies,8.2,trading,Uttar Pradesh,6,232593.71,203998.73,36798.64,1,33,0.44,1,83.3,2381413.73,5.2,0.312,0,22.8,0
MSME000701,Om Suppliers,6.4,retail,Rajasthan,57,526286.71,484722.75,64068.64,0,69,0.401,1,77.9,5839735.22,10.4,0.407,1,46.2,0
MSME000702,Hanuman Agencies,12.1,food,Karnataka,7,339747.29,369098.41,0.0,4,109,0.422,1,56.5,2946042.67,20.3,0.572,1,48.8,0
MSME000703,Annapurna Engineering Works,5.5,trading,Gujarat,3,615745.19,551053.43,122428.19,0,46,0.057,1,75.5,7848633.5,12.8,0.178,0,11.1,0
MSME000704,Annapurna Exports,3.2,retail,Andhra Pradesh,22,1087350.96,1106986.37,110847.81,0,23,0.479,1,79.2,12141136.5,0.0,0.728,1,78.2,1
MSME000705,Balaji Electricals,5.6,retail,Uttar Pradesh,24,401573.31,405945.24,0.0,4,42,0.497,1,79.3,4464322.12,6.7,0.543,1,53.1,0
MSME000706,Krishna Metals,1.7,manufacturing,Bihar,9,685349.22,598323.31,126028.68,1,16,0.187,1,85.8,7147435.48,6.1,0.252,0,18.8,0
MSME000707,Shree Exports,1.5,services,Bihar,7,178534.71,149853.43,31086.63,0,13,0.255,0,,,,0.458,1,71.9,0
MSME000708,Krishna Electricals,10.4,trading,Rajasthan,3,382120.38,320632.02,27867.25,2,112,0.416,1,71.0,3374851.43,16.0,0.483,0,7.0,0
MSME000709,Shiv Garments,14.7,trading,Karnataka,26,1202645.16,1322909.68,0.0,1,146,0.56,1,63.0,13168551.06,27.9,0.111,0,14.0,0
MSME000710,Shiv Fabrics,4.2,food,Uttar Pradesh,10,365608.84,373590.72,17613.66,2,44,0.404,1,81.7,3638347.2,12.9,0.841,1,64.1,0
MSME000711,Durga Engineering Works,10.4,manufacturing,Uttar Pradesh,9,1193767.7,1081733.17,142675.85,0,90,0.189,1,93.3,11317227.95,7.3,0.197,0,5.1,0
MSME000712,Om Caterers,0.8,services,Karnataka,2,424161.24,414035.12,59965.86,1,6,0.262,0,,,,0.339,1,41.1,0
MSME000713,Sri Plastics,7.9,trading,Uttar Pradesh,8,569147.27,488937.75,77085.08,0,57,0.31,1,72.3,6836939.33,21.7,0.366,0,13.5,0
MSME000714,New Stores,5.5,food,Telangana,32,470104.76,393471.8,16874.52,1,43,0.464,1,93.1,5481114.63,21.8,0.622,0,39.8,0
MSME000715,Classic Solutions,16.4,services,West Bengal,6,278176.8,243372.59,10347.15,4,163,0.404,0,,,,0.278,0,4.2,1
MSME000716,New Exports,4.9,trading,Maharashtra,8,223526.27,198568.91,31629.43,0,51,0.331,0,,,,0.471,0,33.2,0
MSME000717,Om Textiles,2.2,food,Gujarat,4,141023.37,144334.98,7839.33,2,25,0.507,0,,,,0.694,1,72.9,0
MSME000718,Shiv Logistics,1.3,manufacturing,Andhra Pradesh,33,1482505.59,1472371.09,193268.99,0,10,0.374,1,80.6,16940736.73,12.2,0.043,1,13.0,0
MSME000719,Kaveri Traders,5.6,services,Tamil Nadu,3,695750.55,744018.08,42043.73,1,60,0.562,1,69.6,7614508.46,10.3,0.483,0,13.1,0
MSME000720,Krishna Plastics,6.4,manufacturing,Madhya Pradesh,32,468903.16,410569.54,23916.28,2,26,0.424,1,80.9,4579151.03,10.4,0.022,0,0.0,0
MSME000721,Balaji Solutions,4.7,trading,Maharashtra,3,384603.4,406741.04,71967.42,1,52,0.258,1,69.7,3989368.91,10.2,0.313,0,26.9,0
MSME000722,Classic Exports,10.6,trading,Delhi,1,111767.33,97086.36,17114.81,0,125,0.247,0,,,,0.464,0,18.9,0
MSME000723,National Stores,13.7,retail,Rajasthan,9,261258.09,252757.86,37299.89,0,160,0.262,1,91.7,2837203.87,24.3,0.436,1,50.7,0
MSME000724,Balaji Garments,4.2,services,Rajasthan,4,380844.52,394295.11,17554.98,1,40,0.574,0,,,,0.327,0,4.7,1
MSME000725,New Foods,1.0,trading,Karnataka,10,400866.43,425414.92,0.0,7,8,0.581,1,60.4,4305249.36,23.6,0.434,0,16.5,1
MSME000726,Balaji Electricals,6.9,trading,Gujarat,3,129127.91,118633.62,10621.49,0,65,0.173,0,,,,0.17,0,0.0,0
MSME000727,Sri Garments,12.3,food,Bihar,4,739990.8,745420.97,0.0,3,82,0.46,1,77.0,7805189.3,5.2,0.639,1,53.0,1
MSME000728,Sai Industries,4.2,retail,Maharashtra,9,435157.96,347907.46,68171.51,0,33,0.146,1,85.0,5356018.12,12.8,0.45,1,48.8,0
MSME000729,Shiv Exports,8.2,manufacturing,Uttar Pradesh,36,479705.67,478449.61,51224.36,0,80,0.516,1,76.6,5013989.28,14.2,0.248,0,15.2,1
MSME000730,Durga Exports,2.1,retail,Uttar Pradesh,4,375347.46,281510.6,93836.87,0,13,0.05,1,86.9,4197767.23,0.0,0.513,1,56.0,0
MSME000731,Sri Metals,6.8,retail,West Bengal,22,560395.45,605078.64,17474.87,2,65,0.493,1,82.3,5523449.86,8.2,0.587,1,46.2,0
MSME000732,Vishwakarma Industries,8.3,retail,Kerala,30,811549.67,732375.48,103625.25,0,80,0.166,1,82.0,10512832.92,0.0,0.711,1,76.7,0
MSME000733,Classic Metals,6.9,trading,Maharashtra,8,413430.98,449068.02,0.0,5,59,0.417,1,64.3,4342701.06,6.3,0.15,0,5.7,1
MSME000734,New Exports,19.3,trading,Andhra Pradesh,1,315835.6,290566.05,20033.04,1,143,0.361,1,63.2,3025159.31,9.4,0.274,0,25.8,1
MSME000735,Kaveri Stores,14.6,trading,Telangana,10,895974.03,795262.86,84715.56,0,130,0.171,1,65.7,9988762.22,7.3,0.268,0,21.8,0
MSME000736,Durga Associates,9.3,services,Maharashtra,44,330249.07,297000.58,51132.96,0,92,0.215,1,86.5,3840335.17,15.7,0.53,0,34.8,1
MSME000737,Sri Engineering Works,11.5,trading,Uttar Pradesh,7,326924.01,276469.79,52774.43,0,128,0.303,0,,,,0.486,0,39.2,0
MSME000738,Ganesh Caterers,6.7,retail,Gujarat,8,684510.82,635049.35,115291.41,0,77,0.18,1,70.8,6103849.79,15.4,0.84,0,39.5,0
MSME000739,Sri Foods,5.3,trading,Maharashtra,1,196196.72,182321.04,41153.71,0,60,0.162,0,,,,0.304,0,21.7,0
MSME000740,Royal Traders,3.9,retail,Bihar,10,441285.22,453678.94,18268.83,2,42,0.409,1,90.6,4271685.56,4.6,0.873,1,50.3,1
MSME000741,National Fabrics,2.0,retail,Rajasthan,5,288939.81,275303.37,59437.27,0,23,0.217,1,95.4,3161443.48,0.6,0.745,1,68.6,0
MSME000742,New Suppliers,15.1,retail,Gujarat,3,256209.58,254862.4,25168.94,0,104,0.35,1,70.9,2634593.36,9.4,0.7,1,68.0,0
MSME000743,Hanuman Bakers,19.8,services,Bihar,2,204117.09,170133.95,42890.25,1,209,0.157,1,89.9,2681765.81,10.2,0.436,1,41.9,0
MSME000744,Lakshmi Plastics,5.7,services,Tamil Nadu,1,108619.68,106328.2,11155.9,0,61,0.143,0,,,,0.352,0,20.5,0
MSME000745,New Traders,5.8,manufacturing,Andhra Pradesh,7,690749.64,636499.31,119185.04,1,43,0.254,1,83.1,6223223.88,14.7,0.28,0,0.0,0
MSME000746,Maruti Traders,8.5,manufacturing,West Bengal,24,1397177.41,1227714.2,204373.74,1,82,0.162,1,81.2,11975124.43,6.7,0.272,0,5.0,0
MSME000747,Om Exports,4.9,trading,Gujarat,3,336177.74,286500.05,72141.04,0,39,0.227,1,56.5,4102807.55,21.0,0.403,0,22.0,0
MSME000748,Ganesh Foods,2.3,trading,Karnataka,10,898850.08,882621.45,68589.99,0,24,0.476,1,76.5,10813447.55,15.3,0.114,0,0.0,0
MSME000749,Ganesh Caterers,1.7,retail,Tamil Nadu,3,244768.78,268170.63,7305.32,4,18,0.557,0,,,,0.416,0,40.7,0
MSME000750,Annapurna Industries,19.3,services,Haryana,1,160383.42,138991.27,25775.6,0,207,0.082,0,,,,0.529,0,34.1,0
MSME000751,Modern Bakers,1.1,retail,Rajasthan,9,560384.44,468239.27,137858.44,0,12,0.14,1,74.3,6877730.89,9.7,0.408,0,21.7,0
MSME000752,Balaji Foods,7.1,retail,Kerala,8,545752.97,507635.01,31228.94,1,82,0.297,1,79.3,5707094.47,0.7,0.472,0,28.1,0
MSME000753,Sai Industries,1.3,food,Punjab,50,580144.81,496346.12,85119.23,0,13,0.133,1,84.8,5802529.7,10.1,0.42,1,51.8,1
MSME000754,Classic Engineering Works,5.1,retail,Karnataka,30,933615.77,920410.49,5409.18,1,47,0.714,1,74.8,11999209.81,24.2,0.445,0,14.1,0
MSME000755,Krishna Industries,4.2,retail,Bihar,6,194853.75,197439.27,5094.94,2,40,0.306,1,72.9,2413834.85,9.6,0.632,1,64.4,0
MSME000756,Vishwakarma Exports,1.5,food,Karnataka,26,428502.97,374251.34,35748.1,0,10,0.333,1,63.6,3779654.42,15.3,0.461,1,54.0,0
MSME000757,Sri Electricals,8.8,trading,Maharashtra,9,878038.02,926198.38,0.0,7,89,0.68,1,75.7,8870250.95,14.5,0.391,0,16.2,0
MSME000758,Maruti Garments,2.1,trading,Delhi,39,1366183.67,1388891.76,22117.25,6,12,0.549,1,78.4,11500109.62,10.0,0.438,0,28.5,0
MSME000759,Balaji Garments,1.3,retail,Rajasthan,8,683293.51,654089.75,78915.78,2,9,0.223,1,70.2,6791642.88,18.8,0.631,0,32.5,0
MSME000760,Sri Traders,9.5,trading,Kerala,2,574478.81,548798.15,58213.61,1,108,0.335,1,77.3,6767103.61,10.7,0.253,0,18.6,0
MSME000761,Annapurna Industries,4.2,food,West Bengal,5,250601.93,226532.91,37979.56,0,33,0.223,1,74.4,2409964.15,18.1,0.599,1,68.9,0
MSME000762,Krishna Textiles,2.9,services,Maharashtra,10,170511.73,171859.9,15520.68,0,23,0.365,1,75.7,1527320.34,8.9,0.566,1,55.9,0
MSME000763,Classic Textiles,9.9,trading,Gujarat,26,617464.35,604220.35,1387.9,7,53,0.491,1,85.5,5634943.08,8.1,0.291,0,32.9,0
MSME000764,Classic Enterprises,2.0,trading,Uttar Pradesh,7,679131.74,647185.8,73118.76,0,20,0.308,1,84.5,6121130.55,2.2,0.312,0,13.4,0
MSME000765,Maruti Electricals,1.0,trading,Uttar Pradesh,7,743008.65,739033.03,57725.13,2,10,0.43,1,80.7,7355294.77,5.7,0.183,0,0.7,1
MSME000766,New Garments,13.1,services,Madhya Pradesh,2,200408.69,187238.41,13423.78,0,121,0.378,0,,,,0.425,0,25.5,0
MSME000767,Hanuman Electricals,17.6,retail,Maharashtra,26,361855.46,347355.02,58286.06,0,199,0.231,1,77.2,3049413.56,11.1,0.898,1,65.1,0
MSME000768,Shiv Electricals,5.0,retail,Punjab,6,245281.47,226325.89,21735.25,0,32,0.465,1,69.4,2992762.83,20.2,0.862,1,76.3,0
MSME000769,Balaji Plastics,5.0,services,Rajasthan,2,198500.23,174519.25,35328.29,0,44,0.082,0,,,,0.416,0,12.5,0
MSME000770,Maruti Garments,10.3,manufacturing,Rajasthan,7,189008.58,176380.73,18472.61,0,99,0.363,1,76.9,2390364.91,10.4,0.183,0,16.5,0
MSME000771,Durga Electricals,12.2,food,Tamil Nadu,3,197217.68,216939.45,0.0,8,104,0.631,0,,,,0.409,1,45.5,1
MSME000772,Modern Foods,2.3,manufacturing,Maharashtra,3,426342.8,418896.3,18444.27,2,25,0.464,1,88.5,4423849.36,7.2,0.104,0,21.7,0
MSME000773,Shree Exports,4.4,trading,Karnataka,6,432918.95,401957.57,56602.06,0,32,0.257,1,71.0,4480724.98,19.2,0.254,0,28.2,0
MSME000774,Sri Traders,6.7,manufacturing,Gujarat,153,1137558.92,1203794.01,63920.69,7,63,0.407,1,85.1,11565655.39,3.6,0.093,0,14.9,0
MSME000775,National Plastics,9.9,food,West Bengal,25,342586.79,325122.16,19286.01,1,66,0.284,0,,,,0.891,0,40.1,1
MSME000776,Modern Caterers,9.1,retail,Karnataka,1,167844.07,126848.22,41961.02,0,107,0.05,1,92.4,1614226.93,0.0,0.472,0,18.5,0
MSME000777,Vishwakarma Agencies,8.1,trading,Uttar Pradesh,7,352728.59,311712.41,66587.88,2,60,0.06,1,97.8,4008654.08,0.0,0.289,1,42.0,1
MSME000778,Balaji Industries,12.2,retail,Rajasthan,32,967270.81,1038983.13,0.0,6,124,0.852,1,84.0,11866999.5,5.4,0.862,0,52.8,0
MSME000779,Lakshmi Logistics,5.3,food,Tamil Nadu,5,307431.45,282060.61,44943.23,0,58,0.168,0,,,,0.756,1,66.6,0
MSME000780,Royal Industries,15.2,food,Uttar Pradesh,12,2287820.1,2091905.44,314891.39,0,135,0.396,1,70.4,24478666.06,22.6,0.756,0,39.9,0
MSME000781,Royal Textiles,3.5,manufacturing,Bihar,6,426581.43,415186.95,57298.81,0,20,0.479,1,68.6,5273599.69,12.6,0.241,0,18.3,0
MSME000782,Hanuman Industries,9.2,retail,Maharashtra,26,784058.59,716849.61,164514.2,0,79,0.229,1,100.0,8040149.59,0.0,0.821,1,83.2,0
MSME000783,Balaji Bakers,4.0,food,Tamil Nadu,8,298993.12,259632.66,66674.17,0,39,0.164,0,,,,0.432,1,65.4,0
MSME000784,Balaji Solutions,5.1,retail,Karnataka,41,588484.49,540147.57,74530.57,0,33,0.167,1,72.9,6737031.28,18.6,0.762,1,82.7,0
MSME000785,Shiv Associates,5.7,retail,Rajasthan,8,1018834.63,1039878.84,0.0,2,50,0.486,1,68.5,10492910.69,7.3,0.641,0,19.4,1
MSME000786,Krishna Suppliers,3.8,services,Delhi,24,982542.81,935222.51,121335.2,0,36,0.231,1,86.1,11840187.44,9.1,0.399,0,0.0,0
MSME000787,Shree Suppliers,12.5,manufacturing,Andhra Pradesh,10,227701.12,225468.99,5429.9,3,139,0.463,1,79.5,2786453.65,12.4,0.251,0,19.7,0
MSME000788,Durga Suppliers,4.1,manufacturing,Bihar,2,209321.02,178095.7,52243.87,0,34,0.145,1,100.0,2003181.25,3.5,0.2,0,20.6,0
MSME000789,Om Garments,5.5,trading,Karnataka,5,401136.49,412125.04,24020.77,2,27,0.419,1,84.6,4902208.17,3.2,0.174,0,18.6,0
MSME000790,Shree Solutions,8.5,trading,Gujarat,1,199930.07,180742.9,11723.11,0,85,0.394,0,,,,0.495,1,61.0,0
MSME000791,Sai Logistics,25.0,trading,Maharashtra,3,161600.94,167696.59,21034.97,2,200,0.289,0,,,,0.234,0,22.5,0
MSME000792,Shiv Enterprises,8.7,retail,Telangana,6,421482.93,404063.12,56869.33,0,66,0.259,1,70.2,5182993.9,17.7,0.867,1,72.9,0
MSME000793,Sri Agencies,5.9,manufacturing,Rajasthan,77,394497.82,371480.83,61798.96,0,50,0.272,1,91.8,5027368.29,2.7,0.298,0,20.0,0
MSME000794,National Solutions,0.8,trading,Tamil Nadu,32,812794.88,768665.05,26400.05,1,8,0.568,1,86.3,9090249.2,11.0,0.29,0,22.3,0
MSME000795,Vishwakarma Exports,5.0,retail,West Bengal,22,875335.13,781074.8,165903.47,0,44,0.251,1,63.7,7790941.86,15.8,0.496,0,34.1,1
MSME000796,Lakshmi Foods,3.2,trading,Bihar,2,529567.91,486789.78,80040.81,1,24,0.28,1,79.4,6019698.25,13.7,0.171,0,7.0,1
MSME000797,Modern Bakers,4.3,services,Karnataka,5,326233.46,339688.86,34386.91,0,44,0.416,1,97.3,3821337.2,0.0,0.302,0,7.5,0
MSME000798,Shiv Suppliers,3.9,manufacturing,Uttar Pradesh,10,1372050.97,1347497.41,88835.25,1,30,0.386,1,76.0,17030769.5,10.2,0.288,0,2.1,0
MSME000799,Ganesh Associates,8.4,retail,Delhi,1,276020.08,209451.87,69005.02,0,84,0.05,1,83.7,2334993.0,18.5,0.431,1,45.2,0
MSME000800,Vishwakarma Exports,4.9,retail,Maharashtra,3,510613.75,403286.72,100198.69,0,54,0.178,1,100.0,5589803.39,0.0,0.787,1,57.3,0
MSME000801,Shree Industries,2.6,food,Punjab,48,406669.71,337707.4,73408.81,0,29,0.156,1,89.5,4269543.38,8.0,0.771,0,42.2,0
MSME000802,Ganesh Agencies,10.6,services,Rajasthan,3,698797.07,570874.38,141181.04,1,109,0.084,1,82.3,8432619.16,8.7,0.617,0,41.5,0
MSME000803,Om Exports,1.8,trading,Delhi,10,532341.35,493519.45,66455.9,0,16,0.255,1,84.5,5137658.43,4.9,0.48,0,29.4,0
MSME000804,Classic Caterers,5.7,retail,Kerala,8,1026935.57,907041.12,45849.07,0,61,0.31,1,91.3,13320373.72,10.1,0.642,1,59.9,0
MSME000805,Sri Electricals,5.0,food,Gujarat,2,492044.63,532254.83,0.0,8,47,0.535,1,62.4,5361072.08,13.2,0.577,1,61.8,1
MSME000806,New Industries,7.3,services,Telangana,8,469122.06,432661.76,23892.39,0,66,0.536,1,64.4,4516048.64,22.9,0.343,0,10.3,0
MSME000807,Om Exports,12.3,retail,Maharashtra,1,287495.48,243952.4,71873.87,1,82,0.05,0,,,,0.634,1,67.2,0
MSME000808,Balaji Solutions,27.5,retail,Maharashtra,8,390780.27,333767.9,92672.98,0,240,0.071,1,88.3,4351947.56,0.0,0.593,1,59.8,0
MSME000809,Maruti Plastics,5.9,retail,Gujarat,3,204355.06,190327.77,35517.01,0,61,0.196,0,,,,0.898,0,44.3,0
MSME000810,Modern Agencies,3.2,retail,West Bengal,19,777536.9,766595.58,18761.42,2,29,0.565,1,80.2,7682865.6,10.4,0.606,0,40.9,0
MSME000811,Shree Stores,2.9,retail,Maharashtra,146,1400862.61,1321896.49,225531.57,0,24,0.369,1,99.2,17612579.26,0.0,0.512,0,0.5,0
MSME000812,Royal Suppliers,2.9,retail,Karnataka,8,177122.3,181482.37,18165.58,1,26,0.431,1,94.6,1701162.37,0.5,0.619,0,34.4,0
MSME000813,Durga Engineering Works,7.1,retail,Punjab,5,357596.69,316290.36,49617.97,0,79,0.31,1,79.4,3173273.33,5.2,0.697,1,59.5,0
MSME000814,Lakshmi Solutions,0.6,trading,Andhra Pradesh,8,803372.6,790420.8,48315.2,1,6,0.428,1,81.2,7375439.31,11.4,0.397,1,40.3,1
MSME000815,New Associates,1.7,trading,Uttar Pradesh,42,1843055.58,1828142.87,224912.07,1,15,0.406,1,68.4,22674202.2,26.3,0.13,0,2.5,0
MSME000816,National Enterprises,7.1,trading,Karnataka,4,602241.05,544896.83,125515.99,0,84,0.164,1,92.0,6845756.91,4.7,0.307,0,21.7,0
MSME000817,Shree Exports,10.9,manufacturing,Uttar Pradesh,6,222314.23,186426.01,55578.56,2,107,0.05,0,,,,0.026,0,0.0,0
MSME000818,Balaji Caterers,11.0,retail,Tamil Nadu,10,258440.85,260840.56,14339.93,1,70,0.41,1,87.0,3400865.37,6.8,0.423,1,59.6,0
MSME000819,Durga Agencies,6.1,manufacturing,Delhi,41,757208.35,793684.95,20874.82,0,48,0.362,1,100.0,9107186.84,0.7,0.176,0,0.0,0
MSME000820,Modern Associates,10.0,food,Haryana,9,793072.85,653306.59,139588.4,0,105,0.09,1,93.4,8207537.59,7.5,0.725,0,41.2,0
MSME000821,Shree Suppliers,12.4,food,Tamil Nadu,6,232763.6,247611.52,0.0,5,86,0.436,1,83.8,2425104.57,5.6,0.667,0,27.5,0
MSME000822,Durga Logistics,4.1,retail,Uttar Pradesh,10,826203.62,818331.37,30116.57,0,43,0.436,1,83.3,7735185.14,0.0,0.587,1,70.3,0
MSME000823,Balaji Bakers,11.5,retail,Gujarat,2,201347.73,158236.77,6188.94,3,74,0.26,1,100.0,2394433.85,2.0,0.57,0,36.6,0
MSME000824,Durga Industries,1.2,services,Rajasthan,8,545717.75,415210.89,129411.71,0,11,0.05,1,73.5,4606652.49,10.7,0.358,1,35.4,0
MSME000825,Hanuman Garments,1.7,retail,Maharashtra,27,371687.81,357459.56,19688.32,3,10,0.335,1,82.4,4882028.67,2.2,0.689,1,68.9,0
MSME000826,Sai Garments,4.3,retail,Uttar Pradesh,7,372456.32,360513.42,63941.47,3,40,0.493,1,91.4,4893979.29,3.4,0.7,1,74.6,0
MSME000827,Durga Textiles,1.0,retail,Gujarat,50,403057.78,388591.35,47539.13,0,10,0.284,1,89.1,4601492.46,13.4,0.602,0,31.5,0
MSME000828,Royal Stores,8.5,services,Uttar Pradesh,50,1567477.19,1524733.34,122818.84,0,68,0.417,1,83.7,17504601.99,3.1,0.329,0,18.0,0
MSME000829,Royal Industries,3.6,manufacturing,Andhra Pradesh,3,283366.96,311703.66,0.0,2,38,0.585,1,67.9,2765274.37,14.2,0.248,0,16.9,1
MSME000830,Shree Plastics,5.0,retail,Bihar,12,208269.52,176531.6,47135.72,0,31,0.178,0,,,,0.795,0,43.6,0
MSME000831,Kaveri Electricals,5.2,food,Karnataka,33,222544.55,181946.11,21046.95,0,56,0.194,1,78.6,2328479.12,2.1,0.597,0,43.8,0
MSME000832,Kaveri Textiles,4.2,manufacturing,Rajasthan,4,432225.44,396877.66,89396.55,1,39,0.199,1,73.3,3690620.25,14.2,0.261,0,16.6,0
MSME000833,Shiv Metals,2.9,retail,Andhra Pradesh,5,290905.01,265502.22,21580.13,0,23,0.496,1,86.2,3488518.43,6.9,0.75,0,45.4,0
MSME000834,Balaji Foods,8.2,trading,Uttar Pradesh,229,1964275.2,1512086.25,488867.52,0,61,0.05,1,68.8,17348134.18,28.1,0.263,0,20.1,0
MSME000835,Royal Engineering Works,3.5,retail,Kerala,18,484492.88,460481.92,35221.6,0,30,0.526,1,74.4,4461875.08,16.4,0.873,1,76.0,0
MSME000836,New Bakers,5.1,food,Maharashtra,50,1172128.33,1132537.26,17491.99,0,52,0.413,1,69.3,12052823.11,19.2,0.891,1,74.8,0
MSME000837,National Bakers,7.3,services,Delhi,7,316331.26,246517.29,79082.81,0,51,0.05,1,72.7,3885523.05,7.9,0.605,0,30.5,0
MSME000838,Annapurna Traders,12.3,services,Uttar Pradesh,49,1238890.8,1362779.88,3213.85,3,132,0.615,1,57.4,16215955.5,23.8,0.457,0,28.3,1
MSME000839,Shree Engineering Works,11.7,services,Telangana,7,231565.44,219288.32,21475.52,0,123,0.306,1,98.1,2666643.62,5.6,0.251,0,17.5,1
MSME000840,Classic Logistics,3.8,retail,Maharashtra,8,188722.39,174005.34,19602.21,0,36,0.226,1,94.9,2215636.81,0.0,0.751,1,70.0,0
MSME000841,Lakshmi Fabrics,2.8,food,Telangana,7,216525.82,220401.5,18954.68,0,24,0.315,1,90.0,2135030.18,12.4,0.802,1,53.6,0
MSME000842,Durga Solutions,14.1,food,Karnataka,10,203900.38,208755.46,1887.53,5,96,0.385,1,65.6,1735654.22,15.2,0.611,1,63.6,1
MSME000843,Classic Associates,3.5,services,Maharashtra,9,213245.56,202891.79,0.0,3,17,0.499,0,,,,0.351,0,22.4,0
MSME000844,Shree Traders,8.0,trading,Bihar,6,573578.95,456923.22,47487.1,0,66,0.186,1,91.1,7432462.98,4.6,0.419,0,29.1,0
MSME000845,Shree Bakers,1.0,retail,Maharashtra,1,198880.71,164877.35,28144.77,0,11,0.172,1,74.4,1945035.38,8.5,0.846,1,60.2,0
MSME000846,Shree Textiles,0.6,retail,Karnataka,4,378194.96,331714.48,27627.57,0,6,0.314,1,76.5,4908346.15,13.3,0.558,0,30.1,0
MSME000847,Annapurna Industries,5.9,retail,Tamil Nadu,2,379141.13,355074.62,2808.55,3,51,0.497,1,81.8,4469547.98,6.7,0.864,1,76.0,0
MSME000848,Sai Stores,4.6,services,Bihar,5,139749.68,144762.85,0.0,3,52,0.589,1,71.8,1199106.55,23.6,0.369,0,21.8,1
MSME000849,National Suppliers,9.5,manufacturing,Andhra Pradesh,10,817765.04,752962.91,129127.61,0,76,0.18,1,77.2,9906839.71,21.4,0.082,0,11.1,0
MSME000850,Hanuman Enterprises,2.9,food,Rajasthan,5,158523.11,146572.9,24611.09,0,22,0.338,0,,,,0.844,1,70.9,0
MSME000851,Modern Textiles,6.9,retail,Bihar,27,453873.7,499261.07,0.0,6,46,0.736,1,71.7,3985428.98,16.8,0.766,0,29.1,1
MSME000852,National Associates,9.1,retail,Kerala,9,157917.17,173626.78,0.0,5,67,0.598,0,,,,0.559,0,6.7,0
MSME000853,Modern Engineering Works,3.0,retail,Madhya Pradesh,24,862176.19,768977.1,110196.48,2,28,0.419,1,87.0,10847143.6,5.0,0.695,1,54.1,1
MSME000854,Kaveri Stores,4.3,food,Tamil Nadu,5,121483.5,113075.05,22280.79,0,39,0.309,1,98.7,1530130.41,1.0,0.588,1,49.1,0
MSME000855,Lakshmi Exports,2.0,manufacturing,Rajasthan,6,264681.89,278580.66,21227.8,1,18,0.527,1,81.7,3206842.15,12.8,0.208,0,21.1,0
MSME000856,National Associates,9.7,trading,Uttar Pradesh,43,445845.74,418817.36,18210.7,0,86,0.138,1,80.2,5151798.57,9.5,0.155,0,18.8,0
MSME000857,Kaveri Plastics,8.3,services,Rajasthan,1,202211.27,186885.01,11356.23,1,83,0.308,1,99.7,2356709.83,3.2,0.329,0,26.6,0
MSME000858,Sai Agencies,8.7,services,Tamil Nadu,57,675569.44,621704.11,78284.6,1,91,0.269,1,85.6,8066543.27,5.5,0.438,1,48.5,0
MSME000859,Durga Electricals,4.6,retail,Telangana,7,647592.12,634464.81,35880.21,2,48,0.256,1,85.1,6911014.57,1.8,0.867,1,58.2,0
MSME000860,National Stores,8.2,retail,West Bengal,26,581807.88,557543.92,51567.23,0,76,0.317,1,100.0,6747024.11,0.0,0.773,1,63.1,0
MSME000861,Modern Garments,4.9,retail,West Bengal,3,545434.78,512175.26,19059.37,1,55,0.361,1,70.5,5198336.11,21.0,0.733,0,55.8,0
MSME000862,Classic Associates,15.7,retail,Maharashtra,40,864882.59,867778.98,30860.0,0,179,0.226,1,65.6,7348624.78,18.2,0.819,1,61.1,0
MSME000863,Balaji Associates,5.5,services,Maharashtra,5,209971.62,228678.11,0.0,4,63,0.492,0,,,,0.649,0,40.7,1
MSME000864,New Foods,11.2,trading,Telangana,10,369427.56,354462.13,35463.82,0,72,0.449,1,91.4,4199444.93,0.0,0.208,0,11.3,0
MSME000865,National Caterers,4.6,services,Karnataka,3,694562.47,569179.84,88752.91,3,32,0.269,1,91.9,7355343.82,7.7,0.253,0,10.8,0
MSME000866,Durga Associates,13.5,services,Delhi,37,1270950.81,1201451.77,121792.6,0,141,0.282,1,100.0,16357362.78,5.1,0.32,0,15.7,0
MSME000867,National Logistics,2.8,trading,Karnataka,10,838953.17,778887.47,78485.87,0,28,0.283,1,75.0,9766267.11,8.1,0.401,0,30.4,0
MSME000868,National Bakers,7.6,food,Uttar Pradesh,9,621469.97,521044.76,120597.57,1,53,0.202,1,91.3,5826943.6,2.2,0.474,1,36.5,1
MSME000869,Vishwakarma Caterers,3.3,trading,Madhya Pradesh,1,343160.64,283080.32,54069.78,1,31,0.05,1,88.1,3077258.0,15.3,0.141,0,9.5,0
MSME000870,Shree Stores,6.7,services,Madhya Pradesh,4,396943.42,345637.01,99235.85,0,67,0.111,1,100.0,4276084.87,0.2,0.401,0,3.2,0
MSME000871,Shiv Fabrics,3.5,retail,Maharashtra,22,602123.65,470468.37,150530.91,0,30,0.05,1,81.3,6414290.19,13.6,0.526,0,26.3,0
MSME000872,Kaveri Plastics,5.5,services,Madhya Pradesh,10,1108796.08,936853.97,109189.53,0,44,0.439,1,83.0,10293922.82,3.6,0.445,0,30.0,0
MSME000873,Balaji Logistics,4.0,trading,Uttar Pradesh,5,334846.59,316267.92,2344.24,2,42,0.521,0,,,,0.425,0,30.0,1
MSME000874,Balaji Electricals,8.9,retail,Tamil Nadu,25,695029.48,713598.97,62432.71,0,97,0.207,1,92.4,9140904.26,2.4,0.898,0,53.1,0
MSME000875,Durga Logistics,7.8,retail,Maharashtra,8,168605.5,148522.26,18401.55,0,72,0.186,0,,,,0.406,0,20.7,0
MSME000876,Om Enterprises,3.2,services,West Bengal,10,198297.53,160561.92,32942.7,0,36,0.127,0,,,,0.33,0,23.2,0
MSME000877,Om Caterers,3.1,services,Bihar,1,589025.96,624277.65,8169.87,5,29,0.268,1,80.8,5353190.04,26.4,0.474,0,42.1,1
MSME000878,Sri Foods,2.6,services,Uttar Pradesh,8,571572.44,517018.53,79277.9,0,28,0.26,1,81.0,6689271.28,6.6,0.423,0,28.0,0
MSME000879,Om Stores,2.1,trading,Telangana,48,762371.35,705760.64,18056.15,2,21,0.454,1,78.2,8543599.62,11.0,0.439,0,3.4,0
MSME000880,Hanuman Traders,9.3,services,Bihar,30,634014.46,560395.09,62816.79,0,105,0.134,1,76.2,5379907.81,19.1,0.664,0,39.7,0
MSME000881,Sai Textiles,2.4,services,Gujarat,27,278705.18,271093.34,7904.18,1,24,0.39,0,,,,0.26,0,24.2,0
MSME000882,Royal Solutions,7.1,retail,Maharashtra,47,582473.07,585263.14,92188.46,1,46,0.235,1,97.3,6322923.66,3.2,0.868,0,49.3,0
MSME000883,Vishwakarma Metals,3.7,trading,Tamil Nadu,10,239113.04,198395.8,59778.26,0,33,0.098,1,100.0,3005624.41,14.4,0.227,1,31.1,0
MSME000884,Annapurna Foods,11.0,trading,Uttar Pradesh,6,388374.04,340856.23,43269.03,2,107,0.212,1,83.8,4213651.92,16.3,0.421,0,34.4,0
MSME000885,National Industries,18.3,manufacturing,Delhi,10,868953.47,824421.72,82946.19,0,208,0.265,1,67.7,9053954.84,28.5,0.132,0,6.2,0
MSME000886,Sri Metals,0.5,trading,Telangana,7,614207.64,598278.02,37513.99,0,6,0.279,1,78.1,5899897.49,7.4,0.183,0,0.0,0
MSME000887,Sai Solutions,2.7,trading,Maharashtra,7,1147146.87,966311.26,115124.13,0,19,0.299,1,95.5,9838306.93,9.0,0.321,0,17.6,1
MSME000888,Annapurna Textiles,3.6,food,Karnataka,152,1016108.39,1008174.33,41025.87,3,24,0.405,1,65.9,10342014.2,16.5,0.488,0,35.0,0
MSME000889,Shree Stores,4.7,manufacturing,Tamil Nadu,2,93981.03,89228.33,10258.29,1,53,0.376,0,,,,0.292,0,16.3,0
MSME000890,Lakshmi Engineering Works,4.5,retail,Maharashtra,8,1261399.67,1387539.64,0.0,4,36,0.612,1,97.6,14810663.66,2.8,0.649,1,55.1,0
MSME000891,Sai Logistics,1.7,food,Tamil Nadu,33,342825.06,342592.04,19529.34,0,15,0.189,1,84.8,3441636.67,12.6,0.649,1,66.1,1
MSME000892,Sri Exports,18.5,retail,Maharashtra,9,488772.2,506239.36,68055.66,2,132,0.277,1,79.2,4115648.3,10.9,0.88,0,54.4,0
MSME000893,Om Industries,4.6,manufacturing,Uttar Pradesh,4,479115.1,524762.63,0.0,4,24,0.325,1,79.8,5132662.41,5.3,0.073,0,0.0,1
MSME000894,Modern Electricals,7.8,retail,Tamil Nadu,2,323840.34,332417.15,26747.93,1,77,0.385,1,82.7,3560882.78,4.2,0.462,1,47.2,0
MSME000895,Sri Garments,8.0,trading,Gujarat,143,1224236.3,1044170.71,227891.47,1,79,0.195,1,92.1,13471373.82,0.0,0.163,0,1.7,0
MSME000896,Hanuman Fabrics,1.3,food,Rajasthan,6,336984.62,291087.1,64634.01,0,13,0.201,1,88.9,3062035.62,6.6,0.516,0,30.1,0
MSME000897,Om Traders,4.1,retail,Karnataka,10,223120.25,197196.16,21408.53,0,37,0.347,1,70.8,2395428.8,17.9,0.846,0,61.6,0
MSME000898,Sai Solutions,9.3,manufacturing,Gujarat,8,2317983.45,2085891.8,309840.51,0,83,0.164,1,100.0,20014290.22,8.6,0.159,0,21.8,0
MSME000899,Sai Suppliers,14.1,trading,Rajasthan,9,739023.75,785732.39,20663.03,8,132,0.464,1,70.5,8422606.72,17.2,0.251,0,14.3,0
MSME000900,Hanuman Bakers,4.2,retail,Gujarat,6,406921.77,381107.89,64608.84,0,41,0.333,1,76.3,4593843.49,13.3,0.719,1,50.4,0
MSME000901,Shree Caterers,1.6,food,Punjab,5,847075.53,708800.45,102351.28,0,13,0.222,1,82.5,9752843.05,16.2,0.548,1,55.5,0
MSME000902,Shree Textiles,3.4,trading,Maharashtra,4,224118.55,202212.13,32668.79,0,28,0.231,1,85.7,2192237.76,0.0,0.169,0,7.3,0
MSME000903,Kaveri Enterprises,4.1,manufacturing,Karnataka,33,1382832.41,1198649.19,260673.71,0,41,0.1,1,76.5,13609278.11,14.9,0.197,0,1.9,0
MSME000904,Royal Fabrics,3.9,manufacturing,Uttar Pradesh,9,426622.9,427222.49,49573.03,1,39,0.262,1,83.2,3829276.15,11.5,0.178,0,18.7,1
MSME000905,Shiv Textiles,2.6,retail,Gujarat,7,516977.94,532960.41,31155.19,0,24,0.36,1,84.2,5646075.49,1.4,0.872,0,56.5,0
MSME000906,Sri Industries,1.4,retail,Karnataka,8,544876.58,492201.21,73723.81,0,12,0.05,1,75.8,4957925.37,0.8,0.405,0,22.8,0
MSME000907,Vishwakarma Plastics,2.0,trading,Bihar,9,142875.71,144586.59,13935.7,2,20,0.233,0,,,,0.396,0,20.1,1
MSME000908,Annapurna Caterers,3.4,trading,Punjab,10,242619.96,209777.63,30726.45,0,20,0.145,1,63.8,2247252.5,21.0,0.322,0,9.2,0
MSME000909,Maruti Fabrics,9.2,retail,Rajasthan,9,1069858.11,976917.81,138566.77,1,78,0.486,1,95.8,13789971.92,0.0,0.702,1,66.7,0
MSME000910,Sai Garments,11.8,trading,Tamil Nadu,5,376359.09,289466.86,87056.0,0,123,0.07,1,100.0,3178608.75,0.0,0.117,0,12.8,0
MSME000911,New Textiles,6.0,manufacturing,Telangana,2,1104477.25,1020962.37,107881.38,0,32,0.355,1,43.1,9817999.12,25.3,0.235,0,18.2,0
MSME000912,Annapurna Electricals,2.1,retail,Uttar Pradesh,6,812938.57,775639.48,98578.8,0,11,0.113,1,86.7,7220512.17,13.5,0.761,1,68.6,0
MSME000913,Maruti Stores,3.6,services,Rajasthan,5,312884.73,293536.51,32719.63,1,18,0.423,0,,,,0.662,1,77.3,0
MSME000914,Modern Textiles,0.6,trading,Andhra Pradesh,10,449991.53,410904.41,52119.48,0,6,0.145,1,100.0,4006881.28,4.2,0.453,0,28.6,0
MSME000915,Krishna Garments,14.3,retail,Gujarat,1,569471.27,427130.6,117491.56,1,118,0.05,1,94.9,7016236.91,2.2,0.752,0,38.8,0
MSME000916,Shiv Traders,3.1,retail,Karnataka,26,1959245.0,2155169.5,127121.57,5,14,0.623,1,57.2,20161416.54,28.7,0.874,0,42.8,0
MSME000917,Om Electricals,7.3,retail,Maharashtra,9,381880.94,349079.13,27567.15,0,72,0.226,1,72.1,4126544.96,15.8,0.49,1,42.3,0
MSME000918,New Foods,11.2,services,Maharashtra,37,1507826.4,1591711.47,51830.96,3,119,0.31,1,74.0,14173456.9,9.3,0.572,0,50.8,0
MSME000919,Lakshmi Stores,17.0,retail,Haryana,7,730133.46,631220.98,73867.81,0,123,0.139,1,78.3,9484805.04,8.1,0.658,0,43.5,0
MSME000920,Hanuman Caterers,10.0,manufacturing,Uttar Pradesh,141,2578549.18,2444983.55,380718.42,0,82,0.241,1,84.9,32210098.72,7.1,0.182,0,21.8,0
MSME000921,Royal Industries,3.9,manufacturing,Tamil Nadu,1,314886.28,318027.71,22614.49,0,43,0.356,1,82.9,2746756.82,7.1,0.191,0,12.0,0
MSME000922,Krishna Fabrics,8.0,retail,Rajasthan,3,221534.79,208964.72,10577.48,0,85,0.284,0,,,,0.743,0,43.4,0
MSME000923,Vishwakarma Stores,16.6,manufacturing,Gujarat,1,166779.95,164549.36,29926.88,3,147,0.314,1,79.4,1436770.55,7.0,0.255,1,31.1,0
MSME000924,Balaji Solutions,3.1,food,Maharashtra,10,185136.53,199311.4,11350.09,2,22,0.404,0,,,,0.635,0,32.4,0
MSME000925,Kaveri Caterers,1.3,retail,Uttar Pradesh,7,1185246.46,1103649.77,118746.23,0,13,0.106,1,79.1,10390798.15,5.6,0.622,0,31.4,0
MSME000926,Classic Industries,2.6,food,Rajasthan,7,342600.67,321208.28,27868.88,0,28,0.297,1,75.8,2895303.98,12.4,0.434,1,39.9,0
MSME000927,Om Logistics,7.7,retail,Rajasthan,175,584525.54,536974.53,84494.49,0,51,0.199,1,81.3,6052966.27,2.7,0.549,0,34.8,0
MSME000928,Ganesh Associates,4.0,services,Telangana,12,798831.77,819243.65,0.0,3,40,0.414,1,82.7,6928804.89,0.0,0.322,1,75.5,0
MSME000929,Vishwakarma Industries,5.1,retail,Tamil Nadu,6,303902.47,295446.75,13726.15,3,36,0.389,1,71.4,3310418.32,11.7,0.641,0,23.7,1
MSME000930,Krishna Engineering Works,8.6,manufacturing,Delhi,19,507368.5,500402.89,6829.99,1,52,0.505,1,73.6,5369025.97,13.8,0.052,0,7.8,0
MSME000931,Om Caterers,2.5,manufacturing,Tamil Nadu,5,1511475.79,1434942.23,184506.63,3,27,0.285,1,92.7,15573030.63,1.4,0.24,0,8.5,0
MSME000932,Durga Garments,4.9,food,Tamil Nadu,2,112134.44,88628.26,19698.66,2,41,0.347,0,,,,0.675,1,64.6,0
MSME000933,Lakshmi Electricals,3.5,food,Delhi,8,403515.63,320800.67,86474.36,0,37,0.206,1,82.5,3879828.18,12.7,0.599,1,73.0,0
MSME000934,Hanuman Electricals,16.2,retail,Andhra Pradesh,2,204946.77,179839.28,16672.96,0,105,0.351,1,71.6,2353266.81,13.2,0.695,1,47.8,0
MSME000935,Vishwakarma Metals,9.7,services,Tamil Nadu,43,448144.94,438557.26,27890.81,1,104,0.247,1,80.1,4268477.08,13.7,0.467,0,15.5,0
MSME000936,Classic Engineering Works,4.0,retail,Gujarat,21,258249.76,193687.32,39873.38,0,45,0.145,1,63.3,2622307.61,28.3,0.813,1,66.9,0
MSME000937,Annapurna Textiles,3.8,retail,Andhra Pradesh,50,776065.72,813152.45,69741.53,1,38,0.441,1,76.8,8567378.88,14.0,0.562,0,31.2,0
MSME000938,Balaji Associates,17.4,retail,Maharashtra,3,198296.62,189123.73,22194.84,0,140,0.365,1,64.4,2199427.5,19.3,0.626,0,28.6,0
MSME000939,Shiv Solutions,16.5,food,Tamil Nadu,10,525157.35,502715.86,26228.86,1,167,0.331,1,84.4,5682733.48,3.7,0.576,0,29.3,0
MSME000940,Om Textiles,7.6,services,Karnataka,46,673468.52,668986.3,86104.46,0,83,0.363,1,96.6,8404947.36,2.7,0.651,0,44.1,0
MSME000941,Durga Engineering Works,5.3,retail,Telangana,1,193666.07,166622.31,36241.07,0,50,0.191,0,,,,0.5,1,42.1,0
MSME000942,Vishwakarma Plastics,1.7,food,Karnataka,26,314122.43,313423.81,8974.21,4,14,0.481,1,62.1,3439606.36,11.4,0.487,0,21.2,0
MSME000943,Classic Textiles,2.6,manufacturing,Rajasthan,10,1312910.33,1002933.56,234189.05,0,22,0.258,1,98.3,15337832.86,3.9,0.159,1,27.2,0
MSME000944,Shiv Stores,1.6,trading,Punjab,47,1276239.99,957179.99,256099.07,1,15,0.05,1,100.0,14347851.44,0.0,0.376,0,31.3,0
MSME000945,Balaji Engineering Works,11.6,trading,Maharashtra,39,553282.46,484649.42,83606.43,1,90,0.284,1,73.9,7096970.9,8.9,0.107,0,2.6,1
MSME000946,Balaji Industries,1.7,services,Telangana,1,102777.68,98361.21,11830.86,0,16,0.413,1,77.5,1314055.87,11.6,0.354,0,14.4,0
MSME000947,Modern Engineering Works,3.8,services,Maharashtra,5,125034.78,112095.38,25841.53,0,36,0.186,0,,,,0.485,0,24.4,0
MSME000948,Balaji Caterers,0.8,trading,Bihar,6,854000.06,852937.77,0.0,3,6,0.48,1,64.0,11014641.92,15.0,0.429,0,23.9,0
MSME000949,Classic Caterers,1.2,trading,Karnataka,2,540287.71,451601.24,102992.8,0,10,0.124,1,82.0,4827878.09,10.7,0.222,0,23.8,0
MSME000950,Lakshmi Garments,8.9,retail,Tamil Nadu,43,1275962.41,1304067.57,84142.23,3,85,0.55,1,87.9,11659151.69,3.7,0.703,0,42.7,0
MSME000951,Sai Exports,6.8,trading,Karnataka,9,483417.93,373123.92,120854.48,0,47,0.05,1,77.3,4703391.66,5.3,0.127,0,24.3,0
MSME000952,Ganesh Metals,5.4,trading,Andhra Pradesh,10,830658.08,838600.3,52351.24,2,46,0.466,1,68.4,10084982.15,22.2,0.153,0,3.8,0
MSME000953,Hanuman Textiles,3.9,retail,Rajasthan,3,564176.0,466709.16,77171.03,0,40,0.146,1,96.2,6893134.56,14.7,0.688,0,45.8,0
MSME000954,Vishwakarma Stores,1.0,retail,Maharashtra,3,308592.63,295122.15,10735.2,1,11,0.653,1,56.7,3097769.12,19.6,0.692,1,75.9,0
MSME000955,New Stores,3.4,services,Maharashtra,8,334347.42,307009.3,33297.85,0,29,0.37,1,65.3,3495772.66,15.0,0.635,0,23.7,0
MSME000956,Hanuman Logistics,4.7,trading,West Bengal,29,430105.54,449166.12,17495.47,2,45,0.42,1,61.6,4199880.86,17.8,0.481,1,38.9,1
MSME000957,Vishwakarma Foods,8.5,trading,Madhya Pradesh,15,762000.13,758459.86,28204.49,4,74,0.496,1,73.8,8207586.33,8.3,0.354,0,15.7,0
MSME000958,Hanuman Logistics,11.1,retail,Gujarat,32,892504.92,783756.8,170482.49,3,119,0.112,1,62.0,7668528.64,24.3,0.469,0,42.1,0
MSME000959,Modern Suppliers,9.1,food,Tamil Nadu,4,229905.42,221762.18,0.0,4,90,0.472,1,68.9,2320370.15,20.2,0.87,0,49.5,1
MSME000960,Vishwakarma Bakers,6.8,retail,Madhya Pradesh,1,196226.85,186872.6,10426.4,0,67,0.422,1,81.3,2477400.57,6.5,0.678,1,65.0,0
MSME000961,Annapurna Textiles,5.4,trading,Tamil Nadu,8,442260.23,443018.54,39499.23,3,36,0.402,1,79.5,4529265.06,8.1,0.494,0,25.0,0
MSME000962,Vishwakarma Suppliers,6.3,retail,Maharashtra,4,540565.57,441562.37,135141.39,0,71,0.05,1,94.3,5621624.69,6.1,0.784,0,47.5,0
MSME000963,National Metals,3.2,services,Gujarat,5,165853.83,138301.73,22982.22,0,26,0.317,0,,,,0.295,0,17.5,0
MSME000964,Kaveri Engineering Works,5.7,trading,Karnataka,7,260636.85,195477.64,65159.21,2,54,0.146,1,100.0,3295888.64,4.1,0.482,0,14.2,0
MSME000965,Classic Logistics,4.7,trading,Punjab,6,251445.68,258238.42,10587.35,2,14,0.435,1,100.0,3223992.53,4.9,0.193,0,0.0,0
MSME000966,Krishna Enterprises,22.2,manufacturing,West Bengal,9,533548.08,442630.42,109477.7,0,232,0.107,1,79.1,5149245.92,12.8,0.213,0,23.2,0
MSME000967,Hanuman Logistics,6.4,manufacturing,Uttar Pradesh,8,664486.68,623542.7,75649.49,0,66,0.493,1,75.0,5840142.68,13.2,0.195,0,0.0,0
MSME000968,Ganesh Suppliers,0.5,trading,Andhra Pradesh,10,296198.54,318253.01,12686.84,4,6,0.41,1,76.9,3567748.05,13.5,0.201,0,6.6,1
MSME000969,Classic Textiles,3.7,trading,Tamil Nadu,43,1366620.14,1283877.08,70360.69,1,27,0.37,1,88.6,13796187.15,11.0,0.39,0,16.2,0
MSME000970,Shree Enterprises,4.3,food,Delhi,10,848014.11,806109.35,34887.85,1,20,0.37,1,89.7,7510431.3,7.8,0.432,1,46.7,1
MSME000971,Lakshmi Logistics,10.0,food,Tamil Nadu,14,527322.13,468402.22,55353.25,0,111,0.425,1,77.6,6613631.14,9.7,0.789,0,42.8,0
MSME000972,Vishwakarma Foods,7.0,services,Kerala,7,725095.52,756925.11,45103.19,3,72,0.436,1,73.7,8735035.95,26.7,0.539,0,42.0,0
MSME000973,Shiv Plastics,6.7,manufacturing,Andhra Pradesh,6,309588.47,305096.57,31624.83,0,54,0.264,0,,,,0.118,0,9.5,0
MSME000974,Shiv Enterprises,13.2,manufacturing,Andhra Pradesh,5,296838.56,326522.42,0.0,1,133,0.626,0,,,,0.108,0,17.7,1
MSME000975,Balaji Solutions,16.5,food,Maharashtra,7,451957.93,443030.78,45111.61,0,171,0.239,1,86.8,5300447.33,4.2,0.782,1,64.1,0
MSME000976,Kaveri Garments,8.9,retail,Andhra Pradesh,1,225193.0,219881.17,11522.29,0,30,0.55,1,65.4,2067677.86,6.1,0.506,0,26.2,0
MSME000977,Sai Caterers,3.9,food,Bihar,11,238889.31,253337.3,15305.8,4,44,0.311,0,,,,0.781,0,32.3,0
MSME000978,Krishna Textiles,4.0,services,Tamil Nadu,43,1482774.45,1431452.67,160676.44,0,45,0.451,1,82.9,16023109.4,7.5,0.331,1,39.3,0
MSME000979,Maruti Foods,12.1,services,Rajasthan,5,416264.4,327536.01,61559.04,1,118,0.232,1,90.9,4080180.49,17.6,0.275,0,19.1,0
MSME000980,Krishna Suppliers,4.0,trading,West Bengal,3,545065.57,476035.06,90132.44,0,32,0.249,1,69.4,6030958.32,25.4,0.276,0,0.0,0
MSME000981,Krishna Suppliers,5.1,trading,Delhi,6,315307.57,302028.58,57748.54,0,51,0.306,1,75.0,3827769.59,8.6,0.151,1,36.3,0
MSME000982,Sri Fabrics,3.6,manufacturing,Telangana,116,3160520.44,2995620.75,29952.53,4,35,0.267,1,85.4,33806616.4,4.0,0.065,0,0.0,0
MSME000983,Om Caterers,2.0,services,Gujarat,10,399775.07,352818.86,53282.39,0,20,0.25,1,78.2,4141132.25,8.3,0.609,0,26.9,0
MSME000984,Hanuman Metals,21.0,retail,West Bengal,5,655511.27,544860.83,163877.82,0,145,0.05,1,81.8,7808951.0,10.4,0.502,1,61.9,0
MSME000985,Krishna Industries,5.1,services,Uttar Pradesh,6,270854.82,257986.59,27991.38,0,54,0.319,0,,,,0.535,0,20.3,0
MSME000986,Durga Electricals,14.5,retail,Gujarat,34,733303.51,788036.52,1535.13,3,132,0.528,1,82.2,6287541.71,14.7,0.768,1,59.8,0
MSME000987,Hanuman Caterers,4.1,trading,Telangana,5,587598.82,570088.56,28891.05,1,45,0.468,1,79.6,6132436.09,14.0,0.236,0,19.8,0
MSME000988,Ganesh Garments,3.1,services,West Bengal,4,989261.77,845315.0,204818.3,0,28,0.141,1,96.4,10210212.37,4.6,0.637,1,61.1,0
MSME000989,Kaveri Bakers,8.4,services,Telangana,7,307021.86,272476.16,6918.47,1,77,0.277,1,93.7,3740651.69,0.0,0.688,1,48.1,0
MSME000990,New Associates,11.1,retail,Rajasthan,31,726522.82,716139.65,67702.88,1,129,0.468,1,87.0,9454110.7,0.0,0.83,1,67.5,0
MSME000991,Ganesh Traders,11.6,retail,Gujarat,3,444046.78,429078.54,0.0,2,84,0.411,1,80.0,4672386.15,5.3,0.794,1,65.0,1
MSME000992,Om Plastics,4.6,retail,Bihar,206,529323.52,485739.88,32592.72,1,54,0.106,1,71.9,4503872.53,6.0,0.578,0,31.6,0
MSME000993,Annapurna Metals,9.0,services,Maharashtra,38,197278.0,184225.8,0.0,3,103,0.514,1,95.5,2030049.15,0.0,0.326,0,19.0,0
MSME000994,Vishwakarma Stores,3.4,food,Punjab,9,212482.15,181991.86,21906.85,0,32,0.468,1,81.6,2445105.5,15.0,0.581,0,26.2,0
MSME000995,Om Industries,5.7,manufacturing,Delhi,38,1523704.86,1446462.72,138948.89,1,66,0.337,1,93.3,17205898.84,2.9,0.07,0,31.2,0
MSME000996,Hanuman Foods,4.3,services,Kerala,28,1528659.81,1344750.48,78659.77,0,43,0.256,1,87.9,16495073.57,1.5,0.363,1,41.7,0
MSME000997,Om Bakers,3.8,trading,Kerala,2,197238.7,195956.36,894.32,5,40,0.488,1,87.3,2381991.52,0.0,0.104,0,9.3,0
MSME000998,Maruti Solutions,5.9,retail,Karnataka,35,345286.19,282158.2,51595.45,0,35,0.246,1,78.2,3751232.52,15.0,0.615,0,16.2,1
MSME000999,Modern Fabrics,2.0,manufacturing,Rajasthan,3,965862.81,945172.31,0.0,2,23,0.331,1,87.1,11538236.05,6.5,0.085,0,0.0,0
MSME001000,Om Enterprises,10.5,trading,Telangana,8,365193.02,336771.57,47588.79,0,71,0.25,1,58.6,3142083.7,10.0,0.224,0,12.6,0
MSME001001,National Suppliers,3.8,retail,Tamil Nadu,1,187465.42,165060.54,25998.84,0,23,0.315,1,81.6,1660996.15,6.5,0.659,0,24.8,0
MSME001002,Sri Metals,10.1,trading,Andhra Pradesh,30,1658660.38,1569344.15,46244.12,4,81,0.14,1,91.3,17564515.8,16.4,0.239,0,9.4,0
MSME001003,Krishna Suppliers,2.4,services,Uttar Pradesh,19,1078050.12,850276.48,210087.67,1,24,0.102,1,82.8,13605901.62,14.9,0.262,1,41.3,0
MSME001004,Royal Associates,3.8,trading,Andhra Pradesh,5,722682.99,697573.27,41013.64,0,38,0.44,1,80.1,9470734.3,10.2,0.148,0,0.0,0
MSME001005,Balaji Plastics,2.0,retail,Karnataka,4,136472.65,142139.74,6124.55,3,16,0.373,0,,,,0.61,0,27.5,1
MSME001006,Classic Foods,1.9,services,Andhra Pradesh,10,218003.83,207333.58,7321.87,2,21,0.488,1,86.4,2627228.87,4.5,0.518,0,28.6,0
MSME001007,Royal Engineering Works,2.7,retail,Rajasthan,40,1300162.83,975122.13,325040.71,1,24,0.05,1,92.2,13206961.33,3.1,0.409,0,28.3,0
MSME001008,Om Logistics,2.4,trading,West Bengal,2,390292.43,339397.41,38056.34,0,25,0.202,1,59.0,4744797.47,11.9,0.341,0,24.5,0
MSME001009,Sri Enterprises,2.0,manufacturing,Delhi,5,315981.03,285681.95,46578.76,1,21,0.111,1,85.6,3918638.61,3.4,0.05,0,2.7,1
MSME001010,Om Enterprises,5.4,food,Gujarat,5,254488.51,193367.5,39437.93,0,51,0.323,0,,,,0.798,0,42.4,0
MSME001011,Lakshmi Agencies,8.2,trading,Uttar Pradesh,9,951540.33,934462.74,145859.65,1,87,0.359,1,70.8,9358681.72,22.3,0.205,0,23.8,0
MSME001012,New Fabrics,8.5,retail,Maharashtra,6,916234.34,763933.27,186619.86,0,93,0.152,1,96.8,11196717.3,4.9,0.564,1,71.6,0
MSME001013,Kaveri Stores,0.9,trading,Karnataka,2,326611.49,326113.5,0.0,3,6,0.621,0,,,,0.455,0,40.7,1
MSME001014,Ganesh Associates,4.3,retail,West Bengal,9,306413.3,262745.4,49626.42,0,42,0.32,1,72.9,3464491.55,0.5,0.801,0,46.0,1
MSME001015,Om Garments,3.9,manufacturing,West Bengal,26,685833.12,608227.93,68202.77,0,41,0.161,1,100.0,8430109.21,4.3,0.192,0,8.3,0
MSME001016,National Industries,13.4,services,Maharashtra,2,560312.19,478044.26,132572.33,0,139,0.104,1,88.9,7289272.07,8.1,0.415,0,23.6,0
MSME001017,Maruti Electricals,4.4,trading,Maharashtra,7,991244.11,1009044.28,0.0,3,33,0.462,1,63.2,11457885.55,12.3,0.496,0,17.5,1
MSME001018,Shiv Enterprises,5.0,manufacturing,Kerala,46,1055305.34,998438.68,88883.89,0,48,0.277,1,62.8,9992550.21,16.7,0.117,0,0.8,0
MSME001019,Shree Fabrics,1.4,trading,Madhya Pradesh,3,276854.09,289279.32,2556.61,5,13,0.412,1,80.5,3470657.79,17.6,0.185,0,7.5,0
MSME001020,Balaji Fabrics,2.6,trading,Maharashtra,26,1291390.11,1119924.3,206452.86,0,26,0.156,1,82.8,14145255.68,11.2,0.491,0,30.1,0
MSME001021,Sai Engineering Works,1.3,food,Maharashtra,18,1106398.08,955621.88,219351.34,0,14,0.24,1,85.5,14033324.99,5.6,0.695,0,45.1,0
MSME001022,Sai Engineering Works,5.7,retail,Uttar Pradesh,2,127526.92,125636.06,8052.92,0,51,0.332,1,76.4,1079207.49,22.4,0.528,0,41.9,0
MSME001023,Royal Electricals,13.7,trading,Telangana,2,288362.75,239093.74,72090.69,0,158,0.071,1,93.1,3339486.78,4.5,0.201,0,26.0,0
MSME001024,National Bakers,2.7,manufacturing,Bihar,10,1128777.82,1025222.57,181019.24,1,15,0.28,1,89.2,12832480.35,15.1,0.225,0,9.1,0
MSME001025,National Plastics,4.4,trading,West Bengal,10,555257.19,496504.55,37144.77,0,41,0.273,1,88.1,5049452.82,4.1,0.169,0,10.8,0
MSME001026,Sai Fabrics,2.4,trading,West Bengal,7,365876.18,339659.95,17897.93,1,26,0.371,1,77.1,4600301.17,11.3,0.292,0,27.5,0
MSME001027,Sai Exports,3.2,retail,Andhra Pradesh,9,495017.54,458298.75,91396.11,0,29,0.223,1,87.9,4978204.87,15.4,0.793,0,45.2,0
MSME001028,Lakshmi Stores,5.8,trading,Tamil Nadu,10,653798.38,624706.95,85221.52,0,52,0.224,1,71.5,5794588.98,7.5,0.208,0,1.5,0
MSME001029,Krishna Garments,18.2,trading,Tamil Nadu,4,217450.92,177440.46,50305.37,0,127,0.05,1,88.1,2778198.32,20.7,0.278,0,24.4,0
MSME001030,Ganesh Engineering Works,13.2,trading,Gujarat,8,523924.73,535662.44,35817.61,4,138,0.409,1,85.3,6336450.48,3.1,0.178,0,5.0,0
MSME001031,Shiv Bakers,15.9,retail,Haryana,6,484016.98,532418.67,20383.1,5,186,0.454,1,89.1,4373774.42,10.0,0.824,1,57.8,1
MSME001032,Annapurna Logistics,10.2,trading,Karnataka,2,250157.77,251403.51,6496.64,3,92,0.546,1,66.6,2891178.6,18.7,0.38,0,13.7,0
MSME001033,Sri Fabrics,4.4,services,Karnataka,6,243087.09,218850.33,39919.58,0,46,0.204,1,100.0,2325594.35,0.0,0.305,0,21.2,0
MSME001034,Ganesh Caterers,3.9,manufacturing,Telangana,44,696077.15,661177.36,17598.5,4,37,0.359,1,98.7,6923496.2,0.0,0.298,0,18.5,0
MSME001035,Sai Foods,2.7,services,Uttar Pradesh,16,294369.91,252825.02,42206.42,0,19,0.115,1,99.3,2982763.42,0.0,0.365,1,40.7,0
MSME001036,Sri Enterprises,4.3,services,Gujarat,50,1131567.69,911236.07,57937.71,1,43,0.389,1,78.3,12882044.1,9.3,0.532,0,51.4,0
MSME001037,Classic Associates,13.8,manufacturing,West Bengal,1,173396.22,157036.66,31884.03,0,134,0.1,1,62.6,2061975.46,21.3,0.179,0,0.0,0
MSME001038,Shree Electricals,13.7,retail,Haryana,7,459753.71,425072.12,13328.11,1,127,0.376,1,95.1,5916131.44,1.8,0.748,1,60.7,0
MSME001039,Vishwakarma Exports,22.7,trading,Uttar Pradesh,3,301539.33,244633.53,62902.98,0,192,0.219,1,81.0,3799128.9,6.2,0.473,0,23.5,0
MSME001040,National Foods,6.1,retail,Rajasthan,2,192357.37,146989.91,39491.75,0,71,0.05,1,87.1,2437073.06,3.0,0.684,1,50.4,0
MSME001041,Sri Agencies,1.7,trading,Kerala,98,2261000.09,2108867.09,247484.78,0,19,0.396,1,58.0,28644646.4,17.8,0.46,0,22.0,1
MSME001042,Royal Agencies,7.8,food,Bihar,8,329972.15,289951.28,53906.45,0,82,0.158,1,74.9,3333861.27,9.9,0.493,0,12.9,0
MSME001043,Vishwakarma Agencies,18.3,trading,West Bengal,4,279657.05,267275.93,25837.93,1,213,0.082,0,,,,0.399,0,27.6,0
MSME001044,Maruti Logistics,15.1,manufacturing,Tamil Nadu,5,318181.19,304907.86,56538.04,0,114,0.22,1,83.6,2939969.74,2.2,0.132,0,9.2,0
MSME001045,Sri Associates,3.5,retail,Uttar Pradesh,36,819405.76,767901.72,139087.73,0,35,0.05,1,100.0,9098428.02,0.0,0.682,0,39.3,0
MSME001046,Annapurna Plastics,1.9,trading,Gujarat,1,418636.49,362952.43,80598.51,1,13,0.05,1,84.0,4312412.8,13.2,0.377,0,32.3,0
MSME001047,Kaveri Industries,1.8,trading,Tamil Nadu,30,1495411.98,1320536.9,192545.95,0,13,0.462,1,93.4,19533671.27,0.1,0.459,0,24.9,0
MSME001048,Hanuman Associates,2.9,retail,Telangana,20,519090.05,478894.18,105248.87,0,22,0.256,1,92.1,4465304.74,9.7,0.584,1,42.4,0
MSME001049,Durga Textiles,3.3,trading,Bihar,122,1002592.03,978671.79,46863.85,2,38,0.529,1,67.7,10757582.77,15.7,0.182,0,6.4,0
MSME001050,Balaji Electricals,4.1,services,Andhra Pradesh,1,233260.52,206335.69,19335.87,0,32,0.301,1,80.2,2879652.34,21.3,0.379,1,52.8,0
MSME001051,Om Exports,8.6,trading,Uttar Pradesh,19,709805.52,701816.39,13759.03,1,54,0.347,1,77.4,8198073.39,11.9,0.36,0,12.5,0
MSME001052,Maruti Industries,4.0,manufacturing,Tamil Nadu,18,466980.54,434095.35,104208.95,0,42,0.288,1,77.9,5859938.92,14.2,0.101,0,6.8,0
MSME001053,Om Agencies,5.5,food,Bihar,44,1327366.31,995524.74,191198.23,0,40,0.112,0,,,,0.687,1,55.8,0
MSME001054,Modern Engineering Works,1.2,trading,Uttar Pradesh,19,655431.9,644840.94,55259.0,0,6,0.128,1,86.1,7930414.57,0.0,0.188,0,2.7,1
MSME001055,Sai Metals,2.7,food,Uttar Pradesh,10,509050.43,559955.47,0.0,5,25,0.812,1,57.4,5303029.77,30.8,0.608,1,58.9,1
MSME001056,Modern Bakers,2.6,retail,Gujarat,12,615979.44,642581.04,0.0,4,25,0.439,1,82.0,5736676.2,14.5,0.664,1,70.9,0
MSME001057,Vishwakarma Traders,1.0,retail,Uttar Pradesh,6,493858.82,400420.5,56196.83,0,11,0.144,1,90.0,4861904.54,0.0,0.547,1,50.0,0
MSME001058,New Suppliers,3.9,trading,Maharashtra,18,366670.6,342648.01,25101.81,1,32,0.387,1,85.4,3090237.04,11.4,0.395,0,33.3,0
MSME001059,Vishwakarma Suppliers,1.2,services,Tamil Nadu,35,634034.61,532171.94,115107.54,0,12,0.066,1,87.9,5407180.32,11.0,0.421,0,21.8,1
MSME001060,Ganesh Agencies,3.7,trading,Andhra Pradesh,30,2606207.09,2617589.76,0.0,0,38,0.385,1,77.9,30120746.68,20.4,0.455,0,20.8,0
MSME001061,New Plastics,5.8,services,Maharashtra,5,845500.52,762304.6,100758.22,0,54,0.385,1,82.0,10671494.16,3.8,0.279,0,7.2,0
MSME001062,Durga Fabrics,14.0,manufacturing,Karnataka,25,859753.27,810956.5,96375.32,0,141,0.193,1,85.4,8681540.25,6.6,0.094,0,5.8,0
MSME001063,Balaji Agencies,2.5,retail,Karnataka,49,610073.54,536648.07,75848.06,0,26,0.188,1,75.3,6693111.36,8.8,0.738,1,66.0,0
MSME001064,Sri Enterprises,5.7,manufacturing,Karnataka,7,158450.2,148752.45,15684.65,2,51,0.401,0,,,,0.083,0,1.0,0
MSME001065,New Agencies,3.1,services,Rajasthan,8,309707.16,304999.66,42680.75,0,29,0.175,1,64.6,3846455.98,14.0,0.34,0,9.6,0
MSME001066,Maruti Engineering Works,1.1,trading,Maharashtra,24,665547.78,539933.9,111487.83,0,10,0.05,1,100.0,8387580.09,5.7,0.251,0,0.0,0
MSME001067,Classic Agencies,14.1,retail,Maharashtra,44,606844.52,633392.49,0.0,4,118,0.822,1,76.5,5652710.05,3.0,0.655,1,58.1,0
MSME001068,Hanuman Foods,6.0,trading,Karnataka,2,285954.11,237949.05,45012.79,0,62,0.226,1,65.7,3322183.8,16.9,0.244,0,13.2,0
MSME001069,Ganesh Industries,7.6,trading,Punjab,10,750882.28,796659.81,0.0,3,52,0.472,1,84.4,7931545.8,0.0,0.426,0,36.3,1
MSME001070,Shree Solutions,15.7,manufacturing,Gujarat,7,309520.24,317181.51,5217.45,4,156,0.465,1,81.9,2674432.47,16.1,0.146,0,8.2,0
MSME001071,Durga Industries,3.7,trading,Rajasthan,4,469511.19,435472.43,21494.96,2,35,0.293,1,83.9,5572050.99,6.6,0.334,0,28.0,1
MSME001072,Kaveri Logistics,1.6,retail,Haryana,3,301800.79,291509.71,24875.07,2,15,0.401,1,62.4,2904710.37,16.3,0.749,0,35.5,0
MSME001073,New Logistics,2.5,manufacturing,Bihar,1,183334.87,166422.99,24695.06,0,20,0.229,1,68.9,2081028.66,19.5,0.074,0,0.0,0
MSME001074,Om Suppliers,1.5,services,Bihar,15,1236541.73,962008.09,245336.91,0,14,0.185,1,84.0,12919769.03,9.4,0.466,0,0.0,0
MSME001075,Shiv Caterers,11.5,food,Rajasthan,32,813697.47,767156.25,103826.6,0,95,0.29,1,91.5,7367616.01,5.0,0.717,1,61.5,0
MSME001076,Annapurna Traders,18.8,trading,Kerala,3,240372.54,209026.42,37745.81,0,198,0.175,0,,,,0.43,0,32.9,0
MSME001077,Sri Electricals,5.8,services,Karnataka,16,667358.38,633449.53,11042.86,3,68,0.533,1,61.6,8106181.39,16.3,0.481,1,32.2,1
MSME001078,Annapurna Textiles,8.8,trading,West Bengal,4,188204.56,170114.14,39002.84,0,90,0.211,1,97.4,1840588.1,0.0,0.251,0,12.9,0
MSME001079,Vishwakarma Associates,10.5,services,Telangana,3,210092.45,231101.7,0.0,7,92,0.808,1,61.5,2361727.95,11.6,0.358,1,50.8,0
MSME001080,National Suppliers,16.4,trading,Gujarat,14,1225198.17,938185.7,186881.71,1,135,0.05,1,87.4,14275425.62,8.8,0.19,1,24.6,0
MSME001081,Classic Bakers,18.3,retail,Delhi,7,502728.52,427504.6,71363.33,0,152,0.08,1,91.1,5416881.09,0.0,0.791,0,48.3,0
MSME001082,Modern Agencies,0.7,food,Haryana,3,305942.39,271572.8,46165.55,0,6,0.185,1,97.4,3790987.31,1.3,0.727,1,58.2,0
MSME001083,Modern Foods,3.1,services,Karnataka,38,1122522.07,864989.0,280630.52,1,24,0.144,1,79.8,13713755.74,11.3,0.629,0,49.4,0
MSME001084,Krishna Caterers,5.3,services,Uttar Pradesh,5,494322.9,509392.08,12143.23,3,57,0.425,1,69.8,4639961.01,16.2,0.685,0,26.9,0
MSME001085,Kaveri Stores,2.8,trading,Bihar,6,394673.38,342583.98,75486.46,1,28,0.133,1,98.8,3827375.91,0.0,0.283,0,23.9,0
MSME001086,National Fabrics,4.2,services,Tamil Nadu,1,363272.62,351454.54,41479.94,0,36,0.378,1,86.6,4289164.37,3.1,0.596,0,13.4,0
MSME001087,National Exports,7.2,retail,Karnataka,2,112037.18,104572.32,19982.68,0,52,0.181,0,,,,0.71,0,47.0,0
MSME001088,Modern Exports,7.1,trading,Maharashtra,1,184061.25,168426.44,600.55,2,78,0.404,0,,,,0.381,0,18.9,0
MSME001089,Durga Agencies,10.2,retail,Telangana,7,392836.74,312380.03,49379.87,0,93,0.395,1,79.2,4365096.54,10.4,0.478,0,30.0,0
MSME001090,Balaji Logistics,5.4,retail,Delhi,7,560017.53,455180.41,47385.86,0,36,0.284,1,95.5,4851276.12,0.2,0.666,1,47.1,0
MSME001091,Om Foods,0.5,retail,Maharashtra,2,237224.45,215959.89,11776.19,0,6,0.474,1,86.7,2072713.49,5.8,0.761,0,37.7,0
MSME001092,Vishwakarma Solutions,3.9,manufacturing,Bihar,8,209427.79,187867.2,15713.62,0,32,0.375,0,,,,0.07,0,10.5,0
MSME001093,National Textiles,6.7,retail,Andhra Pradesh,37,237916.3,237768.82,17084.82,1,77,0.495,0,,,,0.672,0,36.1,0
MSME001094,Maruti Plastics,10.8,manufacturing,Maharashtra,9,557683.03,532252.63,72084.49,0,71,0.364,1,73.8,5931748.47,15.5,0.025,0,0.0,0
MSME001095,Ganesh Electricals,9.7,food,Tamil Nadu,33,418562.02,360403.18,75120.17,0,80,0.245,1,100.0,5069409.12,7.1,0.697,1,76.1,0
MSME001096,Sai Suppliers,4.8,retail,Gujarat,144,627008.67,538546.04,122266.42,0,42,0.086,1,66.7,7910240.01,13.4,0.403,1,47.5,0
MSME001097,National Stores,3.0,services,Andhra Pradesh,2,148014.29,138152.46,21116.01,1,22,0.348,1,85.4,1919725.02,10.9,0.251,0,21.3,0
MSME001098,New Caterers,5.0,trading,Rajasthan,2,352705.53,274735.76,31194.8,1,36,0.117,0,,,,0.36,1,31.0,0
MSME001099,Shree Fabrics,0.9,food,Uttar Pradesh,8,725733.49,637596.98,109916.91,0,6,0.256,1,83.9,8695213.08,6.1,0.732,0,37.8,0
MSME001100,Vishwakarma Foods,3.2,trading,Tamil Nadu,29,792038.43,785308.67,72178.8,0,29,0.436,1,74.5,9339454.51,15.7,0.187,0,2.8,0
MSME001101,Shiv Foods,12.2,trading,Rajasthan,4,833234.5,702497.93,124238.4,2,132,0.203,1,81.3,8204818.54,20.9,0.392,0,16.7,0
MSME001102,Shiv Bakers,5.0,retail,Maharashtra,4,284785.98,250786.7,49083.46,1,52,0.191,1,95.0,2981511.01,2.3,0.587,1,78.0,0
MSME001103,Classic Plastics,6.9,food,West Bengal,6,414805.03,433553.37,16307.32,7,75,0.505,1,82.8,5108168.97,22.9,0.501,1,59.5,0
MSME001104,Annapurna Enterprises,1.4,retail,Maharashtra,21,1215206.05,1245354.99,0.0,3,13,0.335,1,95.2,12231916.46,0.2,0.76,0,40.9,0
MSME001105,Ganesh Metals,10.7,manufacturing,Telangana,1,273076.04,248488.47,0.0,2,98,0.494,0,,,,0.116,0,3.3,0
MSME001106,Annapurna Suppliers,4.6,retail,Bihar,5,379638.33,417602.17,4137.26,1,33,0.438,1,64.5,3483028.57,22.6,0.45,1,37.0,0
MSME001107,Kaveri Traders,6.7,services,Andhra Pradesh,4,268679.44,272680.29,4038.2,1,44,0.493,1,91.2,3113579.67,12.6,0.459,1,40.0,0
MSME001108,Classic Fabrics,7.9,trading,Uttar Pradesh,234,1916953.95,1891960.17,209232.87,1,85,0.361,1,76.7,21607953.57,9.0,0.128,0,12.9,0
MSME001109,Classic Suppliers,10.4,retail,West Bengal,9,734352.68,550764.51,107173.69,0,81,0.167,1,79.2,6741600.0,13.3,0.692,0,36.1,0
MSME001110,Shree Suppliers,6.0,retail,Telangana,8,523383.49,488864.96,31111.37,1,67,0.299,1,83.7,5541694.12,9.4,0.472,1,46.7,0
MSME001111,Hanuman Bakers,4.7,retail,Karnataka,42,627994.42,605676.41,15546.16,8,44,0.396,1,64.6,7628379.79,15.4,0.754,1,44.8,1
MSME001112,Kaveri Plastics,1.7,manufacturing,Uttar Pradesh,3,182010.35,178923.08,25284.6,1,14,0.18,0,,,,0.029,0,0.0,0
MSME001113,Annapurna Plastics,1.3,services,Maharashtra,18,506655.91,449898.5,45108.88,0,7,0.508,1,64.2,5228695.66,8.2,0.328,0,41.7,0
MSME001114,Lakshmi Suppliers,5.9,retail,West Bengal,7,372837.46,394727.69,24348.9,0,57,0.682,1,73.6,4475498.36,12.1,0.679,1,68.0,1
MSME001115,Annapurna Textiles,6.8,trading,Rajasthan,5,492272.52,501547.87,36283.51,3,71,0.563,1,80.8,5802160.72,7.0,0.442,0,20.0,0
MSME001116,Shiv Textiles,7.6,retail,Delhi,5,399083.24,345754.25,52910.43,0,85,0.05,1,79.3,5040085.05,8.8,0.874,0,49.6,0
MSME001117,Modern Metals,2.5,services,Andhra Pradesh,8,966795.09,1049418.75,0.0,4,24,0.373,1,69.8,11052355.12,6.9,0.567,0,25.2,1
MSME001118,Krishna Foods,3.3,manufacturing,Bihar,30,568168.53,567817.96,769.77,4,16,0.437,1,90.3,5949843.2,3.7,0.083,0,21.2,0
MSME001119,Sri Garments,5.8,manufacturing,Haryana,3,174603.35,149994.45,28005.7,0,64,0.304,0,,,,0.15,0,16.5,0
MSME001120,Shiv Engineering Works,3.6,manufacturing,Madhya Pradesh,6,273197.25,278414.24,17687.55,5,23,0.576,1,81.3,3467944.89,3.9,0.052,0,5.2,1
MSME001121,Shree Foods,24.0,trading,Maharashtra,48,604816.63,468342.6,120561.73,0,173,0.164,1,93.6,6601829.14,6.1,0.196,0,4.7,0
MSME001122,Sai Associates,3.2,retail,Maharashtra,5,678604.32,593446.53,35620.87,3,25,0.339,1,85.5,8133196.04,8.2,0.404,1,53.6,1
MSME001123,Lakshmi Metals,7.1,manufacturing,Telangana,7,262890.0,242111.51,33997.26,0,69,0.231,0,,,,0.133,0,11.3,1
MSME001124,Kaveri Exports,9.5,retail,Gujarat,4,184443.31,153241.84,34593.87,0,109,0.164,1,98.0,2029356.55,5.8,0.569,1,61.2,0
MSME001125,National Industries,9.9,retail,Delhi,157,1333073.0,1466380.3,36662.13,5,67,0.542,1,63.1,12591937.05,22.8,0.59,0,37.5,1
MSME001126,National Foods,3.6,trading,Maharashtra,10,850674.87,804004.22,81569.55,0,38,0.332,1,98.5,9115463.13,0.0,0.123,0,5.9,0
MSME001127,Royal Textiles,7.9,manufacturing,Uttar Pradesh,37,378722.09,350997.37,33584.0,0,60,0.306,1,100.0,3373442.89,0.0,0.221,0,0.0,0
MSME001128,Hanuman Bakers,7.2,services,Bihar,44,257293.71,207907.52,40561.62,0,58,0.192,0,,,,0.291,0,17.2,0
MSME001129,Krishna Electricals,8.1,food,Andhra Pradesh,4,186543.98,185090.36,12377.44,0,94,0.415,1,58.7,1951546.67,15.2,0.719,1,59.9,0
MSME001130,Hanuman Agencies,5.7,trading,Andhra Pradesh,2,470410.56,459590.96,105424.05,0,48,0.284,1,85.3,5445826.25,0.4,0.474,0,13.9,0
MSME001131,Vishwakarma Enterprises,9.5,retail,Maharashtra,5,404927.88,392647.62,47174.15,0,103,0.315,1,77.9,3817855.44,14.9,0.691,0,22.0,0
MSME001132,Durga Exports,6.3,trading,Gujarat,3,245236.79,209320.79,27578.26,1,61,0.253,1,89.7,2884380.0,2.6,0.423,0,21.2,0
MSME001133,New Caterers,1.5,manufacturing,West Bengal,219,2283494.45,1999759.04,190849.38,0,15,0.327,1,84.8,29351516.65,10.9,0.089,0,0.0,0
MSME001134,New Exports,6.1,retail,Kerala,5,400735.74,357750.33,46360.67,0,71,0.193,1,83.7,4677592.46,0.3,0.874,1,57.5,0
MSME001135,Hanuman Stores,6.7,food,Uttar Pradesh,10,357545.47,294283.54,84760.98,2,53,0.134,0,,,,0.76,1,74.8,1
MSME001136,Sai Textiles,9.1,trading,West Bengal,2,134850.23,124938.04,4941.29,1,87,0.482,1,89.9,1447018.42,5.7,0.272,0,25.0,0
MSME001137,Sri Industries,5.9,manufacturing,Uttar Pradesh,1,194960.33,185639.9,29150.87,0,49,0.259,1,73.7,2291334.4,17.4,0.022,0,8.2,0
MSME001138,Maruti Logistics,16.7,manufacturing,Bihar,3,1218312.13,970149.12,238711.58,0,167,0.05,1,92.6,16016453.91,0.0,0.02,0,11.5,0
MSME001139,Sri Enterprises,4.8,trading,Maharashtra,19,538135.95,492167.12,42375.59,0,47,0.314,1,81.0,6272172.36,1.6,0.387,0,9.8,0
MSME001140,Om Exports,3.4,services,Haryana,12,271939.28,299133.21,2628.61,4,26,0.657,1,88.0,2449903.25,13.8,0.315,1,40.7,1
MSME001141,Royal Electricals,13.3,trading,Maharashtra,44,676450.16,613662.72,34319.67,2,91,0.496,1,86.4,5840966.69,6.6,0.388,0,21.3,0
MSME001142,Ganesh Traders,4.7,manufacturing,Madhya Pradesh,5,517460.29,511949.82,39149.06,0,51,0.478,1,95.9,4569525.64,0.0,0.23,0,15.8,0
MSME001143,Classic Garments,5.5,manufacturing,Bihar,2,597107.68,485717.38,87286.22,0,62,0.224,1,82.7,5025653.28,11.1,0.21,0,12.1,0
MSME001144,National Solutions,6.7,services,Tamil Nadu,33,879559.61,840671.39,26281.16,0,67,0.469,1,85.8,10562520.25,4.4,0.284,0,0.7,0
MSME001145,Ganesh Enterprises,6.3,retail,Tamil Nadu,7,285599.17,229708.33,42175.13,0,70,0.265,1,72.9,2938353.91,8.5,0.784,0,37.5,1
MSME001146,Shiv Metals,8.1,food,West Bengal,7,685338.7,610834.08,169202.56,0,87,0.2,1,94.1,6524348.78,13.8,0.833,1,71.5,0
MSME001147,Om Garments,8.7,food,West Bengal,8,555027.55,488017.74,57241.64,0,90,0.312,1,75.0,6322022.04,9.2,0.851,1,68.0,0
MSME001148,New Logistics,3.1,services,Bihar,42,526342.75,550360.35,45552.61,1,24,0.375,1,76.1,6667838.95,0.0,0.487,0,32.8,0
MSME001149,Durga Enterprises,1.9,food,Karnataka,5,286647.72,239300.36,45125.55,1,20,0.211,1,64.0,2465090.67,14.5,0.893,1,78.1,0
MSME001150,Royal Bakers,2.1,trading,Uttar Pradesh,10,741948.36,635795.41,155701.96,0,24,0.184,1,92.2,6998038.1,0.0,0.349,0,34.8,1
MSME001151,Maruti Traders,12.3,trading,Delhi,7,864459.45,845288.26,0.0,5,115,0.64,1,83.9,8102816.77,0.0,0.245,0,18.4,0
MSME001152,Om Caterers,4.4,trading,Uttar Pradesh,10,231283.52,209076.62,13011.44,1,38,0.277,0,,,,0.229,0,23.2,0
MSME001153,Vishwakarma Stores,9.4,retail,Karnataka,1,239086.82,214714.52,36951.5,0,63,0.248,1,79.3,2149213.84,17.6,0.796,0,36.8,0
MSME001154,Classic Electricals,8.9,trading,Delhi,7,470548.45,462481.07,76716.23,0,76,0.287,1,74.7,4695318.52,14.1,0.431,0,37.0,0
MSME001155,Ganesh Traders,5.5,services,Kerala,44,498199.06,392261.42,108324.06,0,62,0.091,1,93.8,5399131.82,2.9,0.305,0,28.3,0
MSME001156,Krishna Suppliers,2.5,retail,Uttar Pradesh,78,625964.13,494583.12,116980.44,0,27,0.089,1,71.9,6079082.37,10.4,0.515,1,51.1,0
MSME001157,Balaji Enterprises,9.0,retail,Uttar Pradesh,25,1087564.72,929117.25,134347.73,0,88,0.288,1,79.1,14115276.89,8.9,0.497,0,23.6,0
MSME001158,Royal Suppliers,5.3,services,West Bengal,15,660759.0,563964.28,160756.1,2,59,0.071,1,99.7,5949326.5,6.6,0.558,0,28.0,0
MSME001159,Maruti Fabrics,1.8,manufacturing,Tamil Nadu,67,3385137.63,3283421.1,581738.62,0,14,0.295,1,93.7,41266944.93,0.0,0.294,0,2.1,0
MSME001160,Ganesh Engineering Works,3.6,food,Bihar,49,448450.22,424476.84,82531.37,0,37,0.416,1,98.3,5065320.59,1.9,0.659,1,53.0,1
MSME001161,Krishna Foods,1.2,retail,Karnataka,4,377230.84,345986.64,19382.31,2,12,0.292,1,55.7,3244433.49,26.2,0.604,1,62.6,1
MSME001162,Shiv Foods,3.8,manufacturing,Tamil Nadu,23,911784.3,778312.57,162066.29,1,36,0.05,1,76.6,8209379.05,3.1,0.146,0,19.0,0
MSME001163,National Foods,5.7,retail,Gujarat,2,464333.28,492455.14,44337.71,2,63,0.401,1,82.0,4805769.11,14.4,0.552,0,38.0,0
MSME001164,Om Industries,4.9,retail,Madhya Pradesh,2,598773.47,552692.28,65811.79,0,54,0.263,1,70.3,7074784.62,23.4,0.777,0,33.8,0
MSME001165,Om Foods,4.5,services,Telangana,2,281827.29,281701.2,13288.0,3,35,0.443,1,77.0,3566094.24,7.5,0.294,0,27.1,0
MSME001166,Balaji Stores,5.7,trading,Gujarat,1,145511.22,124922.95,18479.2,3,47,0.206,0,,,,0.236,0,21.8,0
MSME001167,Shree Electricals,7.7,manufacturing,Maharashtra,17,474682.09,417020.89,86432.17,0,85,0.05,1,65.2,5519480.68,12.2,0.203,0,13.6,0
MSME001168,Maruti Fabrics,10.0,retail,Gujarat,5,404816.74,392355.85,5616.97,1,97,0.58,1,79.9,4181471.64,11.9,0.631,1,71.2,0
MSME001169,Modern Metals,10.9,retail,West Bengal,8,800014.12,787525.4,76986.55,0,110,0.264,1,85.0,10180449.61,22.6,0.781,0,64.6,0
MSME001170,Classic Fabrics,2.8,trading,Bihar,5,195138.85,198406.08,13620.96,0,27,0.451,1,80.2,2171048.89,5.0,0.498,0,25.6,1
MSME001171,Hanuman Garments,11.7,retail,Andhra Pradesh,33,348023.95,308140.98,58035.22,0,75,0.069,1,100.0,3914362.98,0.0,0.456,1,46.8,0
MSME001172,Hanuman Electricals,5.3,retail,Punjab,11,720450.74,590482.62,166654.76,0,45,0.107,1,75.4,9031647.09,11.0,0.846,1,66.6,0
MSME001173,Maruti Caterers,4.1,retail,Karnataka,2,139248.68,124434.44,5456.1,6,33,0.408,1,79.4,1347204.21,10.8,0.655,1,57.6,1
MSME001174,Annapurna Foods,2.2,trading,Kerala,8,268445.57,295290.12,0.0,5,24,0.745,1,76.2,3030404.53,11.3,0.442,0,32.0,1
MSME001175,Shree Plastics,7.3,manufacturing,Tamil Nadu,2,686326.82,559957.09,117149.85,0,66,0.116,1,81.0,6498809.34,0.0,0.208,0,0.0,0
MSME001176,Ganesh Plastics,7.1,retail,Karnataka,13,442415.5,392817.36,83391.23,0,57,0.249,1,92.7,5496886.11,0.0,0.896,1,60.7,0
MSME001177,Ganesh Logistics,3.4,services,Karnataka,9,358165.39,327579.81,47017.51,0,30,0.257,1,82.7,4558690.47,13.5,0.423,0,27.0,1
MSME001178,Annapurna Garments,3.4,services,Bihar,41,1416647.12,1255860.24,209439.26,0,30,0.104,1,76.3,14571806.47,19.1,0.64,0,33.7,0
MSME001179,Lakshmi Fabrics,4.8,trading,Bihar,4,225224.24,208183.94,22543.82,0,45,0.381,1,76.1,2902185.73,3.5,0.224,0,22.1,0
MSME001180,Shree Caterers,4.0,trading,Tamil Nadu,151,604810.57,547582.6,37005.65,3,41,0.553,1,78.1,7901860.6,17.9,0.269,0,2.4,0
MSME001181,Hanuman Agencies,2.7,services,Kerala,1,531763.0,482288.98,52467.64,0,28,0.382,1,77.4,4998306.81,0.0,0.394,0,17.6,0
MSME001182,Classic Bakers,2.0,manufacturing,Kerala,14,752366.38,737530.65,131710.55,0,22,0.285,1,75.2,8518413.76,13.4,0.067,0,1.7,0
MSME001183,Durga Textiles,11.8,retail,Delhi,35,979860.01,877865.7,174709.7,1,71,0.274,1,92.3,9492495.09,2.6,0.642,1,66.8,0
MSME001184,Vishwakarma Caterers,3.6,manufacturing,Rajasthan,29,695125.25,533711.98,158863.88,1,22,0.05,1,95.2,6654040.68,5.6,0.075,0,2.9,0
MSME001185,Vishwakarma Textiles,7.1,retail,Haryana,15,492077.07,475451.14,93625.06,1,48,0.081,1,65.9,5095872.93,7.5,0.519,1,45.9,0
MSME001186,Ganesh Bakers,8.2,trading,Telangana,3,251549.23,233469.34,29875.13,1,92,0.321,0,,,,0.175,0,13.3,0
MSME001187,Balaji Agencies,7.4,trading,West Bengal,9,615236.11,604080.6,110036.64,0,66,0.253,1,80.0,6555372.67,7.9,0.323,0,17.8,0
MSME001188,Krishna Solutions,8.5,retail,Rajasthan,10,729140.48,737227.14,31709.9,4,76,0.617,1,67.9,6530463.2,10.2,0.483,0,21.9,0
MSME001189,Krishna Industries,7.3,retail,Andhra Pradesh,5,416849.12,358039.53,79014.05,0,71,0.05,1,87.8,4309872.36,3.7,0.717,0,28.1,0
MSME001190,Shree Plastics,3.1,retail,Bihar,10,827252.54,791736.96,67175.07,1,33,0.369,1,57.5,7158363.74,23.6,0.798,1,77.3,0
MSME001191,Vishwakarma Caterers,4.2,retail,Karnataka,3,461613.12,470987.19,54219.07,2,40,0.356,1,64.8,5517650.73,15.7,0.86,1,69.4,1
MSME001192,Lakshmi Traders,11.5,services,Haryana,48,393281.67,383768.76,34183.57,0,120,0.401,1,94.0,3937705.83,5.8,0.491,1,51.9,1
MSME001193,Annapurna Engineering Works,3.5,retail,Tamil Nadu,5,345614.87,330439.56,58360.52,0,30,0.118,1,84.4,3551180.37,12.1,0.485,0,31.8,0
MSME001194,Sri Enterprises,5.3,manufacturing,West Bengal,5,378728.36,347844.4,41722.43,0,47,0.287,1,86.9,3689415.94,2.5,0.221,0,3.4,1
MSME001195,Om Electricals,7.8,manufacturing,Tamil Nadu,3,628477.54,577273.88,45471.54,0,48,0.365,1,79.4,5928085.07,6.2,0.043,0,8.0,0
MSME001196,Hanuman Agencies,14.5,retail,Rajasthan,17,698544.9,731676.61,0.0,2,117,0.644,1,89.0,7035103.87,21.5,0.495,0,33.8,0
MSME001197,Sri Suppliers,10.8,retail,Tamil Nadu,4,375212.98,377632.76,13023.2,3,78,0.116,1,99.7,3218642.42,0.0,0.624,1,52.9,0
MSME001198,Modern Engineering Works,2.4,trading,Tamil Nadu,37,1383201.67,1318584.3,85028.21,0,22,0.426,1,73.7,16009222.8,0.0,0.203,0,7.2,0
MSME001199,National Textiles,6.9,manufacturing,Gujarat,5,173696.95,170785.21,30173.17,1,57,0.19,0,,,,0.036,0,0.0,0
MSME001200,Hanuman Textiles,6.4,trading,Maharashtra,7,343537.35,348710.26,22967.13,2,62,0.294,1,74.2,3471067.35,10.3,0.387,0,18.7,0
MSME001201,Royal Caterers,4.2,retail,Maharashtra,5,281427.94,309570.73,0.0,4,41,0.708,0,,,,0.519,0,33.6,0
MSME001202,Shiv Solutions,5.5,food,Bihar,16,502235.98,457410.52,53003.48,0,49,0.531,1,67.4,6159958.53,11.0,0.773,0,30.7,0
MSME001203,Modern Foods,3.1,trading,Tamil Nadu,34,1046440.12,1132111.93,52814.35,4,33,0.439,1,78.3,9805088.99,15.0,0.363,0,20.0,1
MSME001204,New Textiles,4.7,trading,Maharashtra,2,327450.66,294121.97,0.0,6,49,0.437,0,,,,0.197,0,12.9,1
MSME001205,Durga Enterprises,3.6,manufacturing,Maharashtra,5,235146.41,210877.61,38467.1,0,28,0.05,1,99.0,2147785.65,4.8,0.296,0,20.6,0
MSME001206,Classic Solutions,5.8,food,Uttar Pradesh,9,459570.8,462805.2,0.0,6,63,0.576,1,75.3,5026260.97,18.3,0.854,0,35.8,0
MSME001207,Om Logistics,4.1,trading,Maharashtra,1,285092.49,277159.55,28496.29,0,28,0.197,0,,,,0.237,0,7.9,0
MSME001208,Sri Fabrics,15.2,trading,Delhi,10,237726.08,213053.62,14522.92,0,119,0.513,0,,,,0.49,0,26.2,0
MSME001209,Lakshmi Engineering Works,5.9,trading,Karnataka,17,532166.1,503372.05,0.0,5,65,0.43,1,66.9,4653197.4,8.3,0.379,0,13.6,0
MSME001210,Modern Suppliers,5.1,retail,Gujarat,2,348441.32,355570.38,9958.91,7,56,0.412,1,68.5,4225995.46,15.0,0.804,1,54.9,0
MSME001211,Hanuman Enterprises,4.5,trading,Karnataka,46,2100243.42,1969427.6,280575.74,0,27,0.23,1,91.8,20274353.84,5.9,0.288,0,26.2,0
MSME001212,New Stores,4.1,retail,Maharashtra,1,126354.36,109734.81,13105.05,0,32,0.272,1,96.9,1351785.72,3.4,0.563,1,52.9,0
MSME001213,Shiv Associates,1.8,services,Madhya Pradesh,2,413382.9,427501.68,0.0,3,11,0.604,1,91.9,4724795.73,6.2,0.5,0,25.1,0
MSME001214,Royal Electricals,9.4,manufacturing,Punjab,29,456289.62,409335.19,87252.25,1,64,0.05,1,97.0,4934417.22,3.8,0.184,0,10.4,0
MSME001215,Sai Logistics,13.3,food,Uttar Pradesh,3,131027.03,139331.3,4082.17,7,129,0.453,0,,,,0.884,1,85.0,0
MSME001216,Balaji Suppliers,3.5,manufacturing,Uttar Pradesh,4,232655.81,205949.09,18611.98,2,32,0.245,1,73.9,2048531.22,13.3,0.099,0,13.5,0
MSME001217,Om Exports,11.5,retail,West Bengal,9,623592.69,612562.02,32327.83,1,131,0.484,1,75.1,5468194.73,1.8,0.608,0,36.4,0
MSME001218,Sri Textiles,23.8,retail,Uttar Pradesh,6,424761.47,379602.26,43842.32,1,240,0.482,1,76.8,5110476.3,7.5,0.405,0,6.0,0
MSME001219,National Traders,18.4,trading,Maharashtra,11,461583.91,476445.97,0.0,3,213,0.351,1,91.3,4269078.9,9.8,0.271,0,30.3,0
MSME001220,Vishwakarma Caterers,12.9,retail,Madhya Pradesh,13,642768.15,647681.02,84663.07,1,132,0.46,1,68.6,8190020.11,17.5,0.424,1,48.3,1
MSME001221,Hanuman Engineering Works,2.0,retail,West Bengal,32,671098.68,638641.69,75086.42,0,17,0.361,1,87.4,5922718.97,15.4,0.691,0,20.1,0
MSME001222,Krishna Electricals,2.0,manufacturing,Uttar Pradesh,231,1642045.62,1583264.48,66408.02,4,16,0.416,1,69.0,15937555.05,16.7,0.195,0,18.7,0
MSME001223,Modern Stores,8.4,trading,Telangana,7,405077.36,403989.77,63158.91,0,81,0.329,1,65.4,4436420.99,11.1,0.407,0,13.4,0
MSME001224,Durga Engineering Works,5.4,retail,Maharashtra,9,254064.67,201638.32,26683.25,0,61,0.203,0,,,,0.829,1,63.9,0
MSME001225,Vishwakarma Agencies,0.7,trading,Tamil Nadu,2,830705.71,651679.7,207676.43,0,7,0.05,1,100.0,9614649.66,8.4,0.439,0,16.7,0
MSME001226,Modern Logistics,3.9,food,Bihar,3,569338.8,498642.23,111946.08,0,30,0.05,1,100.0,6952137.39,0.0,0.668,1,38.9,0
MSME001227,Balaji Associates,8.2,services,West Bengal,10,1044454.8,909808.4,171736.52,0,36,0.05,1,88.6,11999659.23,0.0,0.517,0,25.0,0
MSME001228,Modern Stores,4.7,retail,West Bengal,8,320693.93,325340.66,0.0,4,43,0.499,1,72.7,3012159.76,13.0,0.624,0,43.1,1
MSME001229,Annapurna Traders,5.4,trading,Madhya Pradesh,97,728632.5,771965.56,0.0,4,53,0.59,1,59.0,6480961.22,25.6,0.387,0,20.9,1
MSME001230,Lakshmi Plastics,2.0,food,West Bengal,1,150500.04,145301.3,15058.35,0,19,0.395,0,,,,0.604,0,28.3,0
MSME001231,National Plastics,3.8,retail,Andhra Pradesh,3,578922.34,463503.68,136515.51,0,34,0.05,1,93.7,6069560.9,2.0,0.845,0,40.5,0
MSME001232,Sri Suppliers,8.5,services,Karnataka,4,330094.65,247570.99,82523.66,3,84,0.05,1,92.0,3884348.07,0.1,0.377,0,17.1,0
MSME001233,Modern Textiles,3.7,services,Gujarat,1,160995.37,171259.23,8975.73,2,35,0.362,1,71.1,1859390.71,15.6,0.33,0,7.0,0
MSME001234,Sri Textiles,12.1,services,Bihar,6,455894.85,457511.21,45047.67,0,119,0.362,1,77.5,4847920.99,0.0,0.629,0,38.4,1
MSME001235,Hanuman Fabrics,5.5,retail,Tamil Nadu,7,276350.56,246962.64,61135.6,0,63,0.38,1,84.1,2831686.58,0.0,0.422,1,55.5,1
MSME001236,Ganesh Stores,7.3,food,Bihar,4,136428.05,129436.88,14521.73,0,85,0.378,0,,,,0.534,0,37.3,0
MSME001237,Shree Metals,8.3,trading,Tamil Nadu,31,806125.96,827264.45,115143.35,1,87,0.175,1,78.0,7343275.54,5.8,0.387,0,27.5,0
MSME001238,Balaji Engineering Works,8.1,retail,Rajasthan,3,241427.51,204832.08,33596.62,0,72,0.183,0,,,,0.846,0,50.7,0
MSME001239,Lakshmi Solutions,2.3,retail,Bihar,24,596993.09,447744.82,149248.27,0,23,0.05,1,89.4,7019989.64,11.4,0.693,1,60.2,0
MSME001240,Shree Engineering Works,2.7,trading,West Bengal,35,177896.09,156759.14,30906.51,0,22,0.119,0,,,,0.131,0,12.2,0
MSME001241,Om Stores,0.7,retail,Maharashtra,42,436191.45,358678.33,91031.77,0,7,0.05,1,86.2,5206284.79,1.5,0.57,1,59.0,0
MSME001242,New Textiles,4.2,manufacturing,Rajasthan,40,886858.86,894481.58,0.0,4,44,0.632,1,59.2,8646996.13,16.7,0.258,1,25.0,1
MSME001243,Modern Caterers,2.5,manufacturing,Telangana,5,210486.48,191374.19,45517.39,0,20,0.182,1,83.6,2594008.62,3.4,0.135,0,2.4,0
MSME001244,Shiv Electricals,3.6,retail,Haryana,10,204240.37,206535.77,16055.73,0,38,0.419,1,43.0,1894185.42,21.6,0.45,1,53.5,0
MSME001245,Royal Metals,4.5,manufacturing,Rajasthan,8,570741.01,438186.81,119577.98,0,50,0.05,1,91.6,6339381.41,7.9,0.246,0,16.2,0
MSME001246,Modern Electricals,6.1,food,Maharashtra,10,557972.75,479579.44,108065.67,0,53,0.201,1,92.4,6598019.77,11.2,0.739,1,59.9,0
MSME001247,Royal Fabrics,4.8,retail,Gujarat,40,429886.62,388947.5,65426.8,0,53,0.052,1,87.2,4828476.37,14.0,0.518,1,50.9,0
MSME001248,Shiv Plastics,4.7,services,Rajasthan,6,323102.17,315864.78,21386.38,1,28,0.264,1,79.9,2723133.21,9.9,0.68,0,34.2,0
MSME001249,Ganesh Enterprises,6.9,food,Maharashtra,2,204408.95,200950.93,19759.71,0,68,0.302,0,,,,0.561,0,31.1,0
MSME001250,Modern Textiles,5.2,manufacturing,Andhra Pradesh,1,126129.42,124806.7,8554.9,0,59,0.384,1,82.9,1147088.13,0.2,0.21,0,20.4,1
MSME001251,Kaveri Stores,9.9,trading,Karnataka,48,1643453.84,1515833.46,256951.58,0,95,0.071,1,86.1,14771924.06,0.0,0.445,0,39.5,0
MSME001252,Vishwakarma Textiles,5.2,manufacturing,Gujarat,2,332164.97,301304.39,61678.44,0,28,0.194,1,89.0,3968914.16,11.9,0.094,0,8.9,0
MSME001253,Sai Engineering Works,14.6,services,Gujarat,6,339477.1,277375.52,67777.19,0,92,0.07,0,,,,0.663,0,16.9,0
MSME001254,New Garments,2.2,retail,Maharashtra,19,688085.41,570557.43,139437.71,0,18,0.105,1,76.9,7426164.36,11.7,0.814,0,35.7,0
MSME001255,Hanuman Engineering Works,4.1,retail,Karnataka,14,216674.65,227230.82,10363.82,3,40,0.393,1,76.8,2642459.12,20.0,0.892,1,73.4,1
MSME001256,Sai Industries,3.1,trading,Rajasthan,3,614416.93,570321.98,89704.24,0,25,0.209,1,72.1,6580726.67,6.5,0.366,0,31.7,0
MSME001257,Kaveri Suppliers,6.2,trading,Gujarat,4,720229.29,634702.85,63727.16,0,33,0.172,1,88.5,6179732.28,4.2,0.275,0,28.1,0
MSME001258,Krishna Stores,2.2,trading,West Bengal,10,576055.54,541166.33,50588.94,0,21,0.411,1,92.1,7216462.19,5.0,0.273,0,26.2,0
MSME001259,Om Logistics,1.4,retail,Gujarat,1,296573.17,280961.4,56533.45,0,15,0.228,1,70.1,3481906.01,5.0,0.436,1,44.0,0
MSME001260,National Caterers,2.6,manufacturing,Karnataka,95,987113.81,921072.42,211761.17,0,27,0.287,1,93.9,8623315.72,8.6,0.129,1,29.8,0
MSME001261,Lakshmi Industries,1.5,services,Kerala,15,791656.78,774089.63,40588.21,1,15,0.31,1,82.4,9768396.49,15.8,0.277,1,49.1,1
MSME001262,Classic Exports,4.6,trading,Gujarat,1,168977.03,168464.55,21430.1,1,41,0.274,0,,,,0.32,0,0.0,0
MSME001263,Vishwakarma Foods,6.0,retail,Gujarat,4,343646.76,318660.54,31555.96,1,56,0.392,0,,,,0.478,0,20.5,0
MSME001264,National Caterers,1.2,retail,Andhra Pradesh,80,878870.26,876560.14,87600.71,1,12,0.349,1,63.5,9995547.31,17.2,0.584,0,46.0,0
MSME001265,Kaveri Garments,3.9,retail,Gujarat,8,422349.82,434916.25,34787.99,0,28,0.229,1,90.7,5033303.88,7.3,0.889,1,77.4,0
MSME001266,Shree Enterprises,10.8,services,Rajasthan,9,759614.29,800224.93,43926.09,1,124,0.508,1,71.7,7694286.04,20.4,0.345,0,18.1,0
MSME001267,Sai Stores,13.0,retail,Telangana,12,1625021.35,1589060.81,312401.12,0,85,0.116,1,81.2,15962105.45,15.7,0.466,1,52.8,0
MSME001268,Maruti Traders,8.9,food,West Bengal,3,248099.02,205307.83,62024.75,0,76,0.085,1,68.6,2315423.43,16.9,0.741,1,84.3,0
MSME001269,Modern Engineering Works,0.5,retail,Delhi,3,415343.64,374912.78,67905.47,0,6,0.373,1,88.5,3516481.5,1.0,0.869,0,51.4,0
MSME001270,Shree Logistics,5.6,retail,Rajasthan,6,254360.22,234459.32,46530.19,0,56,0.181,1,87.9,2419559.07,0.0,0.551,0,39.0,0
MSME001271,Maruti Garments,11.7,manufacturing,Rajasthan,9,1021266.25,845313.4,144352.07,0,55,0.184,1,82.7,10814095.54,16.6,0.221,0,21.9,0
MSME001272,Balaji Fabrics,3.6,trading,Maharashtra,2,246519.26,249121.72,5859.13,2,30,0.486,1,82.6,2631020.62,18.7,0.147,0,32.7,1
MSME001273,Classic Associates,1.8,trading,Uttar Pradesh,22,3817077.89,3210350.53,659178.78,0,19,0.05,1,86.6,49800136.69,3.4,0.12,0,6.5,0
MSME001274,Durga Metals,11.1,retail,Karnataka,9,178365.15,196201.67,0.0,7,79,0.715,1,70.2,2099925.85,20.7,0.634,1,64.0,1
MSME001275,New Associates,12.2,services,Uttar Pradesh,9,1374556.35,1132845.38,144447.56,0,97,0.344,1,65.9,15082370.87,2.7,0.551,0,36.9,0
MSME001276,Sri Enterprises,5.2,trading,Rajasthan,3,638985.7,585629.72,57450.26,0,36,0.376,1,76.2,6031269.57,15.6,0.138,0,0.0,1
MSME001277,Durga Enterprises,1.8,manufacturing,Tamil Nadu,7,289451.03,235486.43,72362.76,0,17,0.05,1,91.4,2797040.35,7.4,0.27,0,31.0,0
MSME001278,New Fabrics,1.0,services,Maharashtra,7,1400333.16,1314388.41,123148.04,0,9,0.193,1,81.3,12847073.27,5.3,0.326,0,15.5,0
MSME001279,Shree Traders,6.7,manufacturing,Rajasthan,235,932137.37,724105.87,233034.34,1,52,0.175,1,88.4,8751658.04,18.1,0.026,0,0.0,0
MSME001280,Royal Agencies,3.1,services,West Bengal,16,422401.86,391638.9,53267.06,0,24,0.089,1,88.8,4192023.09,4.5,0.634,0,37.2,0
MSME001281,Sri Traders,5.0,manufacturing,Tamil Nadu,1,145977.92,148864.04,1721.84,7,50,0.248,1,65.8,1669610.21,21.3,0.153,0,0.0,1
MSME001282,Sri Electricals,4.6,services,Bihar,5,325850.1,349169.1,0.0,5,47,0.639,1,61.7,3568239.55,28.7,0.63,0,31.5,1
MSME001283,Maruti Associates,2.5,trading,Uttar Pradesh,69,929097.21,786113.13,103356.2,1,19,0.225,1,76.7,9379038.31,10.5,0.191,0,14.1,0
MSME001284,National Textiles,1.0,services,Maharashtra,47,1098078.98,1114891.82,85975.72,0,11,0.449,1,82.8,13531396.48,13.9,0.334,0,3.3,1
MSME001285,Maruti Plastics,3.7,services,Delhi,24,2170178.81,2011784.49,134926.7,0,34,0.18,1,83.1,25028276.86,8.2,0.585,1,59.0,0
MSME001286,Shree Solutions,5.8,retail,Delhi,3,241841.17,211822.28,40279.61,0,57,0.177,0,,,,0.548,1,44.5,0
MSME001287,Classic Enterprises,6.0,services,Gujarat,1,50000.0,40695.96,8059.84,0,66,0.064,0,,,,0.405,0,23.5,0
MSME001288,Kaveri Enterprises,3.0,retail,Gujarat,5,534647.82,533068.87,30370.24,2,29,0.376,1,78.9,5990574.1,11.1,0.755,0,43.3,1
MSME001289,Balaji Engineering Works,12.1,trading,Andhra Pradesh,8,368241.81,362689.96,36222.99,0,102,0.4,0,,,,0.268,0,14.5,0
MSME001290,Hanuman Metals,2.0,retail,Karnataka,6,1075171.99,1116008.2,0.0,4,21,0.591,1,83.5,9384552.98,9.0,0.437,0,23.7,0
MSME001291,Kaveri Exports,10.2,retail,Maharashtra,19,549907.77,604898.54,0.0,6,85,0.529,1,74.5,6639185.51,19.1,0.822,1,81.1,1
MSME001292,Royal Suppliers,5.7,retail,Maharashtra,1,151499.05,144481.02,27229.69,0,58,0.309,1,93.2,1450060.7,6.0,0.647,1,42.9,0
MSME001293,Vishwakarma Traders,3.7,retail,Uttar Pradesh,9,256109.99,209450.94,38516.44,0,43,0.251,1,100.0,2847497.03,0.0,0.46,1,49.0,0
MSME001294,Shree Logistics,7.3,retail,Telangana,32,924314.25,880599.0,143624.24,0,68,0.164,1,88.7,8994462.71,9.4,0.531,0,34.3,0
MSME001295,Modern Enterprises,4.3,retail,West Bengal,177,946228.84,918995.37,100011.19,0,39,0.231,1,95.9,8274601.43,0.0,0.454,0,41.1,0
MSME001296,Om Logistics,1.4,services,Tamil Nadu,1,486564.76,471514.67,56289.11,0,10,0.331,1,100.0,4167698.34,2.5,0.578,0,26.6,1
MSME001297,Lakshmi Industries,1.9,trading,Uttar Pradesh,4,359929.97,312158.55,79210.77,0,18,0.089,1,69.5,3917663.3,15.0,0.297,0,16.4,0
MSME001298,Durga Bakers,4.1,food,Maharashtra,28,1127706.32,1175242.36,31618.45,2,45,0.606,1,61.4,13984226.52,21.9,0.78,0,55.8,1
MSME001299,Om Engineering Works,3.3,manufacturing,Bihar,127,603577.28,619031.7,57537.29,0,35,0.199,1,77.9,7096033.41,11.9,0.127,0,5.3,0
MSME001300,Shree Textiles,10.1,retail,Kerala,6,151994.71,118829.97,21505.57,0,77,0.099,0,,,,0.683,0,47.3,0
MSME001301,New Electricals,3.2,trading,Karnataka,10,841313.9,843226.48,70364.49,0,35,0.225,1,63.9,9163053.26,17.5,0.492,0,34.8,0
MSME001302,Vishwakarma Traders,3.0,trading,Bihar,8,386053.76,337615.41,58184.07,0,30,0.422,1,100.0,4151691.61,15.2,0.264,0,26.8,0
MSME001303,Durga Textiles,2.7,trading,Tamil Nadu,11,474750.78,460909.87,38551.74,0,18,0.394,1,80.9,4180724.67,7.4,0.484,0,21.3,0
MSME001304,Royal Associates,2.5,trading,Karnataka,2,187794.82,159895.83,21498.86,0,18,0.366,1,87.7,2177630.54,3.4,0.261,0,9.6,0
MSME001305,Hanuman Electricals,2.6,services,Rajasthan,5,194408.23,211886.11,0.0,3,21,0.456,1,81.3,2281840.48,13.0,0.528,0,13.3,0
MSME001306,Durga Agencies,1.6,services,Maharashtra,49,999268.56,927948.22,104740.84,0,18,0.244,1,69.9,10023436.43,11.5,0.343,1,38.8,0
MSME001307,Lakshmi Metals,5.9,trading,Rajasthan,38,790276.95,689644.44,152530.27,0,61,0.089,1,65.6,7028142.3,20.7,0.444,0,27.0,0
MSME001308,Kaveri Industries,4.6,services,Andhra Pradesh,9,235492.91,237679.71,12945.69,1,43,0.272,0,,,,0.563,1,66.7,0
MSME001309,Vishwakarma Agencies,4.5,retail,Maharashtra,44,1116100.07,1078455.99,86393.78,1,51,0.244,1,77.3,9616629.87,12.0,0.864,1,74.8,1
MSME001310,Royal Textiles,1.1,manufacturing,Rajasthan,3,792437.73,711793.14,90351.29,0,10,0.052,1,82.5,10397912.92,11.6,0.249,0,18.2,1
MSME001311,Om Plastics,6.9,food,Andhra Pradesh,10,357302.38,358623.68,9034.69,3,54,0.471,1,68.5,4441093.35,8.1,0.794,1,59.7,0
MSME001312,Ganesh Electricals,7.4,retail,Telangana,6,686664.97,680072.15,0.0,5,68,0.457,1,70.9,8344339.85,16.1,0.523,0,10.5,0
MSME001313,New Traders,14.1,manufacturing,Rajasthan,7,309273.63,304442.3,29881.63,0,141,0.283,1,72.7,3425279.2,1.3,0.239,0,24.6,0
MSME001314,Royal Enterprises,7.1,manufacturing,Uttar Pradesh,133,1796106.98,1784491.97,57855.52,2,76,0.381,1,85.3,15732440.88,7.9,0.28,0,21.5,0
MSME001315,Classic Bakers,16.0,trading,Andhra Pradesh,7,523208.52,511191.5,47775.23,0,145,0.406,1,79.4,6332552.32,17.3,0.485,0,34.7,0
MSME001316,Lakshmi Enterprises,2.9,retail,Uttar Pradesh,49,482990.19,441830.24,69954.11,0,23,0.074,1,78.1,4265818.51,5.6,0.864,0,33.5,0
MSME001317,Sri Fabrics,14.6,manufacturing,Tamil Nadu,10,1848806.39,1667227.62,52970.22,3,148,0.336,1,66.9,21118813.72,15.0,0.212,0,5.3,0
MSME001318,Krishna Caterers,7.3,trading,Maharashtra,46,961572.46,1041095.02,0.0,8,81,0.721,1,76.0,11091204.31,6.6,0.349,0,10.8,1
MSME001319,Vishwakarma Plastics,6.6,retail,Rajasthan,193,816553.12,652515.4,204138.28,0,65,0.05,1,82.3,8347917.45,13.1,0.527,1,50.6,0
MSME001320,Maruti Electricals,4.4,services,West Bengal,138,974007.0,871132.64,227864.19,0,48,0.207,1,64.6,9221681.71,21.3,0.403,0,28.1,0
MSME001321,Balaji Fabrics,3.7,trading,Telangana,20,407587.96,314960.99,93608.24,0,41,0.12,1,76.2,4337377.03,14.8,0.153,0,16.4,1
MSME001322,Lakshmi Solutions,3.1,retail,Rajasthan,7,219298.54,232705.31,11334.86,3,17,0.474,0,,,,0.481,1,56.9,0
MSME001323,Om Industries,14.9,food,Punjab,5,240226.51,246265.92,36758.83,0,152,0.358,0,,,,0.731,1,59.2,0
MSME001324,Royal Solutions,4.3,retail,West Bengal,6,320584.12,299052.01,0.0,4,42,0.427,0,,,,0.831,1,70.0,1
MSME001325,Royal Caterers,7.4,trading,West Bengal,7,307575.9,287592.64,36715.84,0,48,0.248,1,71.7,4015132.95,6.4,0.318,0,21.4,0
MSME001326,Annapurna Industries,8.5,services,Uttar Pradesh,6,742669.09,727316.53,124649.45,0,85,0.288,1,67.2,6858300.73,9.8,0.468,1,39.3,0
MSME001327,Durga Enterprises,8.5,retail,Uttar Pradesh,1,150942.99,158356.83,0.0,4,98,0.444,0,,,,0.672,1,58.0,0
MSME001328,Sai Logistics,5.9,services,Karnataka,10,260847.79,205168.1,33005.56,1,35,0.281,1,80.1,3269016.29,17.0,0.371,0,19.4,0
MSME001329,Durga Enterprises,14.4,services,Bihar,41,347700.14,335528.15,19343.78,1,91,0.3,1,94.2,3784057.43,0.0,0.258,0,16.6,0
MSME001330,Ganesh Suppliers,7.0,trading,Uttar Pradesh,3,183024.35,146140.16,44052.9,2,82,0.163,1,61.3,2062482.5,19.7,0.294,0,19.6,0
MSME001331,Vishwakarma Enterprises,3.0,trading,Rajasthan,7,842282.86,766335.56,140095.82,0,21,0.445,1,85.2,9761027.35,2.5,0.453,0,10.4,0
MSME001332,Sri Stores,3.8,food,Gujarat,6,374618.16,412079.98,0.0,2,28,0.578,1,60.0,3684552.23,11.2,0.547,0,18.5,0
MSME001333,Vishwakarma Foods,1.2,food,Rajasthan,2,340789.59,356490.07,0.0,4,10,0.661,0,,,,0.41,1,36.4,1
MSME001334,National Enterprises,6.3,retail,Uttar Pradesh,11,831777.87,670245.03,207944.47,0,53,0.05,1,96.1,8690655.4,10.0,0.575,0,38.1,0
MSME001335,Om Enterprises,7.8,trading,Uttar Pradesh,9,429974.21,408095.4,32130.79,0,74,0.385,1,82.0,5643249.76,4.4,0.11,0,0.0,0
MSME001336,Modern Textiles,8.3,trading,Tamil Nadu,25,1581013.63,1462849.95,211227.42,0,80,0.254,1,86.6,14831818.12,5.1,0.486,0,21.0,0
MSME001337,Hanuman Garments,7.3,food,Andhra Pradesh,1,133903.38,128138.95,17719.76,0,65,0.408,1,86.6,1756769.15,8.1,0.419,1,32.5,0
MSME001338,Lakshmi Enterprises,4.4,manufacturing,Telangana,10,327164.79,286440.82,81791.2,0,42,0.133,1,66.0,3380748.46,9.7,0.291,0,22.2,0
MSME001339,New Metals,5.1,trading,Maharashtra,41,1003475.11,1028195.89,0.0,1,44,0.536,1,82.9,10119019.55,11.7,0.42,0,22.5,0
MSME001340,Vishwakarma Suppliers,5.1,manufacturing,Maharashtra,10,647173.64,546592.29,136338.13,0,59,0.076,1,84.1,5771558.28,0.0,0.3,0,33.4,0
MSME001341,Om Engineering Works,10.1,trading,Rajasthan,38,863831.16,735268.98,215957.79,0,72,0.05,1,63.0,7509794.11,13.9,0.41,0,0.0,0
MSME001342,Balaji Solutions,0.7,retail,Tamil Nadu,41,1236279.32,1047334.82,51889.52,1,6,0.248,1,93.9,10773261.52,1.9,0.749,0,29.0,1
MSME001343,Balaji Stores,3.5,services,Telangana,6,395659.62,337650.71,53694.76,0,28,0.352,1,93.7,4823597.16,6.8,0.433,0,27.3,0
MSME001344,Krishna Stores,2.1,trading,Rajasthan,41,970599.28,971072.89,56404.8,0,21,0.449,1,79.9,12361034.5,17.4,0.393,0,37.6,0
MSME001345,Annapurna Textiles,18.4,services,Andhra Pradesh,10,920065.11,942961.89,0.0,4,113,0.478,1,83.7,10959785.65,2.0,0.261,0,2.8,0
MSME001346,Modern Logistics,11.5,trading,Maharashtra,9,598074.08,610023.65,102724.7,0,75,0.12,1,84.8,7108739.23,6.9,0.24,0,0.0,0
MSME001347,Royal Associates,3.6,manufacturing,Punjab,9,759822.01,730107.61,122774.9,1,32,0.351,1,65.7,7797546.64,19.2,0.197,0,9.9,1
MSME001348,Sri Solutions,1.4,food,Bihar,8,162584.24,151833.72,17965.74,0,6,0.301,1,86.1,1568727.21,6.7,0.543,1,48.3,0
MSME001349,Sri Plastics,1.9,retail,Bihar,55,5977937.64,5809116.4,999392.67,0,11,0.055,1,83.0,62302734.28,7.3,0.629,0,36.9,0
MSME001350,Krishna Stores,10.0,trading,Delhi,10,222282.34,224713.99,8064.21,1,110,0.644,1,59.4,2267630.25,23.2,0.133,0,22.7,0
MSME001351,Sai Electricals,1.1,services,Rajasthan,12,342127.73,285568.15,58063.04,0,10,0.092,1,97.9,2966708.54,0.0,0.338,0,13.7,0
MSME001352,Maruti Traders,5.1,retail,Uttar Pradesh,8,315402.11,270842.89,35655.96,0,50,0.452,1,80.9,2983008.58,8.0,0.434,1,46.5,0
MSME001353,Shiv Industries,8.9,manufacturing,Rajasthan,9,1845767.16,1707975.31,258907.38,0,54,0.24,1,76.1,16153518.68,11.7,0.03,0,0.0,0
MSME001354,Classic Bakers,1.7,services,Telangana,2,192381.12,196014.13,27533.57,0,18,0.244,0,,,,0.658,0,41.1,0
MSME001355,Kaveri Logistics,5.1,retail,Andhra Pradesh,34,852213.48,704644.93,213053.37,0,48,0.17,1,77.7,10275606.85,5.9,0.732,0,39.1,0
MSME001356,Shiv Agencies,3.7,manufacturing,Rajasthan,35,640694.61,532685.82,61494.03,0,34,0.153,1,87.4,6940363.4,11.9,0.095,0,0.0,0
MSME001357,Ganesh Stores,3.3,trading,Bihar,17,353319.7,311802.5,14358.28,2,32,0.301,1,75.5,3943063.1,13.3,0.498,1,61.9,0
MSME001358,Balaji Traders,2.8,retail,Tamil Nadu,5,512156.23,478065.41,75114.84,0,28,0.05,1,83.7,6412580.4,0.0,0.739,0,28.4,0
MSME001359,Balaji Traders,9.4,retail,Uttar Pradesh,5,252018.57,265781.53,0.0,4,109,0.523,1,57.3,3020880.74,22.9,0.65,1,56.4,0
MSME001360,Maruti Garments,13.2,manufacturing,Karnataka,10,670006.72,685141.91,65429.16,1,115,0.362,1,82.2,8018607.95,7.9,0.095,0,2.6,0
MSME001361,Sai Suppliers,4.1,food,Gujarat,20,660368.48,643091.55,38283.6,0,46,0.412,1,82.1,7487563.12,14.1,0.46,1,37.6,0
MSME001362,Sai Caterers,6.7,trading,Uttar Pradesh,5,1233918.08,1084616.81,113673.13,0,71,0.116,1,85.9,12857350.32,15.3,0.414,0,32.6,0
MSME001363,Maruti Fabrics,5.2,retail,Bihar,5,186930.72,189664.31,36380.64,0,61,0.198,0,,,,0.679,1,56.3,0
MSME001364,Kaveri Engineering Works,0.9,retail,Karnataka,30,591636.93,539717.8,78317.48,0,6,0.124,1,84.6,7669410.86,3.3,0.412,0,13.4,0
MSME001365,Krishna Metals,4.0,services,Karnataka,8,382930.66,370495.63,46558.83,0,42,0.456,1,91.3,4225892.77,10.5,0.645,0,49.0,0
MSME001366,Shree Plastics,0.7,trading,Uttar Pradesh,7,478917.3,457228.31,21685.18,2,7,0.322,1,66.3,4267067.59,24.4,0.251,1,40.8,0
MSME001367,Ganesh Metals,3.4,trading,Tamil Nadu,163,5095330.53,4549412.74,902788.25,0,30,0.149,1,80.2,45501458.3,11.7,0.384,0,14.7,0
MSME001368,Shiv Textiles,5.0,trading,Madhya Pradesh,6,415321.94,407596.53,38331.56,0,53,0.452,1,98.0,4896281.75,1.9,0.14,1,31.4,0
MSME001369,Modern Traders,8.4,trading,Andhra Pradesh,10,133298.02,116604.9,23169.06,0,76,0.187,0,,,,0.298,0,17.5,0
MSME001370,Hanuman Enterprises,6.2,services,Uttar Pradesh,56,657643.46,599399.47,101074.91,0,24,0.205,1,76.5,5690254.01,6.2,0.479,1,52.1,0
MSME001371,Royal Solutions,9.6,trading,Telangana,36,736041.62,660844.34,63925.13,5,76,0.255,1,71.0,8417288.93,14.2,0.345,0,22.2,0
MSME001372,Ganesh Enterprises,2.5,retail,Telangana,9,391571.0,395918.0,0.0,2,20,0.571,1,95.8,4511014.77,0.5,0.537,1,55.3,0
MSME001373,Vishwakarma Caterers,12.1,trading,Telangana,45,566026.42,511502.34,72362.62,0,72,0.26,1,89.0,6193051.46,9.5,0.457,0,40.2,0
MSME001374,Vishwakarma Logistics,13.2,trading,Karnataka,8,240975.39,204514.15,20579.63,0,137,0.317,0,,,,0.115,0,9.8,0
MSME001375,Royal Industries,0.6,trading,Gujarat,40,2659745.61,2564491.59,379946.63,0,6,0.364,1,78.3,33249390.34,9.5,0.123,0,10.4,0
MSME001376,Modern Bakers,1.1,retail,Bihar,10,549864.95,477292.68,79709.26,0,8,0.163,1,86.2,5390182.73,10.6,0.497,1,42.4,0
MSME001377,Modern Industries,4.9,retail,Rajasthan,1,206923.09,180531.16,18710.4,0,34,0.448,1,86.0,1887714.22,15.6,0.807,1,69.2,0
MSME001378,New Industries,3.2,trading,Uttar Pradesh,50,2796044.15,2394520.3,444629.73,0,33,0.259,1,100.0,34252297.54,5.3,0.326,0,4.7,0
MSME001379,Om Associates,3.6,retail,Gujarat,6,245261.46,208793.59,54154.73,0,38,0.05,0,,,,0.493,0,33.5,0
MSME001380,Om Engineering Works,6.2,services,Rajasthan,19,736676.2,669858.76,109230.87,1,60,0.368,1,86.3,6692285.48,13.5,0.5,0,29.4,0
MSME001381,Modern Engineering Works,9.9,trading,Rajasthan,26,358156.52,356494.2,0.0,6,55,0.383,1,75.9,4344141.93,9.8,0.404,0,23.7,0
MSME001382,Lakshmi Textiles,2.3,retail,Kerala,219,1774352.17,1820588.39,82370.01,1,20,0.458,1,84.7,20271568.26,9.1,0.781,1,76.2,1
MSME001383,Ganesh Suppliers,11.0,services,Gujarat,1,116298.32,108124.85,10375.35,0,102,0.238,1,75.1,1441331.75,11.3,0.497,0,38.3,1
MSME001384,Royal Traders,2.8,trading,Tamil Nadu,8,645590.5,552964.18,119342.57,0,26,0.166,0,,,,0.199,0,0.0,1
MSME001385,Maruti Foods,20.0,retail,Punjab,2,830506.71,913557.38,0.0,6,181,0.465,1,47.4,9132867.61,21.4,0.688,1,58.4,1
MSME001386,Kaveri Associates,12.1,manufacturing,Tamil Nadu,6,539145.68,505073.58,60592.45,0,123,0.13,1,78.2,5917008.97,9.6,0.238,0,13.9,0
MSME001387,Krishna Plastics,3.1,trading,Maharashtra,8,149230.32,111922.74,37307.58,0,28,0.05,1,80.1,1950094.48,8.1,0.264,0,4.3,0
MSME001388,Ganesh Stores,1.5,food,Andhra Pradesh,7,347310.86,348396.29,16484.11,0,10,0.243,1,83.9,3495843.63,3.8,0.503,0,31.9,0
MSME001389,Royal Foods,3.0,retail,Delhi,1,299563.95,224672.96,74890.99,0,27,0.05,0,,,,0.595,1,63.3,0
MSME001390,Classic Suppliers,2.6,manufacturing,Madhya Pradesh,240,2565774.78,2432904.79,138300.98,0,21,0.342,1,72.3,23211022.46,13.3,0.217,1,33.5,0
MSME001391,Ganesh Fabrics,7.7,manufacturing,Gujarat,5,1089976.7,1111693.33,81415.24,1,82,0.293,1,82.4,10064349.71,18.2,0.088,0,10.8,0
MSME001392,Om Agencies,0.7,retail,Karnataka,8,997871.22,1049430.25,0.0,7,6,0.374,1,79.1,8493624.25,13.4,0.772,0,42.3,1
MSME001393,Modern Engineering Works,1.1,trading,Andhra Pradesh,21,620999.81,638825.88,0.0,4,12,0.422,1,79.6,5334165.63,9.1,0.255,0,4.6,1
MSME001394,Sri Associates,7.5,services,Kerala,10,303072.43,302520.04,0.0,4,68,0.461,0,,,,0.613,0,32.3,0
MSME001395,Kaveri Associates,2.6,trading,Maharashtra,46,457310.63,467474.85,62586.11,2,24,0.418,1,61.6,5700277.85,12.4,0.388,0,7.2,1
MSME001396,Krishna Enterprises,3.5,trading,Andhra Pradesh,35,578767.06,543286.02,86534.16,0,29,0.19,1,71.7,5520746.51,2.4,0.289,1,40.7,0
MSME001397,Hanuman Associates,8.9,food,West Bengal,31,694214.51,688078.65,30477.29,3,81,0.378,1,97.9,8696810.69,4.7,0.464,0,31.3,0
MSME001398,Durga Textiles,10.2,services,Maharashtra,9,200945.79,189519.36,22432.17,0,71,0.363,0,,,,0.498,0,33.2,0
MSME001399,Shree Associates,11.7,food,Maharashtra,34,329922.9,292069.55,66049.88,0,125,0.05,1,85.4,4246986.01,14.3,0.425,1,46.1,0
MSME001400,Lakshmi Caterers,8.4,manufacturing,Maharashtra,218,2068658.4,1668486.08,142196.17,1,93,0.063,1,87.8,26364721.67,0.0,0.069,0,1.3,0
MSME001401,Royal Garments,4.3,manufacturing,Delhi,9,405724.28,360251.1,57744.03,0,36,0.333,1,97.9,5162061.7,0.0,0.109,0,13.8,0
MSME001402,Kaveri Fabrics,4.0,services,Gujarat,4,404631.79,402460.57,63166.75,3,36,0.233,0,,,,0.504,0,21.7,0
MSME001403,Lakshmi Electricals,3.7,services,Madhya Pradesh,24,362716.56,363234.69,737.13,2,28,0.458,1,77.3,3630097.09,3.1,0.498,0,18.8,0
MSME001404,Ganesh Caterers,1.7,manufacturing,Maharashtra,8,654519.54,627756.4,84538.89,2,19,0.26,1,98.9,7534764.89,0.0,0.073,1,43.6,0
MSME001405,Annapurna Metals,2.3,services,Telangana,2,175085.72,175661.84,20349.59,1,20,0.333,0,,,,0.469,0,20.0,1
MSME001406,Annapurna Caterers,10.7,retail,Rajasthan,4,122896.97,118804.47,10331.22,0,87,0.405,1,74.3,1098279.68,5.2,0.625,1,48.8,0
MSME001407,Ganesh Logistics,2.8,services,Delhi,3,511955.41,452390.63,52310.44,0,30,0.355,1,94.7,6410596.17,1.0,0.5,1,56.2,0
MSME001408,Royal Suppliers,1.7,retail,Karnataka,5,255236.94,247709.45,19939.74,0,12,0.427,0,,,,0.767,1,58.1,0
MSME001409,Shree Garments,11.3,food,Telangana,46,524961.8,573018.64,10886.96,2,134,0.494,1,80.1,5102402.51,16.6,0.886,0,58.3,0
MSME001410,Lakshmi Caterers,5.9,services,West Bengal,9,288490.83,239314.71,56757.55,0,57,0.05,1,67.3,3623743.34,19.7,0.668,0,32.5,0
MSME001411,Sai Metals,15.1,services,Karnataka,9,569212.73,470238.07,77737.79,0,150,0.14,1,70.2,7007111.8,10.4,0.387,0,17.6,0
MSME001412,Krishna Exports,14.1,retail,Delhi,35,809822.43,787511.08,74744.43,0,166,0.24,1,77.7,9219321.46,0.0,0.812,1,73.8,0
MSME001413,Lakshmi Enterprises,1.9,trading,Rajasthan,31,1011623.96,995446.51,21304.92,0,17,0.623,1,77.5,10210203.78,5.2,0.143,0,22.6,0
MSME001414,New Traders,4.7,trading,Kerala,9,381759.73,402090.84,0.0,7,29,0.767,1,70.4,3302352.83,18.0,0.469,0,28.8,1
MSME001415,Krishna Foods,2.1,services,Maharashtra,10,423821.52,329198.55,96864.69,0,21,0.05,1,79.2,5191429.23,14.5,0.672,1,64.6,0
MSME001416,New Enterprises,2.1,services,West Bengal,1,273007.37,258055.43,10507.72,0,21,0.429,1,79.2,2425779.49,6.0,0.499,0,27.3,0
MSME001417,Hanuman Foods,3.6,trading,Kerala,39,1882713.26,1537215.92,220922.54,0,38,0.292,1,82.3,19852919.99,11.3,0.413,0,40.0,0
MSME001418,Vishwakarma Industries,7.9,retail,Kerala,10,546319.24,551180.3,0.0,1,59,0.46,1,69.6,7167741.3,4.7,0.538,1,59.2,0
MSME001419,Royal Solutions,7.9,trading,Rajasthan,42,473988.19,463370.34,58103.06,1,62,0.39,1,62.2,5381750.32,16.4,0.179,0,0.8,1
MSME001420,Shiv Enterprises,7.2,trading,Rajasthan,26,824927.5,773127.89,25806.82,3,66,0.421,0,,,,0.124,0,0.0,1
MSME001421,Classic Suppliers,4.3,manufacturing,Telangana,9,528737.96,425733.32,75595.53,0,32,0.141,1,72.6,4459896.08,14.7,0.294,0,21.0,0
MSME001422,Modern Agencies,8.2,manufacturing,Tamil Nadu,8,186104.56,172878.48,19914.8,0,94,0.31,0,,,,0.058,0,6.5,0
MSME001423,Krishna Textiles,1.7,manufacturing,Delhi,40,329518.04,357626.46,21954.79,2,15,0.479,1,83.8,3415047.8,6.2,0.159,1,31.4,1
MSME001424,Durga Logistics,6.0,trading,Tamil Nadu,42,793501.5,807922.78,67866.9,1,66,0.301,1,75.5,7832151.25,11.2,0.351,0,6.2,0
MSME001425,Lakshmi Solutions,5.1,retail,Maharashtra,1,232262.62,217511.5,23979.68,0,46,0.484,1,66.5,2524416.48,4.4,0.812,0,47.4,0
MSME001426,National Fabrics,4.1,food,Bihar,8,301517.12,311822.79,8104.41,2,34,0.644,1,76.5,3022115.76,11.1,0.562,1,50.4,0
MSME001427,Durga Solutions,6.2,food,Gujarat,7,553823.42,562945.55,59053.97,1,69,0.514,1,89.1,6654480.99,12.6,0.65,1,53.2,0
MSME001428,Classic Associates,2.1,retail,Gujarat,1,137517.22,130808.0,20123.23,1,21,0.358,0,,,,0.644,1,69.6,0
MSME001429,Lakshmi Stores,7.4,services,Tamil Nadu,3,141182.58,132364.4,16136.95,0,74,0.159,1,86.7,1385051.36,13.1,0.414,0,19.6,0
MSME001430,New Industries,5.0,trading,Haryana,8,316486.3,243676.34,46305.13,0,47,0.05,1,88.5,4086697.88,3.7,0.469,0,19.4,0
MSME001431,Shiv Bakers,1.2,retail,Karnataka,37,490293.97,475300.44,35437.41,0,9,0.358,1,76.9,6415311.1,12.5,0.76,0,40.9,0
MSME001432,Annapurna Logistics,4.9,food,Haryana,2,225788.98,204206.3,26817.33,0,42,0.358,1,81.0,2515159.42,11.5,0.563,0,28.7,0
MSME001433,Annapurna Engineering Works,3.2,food,Gujarat,4,185408.23,200110.22,0.0,5,35,0.61,0,,,,0.598,1,63.6,0
MSME001434,Krishna Agencies,10.9,food,Gujarat,7,104856.89,84859.04,14215.96,0,97,0.407,0,,,,0.41,0,21.3,0
MSME001435,Ganesh Suppliers,1.8,retail,Uttar Pradesh,9,108812.02,105984.92,0.0,6,17,0.399,1,89.0,1298131.65,0.0,0.882,1,70.5,1
MSME001436,Balaji Traders,1.9,trading,Rajasthan,3,396409.36,387965.43,56498.91,0,18,0.311,1,77.8,4848331.53,6.1,0.106,0,17.7,0
MSME001437,Vishwakarma Metals,6.7,manufacturing,Maharashtra,1,160071.32,149166.39,25614.84,0,48,0.234,0,,,,0.174,0,13.7,0
MSME001438,Durga Engineering Works,4.4,services,Maharashtra,9,140028.56,124938.76,16468.62,3,24,0.123,0,,,,0.304,1,49.2,0
MSME001439,Ganesh Enterprises,4.3,trading,Rajasthan,10,751919.57,694579.65,9528.43,1,45,0.639,1,89.4,9164193.17,5.7,0.366,0,27.5,0
MSME001440,Modern Electricals,20.1,trading,Bihar,9,1208203.3,1094548.23,211306.21,0,234,0.165,1,94.8,12277035.67,19.3,0.398,0,18.7,0
MSME001441,New Metals,8.0,retail,Rajasthan,5,355306.96,359545.14,44122.31,2,54,0.328,0,,,,0.499,1,51.8,0
MSME001442,Om Engineering Works,3.8,services,Karnataka,8,471917.49,377231.16,94917.41,0,39,0.196,1,74.3,5128882.29,14.0,0.689,0,38.3,1
MSME001443,Classic Garments,1.0,manufacturing,Rajasthan,2,427759.91,344942.25,104967.4,0,9,0.05,0,,,,0.228,0,28.2,0
MSME001444,Vishwakarma Metals,3.7,retail,Karnataka,7,116103.79,99605.2,20672.78,0,34,0.1,0,,,,0.744,0,25.2,0
MSME001445,Balaji Traders,1.6,retail,Bihar,15,850669.28,911383.03,4908.13,4,15,0.499,1,80.9,9471154.98,10.0,0.883,1,72.2,0
MSME001446,Shree Fabrics,2.3,trading,Telangana,7,946671.78,905673.12,189990.43,0,17,0.331,1,71.5,9436504.81,13.8,0.151,0,9.8,0
MSME001447,Classic Engineering Works,2.3,services,Andhra Pradesh,7,1073853.0,1171734.38,0.0,2,23,0.522,1,97.3,9906422.4,13.9,0.451,0,13.1,0
MSME001448,Modern Stores,10.3,trading,Uttar Pradesh,7,376277.38,286831.69,78848.95,0,95,0.05,0,,,,0.332,0,2.5,0
MSME001449,Sri Textiles,1.3,retail,Rajasthan,9,239468.88,192764.52,42201.68,0,6,0.05,1,94.9,2303635.82,10.3,0.45,0,19.3,0
MSME001450,Balaji Industries,9.6,services,Andhra Pradesh,8,859515.39,767425.47,214878.85,0,96,0.05,1,91.0,9399585.48,11.8,0.603,0,36.0,1
MSME001451,Lakshmi Fabrics,7.0,retail,Delhi,1,302620.65,289127.88,27315.43,2,76,0.533,1,68.2,3962361.06,13.6,0.602,0,39.8,0
MSME001452,Shree Metals,6.9,services,Karnataka,8,658672.95,599522.34,68529.86,0,74,0.351,1,86.2,7147410.17,0.0,0.539,1,65.6,0
MSME001453,Sai Solutions,2.2,services,Rajasthan,18,364518.2,350716.09,39916.81,0,16,0.184,1,66.2,3791804.24,11.8,0.303,0,19.8,0
MSME001454,Kaveri Stores,8.7,trading,Bihar,8,578691.81,525014.55,42476.62,0,91,0.207,1,80.2,5662949.22,16.4,0.114,1,26.8,0
MSME001455,Krishna Plastics,2.0,services,Haryana,6,209090.74,193275.31,26654.54,0,21,0.188,0,,,,0.318,0,17.4,0
MSME001456,Sai Textiles,13.3,services,Gujarat,7,389898.69,395276.44,2403.77,4,142,0.599,1,77.9,4829974.2,3.2,0.584,1,52.5,0
MSME001457,Modern Engineering Works,10.5,services,Uttar Pradesh,133,786917.5,747959.02,97788.94,0,98,0.327,1,82.5,8370311.7,9.7,0.494,0,30.3,0
MSME001458,Shiv Suppliers,14.9,services,Andhra Pradesh,1,787675.1,604692.67,196918.77,0,116,0.05,1,96.9,7633359.3,0.0,0.392,0,18.2,0
MSME001459,Lakshmi Electricals,5.1,trading,Madhya Pradesh,3,500924.91,467678.99,52918.3,0,52,0.188,1,99.7,6090370.6,0.0,0.198,0,9.6,0
MSME001460,Om Plastics,4.4,trading,Uttar Pradesh,9,158133.03,149777.61,7950.01,0,44,0.316,0,,,,0.125,0,12.2,0
MSME001461,New Textiles,3.6,trading,Tamil Nadu,133,1165440.94,1067950.06,108863.36,0,36,0.15,1,93.6,12901806.16,10.0,0.24,0,6.0,0
MSME001462,Ganesh Exports,19.8,trading,Karnataka,12,689907.8,719246.29,38817.08,1,225,0.583,1,73.5,6792735.91,20.1,0.341,0,28.2,0
MSME001463,Shree Foods,7.8,trading,Bihar,1,204731.93,202473.49,21742.76,0,58,0.43,1,86.3,1751380.69,0.0,0.128,0,0.0,1
MSME001464,Sai Industries,1.7,retail,Telangana,10,251663.72,234895.99,15931.9,0,15,0.58,0,,,,0.505,0,30.1,0
MSME001465,Royal Industries,12.3,services,Uttar Pradesh,22,795089.92,874358.04,0.0,7,109,0.674,1,56.3,9150396.98,22.8,0.349,1,36.9,0
MSME001466,Balaji Garments,4.3,retail,Uttar Pradesh,3,188980.99,176811.78,27487.52,0,30,0.33,1,81.1,1870748.26,5.2,0.744,1,77.0,0
MSME001467,Hanuman Agencies,0.5,food,Bihar,8,486595.51,382008.56,116561.27,0,6,0.155,1,70.9,5321464.51,8.8,0.848,1,69.9,0
MSME001468,Maruti Enterprises,2.6,services,Maharashtra,3,170243.34,165834.98,4164.83,2,27,0.373,0,,,,0.657,0,36.5,1
MSME001469,New Garments,10.5,retail,Rajasthan,1,171474.33,175566.91,10169.22,0,72,0.324,0,,,,0.418,0,21.0,0
MSME001470,Sai Textiles,7.0,services,Karnataka,7,661593.55,568687.39,125716.74,0,75,0.128,1,92.4,6554478.33,8.2,0.337,0,22.1,0
MSME001471,Royal Traders,8.0,trading,Tamil Nadu,8,652268.63,676851.63,41847.18,3,92,0.512,1,100.0,8059042.51,4.1,0.439,0,22.6,0
MSME001472,Durga Industries,12.2,food,Telangana,17,453156.15,416283.46,83886.36,1,107,0.245,1,69.0,4688885.43,28.8,0.584,1,43.5,0
MSME001473,Vishwakarma Exports,0.9,food,Maharashtra,1,185946.87,139460.15,46486.72,2,8,0.05,0,,,,0.739,1,63.4,0
MSME001474,Kaveri Solutions,2.7,manufacturing,Bihar,3,436468.31,357313.36,68055.34,1,26,0.182,1,87.0,5364015.88,0.0,0.148,0,16.4,0
MSME001475,Modern Foods,5.2,services,West Bengal,4,213606.84,199086.9,28143.15,0,44,0.253,0,,,,0.667,0,37.4,0
MSME001476,Ganesh Engineering Works,10.7,food,Rajasthan,33,236374.67,219801.24,40426.27,0,125,0.05,0,,,,0.612,1,41.9,0
MSME001477,Shiv Foods,2.0,services,Andhra Pradesh,10,595682.71,558641.9,61215.48,0,23,0.231,1,78.7,5964264.43,10.8,0.563,0,32.1,0
MSME001478,Maruti Agencies,3.8,manufacturing,Uttar Pradesh,4,1050992.65,1082413.35,84507.74,0,41,0.348,1,64.6,13053670.91,5.8,0.154,0,8.4,0
MSME001479,Kaveri Logistics,5.0,retail,Telangana,1,320668.35,349821.0,0.0,4,58,0.427,0,,,,0.879,0,54.0,0
MSME001480,Vishwakarma Electricals,2.6,food,Uttar Pradesh,10,436258.48,435813.28,43335.12,1,22,0.163,1,75.3,5516107.07,13.4,0.625,1,67.0,0
MSME001481,Annapurna Stores,4.9,services,Haryana,1,111658.24,89364.99,12997.64,0,46,0.222,0,,,,0.382,1,39.1,0
MSME001482,Shree Bakers,4.4,trading,Maharashtra,5,700420.22,674065.4,58493.12,0,40,0.402,1,83.0,8692363.68,15.5,0.127,0,5.0,0
MSME001483,Lakshmi Caterers,3.2,food,Karnataka,2,303794.66,233313.68,58157.64,1,33,0.053,1,82.6,2949942.05,12.2,0.633,1,51.7,0
MSME001484,Balaji Associates,8.7,services,Uttar Pradesh,3,459685.16,416700.23,73959.22,2,51,0.194,1,58.8,3993196.71,25.9,0.515,0,27.2,1
MSME001485,Vishwakarma Logistics,7.6,food,Gujarat,47,1069790.16,907345.0,189904.47,0,74,0.326,1,90.2,10139803.8,21.3,0.455,1,45.7,0
MSME001486,Royal Caterers,9.0,retail,Uttar Pradesh,8,1032165.4,1032091.72,92433.58,0,58,0.313,1,95.4,9881323.41,0.0,0.497,1,50.5,0
MSME001487,Annapurna Fabrics,9.5,services,Uttar Pradesh,2,144996.71,152811.73,0.0,1,71,0.68,0,,,,0.555,0,27.0,1
MSME001488,Shree Engineering Works,1.2,services,Maharashtra,13,232082.03,223545.61,16770.79,2,13,0.264,0,,,,0.409,0,27.5,1
MSME001489,Balaji Industries,1.3,retail,Maharashtra,22,635622.21,669378.55,0.0,3,12,0.44,1,93.5,6253357.55,8.5,0.779,0,58.9,1
MSME001490,Om Industries,8.2,manufacturing,Madhya Pradesh,7,323058.73,353525.5,0.0,5,73,0.545,1,69.9,4129194.59,11.6,0.269,0,11.9,0
MSME001491,Lakshmi Bakers,3.4,services,Rajasthan,6,204281.91,184135.72,22334.85,0,36,0.132,0,,,,0.552,0,36.0,0
MSME001492,Shiv Associates,3.1,retail,Maharashtra,8,844008.9,754471.27,142558.07,0,31,0.096,1,87.8,8184123.23,0.3,0.888,0,43.8,0
MSME001493,Shree Engineering Works,2.7,services,Delhi,2,153672.49,163058.18,1261.02,1,23,0.751,1,59.2,1515928.48,21.7,0.456,1,19.4,1
MSME001494,Ganesh Electricals,9.2,retail,Madhya Pradesh,4,347702.22,345103.6,32241.19,0,69,0.289,0,,,,0.601,0,34.6,0
MSME001495,Vishwakarma Engineering Works,19.0,manufacturing,Tamil Nadu,1,121425.04,119374.93,12568.2,1,201,0.269,1,73.2,1022566.82,6.5,0.175,0,11.2,0
MSME001496,Vishwakarma Metals,9.5,manufacturing,Rajasthan,9,599390.45,557201.13,52854.88,0,91,0.355,1,74.7,7173394.52,0.0,0.153,1,49.7,0
MSME001497,Krishna Suppliers,3.3,trading,Rajasthan,10,1021943.31,1124137.64,57545.54,1,33,0.374,1,76.2,11077127.5,15.6,0.387,0,26.4,0
MSME001498,New Bakers,8.9,trading,Karnataka,5,842552.45,736463.68,170473.73,1,66,0.127,1,100.0,10589095.07,9.2,0.334,0,15.1,0
MSME001499,Shiv Electricals,1.3,trading,Andhra Pradesh,12,1001054.9,1004049.51,17050.4,1,8,0.548,1,64.4,13066166.11,31.9,0.202,0,0.0,0
MSME001500,National Plastics,4.2,trading,Karnataka,6,437589.96,480099.65,0.0,3,44,0.706,1,77.5,3826702.11,10.2,0.263,0,16.8,0
MSME001501,Om Industries,0.9,manufacturing,Punjab,2,676942.15,729833.41,0.0,4,8,0.611,1,94.7,6893930.94,2.9,0.277,0,23.4,1
MSME001502,Lakshmi Solutions,3.4,trading,Bihar,9,654312.31,605755.79,105531.06,0,35,0.265,1,86.3,6584469.12,10.8,0.33,0,41.4,0
MSME001503,Kaveri Garments,5.7,trading,Haryana,8,391501.86,375371.16,24490.58,0,51,0.317,1,89.8,4875461.48,0.5,0.383,0,22.0,0
MSME001504,Ganesh Associates,21.4,retail,Karnataka,14,630384.52,511461.7,7505.01,2,225,0.393,1,80.8,7331361.66,5.2,0.7,1,70.4,0
MSME001505,Krishna Exports,11.3,services,Madhya Pradesh,12,749147.37,632802.39,64283.98,2,115,0.263,1,67.2,9436577.38,20.6,0.347,1,44.6,0
MSME001506,Kaveri Engineering Works,0.9,manufacturing,Bihar,2,176975.89,166471.63,14056.67,0,8,0.249,1,80.8,1750629.18,1.3,0.235,0,18.8,0
MSME001507,Classic Caterers,1.0,retail,Bihar,6,220711.65,230014.88,0.0,5,9,0.615,1,84.0,2002676.22,2.1,0.828,1,73.3,1
MSME001508,Shiv Plastics,2.6,retail,Maharashtra,2,262111.35,241001.81,28924.58,0,20,0.143,0,,,,0.511,1,41.3,0
MSME001509,Royal Stores,16.2,retail,Maharashtra,168,553416.81,493399.0,98216.92,0,190,0.195,1,73.7,5320308.49,8.1,0.74,0,41.0,0
MSME001510,Durga Traders,0.9,retail,Uttar Pradesh,6,200390.98,186963.19,27758.41,0,8,0.344,1,91.4,2489996.17,3.0,0.854,1,69.6,1
MSME001511,Ganesh Engineering Works,2.7,trading,Tamil Nadu,7,379818.91,325964.66,36341.52,0,29,0.265,1,90.0,4538239.28,4.1,0.141,0,9.3,0
MSME001512,Kaveri Metals,2.7,manufacturing,Kerala,4,781745.56,594588.77,195436.39,0,22,0.169,1,93.7,8122101.12,2.7,0.052,0,10.6,0
MSME001513,Sri Enterprises,6.7,trading,Bihar,5,738386.69,748669.56,77597.92,0,47,0.418,1,84.4,6859240.85,12.6,0.13,1,39.4,0
MSME001514,Ganesh Industries,9.0,retail,Uttar Pradesh,8,514761.9,517049.67,0.0,1,87,0.195,1,85.2,5157529.69,6.6,0.475,0,22.5,0
MSME001515,Kaveri Metals,7.7,services,Gujarat,35,702593.41,564006.64,103194.75,0,85,0.339,1,78.3,7785823.85,5.7,0.65,0,37.3,0
MSME001516,Classic Electricals,6.0,manufacturing,Tamil Nadu,2,1157909.45,1077608.11,144058.24,0,53,0.233,1,96.9,12326899.05,0.0,0.033,1,20.5,0
MSME001517,Shiv Engineering Works,1.2,trading,Telangana,1,197499.61,172947.42,23654.09,0,6,0.301,0,,,,0.221,0,1.2,0
MSME001518,Shree Associates,5.3,retail,Kerala,5,427316.54,396668.04,22808.2,1,49,0.271,1,78.9,5524313.38,21.8,0.692,0,32.5,1
MSME001519,Shiv Textiles,12.4,manufacturing,Uttar Pradesh,5,350546.34,284756.72,70016.63,3,64,0.158,1,83.3,4514977.68,10.0,0.232,0,10.7,0
MSME001520,Shiv Traders,15.4,retail,Gujarat,220,579154.86,574222.49,77578.71,0,157,0.182,1,72.6,6455067.48,23.2,0.853,0,50.6,0
MSME001521,Royal Traders,6.6,manufacturing,Delhi,47,1831582.34,1663608.92,109333.58,0,68,0.366,1,62.5,17836233.42,4.7,0.143,0,33.5,0
MSME001522,Sri Enterprises,0.9,manufacturing,West Bengal,39,762761.74,795496.07,99515.13,1,9,0.279,1,94.6,6890050.03,0.0,0.245,0,17.2,0
MSME001523,Annapurna Textiles,6.7,manufacturing,Andhra Pradesh,38,1311731.37,1353205.87,51180.91,3,75,0.303,1,63.1,11339764.51,6.0,0.263,0,4.5,0
MSME001524,Annapurna Stores,4.4,retail,Gujarat,3,280069.72,239106.82,58525.7,0,40,0.17,1,99.4,2584866.88,0.9,0.898,1,76.1,0
MSME001525,Hanuman Engineering Works,1.1,retail,Uttar Pradesh,5,742917.29,778187.31,17211.04,3,9,0.458,1,93.4,8038777.76,7.0,0.679,1,60.6,0
MSME001526,Shree Enterprises,1.8,manufacturing,Madhya Pradesh,2,212252.83,161694.33,48354.64,0,19,0.05,0,,,,0.223,0,23.5,1
MSME001527,Ganesh Traders,2.2,trading,Uttar Pradesh,8,945357.07,846129.43,84510.52,0,14,0.372,1,89.3,8315673.88,10.4,0.107,0,0.5,0
MSME001528,Balaji Plastics,8.2,trading,Andhra Pradesh,17,1023762.29,1008390.18,15982.1,3,76,0.421,1,78.1,11672464.12,16.4,0.402,0,25.3,1
MSME001529,Shree Metals,14.9,services,Bihar,8,151731.34,136068.12,20723.41,0,174,0.208,0,,,,0.339,0,28.5,0
MSME001530,Classic Electricals,7.3,retail,Tamil Nadu,3,241323.33,224220.52,15812.75,1,74,0.422,1,67.9,2495812.99,11.6,0.647,0,35.0,0
MSME001531,Sai Enterprises,8.4,services,Rajasthan,7,685552.17,640517.95,97369.56,0,89,0.167,1,67.5,6647457.23,9.5,0.585,0,26.5,0
MSME001532,Shree Foods,4.6,food,Telangana,3,648569.07,665419.35,23419.9,4,40,0.602,1,91.0,6859020.32,14.6,0.717,0,47.5,1
MSME001533,Classic Plastics,3.0,services,Delhi,4,489315.78,467195.36,56902.77,1,33,0.345,1,81.3,6028008.89,14.0,0.445,0,22.4,0
MSME001534,Annapurna Textiles,7.5,trading,Gujarat,4,324935.52,357429.07,0.0,4,64,0.606,1,70.8,4025263.55,11.4,0.133,0,22.0,0
MSME001535,National Solutions,6.1,food,Telangana,10,222706.19,214282.05,25690.68,0,59,0.335,1,85.4,1879690.05,7.9,0.64,1,59.1,0
MSME001536,Shree Fabrics,2.4,services,Uttar Pradesh,5,482338.41,457959.68,14606.58,2,21,0.478,1,78.3,4663838.94,16.7,0.409,0,21.4,0
MSME001537,Annapurna Electricals,5.8,retail,Kerala,44,571626.1,563874.95,11177.64,5,48,0.356,1,77.0,6512018.12,6.9,0.512,0,33.6,0
MSME001538,Balaji Solutions,4.9,services,Madhya Pradesh,34,510758.28,522527.33,18016.33,1,42,0.517,1,83.2,5501184.2,10.1,0.298,0,18.4,0
MSME001539,Sri Electricals,3.8,retail,Uttar Pradesh,7,366291.99,330882.37,23552.68,0,36,0.141,1,67.6,4771677.57,13.9,0.591,0,22.2,1
MSME001540,Hanuman Industries,2.9,trading,Bihar,3,601650.24,492576.24,82881.04,0,21,0.181,1,92.0,6122464.74,12.4,0.397,0,16.2,0
MSME001541,Shiv Caterers,6.6,services,Bihar,10,1176392.47,1038100.37,163208.24,0,53,0.253,1,89.3,13385624.41,4.1,0.519,0,23.2,0
MSME001542,Kaveri Solutions,3.1,retail,Bihar,7,728873.92,604945.87,132347.22,0,27,0.146,1,81.4,7617883.33,13.4,0.771,1,55.3,0
MSME001543,Sai Electricals,19.0,retail,Gujarat,2,285148.36,291464.51,27883.38,2,176,0.496,1,63.7,3147037.05,10.8,0.693,0,31.1,1
MSME001544,Krishna Associates,7.1,services,Bihar,49,429598.01,404663.74,61585.56,1,74,0.132,1,63.4,3853832.94,10.2,0.523,0,30.9,0
MSME001545,Kaveri Textiles,6.7,retail,Telangana,26,889659.98,804562.22,131895.76,1,61,0.124,1,87.7,9583872.83,0.0,0.82,0,51.0,0
MSME001546,Krishna Suppliers,4.3,trading,Gujarat,4,1010021.87,953883.77,147808.69,0,47,0.107,1,100.0,10168024.13,7.3,0.324,0,16.7,0
MSME001547,Durga Stores,3.5,retail,Uttar Pradesh,39,1209851.35,1184918.78,34061.08,3,33,0.232,1,52.0,11369008.75,25.5,0.59,1,65.3,0
MSME001548,National Logistics,0.7,services,Kerala,6,418380.1,395566.08,41155.71,0,6,0.397,1,71.6,4376553.26,21.4,0.618,0,26.5,0
MSME001549,Shiv Associates,2.5,manufacturing,West Bengal,30,636819.36,669344.81,44494.35,1,25,0.504,1,90.1,7619384.45,9.4,0.186,0,26.9,0
MSME001550,Shree Logistics,0.9,retail,Rajasthan,5,452496.05,464906.44,62164.33,1,7,0.426,1,73.8,5969978.77,13.3,0.727,1,76.6,0
MSME001551,Lakshmi Associates,0.9,manufacturing,Andhra Pradesh,31,1588236.51,1542438.13,144771.25,0,6,0.421,1,74.2,19863697.34,10.6,0.287,0,22.3,0
MSME001552,Royal Metals,1.6,retail,Uttar Pradesh,9,508014.32,459303.72,76756.63,1,8,0.351,1,71.0,6640508.89,19.8,0.499,0,30.6,0
MSME001553,Om Textiles,11.6,trading,Telangana,6,431599.84,434339.71,6605.07,4,113,0.397,1,69.8,4234544.93,17.9,0.377,0,5.5,0
MSME001554,Hanuman Plastics,11.5,trading,Rajasthan,6,313062.34,325222.81,11296.69,1,127,0.4,1,94.1,3675107.64,0.0,0.133,0,20.5,0
MSME001555,Shiv Exports,2.6,retail,Maharashtra,4,1453337.6,1359871.43,159080.19,0,24,0.421,1,91.7,17728817.82,1.6,0.442,0,17.7,0
MSME001556,Annapurna Garments,1.2,retail,Punjab,15,319658.18,291995.35,37261.7,2,8,0.248,1,67.2,3057475.79,16.2,0.463,1,49.2,0
MSME001557,Royal Industries,3.4,manufacturing,Bihar,9,337105.25,363698.01,22531.49,1,33,0.348,0,,,,0.186,0,5.8,0
MSME001558,New Electricals,8.1,manufacturing,Uttar Pradesh,30,912052.09,859783.64,158703.0,0,80,0.215,1,86.8,8294799.77,11.7,0.294,0,14.5,0
MSME001559,Modern Solutions,9.9,food,Delhi,8,317309.92,318183.73,39177.44,0,87,0.384,1,62.0,4108136.93,21.5,0.592,1,57.4,0
MSME001560,Royal Industries,5.7,food,Delhi,17,781932.1,643443.27,122908.02,0,48,0.29,1,76.3,10125674.24,6.8,0.804,0,64.0,1
MSME001561,Lakshmi Suppliers,6.5,trading,Telangana,40,1450519.94,1311258.06,171320.7,0,65,0.177,1,96.7,13273153.53,0.0,0.142,0,6.2,0
MSME001562,Lakshmi Stores,6.1,retail,Maharashtra,8,221239.85,182310.98,48479.89,0,31,0.05,0,,,,0.793,1,67.3,1
MSME001563,Kaveri Plastics,0.9,retail,Uttar Pradesh,7,273460.42,251432.1,37174.95,0,6,0.278,0,,,,0.894,1,79.4,1
MSME001564,Classic Traders,1.3,trading,Bihar,7,295757.84,282158.79,3030.46,4,11,0.345,1,56.4,2588420.9,30.6,0.458,0,27.6,1
MSME001565,Krishna Traders,15.3,manufacturing,Kerala,8,860146.23,845421.81,92345.44,0,174,0.37,1,89.2,10482295.33,4.7,0.275,0,21.4,0
MSME001566,Shiv Engineering Works,5.7,retail,Uttar Pradesh,3,405855.16,398708.71,59993.5,0,54,0.287,1,87.7,4391851.1,6.5,0.896,0,62.9,0
MSME001567,Modern Industries,0.5,retail,Rajasthan,39,567923.09,556189.61,0.0,0,6,0.343,1,94.5,5690200.17,5.3,0.815,0,41.5,0
MSME001568,Hanuman Enterprises,6.8,trading,Uttar Pradesh,45,946636.09,817505.15,143117.36,0,80,0.05,1,77.7,9552015.92,10.9,0.438,0,36.0,0
MSME001569,Classic Textiles,2.1,manufacturing,Rajasthan,6,275653.55,290304.62,23910.54,1,19,0.392,1,71.4,2794398.83,6.1,0.15,0,8.4,0
MSME001570,Modern Textiles,10.5,trading,West Bengal,29,489107.65,514244.43,43179.78,4,86,0.478,1,69.3,4551744.23,10.2,0.314,0,11.9,0
MSME001571,Sai Metals,9.7,services,Maharashtra,44,333564.79,301963.7,44280.31,0,75,0.305,1,79.9,2846825.41,8.4,0.691,0,30.8,0
MSME001572,Maruti Suppliers,7.8,trading,West Bengal,2,354985.16,333067.78,1485.11,2,72,0.598,1,94.3,3918184.81,13.3,0.102,0,10.8,0
MSME001573,Sri Traders,5.7,trading,West Bengal,201,1428758.66,1248540.23,298802.15,0,59,0.265,1,85.4,15416438.61,14.8,0.129,0,10.9,0
MSME001574,National Suppliers,12.3,trading,Rajasthan,46,492326.22,489260.97,113414.65,2,97,0.242,1,79.1,5811432.89,3.4,0.157,0,7.0,1
MSME001575,Balaji Industries,13.2,manufacturing,Kerala,4,571120.58,564129.45,50681.11,0,141,0.218,1,78.1,5892554.07,18.7,0.044,0,6.6,0
MSME001576,Ganesh Exports,2.1,manufacturing,Uttar Pradesh,145,2400558.45,2132383.35,302549.41,1,18,0.319,1,77.3,30345230.16,21.4,0.135,0,2.8,0
MSME001577,Om Traders,7.8,trading,Maharashtra,3,210175.73,219232.04,15956.51,1,67,0.301,0,,,,0.278,0,30.1,0
MSME001578,New Enterprises,3.0,retail,Rajasthan,3,267985.57,293075.95,109.38,8,18,0.578,1,73.6,3078889.98,8.9,0.85,1,65.9,1
MSME001579,Balaji Industries,1.9,retail,Karnataka,6,524569.64,449986.75,67834.83,1,16,0.126,1,87.6,5614617.88,7.0,0.74,1,66.0,0
MSME001580,Hanuman Exports,13.2,retail,Tamil Nadu,5,372945.24,379728.27,31633.07,0,145,0.326,1,79.6,3407569.81,19.4,0.626,1,42.9,0
MSME001581,Lakshmi Plastics,8.7,retail,Punjab,213,547438.17,590409.64,0.0,4,49,0.459,1,73.6,4733950.11,5.8,0.829,0,58.2,0
MSME001582,Kaveri Agencies,6.0,retail,Tamil Nadu,5,293682.87,282147.17,4496.59,1,43,0.422,1,81.5,3461547.73,6.7,0.457,0,38.1,0
MSME001583,Om Suppliers,2.3,services,Tamil Nadu,9,325090.23,331815.97,0.0,1,26,0.334,0,,,,0.253,0,12.2,0
MSME001584,Vishwakarma Logistics,13.5,manufacturing,Telangana,4,412487.4,422584.73,34717.85,0,124,0.45,1,81.1,3679375.57,7.3,0.222,0,11.9,0
MSME001585,Hanuman Logistics,2.1,services,Delhi,30,566051.03,451121.43,127530.87,0,23,0.155,1,78.5,5569046.4,0.4,0.536,1,42.7,0
MSME001586,Ganesh Associates,1.6,services,Karnataka,2,633406.08,562571.91,90367.26,0,18,0.17,1,77.5,8112183.57,3.9,0.334,0,14.2,0
MSME001587,National Garments,4.9,food,Maharashtra,8,316164.21,267447.19,57337.6,1,23,0.136,1,94.7,3698981.94,0.0,0.512,1,53.1,0
MSME001588,Sai Plastics,8.1,food,Gujarat,3,102441.61,95689.85,14536.77,0,92,0.248,1,75.5,1205896.32,9.1,0.513,0,26.9,0
MSME001589,Royal Foods,3.7,retail,Uttar Pradesh,10,485283.59,407211.07,60183.27,1,27,0.144,1,83.5,5849473.62,19.2,0.486,0,9.4,0
MSME001590,Shree Plastics,5.6,retail,Karnataka,48,1939878.67,1635548.01,120548.13,1,60,0.418,1,88.8,23650777.64,14.4,0.615,1,58.7,0
MSME001591,Sri Traders,3.0,retail,Madhya Pradesh,134,923122.7,739908.68,192884.99,0,22,0.05,1,94.3,12163925.96,4.0,0.74,0,36.1,0
MSME001592,Ganesh Solutions,3.3,manufacturing,Gujarat,7,421690.36,408567.41,6772.72,1,30,0.521,1,90.7,3713389.3,9.2,0.113,0,0.0,0
MSME001593,Maruti Agencies,16.5,retail,Karnataka,41,598015.52,520297.81,62692.3,0,171,0.333,1,100.0,5330960.12,2.5,0.77,1,56.8,0
MSME001594,Shree Fabrics,4.5,trading,Bihar,22,933274.8,989980.89,91154.83,2,48,0.3,1,81.1,12188032.56,8.2,0.435,0,13.3,0
MSME001595,Sri Solutions,12.9,trading,Tamil Nadu,3,312484.06,276004.4,58402.41,0,120,0.134,1,100.0,3329698.54,1.7,0.103,0,11.2,0
MSME001596,Annapurna Plastics,0.8,services,Uttar Pradesh,6,162155.04,138199.48,18273.1,0,6,0.233,0,,,,0.588,0,48.9,1
MSME001597,Durga Bakers,10.7,services,Telangana,10,301022.71,235839.96,58676.54,0,112,0.09,1,97.7,3310400.96,0.0,0.569,1,86.7,0
MSME001598,Sri Plastics,2.5,manufacturing,Maharashtra,10,576821.7,590152.26,0.0,2,25,0.656,1,51.8,6766589.32,21.9,0.157,0,3.3,1
MSME001599,National Industries,8.8,services,Uttar Pradesh,4,443225.46,401560.98,32476.96,0,89,0.5,1,69.9,4858884.28,9.3,0.274,0,0.6,0
MSME001600,Sri Traders,2.4,manufacturing,Maharashtra,1,216177.38,225423.62,0.0,5,21,0.481,0,,,,0.147,1,27.3,0
MSME001601,Ganesh Industries,3.5,retail,Karnataka,30,546767.61,496594.21,78278.68,0,27,0.307,1,94.3,4889536.86,6.6,0.699,0,28.1,1
MSME001602,Sri Caterers,1.8,manufacturing,West Bengal,1,305298.63,297725.34,22507.14,1,10,0.427,1,83.7,2690367.93,0.0,0.02,0,0.0,0
MSME001603,National Plastics,9.0,services,Karnataka,9,275120.35,245989.43,43452.18,0,91,0.207,1,84.9,3477722.23,1.1,0.268,0,19.0,0
MSME001604,Ganesh Electricals,10.0,retail,Gujarat,7,393962.77,350133.37,52847.6,0,101,0.197,0,,,,0.687,1,56.8,1
MSME001605,Balaji Exports,2.5,food,Karnataka,8,458474.94,496363.76,0.0,7,25,0.513,1,78.0,5840818.7,3.6,0.859,0,46.9,1
MSME001606,Royal Engineering Works,1.1,food,Uttar Pradesh,15,223300.9,245630.99,14499.66,4,9,0.58,1,53.5,1878205.17,17.1,0.445,1,48.3,0
MSME001607,Balaji Bakers,12.8,manufacturing,Telangana,26,944547.59,773939.42,132302.55,0,148,0.334,1,78.0,12305165.69,15.8,0.198,0,5.4,0
MSME001608,Krishna Solutions,2.8,food,Haryana,8,194663.07,177860.59,26090.01,0,28,0.209,1,89.3,1766957.23,4.2,0.876,1,49.9,0
MSME001609,Kaveri Enterprises,4.3,trading,Karnataka,8,276649.33,283904.19,0.0,5,44,0.729,0,,,,0.376,0,11.0,1
MSME001610,Balaji Logistics,2.1,retail,Gujarat,6,274664.06,276322.52,31942.5,1,20,0.446,1,97.9,2583492.5,7.0,0.615,0,21.4,1
MSME001611,New Electricals,8.3,retail,Telangana,4,741305.96,772491.65,66667.25,1,39,0.576,1,78.9,9081583.81,0.0,0.625,1,50.3,0
MSME001612,Balaji Traders,8.5,manufacturing,Uttar Pradesh,25,307029.13,321451.01,19114.13,3,80,0.589,1,76.0,3119219.36,2.8,0.121,0,0.6,0
MSME001613,Durga Caterers,14.3,manufacturing,Tamil Nadu,3,321738.82,300240.82,12618.19,2,118,0.39,1,70.9,3393463.36,5.4,0.275,0,17.7,0
MSME001614,Durga Enterprises,10.9,food,Delhi,22,474565.94,443503.24,63822.92,0,120,0.163,1,99.0,4775920.52,0.0,0.745,0,38.2,0
MSME001615,Sai Foods,10.4,manufacturing,Uttar Pradesh,4,860817.8,859283.07,58804.46,0,111,0.37,1,75.9,8806165.8,2.1,0.053,0,0.0,0
MSME001616,Annapurna Traders,4.7,services,Maharashtra,8,1188598.57,1129727.59,9138.92,3,32,0.568,1,76.2,12294270.98,22.5,0.686,0,36.7,0
MSME001617,New Plastics,4.2,retail,Karnataka,1,182356.86,169451.68,23459.04,0,43,0.227,1,95.1,2202414.32,0.0,0.534,0,28.2,0
MSME001618,Om Associates,8.3,retail,Karnataka,25,819289.17,807173.72,77580.06,1,79,0.315,1,71.7,9111877.81,15.8,0.768,1,77.4,0
MSME001619,Balaji Electricals,4.5,trading,West Bengal,2,311081.09,287742.94,925.78,0,41,0.327,1,74.7,3789917.86,9.6,0.42,0,47.9,0
MSME001620,Modern Enterprises,11.2,manufacturing,Uttar Pradesh,13,612129.71,600895.36,71113.62,0,62,0.407,1,69.4,6821487.0,14.7,0.224,1,21.1,0
MSME001621,Lakshmi Industries,2.0,retail,Bihar,29,740247.47,710143.37,27373.88,2,19,0.495,1,77.2,6411150.59,7.6,0.428,1,53.5,0
MSME001622,Shree Caterers,0.8,food,Tamil Nadu,8,148255.0,147659.39,17229.72,0,7,0.508,1,89.0,1861268.09,4.7,0.771,0,26.6,0
MSME001623,Classic Metals,7.6,services,Delhi,7,380860.34,352942.24,27943.99,0,69,0.357,1,88.7,3586003.49,0.2,0.255,0,18.5,0
MSME001624,Shree Caterers,3.1,trading,Uttar Pradesh,2,419882.03,389358.17,42087.66,0,34,0.261,1,92.8,4058985.49,11.5,0.397,0,4.8,0
MSME001625,Krishna Garments,1.7,manufacturing,Maharashtra,1,185621.61,176427.02,23571.77,1,14,0.303,0,,,,0.18,0,5.8,0
MSME001626,Modern Garments,20.5,services,Karnataka,3,389177.57,291883.18,65096.09,0,167,0.308,1,89.7,4792931.26,4.8,0.379,0,11.1,0
MSME001627,Krishna Fabrics,5.0,services,Uttar Pradesh,2,103457.19,82904.33,14190.39,0,47,0.199,0,,,,0.603,0,32.6,0
MSME001628,Krishna Suppliers,1.3,trading,West Bengal,3,390009.64,364804.98,39787.21,0,14,0.28,1,92.7,3336202.79,9.2,0.223,0,4.5,0
MSME001629,Maruti Exports,2.8,trading,Uttar Pradesh,9,1080564.11,924625.53,57157.22,1,32,0.495,1,71.6,13348985.32,5.9,0.352,0,17.8,0
MSME001630,Balaji Engineering Works,3.9,retail,Gujarat,9,396436.23,421922.98,21182.07,3,38,0.516,1,70.3,4355130.55,21.5,0.898,1,71.1,1
MSME001631,Krishna Plastics,7.4,trading,Uttar Pradesh,3,216310.01,192310.22,24174.89,1,57,0.143,1,90.1,1992234.75,7.5,0.317,0,24.1,0
MSME001632,Royal Enterprises,2.8,manufacturing,Gujarat,19,331440.53,330507.85,37756.99,1,20,0.412,1,81.5,4128596.12,6.5,0.254,0,11.3,1
MSME001633,Sai Textiles,4.4,food,Uttar Pradesh,20,579928.91,464947.11,144982.23,0,46,0.125,1,98.5,7329159.18,6.9,0.427,0,39.8,0
MSME001634,Royal Logistics,6.2,manufacturing,Tamil Nadu,204,2479275.42,1859456.57,619818.86,0,59,0.05,1,100.0,26516001.79,9.4,0.128,0,2.4,0
MSME001635,Vishwakarma Bakers,7.1,retail,Uttar Pradesh,3,310926.83,294471.93,25007.08,0,63,0.284,1,79.6,3878250.1,5.6,0.565,1,59.3,0
MSME001636,Om Industries,4.7,food,Telangana,9,284729.2,310299.14,0.0,8,46,0.617,0,,,,0.892,0,36.5,1
MSME001637,Annapurna Enterprises,16.4,retail,Bihar,5,129403.46,114782.02,21602.96,0,146,0.273,0,,,,0.639,0,33.5,1
MSME001638,Hanuman Enterprises,8.4,retail,Uttar Pradesh,40,751582.88,563687.16,172368.25,0,47,0.05,1,100.0,7456257.65,4.8,0.659,0,29.9,0
MSME001639,Annapurna Fabrics,8.1,services,Maharashtra,3,207133.71,212195.51,2906.89,3,95,0.417,0,,,,0.485,0,33.3,0
MSME001640,Lakshmi Electricals,7.9,food,Maharashtra,8,250502.11,200485.14,51311.02,0,47,0.05,1,77.3,2999928.75,14.8,0.624,0,37.4,0
MSME001641,Sri Electricals,11.2,food,Uttar Pradesh,5,748290.91,823120.0,4128.08,1,84,0.411,1,83.3,9127344.63,2.6,0.432,1,48.8,1
MSME001642,Sai Traders,5.9,manufacturing,Rajasthan,9,214939.58,218084.65,3038.71,5,51,0.445,0,,,,0.061,1,21.2,0
MSME001643,Vishwakarma Solutions,2.0,retail,Gujarat,9,178657.94,153551.9,20590.03,0,13,0.241,1,65.0,2118110.58,11.2,0.539,1,60.8,0
MSME001644,Krishna Exports,6.8,retail,Punjab,8,489967.73,396920.78,84621.51,0,73,0.271,1,90.1,4547867.75,7.2,0.692,1,66.3,0
MSME001645,Balaji Fabrics,7.5,retail,Telangana,10,373414.94,375947.25,30283.33,0,75,0.383,1,99.5,4720142.6,0.6,0.87,0,60.4,0
MSME001646,Lakshmi Logistics,12.5,services,Maharashtra,46,519545.65,474346.94,79191.56,2,104,0.255,1,67.7,5797783.68,8.7,0.358,0,0.0,1
MSME001647,Ganesh Industries,1.8,trading,Uttar Pradesh,6,530778.65,489520.09,76103.95,1,13,0.05,1,81.7,6708177.01,10.6,0.379,0,26.2,0
MSME001648,Durga Metals,2.2,retail,Maharashtra,6,455245.36,419462.88,103332.22,0,12,0.156,1,83.4,4393603.47,8.9,0.513,1,56.9,0
MSME001649,Modern Associates,5.2,trading,Uttar Pradesh,17,366473.48,343159.83,26570.93,0,35,0.239,1,74.5,3391274.52,16.4,0.392,0,20.1,0
MSME001650,National Suppliers,8.0,services,Karnataka,33,451416.52,428594.57,15282.93,2,76,0.499,1,77.5,3828280.6,10.7,0.693,0,46.6,0
MSME001651,Annapurna Foods,1.5,services,Maharashtra,1,223048.18,189560.91,45573.11,0,13,0.234,0,,,,0.561,0,36.5,0
MSME001652,Shree Metals,1.8,trading,Maharashtra,2,359224.78,333692.93,55822.29,0,6,0.241,1,86.6,3159115.13,17.9,0.465,0,19.8,0
MSME001653,Sai Caterers,9.5,trading,Maharashtra,2,427453.8,349960.85,48992.32,0,84,0.291,1,78.1,4850369.33,9.5,0.483,1,39.7,0
MSME001654,Krishna Exports,1.5,services,Madhya Pradesh,10,316057.09,315749.82,34600.4,1,8,0.484,1,82.2,3306215.18,0.0,0.446,1,53.4,0
MSME001655,Annapurna Enterprises,2.3,services,Maharashtra,47,841913.89,762393.8,56647.85,2,21,0.221,1,70.3,10945277.81,19.5,0.641,1,66.8,1
MSME001656,Kaveri Metals,9.9,retail,Punjab,3,540827.72,513972.18,38679.95,0,58,0.44,1,84.8,5002686.93,13.0,0.898,1,61.7,0
MSME001657,National Bakers,7.9,retail,Gujarat,35,691833.07,593714.66,84124.7,0,72,0.146,1,92.5,7305009.31,0.0,0.645,1,58.9,0
MSME001658,Royal Garments,2.9,food,Tamil Nadu,7,321819.32,303926.46,49075.24,1,21,0.252,1,71.9,4195557.05,5.9,0.687,1,53.8,0
MSME001659,National Associates,7.3,manufacturing,Rajasthan,14,581346.7,596079.86,98086.09,0,81,0.194,1,87.9,7219852.77,3.5,0.087,0,12.8,0
MSME001660,Lakshmi Foods,6.3,retail,Karnataka,5,266499.19,229342.03,39900.96,0,60,0.1,1,91.2,2590415.42,0.0,0.402,1,53.3,0
MSME001661,Hanuman Enterprises,4.5,services,Gujarat,41,398456.37,405589.42,10068.79,1,34,0.377,1,90.8,5150045.62,3.2,0.625,0,31.5,0
MSME001662,Hanuman Caterers,3.6,services,Rajasthan,8,345566.82,294549.02,58192.38,0,40,0.05,0,,,,0.47,0,21.8,0
MSME001663,Annapurna Plastics,7.1,retail,Tamil Nadu,4,448259.7,421533.94,32170.75,2,68,0.385,1,94.5,3873408.94,3.2,0.505,1,56.9,0
MSME001664,Krishna Engineering Works,1.7,retail,Tamil Nadu,10,283036.6,270056.4,12165.66,3,14,0.431,1,65.4,2529299.11,23.6,0.667,1,61.7,1
MSME001665,Om Stores,7.0,food,Maharashtra,6,311825.91,314813.35,901.87,1,34,0.59,1,76.7,3803450.32,23.8,0.586,1,53.1,0
MSME001666,Maruti Traders,5.8,trading,Madhya Pradesh,3,333425.59,306834.32,66915.82,0,48,0.108,1,74.7,4202248.94,4.5,0.187,0,0.0,0
MSME001667,New Enterprises,6.2,retail,West Bengal,5,994984.81,935499.78,88273.42,0,45,0.355,1,66.1,12657776.18,16.4,0.543,1,46.0,0
MSME001668,Durga Foods,2.2,manufacturing,Madhya Pradesh,4,674157.17,590992.53,75174.51,3,23,0.421,1,77.9,7873837.49,17.3,0.17,0,19.8,0
MSME001669,Om Plastics,12.7,trading,Delhi,8,735110.69,766131.93,39529.39,1,127,0.474,1,74.0,8260625.06,19.8,0.485,0,41.4,0
MSME001670,Sri Agencies,2.9,services,Rajasthan,4,547580.63,498441.12,98566.46,0,33,0.265,1,71.2,6210946.93,4.8,0.583,0,28.6,0
MSME001671,New Textiles,3.3,retail,Kerala,13,370126.41,330522.57,67717.97,0,24,0.113,1,96.6,3766751.82,2.9,0.717,1,66.2,0
MSME001672,Krishna Agencies,4.4,retail,Rajasthan,1,490436.89,423671.91,76826.02,1,47,0.184,1,70.4,6424382.74,19.4,0.818,1,67.6,0
MSME001673,Lakshmi Electricals,7.9,retail,Rajasthan,8,470904.35,418353.47,20757.4,1,38,0.283,1,90.3,5595085.09,0.5,0.495,0,22.0,0
MSME001674,New Garments,6.0,food,West Bengal,10,370137.36,308240.45,47008.78,0,57,0.376,1,87.2,3553325.2,3.1,0.746,1,60.3,0
MSME001675,Sri Associates,1.0,services,Uttar Pradesh,3,155144.98,151759.82,13326.5,0,9,0.358,0,,,,0.371,0,5.2,1
MSME001676,Modern Bakers,5.0,manufacturing,Uttar Pradesh,35,700074.32,627564.86,117007.72,0,53,0.385,1,86.7,6807730.77,4.2,0.15,0,8.0,0
MSME001677,Balaji Metals,5.3,retail,Rajasthan,9,169266.32,153336.95,12890.62,0,50,0.185,0,,,,0.886,1,76.3,0
MSME001678,Vishwakarma Engineering Works,12.9,manufacturing,Maharashtra,30,727011.48,706707.92,122037.15,0,57,0.272,1,90.9,8390634.12,15.5,0.037,0,0.0,0
MSME001679,Classic Caterers,3.9,trading,Uttar Pradesh,32,552138.72,607352.59,0.0,5,27,0.537,1,96.1,5514627.67,4.4,0.41,0,32.3,0
MSME001680,Om Garments,7.4,services,Telangana,19,424847.63,366418.97,94646.82,0,66,0.05,1,86.6,4549722.13,5.0,0.305,0,7.8,0
MSME001681,Classic Textiles,26.9,trading,Rajasthan,1,123977.99,96366.15,27168.41,0,240,0.05,0,,,,0.334,1,35.8,0
MSME001682,Shree Electricals,11.4,services,Maharashtra,4,486125.58,468849.87,9691.66,1,133,0.506,1,76.8,5921483.54,13.8,0.352,0,7.6,0
MSME001683,Shree Logistics,2.1,retail,Maharashtra,46,1014484.9,906395.38,128017.16,0,17,0.189,1,75.5,10495633.36,8.8,0.548,0,43.9,0
MSME001684,New Metals,8.7,retail,Kerala,15,1321658.93,1394135.41,13675.63,5,91,0.421,1,89.8,16052842.51,6.3,0.837,1,63.5,1
MSME001685,Maruti Agencies,7.0,manufacturing,Delhi,48,2395690.84,2222495.3,342694.89,0,67,0.369,1,94.1,26130471.19,8.6,0.157,0,7.5,0
MSME001686,Om Textiles,3.8,retail,West Bengal,13,544511.8,598962.98,0.0,6,38,0.605,1,68.9,7011486.72,16.1,0.642,1,52.0,0
MSME001687,Vishwakarma Textiles,8.8,retail,Uttar Pradesh,23,1042563.47,1073532.0,97965.69,1,75,0.371,1,89.5,12048259.02,0.6,0.513,0,35.4,0
MSME001688,Vishwakarma Industries,2.0,food,Gujarat,32,622666.71,593540.65,68262.28,0,22,0.467,1,84.9,6426456.99,12.7,0.502,1,58.9,0
MSME001689,Classic Stores,2.9,retail,Tamil Nadu,1,181823.27,161710.88,32096.57,0,14,0.277,0,,,,0.514,0,28.5,0
MSME001690,Sai Garments,4.4,services,Telangana,4,283303.59,237721.42,58828.76,0,45,0.05,0,,,,0.629,0,34.6,0
MSME001691,New Plastics,3.6,manufacturing,Karnataka,7,762517.47,622516.92,151428.63,0,36,0.054,1,79.3,9371788.89,0.4,0.085,0,7.2,0
MSME001692,Royal Stores,8.1,services,Bihar,31,5809616.52,5152977.12,1452404.13,0,89,0.05,1,65.3,57178726.76,24.1,0.341,0,21.1,1
MSME001693,Durga Metals,4.9,retail,Gujarat,10,876899.08,776786.17,147346.26,0,48,0.534,1,92.5,8157301.06,7.9,0.458,1,57.3,0
MSME001694,Maruti Fabrics,3.3,services,Andhra Pradesh,9,483144.36,412781.86,61291.66,0,34,0.259,1,82.6,4673394.95,6.4,0.265,1,29.8,0
MSME001695,Annapurna Industries,11.3,trading,Gujarat,99,1391988.76,1287315.24,247983.43,0,108,0.334,1,69.5,14439005.57,18.0,0.119,0,14.4,0
MSME001696,Durga Associates,7.9,trading,Gujarat,10,692348.39,644383.15,6206.36,3,83,0.409,1,97.3,6154841.57,9.3,0.165,0,0.8,0
MSME001697,Shiv Bakers,1.3,manufacturing,Rajasthan,7,510586.53,446948.19,94340.31,0,10,0.108,1,76.8,6716051.94,16.5,0.186,1,35.2,0
MSME001698,Balaji Fabrics,1.3,food,West Bengal,21,719772.1,594019.0,87240.48,0,11,0.302,1,77.6,7219718.39,8.8,0.407,0,14.9,0
MSME001699,Maruti Electricals,3.3,retail,Kerala,4,321156.47,306492.88,31167.01,2,30,0.243,1,74.7,4220162.74,6.4,0.839,1,70.6,0
MSME001700,Modern Agencies,1.5,retail,Rajasthan,10,264616.04,283109.98,0.0,5,12,0.77,1,67.7,3181228.2,11.7,0.543,1,56.7,0
MSME001701,Lakshmi Bakers,10.0,services,Delhi,1,282886.28,274673.85,35874.74,0,64,0.162,1,75.0,2560261.27,14.1,0.494,0,33.7,0
MSME001702,Annapurna Traders,3.0,trading,Gujarat,141,1665390.57,1414023.49,325292.71,1,32,0.14,1,95.4,15680424.92,0.0,0.162,0,20.6,0
MSME001703,Durga Garments,7.4,manufacturing,Tamil Nadu,9,534348.82,490740.63,70457.01,0,87,0.348,1,91.1,5689315.76,16.0,0.203,0,13.0,0
MSME001704,Annapurna Industries,8.6,retail,Tamil Nadu,10,547319.76,551888.66,38670.15,2,78,0.43,1,91.1,6455037.87,7.1,0.605,1,48.0,0
MSME001705,Classic Bakers,0.7,retail,Maharashtra,1,390164.57,405777.85,0.0,3,6,0.528,1,74.6,4424247.6,18.6,0.449,0,18.2,0
MSME001706,Royal Traders,3.2,services,Andhra Pradesh,7,380038.78,390320.87,0.0,3,31,0.382,0,,,,0.341,0,11.1,1
MSME001707,Modern Traders,4.3,food,Maharashtra,9,287354.4,258329.17,50715.71,0,49,0.194,1,80.1,3389789.12,10.7,0.431,1,56.8,0
MSME001708,Classic Electricals,6.2,retail,Tamil Nadu,7,280505.48,259945.99,32422.89,0,45,0.364,1,84.3,2851526.01,4.6,0.475,1,31.9,0
MSME001709,Kaveri Foods,9.6,manufacturing,Tamil Nadu,22,659867.89,702951.39,93955.45,2,73,0.196,1,82.0,7509314.65,0.0,0.064,0,2.5,0
MSME001710,Kaveri Plastics,21.1,trading,Bihar,216,3141928.05,2356446.04,785482.01,0,240,0.05,1,87.5,40486503.33,10.3,0.245,0,12.4,0
MSME001711,Ganesh Engineering Works,15.3,retail,Delhi,10,413854.2,396384.39,0.0,3,106,0.479,0,,,,0.563,0,39.8,0
MSME001712,Shiv Agencies,4.8,trading,Telangana,3,451424.18,457312.28,51691.24,0,28,0.279,1,87.1,5322579.7,21.2,0.331,0,15.0,0
MSME001713,Royal Associates,4.8,retail,Tamil Nadu,33,554080.37,480113.74,109159.91,0,32,0.083,1,60.1,5474576.76,20.0,0.717,0,34.7,0
MSME001714,Sri Associates,14.2,services,Rajasthan,7,312043.25,282624.26,38792.96,0,152,0.336,0,,,,0.443,1,55.8,0
MSME001715,Hanuman Caterers,5.0,retail,Tamil Nadu,11,292898.59,245372.48,42064.4,0,40,0.22,1,79.4,3724888.99,15.5,0.765,1,70.5,0
MSME001716,Royal Plastics,3.1,trading,Delhi,9,545766.24,548971.46,12962.46,2,24,0.256,1,85.1,4616474.02,3.5,0.119,0,19.0,0
MSME001717,Hanuman Associates,10.1,retail,Maharashtra,1,173067.52,143344.09,30027.56,0,105,0.316,1,79.9,2262354.03,6.4,0.498,1,49.9,0
MSME001718,Maruti Stores,6.4,manufacturing,Delhi,6,1031845.33,1082712.72,0.0,2,44,0.622,1,66.0,8710217.96,15.3,0.144,0,3.3,0
MSME001719,Vishwakarma Textiles,1.2,food,Telangana,10,357563.81,339342.67,29982.06,1,10,0.351,1,89.3,3804448.74,0.4,0.6,1,51.8,0
MSME001720,Om Stores,3.9,trading,Madhya Pradesh,16,599799.75,523360.37,54414.94,0,30,0.297,1,82.0,5501678.85,3.7,0.147,0,13.0,0
MSME001721,Sai Bakers,1.5,trading,Bihar,5,391558.43,409607.68,28154.55,2,6,0.358,1,95.6,4366824.93,12.4,0.326,0,31.1,1
MSME001722,Sri Electricals,0.5,food,Tamil Nadu,26,621146.88,563377.21,68406.14,0,6,0.201,1,77.0,6609918.14,5.8,0.501,1,36.9,1
MSME001723,Durga Textiles,16.7,retail,Tamil Nadu,11,1078625.69,896178.06,129737.53,0,173,0.05,1,90.8,11036476.68,8.8,0.844,1,75.7,0
MSME001724,Sri Electricals,5.6,manufacturing,Gujarat,9,326805.41,280617.41,37050.22,0,17,0.179,1,86.1,4160780.93,2.3,0.027,0,0.4,0
MSME001725,Om Engineering Works,4.0,services,Uttar Pradesh,14,561853.55,488980.82,127563.95,0,31,0.05,1,86.3,6016723.03,6.3,0.673,0,37.4,0
MSME001726,New Associates,3.3,manufacturing,Bihar,12,266516.56,252230.61,25058.72,1,26,0.41,1,89.9,2459194.6,7.8,0.239,1,49.9,0
MSME001727,Classic Bakers,5.1,retail,Rajasthan,8,845454.97,782741.85,157893.55,0,59,0.176,1,77.1,9783573.03,11.8,0.578,1,65.2,0
MSME001728,Krishna Associates,3.3,retail,Kerala,43,676117.33,605921.29,109057.1,1,19,0.304,1,97.8,7246832.57,0.0,0.77,1,76.8,0
MSME001729,Vishwakarma Industries,2.1,trading,Andhra Pradesh,15,264902.78,227489.44,30182.92,0,23,0.31,1,84.7,2496973.66,13.2,0.206,0,15.0,1
MSME001730,Balaji Electricals,3.5,retail,Uttar Pradesh,3,158972.99,141168.69,34208.61,1,25,0.155,0,,,,0.46,1,52.6,0
MSME001731,New Stores,13.3,retail,Uttar Pradesh,4,547341.48,527372.2,86908.91,1,132,0.257,1,79.1,6668218.53,0.0,0.669,1,67.7,0
MSME001732,Classic Electricals,10.0,food,Gujarat,5,123126.89,135439.58,7645.63,1,93,0.531,1,80.6,1584956.25,15.1,0.815,1,92.3,0
MSME001733,Durga Associates,3.5,retail,Maharashtra,100,1079444.74,844589.38,269861.19,2,41,0.303,1,79.7,11768878.29,10.4,0.838,1,72.0,0
MSME001734,Royal Stores,17.9,retail,Madhya Pradesh,18,435596.43,351540.92,44898.73,0,195,0.281,1,87.8,5084169.07,5.6,0.659,1,63.7,0
MSME001735,Royal Electricals,4.8,retail,Bihar,42,640088.99,630197.52,62367.22,1,31,0.504,1,62.0,5762200.41,18.9,0.629,0,28.6,0
MSME001736,New Suppliers,2.6,trading,Bihar,28,502580.69,461088.74,38351.52,0,30,0.258,1,89.0,5309888.55,0.0,0.299,0,1.0,0
MSME001737,Om Agencies,6.7,trading,Rajasthan,5,255997.37,206597.35,44113.06,0,32,0.18,1,100.0,2713029.22,0.0,0.321,0,28.7,0
MSME001738,Sai Industries,14.7,retail,Andhra Pradesh,175,839105.9,721503.14,189566.36,0,150,0.101,1,99.6,7666261.77,2.7,0.659,1,59.3,0
MSME001739,Shree Agencies,12.8,manufacturing,West Bengal,6,701465.79,644435.95,39419.88,2,121,0.458,1,72.4,5984060.85,7.0,0.053,0,8.7,0
MSME001740,Kaveri Exports,2.7,manufacturing,Haryana,28,694819.54,612392.63,96490.71,0,27,0.235,1,88.9,8080956.5,10.3,0.156,0,11.3,0
MSME001741,Vishwakarma Traders,1.7,retail,Telangana,7,522379.91,558507.95,0.0,5,8,0.651,1,82.6,5313737.78,1.1,0.559,1,68.9,1
MSME001742,Sri Bakers,3.7,manufacturing,Bihar,5,424199.71,427598.81,22140.97,1,27,0.201,1,61.4,4338800.34,16.7,0.198,1,33.1,1
MSME001743,Shiv Garments,7.5,trading,Maharashtra,7,669949.31,673312.49,41529.46,0,86,0.506,1,69.0,8692468.39,22.7,0.314,0,5.0,0
MSME001744,Shree Traders,9.1,trading,Andhra Pradesh,7,601385.23,551675.84,68166.33,0,93,0.239,1,70.8,5546107.8,8.5,0.138,0,19.7,0
MSME001745,Kaveri Bakers,11.6,food,Tamil Nadu,10,281756.61,270392.26,33406.09,1,88,0.281,0,,,,0.491,1,54.6,0
MSME001746,Modern Bakers,5.8,manufacturing,Gujarat,9,342653.26,311488.73,2075.05,0,53,0.365,0,,,,0.168,0,10.3,0
MSME001747,Modern Traders,5.9,trading,Rajasthan,6,772781.11,708443.93,116958.76,0,39,0.273,1,74.6,9235096.85,2.8,0.308,1,22.7,0
MSME001748,Maruti Textiles,5.6,trading,Tamil Nadu,37,506395.83,479422.07,56778.72,0,65,0.278,1,85.0,5083591.87,11.4,0.326,0,23.1,0
MSME001749,National Agencies,10.6,retail,Maharashtra,2,373600.88,406826.18,0.0,3,93,0.521,1,77.9,3797086.53,10.4,0.479,1,35.4,0
MSME001750,Sri Garments,9.2,trading,Uttar Pradesh,4,411099.29,333390.83,81055.96,0,68,0.074,1,84.3,3724502.37,8.5,0.276,0,23.2,0
MSME001751,Classic Logistics,2.6,services,Telangana,4,255903.56,210334.47,46077.27,0,27,0.23,0,,,,0.586,0,29.4,0
MSME001752,Royal Exports,8.4,retail,West Bengal,3,406106.92,378485.53,44184.48,0,23,0.297,1,93.7,3958272.05,0.0,0.697,0,43.0,0
MSME001753,Hanuman Suppliers,10.1,food,Delhi,10,804944.28,765532.05,102572.0,1,96,0.179,1,87.7,8027956.83,0.0,0.466,1,50.7,0
MSME001754,Maruti Traders,10.7,services,Telangana,107,1258522.0,1295182.9,96970.38,1,86,0.35,1,83.6,11661515.27,9.4,0.302,1,38.5,0
MSME001755,Hanuman Stores,6.5,retail,Gujarat,6,424620.52,467082.57,0.0,7,66,0.569,1,71.0,5174877.59,22.5,0.709,0,31.9,0
MSME001756,Ganesh Caterers,6.2,manufacturing,Telangana,10,1458155.63,1093616.73,364538.91,0,52,0.056,1,83.4,16124677.08,10.3,0.268,0,0.0,0
MSME001757,Ganesh Garments,4.9,services,Karnataka,35,253351.24,210421.04,30852.57,0,51,0.225,1,82.5,2320264.08,0.3,0.65,0,33.9,0
MSME001758,Hanuman Plastics,5.4,trading,Tamil Nadu,2,177743.85,159441.74,41304.68,1,50,0.277,0,,,,0.397,0,24.2,0
MSME001759,Krishna Engineering Works,16.1,trading,Punjab,8,386048.51,391821.6,31501.64,1,145,0.344,1,80.7,5053366.47,2.1,0.143,0,11.4,0
MSME001760,Krishna Solutions,5.5,manufacturing,Delhi,27,1761991.2,1414598.85,407780.56,0,28,0.121,1,85.3,20068954.28,0.0,0.227,1,44.5,0
MSME001761,Maruti Traders,2.8,food,Maharashtra,6,545921.99,565072.72,27602.87,2,17,0.57,1,72.2,4604918.39,23.7,0.531,0,32.7,1
MSME001762,Vishwakarma Engineering Works,6.6,retail,Andhra Pradesh,8,167863.81,149498.02,21233.75,0,55,0.271,0,,,,0.442,0,42.0,0
MSME001763,Shree Industries,8.9,services,Maharashtra,4,259687.44,231650.95,42436.08,2,94,0.16,0,,,,0.262,1,34.8,1
MSME001764,Hanuman Bakers,10.3,manufacturing,Delhi,45,454861.09,428344.53,11057.96,1,115,0.244,1,58.2,5711716.45,26.0,0.03,0,17.5,0
MSME001765,Krishna Plastics,2.1,food,West Bengal,20,457542.25,400530.77,76582.97,0,11,0.336,1,82.4,5836800.94,18.8,0.845,1,73.0,0
MSME001766,Classic Caterers,13.9,retail,Uttar Pradesh,6,649429.54,550811.83,78097.72,0,153,0.445,1,79.1,7440873.42,9.1,0.637,0,40.7,0
MSME001767,Om Stores,8.7,trading,Telangana,4,691140.61,576157.58,83695.28,0,48,0.255,1,81.5,5947294.95,13.6,0.395,0,30.3,0
MSME001768,Shiv Associates,13.3,manufacturing,Karnataka,7,621803.42,683983.76,10338.06,3,148,0.47,1,87.3,5494817.36,17.6,0.181,0,0.0,0
MSME001769,Sai Garments,1.4,retail,Maharashtra,2,224526.82,203232.85,28803.72,0,13,0.306,0,,,,0.466,1,65.6,0
MSME001770,Annapurna Foods,10.9,trading,Telangana,19,614373.24,553831.26,87846.27,0,102,0.05,1,92.7,6123616.42,6.3,0.463,0,30.2,0
MSME001771,Ganesh Associates,2.0,services,Telangana,7,569394.12,565512.24,63635.12,0,20,0.385,1,81.1,7134851.02,7.1,0.415,0,16.4,0
MSME001772,Maruti Stores,4.1,trading,Rajasthan,31,2730329.78,2209661.61,418615.52,2,35,0.108,1,95.2,34576993.07,0.0,0.395,0,17.5,0
MSME001773,Maruti Solutions,8.9,services,Bihar,45,357752.6,321563.3,47180.27,0,90,0.185,1,83.3,3620429.28,14.1,0.506,0,35.3,0
MSME001774,Maruti Garments,1.8,retail,Maharashtra,5,896771.78,847794.75,18326.26,1,11,0.272,1,57.6,8862298.02,26.4,0.78,0,39.8,0
MSME001775,New Caterers,3.3,manufacturing,Tamil Nadu,46,1084610.49,1002690.25,115413.2,0,29,0.228,1,73.7,11597934.83,16.3,0.114,0,0.3,0
MSME001776,Balaji Caterers,1.4,retail,Madhya Pradesh,40,1102245.38,933785.6,147741.32,0,13,0.177,1,80.8,10771549.65,12.9,0.722,0,37.9,0
MSME001777,Ganesh Garments,8.7,manufacturing,Uttar Pradesh,8,618596.78,618616.8,0.0,4,93,0.432,1,66.2,7974903.33,14.0,0.127,0,0.0,0
MSME001778,Annapurna Exports,2.5,trading,Rajasthan,1,575181.81,478569.92,101183.99,0,24,0.145,1,76.1,5976998.51,13.4,0.396,0,10.5,1
MSME001779,Ganesh Industries,5.2,retail,Delhi,11,569504.92,551246.78,24912.28,8,55,0.463,1,75.2,7192461.38,15.2,0.842,1,70.7,0
MSME001780,Durga Engineering Works,7.0,food,Telangana,2,163165.68,144298.35,27739.05,0,73,0.145,1,74.2,1387663.58,26.4,0.744,0,17.1,0
MSME001781,Shree Bakers,6.5,manufacturing,Karnataka,40,1164480.22,1084425.11,139663.58,0,71,0.357,1,69.7,11203381.2,4.5,0.092,0,8.9,0
MSME001782,Ganesh Industries,6.1,trading,Karnataka,7,889574.93,706782.85,222393.73,0,67,0.05,1,83.4,10120772.52,4.8,0.302,0,7.0,0
MSME001783,Shree Agencies,6.1,retail,Kerala,17,541988.14,545395.74,53994.47,0,44,0.352,1,98.0,6638126.87,1.1,0.771,0,60.5,0
MSME001784,Modern Stores,1.5,services,Andhra Pradesh,45,219401.2,177542.35,54850.3,0,12,0.05,0,,,,0.543,0,34.6,0
MSME001785,Sri Foods,4.3,food,Maharashtra,4,269899.2,253360.74,26879.75,0,38,0.234,1,71.4,2760977.28,22.4,0.517,0,36.1,0
MSME001786,Kaveri Solutions,6.0,retail,Rajasthan,3,338436.74,321793.88,25852.91,0,46,0.391,1,88.0,4029177.82,12.6,0.732,0,26.7,0
MSME001787,Annapurna Suppliers,5.5,food,Uttar Pradesh,10,370083.87,277562.9,87240.6,0,54,0.05,1,76.3,3450941.27,9.6,0.611,1,67.4,0
MSME001788,Sai Traders,4.7,trading,Maharashtra,15,459000.86,478200.9,23745.13,1,49,0.314,1,81.6,3948727.1,13.0,0.451,0,9.3,0
MSME001789,Shiv Foods,2.9,services,Tamil Nadu,10,901736.45,781464.1,95445.26,0,29,0.36,1,82.0,8186702.16,8.3,0.667,0,33.7,0
MSME001790,New Logistics,6.4,trading,West Bengal,16,166659.94,161631.07,27798.6,4,66,0.073,0,,,,0.453,0,9.7,0
MSME001791,Krishna Bakers,7.3,retail,Telangana,1,242200.73,227734.67,18122.9,0,67,0.354,1,82.5,2868218.52,15.0,0.713,0,36.9,1
MSME001792,Royal Caterers,3.6,food,Kerala,31,566841.18,541229.32,53333.28,0,35,0.202,1,88.0,5133449.51,0.0,0.489,0,29.7,0
MSME001793,Ganesh Bakers,10.4,retail,Gujarat,6,1251697.41,1209900.34,90927.2,0,106,0.32,1,90.6,11518068.97,3.8,0.654,0,33.4,0
MSME001794,Lakshmi Enterprises,14.1,food,Gujarat,32,535046.52,465840.62,76046.77,0,97,0.092,1,86.1,6777789.29,1.4,0.424,0,16.4,0
MSME001795,Shiv Logistics,5.3,retail,Uttar Pradesh,7,529436.39,465006.98,61936.51,0,44,0.276,1,43.7,6388731.76,19.8,0.824,1,76.4,0
MSME001796,Kaveri Industries,2.6,retail,Uttar Pradesh,8,462139.71,376766.17,67378.08,0,22,0.118,1,89.9,4852304.93,2.0,0.62,0,33.9,0
MSME001797,Modern Enterprises,1.8,food,Maharashtra,137,881952.19,873253.46,172974.12,0,15,0.157,1,98.8,9711895.51,0.0,0.443,0,23.0,0
MSME001798,Annapurna Stores,4.1,services,Punjab,3,797984.1,709927.23,136712.78,0,19,0.065,1,81.8,10193919.82,16.8,0.443,0,27.1,0
MSME001799,Shiv Plastics,5.0,retail,Maharashtra,9,242579.7,192827.6,39187.88,0,54,0.093,0,,,,0.68,0,27.3,0
MSME001800,Om Suppliers,1.7,services,Bihar,7,270915.3,264830.89,7417.4,3,15,0.386,0,,,,0.443,0,31.9,1
MSME001801,Sai Bakers,4.0,retail,Tamil Nadu,9,676907.12,588701.19,113064.44,1,42,0.206,1,94.1,7776650.87,13.6,0.798,0,51.6,0
MSME001802,Shiv Enterprises,10.0,manufacturing,Karnataka,24,897133.6,829409.04,78484.06,2,93,0.257,1,89.2,9242074.48,2.0,0.19,0,6.8,0
MSME001803,Shiv Garments,0.5,retail,Andhra Pradesh,7,354582.6,348606.15,0.0,1,6,0.432,1,86.0,3529656.94,15.3,0.816,0,47.4,0
MSME001804,Lakshmi Metals,5.6,trading,Delhi,30,715109.1,707830.56,125818.58,2,48,0.33,1,83.0,8621854.64,5.8,0.247,1,40.1,0
MSME001805,Balaji Exports,3.2,retail,Tamil Nadu,9,739074.18,759688.08,1118.88,3,27,0.401,1,76.8,6227521.01,7.7,0.64,0,44.7,0
MSME001806,Shree Garments,5.1,services,Kerala,39,858475.17,789665.3,118520.75,0,47,0.247,1,83.0,9007527.05,9.6,0.541,1,77.6,0
MSME001807,Shree Plastics,14.6,food,Tamil Nadu,1,127712.1,121783.92,10912.73,0,145,0.301,0,,,,0.606,1,70.8,0
MSME001808,Shiv Caterers,5.0,manufacturing,Telangana,115,1426102.2,1257721.51,157201.3,0,20,0.249,1,89.0,18455979.84,13.0,0.266,0,3.8,0
MSME001809,Sai Traders,4.4,trading,Maharashtra,3,360437.47,318265.1,40771.48,0,47,0.132,0,,,,0.332,1,51.1,0
MSME001810,Modern Bakers,8.3,retail,Karnataka,183,1440406.74,1144059.18,306096.66,0,89,0.05,1,91.8,17578213.23,0.0,0.828,1,95.4,0
MSME001811,Kaveri Metals,6.5,retail,Bihar,6,331455.55,280374.02,45344.2,0,53,0.223,1,100.0,3994022.17,0.0,0.679,1,53.3,0
MSME001812,Durga Metals,5.6,manufacturing,Andhra Pradesh,4,233076.33,212165.73,49140.59,0,60,0.218,0,,,,0.183,0,23.0,0
MSME001813,Durga Exports,6.6,retail,Andhra Pradesh,37,992459.33,884187.09,113648.72,0,43,0.45,1,68.4,8894838.3,23.6,0.603,1,64.2,0
MSME001814,Shiv Garments,12.0,services,Tamil Nadu,2,361965.39,341903.21,15643.29,1,107,0.625,1,52.0,4656776.19,25.8,0.259,0,16.2,0
MSME001815,Royal Agencies,9.6,trading,Andhra Pradesh,8,1085531.68,1170206.78,0.0,4,68,0.473,1,70.0,11367178.83,3.3,0.261,0,16.8,0
MSME001816,Balaji Engineering Works,4.2,food,Tamil Nadu,10,183922.44,157525.46,16199.22,0,37,0.22,0,,,,0.429,1,45.5,0
MSME001817,Kaveri Bakers,14.1,trading,Uttar Pradesh,39,774251.57,661846.84,193562.89,0,134,0.139,1,78.7,8201111.1,6.4,0.19,0,0.0,0
MSME001818,Lakshmi Garments,3.4,trading,Maharashtra,20,579327.85,514860.4,77399.51,1,36,0.258,1,82.9,7082650.6,7.8,0.144,0,17.0,0
MSME001819,Balaji Logistics,5.6,food,Uttar Pradesh,6,261385.63,211931.05,37153.72,2,52,0.05,0,,,,0.555,1,40.1,0
MSME001820,Lakshmi Industries,6.1,food,Maharashtra,33,233233.64,212939.55,56279.31,0,57,0.05,0,,,,0.706,0,37.0,1
MSME001821,Ganesh Fabrics,4.0,services,Madhya Pradesh,7,217524.68,214718.83,2427.89,2,25,0.359,0,,,,0.553,0,30.7,0
MSME001822,New Stores,13.1,manufacturing,Uttar Pradesh,7,622663.25,497666.72,151703.45,1,150,0.05,1,97.6,7798353.26,0.0,0.076,0,1.1,0
MSME001823,Ganesh Solutions,3.8,services,Karnataka,5,268304.84,290830.78,17588.99,3,25,0.613,0,,,,0.42,0,25.0,0
MSME001824,Royal Industries,4.7,trading,Maharashtra,7,303837.23,233420.04,75959.31,2,52,0.096,1,73.2,3297839.54,12.0,0.3,0,33.9,0
MSME001825,New Garments,10.6,retail,Madhya Pradesh,9,981868.57,968224.24,53467.82,3,82,0.3,1,82.1,12056757.99,3.8,0.881,1,75.5,0
MSME001826,Classic Garments,3.5,services,Tamil Nadu,2,987675.94,953205.59,66093.49,3,41,0.367,1,72.7,10714547.14,16.8,0.343,0,21.4,0
MSME001827,Balaji Garments,1.6,services,Tamil Nadu,3,293367.1,284053.14,32114.06,0,13,0.329,1,79.5,2957173.75,7.9,0.354,0,28.5,0
MSME001828,Modern Enterprises,5.7,retail,West Bengal,2,124158.43,117920.67,5556.16,2,54,0.346,1,80.8,1618233.79,8.2,0.749,0,45.9,1
MSME001829,Hanuman Plastics,2.1,retail,Delhi,16,661698.37,560518.49,149591.4,0,11,0.252,1,91.2,6377045.75,0.0,0.569,1,57.5,0
MSME001830,Modern Engineering Works,1.9,services,Haryana,8,129309.44,126463.76,4455.62,2,18,0.328,0,,,,0.299,0,13.5,0
MSME001831,Maruti Suppliers,0.6,retail,Gujarat,7,197181.5,202308.9,11370.75,2,6,0.229,1,69.1,2304917.06,19.2,0.571,1,57.4,0
MSME001832,Modern Foods,0.7,services,Delhi,20,674415.88,674099.44,0.0,3,6,0.508,1,89.5,6962220.72,8.3,0.404,0,27.2,1
MSME001833,Krishna Exports,0.7,services,West Bengal,7,182676.17,197793.94,8400.68,3,7,0.453,0,,,,0.546,1,59.9,1
MSME001834,Sai Suppliers,15.3,trading,Kerala,49,732773.52,729808.21,62739.67,0,177,0.371,1,62.8,6768926.63,16.2,0.254,0,5.3,0
MSME001835,Vishwakarma Enterprises,0.7,retail,Maharashtra,7,183226.3,179095.37,12215.8,0,7,0.519,1,63.7,2018764.23,13.3,0.864,0,34.8,0
MSME001836,Balaji Fabrics,2.1,trading,Maharashtra,6,471222.14,438326.01,34472.28,0,20,0.341,1,66.5,5894569.42,16.1,0.19,1,40.2,0
MSME001837,Classic Logistics,4.7,trading,Maharashtra,9,957975.65,965342.74,68589.13,0,23,0.382,1,78.8,12631968.35,14.4,0.384,0,14.0,0
MSME001838,Ganesh Enterprises,8.1,services,Telangana,2,191089.38,150377.9,47772.34,2,73,0.05,0,,,,0.618,0,34.9,0
MSME001839,Kaveri Enterprises,8.7,services,Uttar Pradesh,7,386870.42,376824.1,38402.65,0,30,0.335,1,100.0,3619485.3,0.0,0.379,1,43.7,0
MSME001840,Krishna Bakers,2.6,manufacturing,Uttar Pradesh,12,403247.41,364221.87,51272.94,0,25,0.255,1,79.9,4699954.02,15.7,0.033,0,0.0,0
MSME001841,Vishwakarma Engineering Works,5.5,retail,Karnataka,9,296650.78,286818.34,68827.21,0,25,0.289,0,,,,0.566,1,61.0,0
MSME001842,Sai Bakers,4.6,services,Delhi,3,191561.21,146848.58,47890.3,0,23,0.092,1,93.9,1755366.97,4.2,0.472,1,51.8,0
MSME001843,National Plastics,5.3,trading,Karnataka,8,767909.81,660614.29,92662.25,0,37,0.05,1,72.7,7073227.87,9.6,0.314,0,28.4,0
MSME001844,National Electricals,5.8,manufacturing,Bihar,29,379085.67,350894.07,50968.87,0,64,0.32,1,71.6,3475253.15,10.6,0.085,0,11.8,0
MSME001845,Sri Engineering Works,7.0,retail,Uttar Pradesh,30,536154.18,588988.8,51063.88,2,55,0.338,1,93.6,4667666.4,5.4,0.682,0,29.6,0
MSME001846,Hanuman Stores,3.2,services,Kerala,1,271926.09,226799.11,42596.96,0,15,0.384,1,84.8,2792011.4,0.0,0.512,0,24.3,0
MSME001847,Vishwakarma Industries,3.9,trading,Maharashtra,20,1084612.19,933114.95,182234.95,1,35,0.064,1,86.9,10678172.21,4.5,0.333,0,16.1,0
MSME001848,Om Exports,20.5,trading,Tamil Nadu,13,735544.39,688259.14,79318.33,0,240,0.298,1,82.5,9417739.91,5.6,0.344,0,13.1,0
MSME001849,Om Electricals,3.4,food,Rajasthan,2,223997.91,194661.74,39073.46,3,33,0.228,1,92.9,2805693.17,3.2,0.717,1,75.0,0
MSME001850,Annapurna Textiles,5.6,retail,Uttar Pradesh,4,255838.0,267917.5,39446.09,0,61,0.092,1,81.5,2433479.74,10.9,0.537,0,25.2,0
MSME001851,Sai Agencies,4.6,retail,Madhya Pradesh,10,767804.61,778827.79,0.0,1,54,0.449,1,100.0,8341069.64,0.0,0.744,1,65.8,0
MSME001852,Lakshmi Garments,5.4,services,Madhya Pradesh,4,204897.88,188797.69,41368.91,1,58,0.257,0,,,,0.481,0,29.9,0
MSME001853,Shiv Stores,10.8,trading,Uttar Pradesh,16,384666.17,370411.27,48463.89,0,121,0.249,1,87.7,3970390.68,6.4,0.178,0,0.0,0
MSME001854,Annapurna Enterprises,4.4,retail,Maharashtra,40,1477105.73,1350731.26,153066.52,0,42,0.354,1,90.6,15467955.49,8.8,0.667,1,61.9,0
MSME001855,Balaji Bakers,1.8,trading,Maharashtra,5,527093.83,452528.88,102939.11,0,11,0.05,1,87.7,4634052.22,12.2,0.3,0,31.1,1
MSME001856,Royal Bakers,3.1,retail,Maharashtra,8,536300.12,446083.33,98452.09,0,34,0.166,1,93.6,6071552.82,15.1,0.611,1,59.1,0
MSME001857,Maruti Stores,4.4,manufacturing,Kerala,34,1202920.28,1157941.73,12407.33,5,46,0.456,1,76.7,13039943.66,12.2,0.209,0,8.6,0
MSME001858,Krishna Caterers,6.0,services,West Bengal,8,386445.89,368339.99,68037.95,0,57,0.284,1,76.4,4148282.97,6.0,0.661,0,43.7,0
MSME001859,Om Exports,2.7,retail,Uttar Pradesh,7,187914.29,170236.89,16292.27,0,29,0.261,0,,,,0.776,0,49.8,0
MSME001860,Sri Metals,2.9,trading,Maharashtra,202,1519706.12,1427421.14,0.0,2,33,0.588,1,79.0,18985524.73,13.0,0.336,0,0.0,0
MSME001861,Sri Logistics,6.1,food,Telangana,1,187144.16,176187.88,15781.91,2,56,0.34,1,78.2,1916527.12,8.5,0.494,1,50.9,0
MSME001862,Lakshmi Associates,6.3,manufacturing,Telangana,9,360954.47,362870.75,10748.83,1,59,0.57,1,70.1,3927887.07,23.8,0.262,0,17.8,1
MSME001863,National Textiles,9.7,retail,Delhi,33,363869.14,338541.16,41891.01,0,63,0.434,1,89.2,3725789.48,1.7,0.505,1,60.4,0
MSME001864,Maruti Associates,3.1,services,Uttar Pradesh,3,294967.68,257519.24,56492.93,0,33,0.262,1,64.2,3269005.4,10.4,0.529,0,39.6,0
MSME001865,National Caterers,7.5,retail,Karnataka,6,187409.62,169063.42,25427.05,0,67,0.335,1,80.9,2378409.35,3.1,0.827,1,68.1,0
MSME001866,Vishwakarma Solutions,4.6,retail,Maharashtra,16,491721.75,482253.75,18646.4,2,51,0.423,1,78.8,5446655.97,24.4,0.434,0,24.2,0
MSME001867,Balaji Exports,3.5,manufacturing,Telangana,8,483180.59,484089.92,50947.84,1,36,0.274,1,79.6,6249001.0,19.6,0.278,0,9.3,0
MSME001868,New Foods,4.8,manufacturing,Gujarat,3,388922.14,294351.21,97230.53,0,45,0.05,1,97.7,4834308.26,0.0,0.277,0,26.2,0
MSME001869,Shree Logistics,5.3,retail,Madhya Pradesh,7,517069.8,568776.78,0.0,6,60,0.558,1,53.4,5086470.95,19.0,0.471,0,6.6,0
MSME001870,New Enterprises,1.6,manufacturing,Maharashtra,32,1196363.02,1031285.45,149908.69,0,18,0.445,1,73.7,12883461.35,10.1,0.284,0,3.0,0
MSME001871,Shree Textiles,1.8,services,Bihar,6,252349.47,240613.67,9796.38,3,19,0.305,1,85.5,2645228.06,0.0,0.67,0,51.2,0
MSME001872,Kaveri Associates,8.3,manufacturing,Uttar Pradesh,2,592673.5,539211.46,91643.33,0,81,0.476,1,68.5,5265356.29,14.0,0.196,0,10.3,0
MSME001873,Hanuman Solutions,3.8,manufacturing,Andhra Pradesh,3,368064.29,368804.82,39437.64,0,21,0.117,0,,,,0.052,0,0.0,0
MSME001874,Classic Electricals,6.0,trading,Uttar Pradesh,8,1307309.49,1145588.76,87710.04,0,69,0.323,1,68.2,13811006.11,15.3,0.15,0,17.3,0
MSME001875,Vishwakarma Exports,8.1,food,Telangana,18,328410.4,297701.99,58073.28,0,86,0.185,1,78.7,4074944.45,8.9,0.835,1,55.7,0
MSME001876,Balaji Electricals,4.8,retail,Uttar Pradesh,23,244773.87,235952.85,12227.11,4,47,0.354,0,,,,0.677,0,39.3,0
MSME001877,Kaveri Exports,7.6,trading,Madhya Pradesh,1,420263.88,460242.81,0.0,6,84,0.57,1,97.2,4338250.77,0.1,0.493,1,58.6,0
MSME001878,Royal Traders,5.3,trading,Bihar,49,1089797.08,817347.81,233662.9,0,42,0.246,1,94.3,9503829.39,5.0,0.299,0,17.1,0
MSME001879,Sri Associates,5.5,manufacturing,Gujarat,28,1580484.93,1185363.69,306278.61,0,47,0.12,1,77.1,20002233.78,19.7,0.062,0,0.0,0
MSME001880,Balaji Associates,11.4,retail,Tamil Nadu,12,578285.48,565751.63,60276.74,1,113,0.292,1,79.3,6532743.73,8.0,0.637,1,56.6,0
MSME001881,Maruti Electricals,4.4,trading,Gujarat,4,1463723.19,1288603.42,26271.58,1,43,0.206,1,92.3,18387892.11,0.1,0.123,0,0.0,0
MSME001882,Lakshmi Engineering Works,8.3,manufacturing,Tamil Nadu,5,436831.64,354980.75,97791.61,0,92,0.087,1,84.8,3867801.14,2.4,0.181,0,26.3,0
MSME001883,Annapurna Fabrics,1.4,trading,West Bengal,4,718524.44,601010.87,117337.71,0,11,0.221,1,72.8,8856292.46,24.2,0.488,0,36.7,0
MSME001884,National Textiles,5.8,retail,Maharashtra,5,280320.25,219304.56,45988.48,0,53,0.191,1,58.7,2382750.99,29.9,0.62,1,56.5,0
MSME001885,Hanuman Traders,13.4,retail,Maharashtra,10,604915.26,509653.87,45915.09,0,142,0.139,1,91.0,7639897.75,5.0,0.891,1,57.8,0
MSME001886,Annapurna Traders,21.5,services,Tamil Nadu,1,315148.31,276110.85,45513.34,0,85,0.12,1,86.6,4105112.3,7.8,0.588,0,32.3,0
MSME001887,Durga Bakers,1.4,retail,Tamil Nadu,10,729617.8,547213.35,182404.45,0,12,0.05,1,92.2,8388256.92,3.2,0.533,0,18.7,0
MSME001888,Vishwakarma Agencies,3.8,trading,Uttar Pradesh,8,763864.44,709431.4,91578.83,0,35,0.322,1,84.8,8357521.03,1.2,0.409,1,52.1,0
MSME001889,Sai Industries,2.2,trading,Madhya Pradesh,10,89900.85,77834.88,17804.54,0,21,0.325,0,,,,0.345,0,21.8,0
MSME001890,Vishwakarma Bakers,4.5,food,Maharashtra,7,327921.23,353852.25,0.0,6,45,0.616,1,76.0,3954599.82,2.7,0.467,0,22.2,0
MSME001891,Annapurna Industries,9.3,manufacturing,Delhi,10,435634.72,479198.19,1371.64,5,94,0.571,1,83.7,5336302.26,3.5,0.047,0,5.8,0
MSME001892,Kaveri Electricals,11.6,retail,Bihar,1,186838.09,158047.04,16763.87,1,98,0.297,1,77.4,1811936.5,8.0,0.718,0,62.7,0
MSME001893,Royal Traders,11.9,manufacturing,Gujarat,8,478060.36,432468.73,47999.76,0,59,0.156,1,86.3,4587943.97,13.6,0.199,0,0.0,0
MSME001894,Sri Stores,1.3,manufacturing,Andhra Pradesh,223,2617202.99,2533844.08,203515.82,0,9,0.239,1,50.4,27005990.04,22.7,0.214,0,1.4,0
MSME001895,Balaji Stores,5.2,services,West Bengal,8,455128.89,455330.84,8822.53,3,55,0.332,1,87.1,4827958.26,1.0,0.314,0,19.6,0
MSME001896,Royal Fabrics,3.1,trading,Karnataka,10,403337.57,380841.48,22227.08,1,28,0.424,1,95.8,3959142.35,9.8,0.299,0,8.9,0
MSME001897,Krishna Engineering Works,4.3,retail,Tamil Nadu,34,298048.95,294663.69,37239.81,0,47,0.327,1,78.8,3033078.33,9.6,0.69,1,66.5,0
MSME001898,Royal Electricals,3.4,services,Madhya Pradesh,1,504371.32,554808.45,0.0,4,33,0.631,1,74.2,6643571.46,6.3,0.314,0,5.6,0
MSME001899,Sri Caterers,1.4,trading,Uttar Pradesh,6,320013.12,298401.66,45741.98,0,12,0.32,1,100.0,3606984.37,5.2,0.36,0,20.3,0
MSME001900,Ganesh Metals,11.7,trading,Karnataka,6,425173.94,364382.13,27490.66,2,108,0.309,1,91.5,4589509.42,6.0,0.365,0,19.9,0
MSME001901,Om Traders,2.7,retail,Maharashtra,1,745799.8,684269.03,47400.77,0,24,0.235,1,84.8,7999758.02,0.0,0.518,0,34.3,1
MSME001902,Om Stores,3.1,retail,Rajasthan,7,294611.62,269029.99,31092.06,0,19,0.176,0,,,,0.682,0,35.7,1
MSME001903,Sri Metals,13.4,services,West Bengal,5,303494.18,298557.63,0.0,1,128,0.608,1,84.7,2558180.88,3.7,0.609,0,42.6,0
MSME001904,Kaveri Associates,1.1,retail,Uttar Pradesh,5,425231.14,414834.43,15815.11,1,11,0.445,1,78.8,3845162.5,5.4,0.896,1,65.3,1
MSME001905,Ganesh Suppliers,6.9,services,Uttar Pradesh,7,161660.47,132652.12,33867.54,0,66,0.05,1,98.0,1907787.71,0.4,0.648,0,38.6,0
MSME001906,Kaveri Traders,10.2,manufacturing,Telangana,8,216723.64,216251.6,13556.22,1,110,0.381,0,,,,0.057,0,0.0,0
MSME001907,Lakshmi Traders,12.7,trading,Tamil Nadu,7,367282.1,338829.9,76615.88,2,54,0.322,1,89.0,3945456.01,4.6,0.292,0,0.0,0
MSME001908,Annapurna Traders,6.6,retail,Maharashtra,4,273576.6,287939.44,19454.46,1,74,0.541,1,81.7,3525988.91,10.7,0.485,1,39.3,0
MSME001909,Shree Textiles,8.4,retail,Tamil Nadu,10,496923.31,469932.65,60555.02,0,77,0.27,1,76.5,4512206.94,6.3,0.49,0,45.3,0
MSME001910,Classic Solutions,10.2,trading,Delhi,3,216331.72,208463.52,10345.09,0,86,0.404,1,76.1,1821801.29,9.7,0.221,0,25.4,1
MSME001911,Sai Suppliers,4.6,manufacturing,Madhya Pradesh,4,575146.38,537129.5,40594.69,0,32,0.451,1,94.8,6355704.58,3.9,0.233,0,16.1,0
MSME001912,Royal Fabrics,2.3,services,Karnataka,5,107855.43,101537.31,12178.33,0,23,0.379,0,,,,0.585,0,24.6,0
MSME001913,Shree Engineering Works,14.1,manufacturing,Andhra Pradesh,18,686947.93,542627.6,171736.98,0,159,0.109,1,95.8,6651926.69,6.9,0.143,0,15.9,0
MSME001914,New Caterers,7.8,food,Madhya Pradesh,4,350499.44,271164.94,70220.38,0,81,0.05,1,100.0,3733336.73,0.0,0.781,0,28.4,0
MSME001915,Ganesh Textiles,5.2,retail,Telangana,122,1178431.98,1097187.61,212232.75,0,48,0.379,1,83.9,11003684.02,6.5,0.539,1,36.5,0
MSME001916,Om Caterers,1.4,services,West Bengal,4,301858.39,312697.08,16246.02,3,14,0.265,1,56.2,2696632.87,10.6,0.364,0,18.7,1
MSME001917,Lakshmi Traders,0.5,trading,Andhra Pradesh,11,381670.15,387608.78,15404.85,1,6,0.318,1,75.9,3282774.74,7.6,0.113,0,5.7,0
MSME001918,Shiv Traders,6.8,trading,West Bengal,10,479806.51,473799.71,52861.32,0,73,0.333,1,72.5,5127699.31,20.9,0.458,0,29.4,1
MSME001919,Shiv Enterprises,0.5,trading,Tamil Nadu,2,645957.85,566510.05,100650.07,1,6,0.05,1,99.3,8261860.94,0.0,0.121,0,0.7,1
MSME001920,Om Fabrics,5.2,trading,Maharashtra,37,569623.28,531276.76,14172.49,3,53,0.549,1,74.4,6748857.78,19.2,0.333,0,12.7,0
MSME001921,Maruti Engineering Works,2.8,services,Maharashtra,90,1449950.01,1468771.91,98869.41,1,26,0.466,1,87.7,16325352.88,0.0,0.464,1,66.6,0
MSME001922,Om Plastics,3.4,services,Karnataka,36,1199464.0,1016529.65,163756.83,0,34,0.309,1,89.0,10617647.63,10.2,0.364,1,43.4,0
MSME001923,National Plastics,12.0,trading,Punjab,6,175852.64,193437.91,0.0,5,116,0.82,0,,,,0.251,0,8.8,0
MSME001924,Vishwakarma Fabrics,2.8,retail,Bihar,5,348783.45,346599.07,0.0,3,28,0.439,1,77.2,3978266.6,21.0,0.67,0,40.3,0
MSME001925,Maruti Electricals,5.4,services,Bihar,1,126769.83,131807.07,0.0,2,59,0.466,1,73.3,1110216.59,0.0,0.366,1,40.6,0
MSME001926,Balaji Traders,2.8,services,Madhya Pradesh,3,132482.77,143181.67,10008.51,2,29,0.225,0,,,,0.633,0,50.9,0
MSME001927,Maruti Agencies,6.4,services,Kerala,3,467817.47,407002.78,82022.6,1,62,0.212,1,71.1,5088948.53,23.6,0.682,0,40.5,0
MSME001928,Balaji Engineering Works,5.7,retail,Bihar,5,485540.1,392330.03,95232.99,0,41,0.05,1,100.0,6392070.98,2.0,0.636,0,31.7,0
MSME001929,Annapurna Logistics,5.2,retail,Tamil Nadu,5,432610.14,424113.44,49792.4,0,50,0.272,1,67.7,3929558.37,18.3,0.782,1,60.6,0
MSME001930,Modern Fabrics,10.2,manufacturing,Rajasthan,19,399514.79,414929.1,24136.1,3,53,0.421,1,85.7,3576347.95,2.3,0.038,1,9.2,0
MSME001931,Sai Enterprises,1.1,services,Gujarat,6,419009.51,396939.83,34154.25,0,6,0.165,1,75.0,4868006.98,5.5,0.401,0,24.1,0
MSME001932,Shiv Fabrics,0.8,retail,Uttar Pradesh,4,170149.69,168213.11,11165.25,0,8,0.27,1,63.9,1927892.29,23.8,0.86,0,39.8,0
MSME001933,National Enterprises,1.7,trading,Uttar Pradesh,8,520039.51,472823.72,65588.15,0,17,0.083,1,91.4,5044761.04,4.7,0.115,0,0.0,0
MSME001934,Modern Suppliers,5.8,trading,Tamil Nadu,4,280866.86,238275.6,50751.59,0,57,0.307,1,71.9,3124496.76,32.7,0.397,0,10.9,0
MSME001935,Balaji Agencies,7.2,services,Uttar Pradesh,9,751992.54,827191.8,0.0,5,73,0.829,1,83.1,9867153.38,9.4,0.327,0,29.5,0
MSME001936,Annapurna Electricals,0.5,retail,Uttar Pradesh,40,574922.7,497652.41,106334.32,0,6,0.204,1,91.5,5302905.71,9.7,0.753,0,39.4,1
MSME001937,Maruti Plastics,7.1,services,Kerala,10,494647.9,488325.63,79730.03,0,65,0.367,1,86.2,5610325.15,13.6,0.297,0,18.1,0
MSME001938,Krishna Electricals,3.9,food,Gujarat,7,387183.34,368515.52,54550.99,0,28,0.159,1,80.5,3457652.43,12.6,0.802,0,46.0,0
MSME001939,Modern Fabrics,14.3,trading,Telangana,2,314305.95,245548.89,70567.03,0,103,0.246,0,,,,0.204,0,28.2,0
MSME001940,Kaveri Solutions,6.8,trading,Maharashtra,9,547286.67,569661.93,0.0,3,53,0.486,1,73.3,5952932.42,20.6,0.369,0,14.0,0
MSME001941,Annapurna Metals,13.2,retail,Haryana,9,528381.67,551780.35,0.0,5,153,0.536,1,76.2,4825597.02,11.2,0.679,0,36.2,0
MSME001942,Lakshmi Exports,11.6,retail,Bihar,6,241548.39,213973.31,28360.26,0,116,0.307,0,,,,0.459,1,59.0,0
MSME001943,Royal Garments,3.9,food,Kerala,4,358840.78,372667.87,0.0,1,20,0.452,1,67.3,4400108.38,21.1,0.483,1,51.5,1
MSME001944,Shree Exports,9.3,food,Karnataka,8,570244.06,525603.38,60276.13,0,86,0.25,1,73.2,5957453.46,22.5,0.711,0,42.0,0
MSME001945,Maruti Fabrics,3.9,retail,West Bengal,7,515562.51,457818.21,92688.09,0,38,0.197,1,99.9,6688054.13,0.0,0.505,0,26.3,0
MSME001946,Balaji Associates,15.5,food,Gujarat,8,291821.93,278425.23,39514.28,0,169,0.078,1,77.6,3157012.44,21.0,0.837,1,63.8,0
MSME001947,Annapurna Plastics,4.2,retail,Rajasthan,7,456066.23,426911.8,57195.28,0,24,0.316,1,77.9,4992404.32,3.8,0.777,0,52.8,0
MSME001948,Classic Exports,7.5,services,Bihar,9,345406.79,369380.6,40040.81,3,73,0.205,1,85.2,3188646.16,8.0,0.387,0,18.9,0
MSME001949,Shree Agencies,17.5,services,Maharashtra,10,408036.27,377887.65,31234.42,1,188,0.409,1,91.3,5162840.58,0.0,0.533,0,33.5,0
MSME001950,Ganesh Associates,7.7,trading,Maharashtra,18,331454.01,331785.86,19663.85,1,43,0.246,1,80.1,3978458.3,0.0,0.283,1,43.1,0
MSME001951,Classic Stores,3.5,trading,Andhra Pradesh,8,1064698.6,914080.48,164819.33,1,33,0.308,1,94.7,9545599.56,2.3,0.427,0,0.0,0
MSME001952,Hanuman Exports,1.5,services,Maharashtra,4,957191.25,1052910.38,10531.15,6,14,0.591,1,63.4,8802689.56,19.8,0.405,0,21.4,1
MSME001953,Sai Metals,1.1,retail,Bihar,10,313390.29,280657.46,71517.46,0,8,0.08,1,88.0,3418960.44,5.8,0.703,1,64.2,0
MSME001954,Shiv Metals,7.1,food,Uttar Pradesh,9,566208.59,575953.11,44592.05,2,38,0.396,1,79.8,6872340.08,21.1,0.502,1,31.8,0
MSME001955,Modern Exports,4.8,retail,Gujarat,5,834440.78,671012.06,128701.44,0,46,0.356,1,100.0,9979526.97,0.0,0.407,0,10.5,0
MSME001956,Vishwakarma Caterers,1.8,retail,Tamil Nadu,1,135827.33,130324.51,14068.79,0,20,0.218,0,,,,0.714,1,62.0,1
MSME001957,Om Textiles,8.6,food,Rajasthan,10,115734.88,112239.47,886.05,5,79,0.413,0,,,,0.444,1,45.0,0
MSME001958,Om Caterers,8.5,trading,Telangana,6,1052187.42,907190.27,207692.13,0,96,0.177,1,95.7,13746602.76,0.7,0.351,0,27.4,0
MSME001959,Durga Engineering Works,4.7,trading,Andhra Pradesh,5,429901.49,335996.05,87082.45,0,38,0.187,1,100.0,4857677.7,0.0,0.243,0,27.0,0
MSME001960,Annapurna Associates,13.6,retail,Uttar Pradesh,7,311374.77,328016.35,5775.38,6,130,0.498,1,97.3,3442256.9,0.1,0.614,1,53.3,0
MSME001961,National Engineering Works,0.9,retail,Tamil Nadu,31,667071.42,612019.5,73302.26,0,6,0.201,1,90.8,7618149.45,4.4,0.817,1,61.9,0
MSME001962,Modern Exports,3.6,retail,Andhra Pradesh,1,187745.21,164572.31,25691.5,0,40,0.359,1,71.1,2068615.45,5.9,0.598,1,57.3,0
MSME001963,Balaji Electricals,7.7,trading,Maharashtra,9,2630007.12,2893007.84,0.0,2,84,0.479,1,70.7,24897489.9,19.9,0.384,0,30.5,0
MSME001964,National Logistics,2.0,trading,Maharashtra,2,244732.93,263301.59,0.0,2,19,0.802,1,78.2,2712345.41,17.9,0.375,0,20.5,1
MSME001965,National Enterprises,9.2,trading,Rajasthan,3,443518.2,433808.85,33319.43,1,82,0.309,1,87.1,5285098.05,7.6,0.285,0,25.2,0
MSME001966,Sri Metals,11.2,manufacturing,Telangana,6,1042444.57,1103724.79,0.0,1,117,0.384,1,92.6,11701074.41,3.4,0.111,0,15.8,0
MSME001967,Maruti Caterers,0.5,food,Tamil Nadu,7,691339.39,759259.7,28965.81,2,6,0.477,1,90.6,7386651.07,3.7,0.508,1,58.2,1
MSME001968,Shiv Associates,13.9,trading,Maharashtra,1,485496.93,502827.95,9657.02,3,81,0.533,1,74.6,5680397.04,17.8,0.432,0,23.2,0
MSME001969,National Garments,7.3,food,Punjab,6,257184.48,218161.6,25061.88,0,85,0.229,1,89.7,3221374.23,0.0,0.806,0,34.6,0
MSME001970,Annapurna Stores,3.3,manufacturing,Delhi,2,337850.7,308979.78,24088.22,0,25,0.577,1,86.3,2845037.8,10.5,0.292,0,17.7,0
MSME001971,National Textiles,1.2,food,West Bengal,10,114718.87,98138.33,22476.78,0,11,0.174,1,100.0,1449880.38,0.0,0.551,0,24.9,0
MSME001972,Classic Logistics,10.1,services,Madhya Pradesh,4,316876.65,306959.87,25574.34,0,81,0.252,0,,,,0.675,0,52.7,0
MSME001973,Durga Foods,1.7,retail,Delhi,5,381068.05,335771.82,69989.79,2,13,0.224,1,93.1,3935828.22,3.5,0.652,1,70.7,0
MSME001974,Ganesh Stores,7.3,retail,West Bengal,33,995973.46,1069433.48,0.0,7,61,0.645,1,79.8,11738563.14,10.8,0.711,0,37.7,0
MSME001975,Krishna Electricals,1.7,food,Telangana,15,1151258.91,1117912.32,21054.83,6,16,0.533,1,77.6,15157412.43,2.2,0.787,0,42.3,0
MSME001976,Sai Logistics,5.1,trading,Rajasthan,237,2054295.31,1989728.09,298928.86,0,52,0.298,1,74.1,20150654.63,6.6,0.471,0,13.0,0
MSME001977,Classic Fabrics,9.8,manufacturing,Uttar Pradesh,7,966879.58,898348.89,96885.28,0,80,0.122,1,72.2,11818766.04,9.3,0.262,1,35.1,0
MSME001978,Ganesh Foods,3.3,services,Andhra Pradesh,2,265125.08,245070.99,13852.12,1,29,0.277,0,,,,0.302,0,35.1,0
MSME001979,Sai Suppliers,13.9,retail,Madhya Pradesh,38,1400819.61,1383266.19,119340.68,0,135,0.243,1,91.1,13142247.05,0.0,0.712,0,42.7,0
MSME001980,New Plastics,7.8,trading,Tamil Nadu,2,329698.78,290225.95,26384.68,0,45,0.297,0,,,,0.226,0,11.5,0
MSME001981,Durga Engineering Works,2.0,food,West Bengal,10,710361.14,691360.15,47807.02,2,17,0.345,1,68.8,9137394.6,23.8,0.577,0,35.5,0
MSME001982,Hanuman Associates,1.4,retail,Telangana,31,1011647.25,773284.05,229354.13,0,9,0.05,1,86.3,11416999.33,2.3,0.875,0,45.6,0
MSME001983,Sai Solutions,2.5,services,Tamil Nadu,6,463190.04,424331.96,48785.09,0,24,0.358,1,56.6,4327966.5,19.7,0.452,0,24.5,0
MSME001984,New Traders,4.9,food,Bihar,28,221960.4,209399.55,16664.98,3,51,0.108,0,,,,0.826,1,70.3,0
MSME001985,Hanuman Solutions,14.8,retail,Maharashtra,129,1825325.14,1884123.34,31837.91,3,134,0.475,1,78.3,20611298.11,10.0,0.634,1,75.5,0
MSME001986,New Bakers,16.7,retail,West Bengal,181,1364576.3,1483769.24,6055.89,5,110,0.514,1,91.8,12762991.63,3.1,0.812,0,24.6,0
MSME001987,National Garments,3.2,trading,Haryana,3,545185.51,516088.18,25524.99,2,31,0.077,1,80.0,5086898.13,15.2,0.177,0,3.2,0
MSME001988,Kaveri Suppliers,3.1,manufacturing,Andhra Pradesh,7,637571.77,548515.49,114127.66,0,36,0.183,1,76.9,6883800.31,18.6,0.246,0,0.0,0
MSME001989,Kaveri Agencies,8.8,trading,Andhra Pradesh,9,674722.66,681760.44,49624.2,0,58,0.574,1,76.0,6918637.88,8.1,0.204,0,7.2,0
MSME001990,Classic Industries,8.7,retail,Madhya Pradesh,8,882245.24,913813.59,95672.37,1,94,0.391,1,71.3,8541732.84,9.8,0.803,0,43.1,0
MSME001991,Om Associates,12.4,retail,Rajasthan,5,288379.21,282961.13,20352.82,0,107,0.432,1,84.3,3407023.43,10.8,0.798,0,49.4,0
MSME001992,Vishwakarma Metals,12.6,trading,Madhya Pradesh,7,619070.21,635359.7,21699.48,6,63,0.519,1,71.0,6508588.31,9.8,0.227,0,2.0,0
MSME001993,Lakshmi Foods,2.4,trading,Tamil Nadu,9,336787.05,295123.69,54982.16,0,26,0.26,1,57.9,3679819.49,13.0,0.282,0,7.7,0
MSME001994,Hanuman Logistics,1.1,retail,Karnataka,3,440356.05,427295.36,23826.23,0,11,0.474,1,72.2,3993764.6,9.5,0.423,0,29.2,0
MSME001995,New Logistics,7.9,manufacturing,Karnataka,40,1043854.37,927577.81,68022.58,0,19,0.206,1,83.0,13209016.51,2.5,0.248,0,18.0,0
MSME001996,Shree Fabrics,6.0,retail,Karnataka,42,503554.31,418812.78,34074.59,0,68,0.386,1,86.1,4349047.65,0.0,0.629,1,56.8,0
MSME001997,Krishna Electricals,1.1,manufacturing,Gujarat,8,588235.59,619788.23,14661.39,2,11,0.477,1,82.3,7220848.69,18.5,0.157,0,0.0,0
MSME001998,Modern Agencies,7.6,food,Gujarat,10,277452.56,264964.63,19282.91,0,77,0.415,1,59.8,2518002.59,10.5,0.596,1,57.5,0
MSME001999,Lakshmi Exports,4.5,services,Tamil Nadu,4,268160.2,288997.79,0.0,3,48,0.579,0,,,,0.555,0,32.3,1
MSME002000,Lakshmi Bakers,7.7,services,Uttar Pradesh,9,512825.32,503583.34,64799.06,0,79,0.287,1,98.8,4412788.67,0.0,0.429,0,24.6,0
MSME002001,Royal Caterers,1.8,retail,Rajasthan,1,266586.48,251638.77,22897.16,0,16,0.32,0,,,,0.771,1,52.5,0
MSME002002,Sai Exports,8.1,services,Maharashtra,30,211184.08,176377.93,48065.1,0,87,0.056,0,,,,0.57,0,20.9,0
MSME002003,Maruti Solutions,6.6,trading,Kerala,43,1016287.46,1057970.72,28476.45,5,56,0.509,1,94.3,11440680.03,12.8,0.116,0,14.2,1
MSME002004,Shiv Associates,8.6,retail,Maharashtra,4,296071.26,284859.0,0.0,3,77,0.433,1,76.7,2530294.74,6.4,0.624,1,73.3,0
MSME002005,New Agencies,3.4,services,Andhra Pradesh,13,375462.59,353422.06,52887.24,0,34,0.368,0,,,,0.453,0,32.3,0
MSME002006,Balaji Traders,2.8,retail,Tamil Nadu,127,535665.93,473741.76,81142.59,0,25,0.197,1,74.8,6905798.93,5.0,0.682,0,32.9,0
MSME002007,Vishwakarma Suppliers,1.2,retail,Andhra Pradesh,35,657606.6,723367.26,0.0,3,12,0.571,1,80.0,7329751.24,13.2,0.871,1,69.8,0
MSME002008,Annapurna Suppliers,3.9,services,Bihar,22,414681.89,349071.88,83282.97,0,32,0.197,1,84.9,4244457.74,0.0,0.597,0,23.9,0
MSME002009,New Solutions,10.9,trading,Delhi,3,746314.74,678396.83,94105.57,0,119,0.192,1,84.2,6462462.98,5.3,0.153,0,12.6,0
MSME002010,Hanuman Logistics,13.0,retail,Andhra Pradesh,34,255345.16,252379.41,4405.65,2,124,0.42,1,75.7,2201857.69,11.2,0.731,1,76.0,0
MSME002011,Shiv Traders,1.7,retail,Madhya Pradesh,35,396792.76,388551.65,47956.14,1,19,0.412,1,80.0,4410985.9,9.8,0.84,0,53.1,0
MSME002012,Maruti Associates,4.9,retail,Uttar Pradesh,1,130409.79,127600.94,5531.25,5,50,0.419,1,70.2,1719655.89,11.1,0.672,0,42.6,0
MSME002013,Annapurna Logistics,14.9,trading,Karnataka,7,551851.63,520517.85,33006.9,0,125,0.485,1,75.8,4996027.63,14.0,0.274,0,8.4,0
MSME002014,Classic Plastics,16.3,trading,Tamil Nadu,6,870969.77,873603.11,0.0,3,118,0.494,1,86.3,8286139.68,4.1,0.357,0,16.9,1
MSME002015,Hanuman Exports,3.8,retail,Kerala,4,461346.94,408613.44,69385.49,0,41,0.292,1,72.2,6012263.3,21.8,0.447,1,45.1,0
MSME002016,Ganesh Metals,11.5,services,Andhra Pradesh,43,370865.01,362579.42,29160.13,0,110,0.299,1,100.0,4828377.5,4.3,0.374,0,27.9,0
MSME002017,Vishwakarma Suppliers,10.2,food,Tamil Nadu,9,290177.11,278216.73,27631.97,0,81,0.418,1,94.7,3173857.1,0.0,0.755,1,66.8,0
MSME002018,Sri Stores,9.6,services,Madhya Pradesh,33,400525.47,339377.23,55916.66,0,66,0.299,1,91.5,4449572.04,7.4,0.641,0,44.0,0
MSME002019,Sri Plastics,0.9,trading,Tamil Nadu,11,725597.32,700543.8,40781.4,1,8,0.154,1,83.9,8250692.02,7.9,0.444,0,28.0,0
MSME002020,Shiv Engineering Works,3.1,services,Madhya Pradesh,3,236322.55,249936.68,4006.04,2,28,0.482,0,,,,0.33,0,10.4,1
MSME002021,Ganesh Garments,4.5,manufacturing,West Bengal,9,266188.0,239475.97,39891.29,0,49,0.161,1,75.7,2667002.69,20.8,0.17,0,0.0,1
MSME002022,Durga Solutions,4.4,food,Karnataka,50,851401.35,719137.3,170443.96,0,35,0.117,1,91.1,7181579.96,0.0,0.748,1,83.8,0
MSME002023,Durga Suppliers,4.8,retail,Andhra Pradesh,7,830069.41,809030.59,168604.25,0,45,0.145,1,74.8,8124185.94,12.7,0.74,0,36.9,1
MSME002024,Krishna Logistics,17.5,retail,Tamil Nadu,31,589096.84,553360.58,23088.94,0,102,0.316,1,98.1,6250743.64,4.5,0.656,0,37.1,0
MSME002025,Sai Industries,3.9,retail,Telangana,15,557512.38,564225.54,0.0,3,35,0.501,1,63.1,4792905.15,17.1,0.737,0,56.2,0
MSME002026,Shiv Solutions,6.8,manufacturing,Madhya Pradesh,9,252844.85,246847.46,0.0,1,64,0.376,1,71.1,2516501.33,18.3,0.273,0,19.6,0
MSME002027,Hanuman Foods,6.6,retail,Tamil Nadu,1,74106.16,73044.29,5877.68,2,62,0.272,0,,,,0.749,0,31.9,0
MSME002028,Modern Solutions,4.9,food,Gujarat,16,158162.05,128344.45,38036.65,0,42,0.181,1,81.6,2000929.23,10.3,0.414,0,23.3,0
MSME002029,Om Exports,1.8,retail,Maharashtra,12,475880.41,449008.42,14968.87,4,20,0.261,1,71.8,4193849.21,7.6,0.743,1,79.2,0
MSME002030,Ganesh Caterers,5.4,services,West Bengal,10,367710.12,356727.86,31834.14,0,52,0.381,1,82.5,3624536.63,9.4,0.357,0,22.8,0
MSME002031,Krishna Bakers,0.5,retail,Kerala,217,1581179.23,1365708.17,215457.04,0,6,0.104,1,81.3,19879139.12,16.3,0.794,1,99.0,0
MSME002032,Annapurna Fabrics,7.3,trading,Maharashtra,1,238333.37,243147.7,11725.35,5,65,0.363,0,,,,0.139,0,0.0,0
MSME002033,Sai Caterers,0.5,trading,Uttar Pradesh,8,858064.89,678761.18,170466.3,0,6,0.05,1,91.0,8296159.79,0.0,0.128,0,3.5,0
MSME002034,Durga Suppliers,6.8,services,Rajasthan,8,657805.12,595967.92,76515.58,1,63,0.215,1,98.2,7735361.74,9.0,0.361,0,7.6,0
MSME002035,Modern Metals,2.9,trading,Tamil Nadu,19,542245.84,435295.32,99950.6,0,26,0.172,1,80.3,5749605.73,6.9,0.27,0,21.4,0
MSME002036,National Textiles,2.0,trading,Tamil Nadu,66,543407.14,481453.82,53211.8,1,21,0.496,1,69.5,4609562.55,19.5,0.137,0,0.0,1
MSME002037,Krishna Enterprises,8.8,services,West Bengal,2,93309.26,94119.78,17215.86,0,80,0.192,0,,,,0.284,0,8.6,0
MSME002038,Shree Garments,3.5,food,Gujarat,1,415869.32,399864.83,47785.76,0,40,0.259,1,95.6,3622014.67,6.4,0.503,0,22.2,0
MSME002039,Modern Metals,5.2,manufacturing,Andhra Pradesh,1,177361.85,171638.43,20236.76,0,27,0.25,0,,,,0.037,0,3.7,0
MSME002040,Vishwakarma Fabrics,0.9,services,Gujarat,21,239381.95,215602.01,35825.4,0,9,0.325,1,73.7,2842290.34,8.8,0.41,0,20.9,0
MSME002041,Lakshmi Garments,13.7,trading,West Bengal,48,920428.69,810897.11,125160.8,0,161,0.109,1,95.5,10885747.35,6.2,0.163,0,17.7,0
MSME002042,Royal Garments,5.6,food,Gujarat,2,102867.05,95923.65,19634.71,1,65,0.343,0,,,,0.4,0,12.4,0
MSME002043,Sri Suppliers,5.6,trading,Tamil Nadu,43,889812.62,962648.38,0.0,6,56,0.4,1,75.9,8447264.0,1.1,0.139,0,11.2,0
MSME002044,Sri Bakers,7.4,food,Rajasthan,2,193758.81,180083.32,26625.96,0,85,0.281,1,85.7,1654489.41,11.8,0.833,0,43.9,0
MSME002045,Lakshmi Metals,0.5,manufacturing,Bihar,11,1022461.3,998706.57,79180.47,0,6,0.452,1,100.0,12202633.58,0.0,0.125,0,0.0,1
MSME002046,Modern Industries,14.6,retail,Delhi,24,953008.26,905926.11,36897.53,5,50,0.445,1,72.4,11192548.54,14.7,0.856,1,82.1,0
MSME002047,Shiv Associates,3.8,retail,Maharashtra,10,846778.15,778351.57,176467.63,0,38,0.298,1,82.6,10215027.85,10.2,0.738,1,58.9,0
MSME002048,Om Agencies,14.0,services,Karnataka,58,830359.7,677011.84,189244.81,0,100,0.086,1,88.6,7405625.18,10.3,0.612,0,35.0,0
MSME002049,New Fabrics,3.7,services,West Bengal,3,188740.73,198721.69,17916.27,1,41,0.436,0,,,,0.563,0,22.7,0
MSME002050,Durga Garments,3.0,services,Maharashtra,117,518220.81,437600.22,121089.29,0,31,0.05,1,75.3,4858465.5,14.7,0.68,0,62.7,1
MSME002051,Annapurna Solutions,7.1,food,Telangana,9,274427.03,267038.32,20159.17,1,49,0.396,1,60.4,3354606.71,21.8,0.856,0,61.6,0
MSME002052,Ganesh Exports,19.9,trading,Tamil Nadu,23,2054356.26,1613286.9,488829.91,0,188,0.091,1,78.4,18806480.36,16.0,0.267,0,10.3,0
MSME002053,Maruti Stores,11.5,trading,Andhra Pradesh,1,231672.84,203858.4,33752.12,2,101,0.373,1,78.3,2616489.27,7.3,0.33,0,20.6,0
MSME002054,Classic Industries,7.7,services,Karnataka,7,427232.08,367949.12,31314.0,0,71,0.313,1,65.2,4905049.46,12.3,0.454,0,27.6,0
MSME002055,Sri Caterers,7.0,retail,Uttar Pradesh,133,2327703.82,1886052.43,468020.16,1,65,0.168,1,80.3,28270137.46,13.3,0.643,0,22.7,0
MSME002056,Maruti Textiles,5.4,services,Bihar,5,406272.13,376240.0,25663.41,0,43,0.373,1,64.2,3420994.64,6.2,0.479,0,32.1,0
MSME002057,Sri Agencies,13.6,food,Uttar Pradesh,6,215326.85,177476.4,39538.8,1,138,0.195,0,,,,0.55,0,30.6,0
MSME002058,Sri Metals,9.0,retail,Bihar,29,951722.04,883984.16,58056.39,2,86,0.189,1,85.4,12218677.24,0.0,0.704,0,48.4,0
MSME002059,Maruti Solutions,1.2,manufacturing,Telangana,8,441399.64,433589.55,4702.76,3,11,0.353,1,86.1,4674339.51,13.9,0.036,1,25.5,1
MSME002060,Vishwakarma Plastics,2.1,manufacturing,Karnataka,3,486837.51,492933.8,33408.69,0,20,0.466,1,79.7,5831466.24,16.5,0.112,0,0.0,0
MSME002061,Royal Plastics,7.9,retail,Tamil Nadu,203,1520828.28,1176984.88,375539.14,0,57,0.05,1,84.1,15623557.32,13.0,0.719,1,57.6,0
MSME002062,Krishna Traders,1.7,manufacturing,Rajasthan,1,226946.3,206715.58,43368.09,0,13,0.111,1,81.1,2048724.82,9.6,0.08,0,0.0,0
MSME002063,Balaji Solutions,5.6,manufacturing,Karnataka,3,460087.13,452548.07,24749.7,1,61,0.416,1,91.6,4628633.74,2.3,0.172,0,10.8,0
MSME002064,Sri Traders,9.6,trading,Madhya Pradesh,9,1245217.51,1076611.95,200210.01,1,111,0.245,1,84.6,14614364.61,6.5,0.295,0,22.7,0
MSME002065,Krishna Traders,7.1,retail,West Bengal,17,383957.64,336666.23,48381.17,0,51,0.39,1,96.6,3395238.33,5.2,0.527,1,41.2,0
MSME002066,Om Plastics,1.5,retail,Gujarat,6,815969.9,719148.93,58142.62,0,15,0.162,1,81.2,8547912.45,13.5,0.676,1,65.6,0
MSME002067,Sri Traders,2.2,services,Bihar,10,314784.97,247245.77,60178.12,0,13,0.299,1,81.2,2733780.96,2.6,0.316,0,23.9,0
MSME002068,Classic Textiles,7.3,retail,Bihar,9,1204569.58,1236071.59,101369.72,2,71,0.329,1,77.7,15174251.43,15.1,0.817,1,74.0,1
MSME002069,Ganesh Suppliers,18.5,trading,Madhya Pradesh,2,204698.75,225168.63,0.0,2,175,0.725,1,58.8,2603476.37,25.2,0.333,0,6.1,0
MSME002070,Vishwakarma Logistics,4.7,food,Tamil Nadu,1,152214.0,134343.84,14780.56,1,50,0.226,1,84.7,1589598.49,12.7,0.535,0,44.7,1
MSME002071,Annapurna Engineering Works,9.8,services,Rajasthan,21,1249676.18,1241722.47,162167.59,1,99,0.324,1,79.7,12725282.49,1.0,0.354,0,22.6,0
MSME002072,Hanuman Fabrics,7.1,services,Rajasthan,1,509718.72,510925.33,55908.97,0,66,0.286,1,85.7,6261555.16,11.9,0.662,1,47.0,0
MSME002073,Vishwakarma Suppliers,2.9,food,Telangana,2,365665.79,366628.26,21173.32,3,24,0.315,0,,,,0.555,0,25.3,0
MSME002074,Ganesh Foods,9.9,retail,Telangana,33,365313.4,395362.2,28541.74,3,103,0.571,1,83.8,4176926.6,17.6,0.484,0,21.2,1
MSME002075,Durga Logistics,0.9,retail,Andhra Pradesh,5,391607.22,386247.52,30661.16,0,8,0.111,1,82.1,4958423.19,8.2,0.475,0,24.0,0
MSME002076,Vishwakarma Associates,9.4,services,Uttar Pradesh,31,613756.9,613112.53,0.0,5,70,0.313,1,64.7,6658860.17,22.9,0.699,0,51.6,1
MSME002077,Shiv Metals,7.5,trading,Bihar,44,521338.64,443393.37,77051.97,0,45,0.234,1,93.1,4745583.32,13.1,0.442,0,26.5,0
MSME002078,Vishwakarma Textiles,3.1,retail,Andhra Pradesh,1,337423.81,299796.01,41411.89,0,31,0.19,1,75.7,4447345.98,16.5,0.779,1,66.5,0
MSME002079,Lakshmi Foods,1.9,manufacturing,Uttar Pradesh,9,377685.01,333691.74,36119.12,0,18,0.288,1,93.4,4795289.36,0.9,0.217,0,26.1,0
MSME002080,Balaji Electricals,3.4,retail,Maharashtra,5,184032.08,157048.04,32335.26,2,30,0.364,0,,,,0.886,1,78.1,1
MSME002081,National Electricals,2.7,trading,Maharashtra,8,204370.31,209996.88,21916.76,1,29,0.484,0,,,,0.357,0,38.6,0
MSME002082,Sai Bakers,4.1,services,West Bengal,9,1081986.37,981890.12,109691.12,0,45,0.338,1,78.6,9101353.86,7.1,0.561,1,56.8,0
MSME002083,Ganesh Logistics,3.7,services,Gujarat,1,163917.82,137904.7,28389.08,0,41,0.422,0,,,,0.393,0,36.1,0
MSME002084,Durga Garments,3.1,trading,Uttar Pradesh,5,330301.79,281155.03,67680.02,0,30,0.189,1,87.9,3465325.7,6.8,0.18,0,0.0,0
MSME002085,Balaji Garments,0.8,retail,Karnataka,48,420838.54,377639.22,64190.8,0,8,0.208,1,93.5,3594571.99,3.3,0.689,1,69.6,0
MSME002086,Durga Bakers,1.6,manufacturing,Telangana,7,1138626.2,1100069.34,83428.84,0,14,0.296,1,93.9,13099597.72,13.9,0.166,0,7.6,0
MSME002087,Sri Exports,11.0,food,Andhra Pradesh,10,177558.91,152621.37,23346.33,0,124,0.183,1,85.2,1576904.32,16.1,0.41,1,50.1,0
MSME002088,Durga Foods,3.2,trading,Bihar,9,266338.09,243830.26,26413.88,0,28,0.05,0,,,,0.235,0,16.8,0
MSME002089,Ganesh Industries,4.2,retail,Kerala,3,268648.56,265506.32,46626.15,0,39,0.315,0,,,,0.553,0,36.4,0
MSME002090,Shree Electricals,3.5,services,West Bengal,26,574697.31,532702.72,34627.31,0,33,0.316,1,74.6,7279638.9,9.8,0.64,1,75.0,0
MSME002091,Royal Stores,13.8,trading,Andhra Pradesh,43,1190813.63,1178032.34,87660.02,0,103,0.36,1,77.1,13892046.45,9.6,0.322,0,22.8,0
MSME002092,Ganesh Plastics,2.6,retail,Gujarat,3,221148.0,234678.96,11015.48,1,24,0.454,0,,,,0.77,1,67.5,1
MSME002093,National Exports,2.4,retail,Andhra Pradesh,8,1008776.99,896275.49,81695.49,0,25,0.198,1,78.6,8587500.71,14.5,0.813,1,74.3,0
MSME002094,Annapurna Plastics,7.6,retail,Kerala,7,286828.33,300644.74,10929.53,2,84,0.382,1,68.2,3567896.62,5.3,0.466,1,42.7,0
MSME002095,Annapurna Solutions,5.9,trading,Madhya Pradesh,44,479324.35,487151.09,37707.76,2,49,0.239,1,82.0,4424649.67,15.8,0.332,0,35.6,0
MSME002096,New Solutions,7.8,retail,Rajasthan,3,174745.94,144028.78,24174.6,0,31,0.169,0,,,,0.617,1,53.1,1
MSME002097,Classic Textiles,7.4,manufacturing,Tamil Nadu,24,508925.89,453781.79,93360.63,0,60,0.05,0,,,,0.249,1,46.0,0
MSME002098,Royal Industries,10.1,trading,Tamil Nadu,5,227360.37,191966.49,35796.89,0,109,0.169,0,,,,0.402,1,58.5,0
MSME002099,New Foods,1.4,trading,Uttar Pradesh,10,805859.39,727681.37,69619.42,0,15,0.112,1,71.9,10603213.48,17.8,0.321,0,23.1,0
MSME002100,Kaveri Bakers,7.1,retail,Maharashtra,3,184924.3,178543.8,20983.88,0,82,0.264,0,,,,0.785,0,37.7,0
MSME002101,Classic Plastics,2.5,manufacturing,Gujarat,4,421103.84,380010.62,80704.63,0,12,0.184,1,96.6,4499714.78,5.6,0.084,0,0.0,0
MSME002102,Durga Bakers,0.6,retail,Maharashtra,10,262003.84,237845.71,44822.48,0,6,0.262,1,82.1,3428472.15,14.1,0.698,0,48.9,0
MSME002103,Annapurna Suppliers,7.4,retail,Kerala,7,217188.04,192199.49,29519.97,2,73,0.37,0,,,,0.833,0,49.5,1
MSME002104,Balaji Associates,7.1,services,West Bengal,3,556160.17,499695.68,54686.68,0,79,0.177,1,74.3,5306383.93,9.5,0.55,0,26.4,0
MSME002105,Royal Engineering Works,5.0,services,Andhra Pradesh,145,2361658.84,2387823.69,119674.67,0,35,0.457,1,80.9,27215650.15,3.4,0.36,0,12.6,0
MSME002106,Lakshmi Electricals,10.2,manufacturing,Rajasthan,3,834524.57,788398.51,100784.31,0,96,0.328,1,69.4,7335342.54,25.1,0.254,0,8.2,0
MSME002107,New Industries,2.5,trading,Uttar Pradesh,28,324127.45,314718.51,6563.46,3,14,0.415,0,,,,0.32,1,44.4,0
MSME002108,Balaji Garments,8.3,trading,Tamil Nadu,9,248170.77,215858.55,25794.47,0,76,0.261,1,68.7,2855627.95,9.0,0.127,0,28.8,0
MSME002109,Lakshmi Engineering Works,4.5,retail,Andhra Pradesh,3,951955.24,863995.49,0.0,5,37,0.593,1,66.7,10951292.11,16.9,0.508,1,42.0,1
MSME002110,Lakshmi Engineering Works,4.8,services,Maharashtra,8,353993.69,304047.53,46049.33,0,42,0.194,1,90.9,3742991.54,0.0,0.463,1,29.5,0
MSME002111,Lakshmi Traders,0.7,trading,Madhya Pradesh,5,202977.92,189743.07,22970.6,0,7,0.278,1,89.0,2496567.73,16.9,0.258,0,14.5,0
MSME002112,Durga Fabrics,10.3,trading,Uttar Pradesh,36,1424568.85,1358547.63,0.0,1,121,0.371,1,72.8,17212339.46,5.6,0.144,0,2.4,0
MSME002113,Classic Caterers,6.8,retail,Gujarat,3,332776.57,287223.27,49734.58,0,23,0.315,0,,,,0.873,1,69.8,0
MSME002114,Classic Plastics,8.0,food,Maharashtra,4,393265.72,324281.3,73142.92,0,77,0.083,1,98.6,4232596.46,7.6,0.569,1,46.1,0
MSME002115,Sri Garments,2.2,retail,Rajasthan,8,125998.59,130924.25,0.0,3,16,0.67,1,82.9,1316096.3,1.4,0.693,0,49.7,0
MSME002116,Kaveri Caterers,6.3,retail,Maharashtra,47,616031.3,525406.63,42863.45,1,32,0.406,1,77.6,7714306.6,6.1,0.535,0,25.1,0
MSME002117,Modern Garments,4.5,food,Andhra Pradesh,41,979561.98,1057158.79,69933.84,2,51,0.474,1,90.5,12605152.66,6.2,0.623,1,63.6,0
MSME002118,Om Suppliers,7.1,services,Maharashtra,9,296661.66,259892.61,68000.4,0,57,0.05,1,86.1,3459987.73,3.4,0.468,0,39.9,0
MSME002119,Om Exports,6.0,services,Tamil Nadu,44,1344931.81,1242895.38,212270.97,2,52,0.242,1,78.1,17634217.94,13.2,0.679,0,35.3,0
MSME002120,Sri Garments,15.7,services,Maharashtra,1,105205.52,99129.51,7706.47,0,140,0.283,0,,,,0.251,0,6.4,0
MSME002121,New Garments,12.5,retail,Haryana,10,433847.09,404062.8,57386.71,0,104,0.172,1,71.1,4885995.83,14.3,0.759,1,65.5,0
MSME002122,Modern Logistics,4.1,manufacturing,West Bengal,3,1026200.41,982125.25,139429.42,0,37,0.375,1,82.1,11007109.9,13.1,0.234,0,12.0,0
MSME002123,Krishna Suppliers,7.4,retail,West Bengal,7,220025.77,200740.43,19090.2,0,72,0.274,0,,,,0.775,1,72.4,0
MSME002124,Hanuman Garments,3.8,food,Karnataka,3,305989.49,281102.67,14812.46,0,40,0.436,1,86.2,3189124.15,7.3,0.442,0,24.4,0
MSME002125,Sri Enterprises,10.0,retail,Andhra Pradesh,42,982921.48,875887.95,80751.46,0,53,0.254,1,83.9,12190085.37,6.9,0.586,1,58.1,0
MSME002126,Lakshmi Caterers,4.6,services,Uttar Pradesh,101,921937.19,880910.43,58151.69,0,49,0.228,1,86.6,10885136.25,1.6,0.268,1,35.6,0
MSME002127,Ganesh Bakers,3.3,trading,Telangana,3,322848.59,282258.84,15976.52,3,31,0.245,1,87.2,3636339.42,11.7,0.264,0,16.4,1
MSME002128,Hanuman Textiles,6.2,retail,Telangana,9,276100.42,282330.06,0.0,8,69,0.537,1,70.3,3392961.42,4.0,0.65,1,63.7,1
MSME002129,Sai Engineering Works,11.8,trading,Maharashtra,8,555301.47,472177.75,75711.38,0,107,0.205,0,,,,0.213,0,16.7,0
MSME002130,Ganesh Solutions,10.5,manufacturing,Uttar Pradesh,10,564901.87,487856.6,124740.0,0,55,0.05,1,89.1,7211917.64,10.1,0.021,0,0.0,0
MSME002131,Sri Electricals,3.5,retail,Karnataka,1,104388.25,92355.02,8653.6,0,33,0.496,1,79.2,884043.33,1.7,0.704,1,53.1,0
MSME002132,Modern Metals,14.7,food,Maharashtra,3,482583.71,409829.22,93601.16,1,147,0.05,1,72.5,5306838.42,23.3,0.458,1,37.4,0
MSME002133,Om Fabrics,2.3,retail,Tamil Nadu,1,139428.43,122253.02,19818.87,2,21,0.311,1,84.2,1682009.01,0.0,0.875,0,56.7,0
MSME002134,Maruti Bakers,3.0,services,Gujarat,18,239557.84,226225.02,4454.07,3,14,0.385,0,,,,0.292,0,5.6,0
MSME002135,Vishwakarma Traders,9.7,services,Uttar Pradesh,5,254515.31,255334.2,23924.35,1,97,0.38,0,,,,0.629,0,30.7,0
MSME002136,Durga Plastics,0.6,trading,Madhya Pradesh,5,264605.2,233271.92,23408.89,0,6,0.329,0,,,,0.374,0,20.4,0
MSME002137,Om Associates,5.2,services,Rajasthan,19,458881.18,443886.28,59035.86,1,53,0.605,1,74.7,4345867.77,12.3,0.32,0,4.5,0
MSME002138,Shree Metals,4.0,services,West Bengal,10,219931.23,196754.51,32709.52,0,31,0.161,0,,,,0.348,0,14.6,0
MSME002139,Om Foods,15.3,services,Rajasthan,3,387162.89,387708.21,20904.61,1,136,0.401,1,94.5,4949500.69,0.0,0.389,0,44.2,0
MSME002140,Vishwakarma Electricals,1.9,services,Gujarat,7,835764.41,817152.96,37170.37,1,18,0.443,1,83.9,9222665.64,5.4,0.359,0,20.2,0
MSME002141,Sri Textiles,2.1,services,Rajasthan,10,461687.72,459117.57,53326.36,2,20,0.391,1,67.8,5491875.76,2.6,0.658,0,52.3,0
MSME002142,Royal Fabrics,16.8,trading,Kerala,46,382292.72,365593.75,18398.39,2,188,0.438,1,85.8,3995850.16,3.1,0.142,0,3.4,0
MSME002143,Modern Solutions,4.1,retail,Gujarat,1,139185.63,136002.41,15014.74,3,46,0.366,1,74.4,1637005.62,10.7,0.699,1,69.2,1
MSME002144,Hanuman Industries,11.5,retail,West Bengal,5,422689.7,390694.59,67233.74,1,126,0.173,1,87.2,5520142.37,5.4,0.511,1,48.9,0
MSME002145,Maruti Foods,3.5,services,Andhra Pradesh,4,111906.15,118712.81,5411.39,3,37,0.447,0,,,,0.687,1,65.0,1
MSME002146,Vishwakarma Electricals,2.9,food,West Bengal,1,95954.86,89166.52,19853.94,0,31,0.05,1,85.1,1246754.88,4.8,0.565,1,63.2,0
MSME002147,Annapurna Bakers,11.9,retail,Uttar Pradesh,28,254663.76,218815.99,58335.4,0,105,0.146,0,,,,0.896,1,70.2,0
MSME002148,Classic Exports,19.5,trading,Maharashtra,18,678716.29,660596.63,56177.3,1,209,0.314,1,78.1,6477258.31,14.9,0.34,0,23.4,1
MSME002149,National Engineering Works,12.5,retail,West Bengal,5,1229217.27,1118265.07,86341.3,0,133,0.256,1,89.9,11677681.21,20.7,0.836,1,68.1,0
MSME002150,Royal Electricals,3.4,services,Bihar,3,151247.55,129497.76,23659.22,0,37,0.174,0,,,,0.412,0,25.0,0
MSME002151,Ganesh Associates,5.0,services,Bihar,22,866231.94,762652.46,101369.53,0,58,0.235,1,99.5,8305488.34,0.0,0.506,0,37.0,0
MSME002152,Ganesh Agencies,2.2,services,Madhya Pradesh,30,445350.33,355157.11,99153.17,0,9,0.05,1,80.8,4235976.59,6.3,0.382,0,33.6,1
MSME002153,Royal Industries,2.6,services,Maharashtra,4,159714.85,144998.32,16657.71,0,16,0.25,0,,,,0.681,0,46.9,0
MSME002154,Om Metals,2.5,manufacturing,Bihar,3,981598.52,794544.83,125117.66,0,29,0.137,1,86.5,11424594.49,14.7,0.257,0,13.8,0
MSME002155,Sri Exports,3.6,retail,West Bengal,6,1297248.73,1122314.18,94290.04,0,40,0.406,1,82.4,12686988.02,19.3,0.558,0,42.3,0
MSME002156,Shiv Engineering Works,5.7,trading,Haryana,4,506871.79,548386.38,24716.0,2,54,0.411,1,91.1,6019586.64,0.0,0.461,0,33.6,1
MSME002157,Vishwakarma Logistics,5.2,retail,Bihar,8,526626.32,470949.84,86084.59,0,56,0.06,1,81.7,4866093.58,15.1,0.47,1,46.5,0
MSME002158,Hanuman Logistics,8.7,food,Rajasthan,4,297528.78,295349.33,29980.79,0,54,0.128,1,76.2,3803125.15,3.7,0.6,0,23.5,0
MSME002159,National Textiles,5.9,manufacturing,Madhya Pradesh,7,494567.47,478754.78,21658.61,2,38,0.688,1,83.2,4746006.46,6.8,0.267,0,0.0,0
MSME002160,Ganesh Enterprises,8.1,retail,West Bengal,6,476815.61,414908.89,75310.52,0,82,0.354,1,55.6,4566982.75,25.9,0.823,0,61.1,0
MSME002161,National Traders,9.1,retail,Tamil Nadu,4,507399.41,387296.2,126849.85,0,68,0.152,1,87.0,4962838.7,1.9,0.469,1,36.8,0
MSME002162,Kaveri Fabrics,3.4,trading,Karnataka,9,1289329.3,1309191.04,158319.26,0,15,0.36,1,80.1,16077454.77,6.9,0.248,0,11.6,0
MSME002163,Vishwakarma Suppliers,4.5,food,Uttar Pradesh,8,265983.92,264968.99,25895.66,1,45,0.314,0,,,,0.813,1,73.2,0
MSME002164,Classic Fabrics,33.3,retail,Maharashtra,6,424176.29,453070.59,0.0,3,240,0.451,1,87.5,4431469.42,16.4,0.58,0,21.1,1
MSME002165,Modern Suppliers,3.2,services,Bihar,33,595365.72,598765.36,35940.97,1,22,0.41,1,78.1,7253000.74,13.4,0.409,0,37.6,1
MSME002166,Classic Exports,8.5,trading,Gujarat,6,802411.04,708078.3,171755.27,1,67,0.05,1,81.6,6879144.71,0.0,0.211,0,33.1,0
MSME002167,Ganesh Associates,1.5,services,Bihar,18,1947911.2,1843425.03,0.0,3,16,0.296,1,64.7,21258519.87,6.4,0.673,0,38.3,1
MSME002168,National Logistics,9.3,services,Rajasthan,21,975850.61,1043678.82,0.0,5,96,0.414,1,74.7,8290710.49,12.8,0.32,0,15.8,1
MSME002169,Classic Agencies,2.7,retail,Telangana,26,955932.84,986146.52,38702.4,3,25,0.545,1,81.4,10423816.32,12.0,0.88,0,41.9,0
MSME002170,Modern Caterers,5.3,manufacturing,Bihar,8,920524.2,849785.13,60031.88,0,50,0.286,1,68.5,11157087.24,16.2,0.134,0,10.9,1
MSME002171,Shree Bakers,1.3,retail,Bihar,8,866266.72,794215.26,146617.02,0,13,0.223,1,100.0,10118958.95,0.0,0.483,0,7.7,0
MSME002172,Sri Metals,4.9,manufacturing,Gujarat,19,2738649.24,2453926.32,496207.07,0,35,0.061,1,79.4,23604702.33,9.8,0.124,0,7.5,0
MSME002173,Modern Solutions,5.0,retail,Punjab,8,170741.12,149714.3,21744.44,0,55,0.222,1,91.4,1586710.35,11.2,0.723,0,46.3,0
MSME002174,New Agencies,4.4,services,Gujarat,50,985643.97,933937.26,65806.5,1,37,0.452,1,88.8,8806850.33,5.2,0.391,0,16.0,0
MSME002175,Kaveri Industries,7.2,trading,Telangana,2,79232.88,78549.57,4202.96,1,72,0.432,1,60.9,824211.29,12.4,0.392,1,48.8,1
MSME002176,New Plastics,11.2,services,Rajasthan,3,510660.85,525357.59,17588.38,2,94,0.222,1,70.3,5601843.7,14.4,0.268,0,19.2,0
MSME002177,Balaji Logistics,2.1,retail,Uttar Pradesh,5,506743.6,434417.03,80889.1,1,20,0.243,1,82.2,4999657.85,11.8,0.579,0,34.9,0
MSME002178,Shiv Fabrics,4.5,services,West Bengal,6,276271.32,234015.55,69067.83,0,48,0.05,0,,,,0.461,0,21.7,0
MSME002179,Hanuman Agencies,0.8,retail,Rajasthan,4,80553.09,75546.95,7602.1,0,7,0.542,1,46.5,688927.09,25.8,0.726,1,71.0,0
MSME002180,Shiv Engineering Works,5.9,trading,Tamil Nadu,11,544477.08,540296.12,41854.86,1,58,0.434,1,80.3,4866652.5,8.6,0.454,0,17.5,0
MSME002181,Durga Exports,2.0,manufacturing,Gujarat,41,1035355.47,1039397.54,10931.0,2,21,0.329,1,75.0,9126940.45,3.3,0.16,0,0.0,1
MSME002182,Kaveri Metals,5.2,trading,Uttar Pradesh,9,498862.63,459100.96,81088.12,0,51,0.171,1,100.0,5612792.97,0.0,0.46,0,19.3,0
MSME002183,Hanuman Enterprises,6.0,trading,Haryana,4,287133.8,268014.47,35004.88,0,66,0.243,1,79.5,2463680.52,16.1,0.405,0,24.6,1
MSME002184,Hanuman Electricals,0.9,services,West Bengal,6,227899.46,200102.61,27782.29,0,9,0.05,0,,,,0.26,0,0.0,0
MSME002185,Hanuman Foods,6.8,trading,Uttar Pradesh,7,465231.67,482377.43,23601.62,0,56,0.355,1,53.8,6110121.94,33.0,0.253,0,3.4,0
MSME002186,Lakshmi Metals,10.8,manufacturing,Bihar,66,680562.56,588872.86,113234.08,0,123,0.214,1,100.0,6703501.22,0.0,0.088,0,0.0,0
MSME002187,Ganesh Plastics,7.9,trading,West Bengal,22,1056308.08,978750.62,44481.57,5,85,0.375,1,100.0,10133395.44,4.0,0.207,0,12.6,0
MSME002188,Lakshmi Enterprises,2.2,food,Bihar,4,275331.45,260001.0,11039.79,1,18,0.608,1,79.7,3043980.78,13.5,0.822,0,37.8,0
MSME002189,Shiv Engineering Works,4.9,manufacturing,Karnataka,33,332190.49,283874.66,53333.04,0,38,0.146,1,94.5,2800221.55,0.0,0.226,0,2.5,0
MSME002190,Krishna Traders,5.3,trading,Maharashtra,6,503493.9,445869.82,63633.38,0,57,0.17,1,69.2,4580049.94,14.1,0.317,0,5.7,0
MSME002191,Maruti Plastics,4.6,trading,Uttar Pradesh,213,1689141.75,1586415.68,161342.74,0,51,0.268,1,77.2,20750540.66,0.0,0.348,0,10.5,0
MSME002192,Vishwakarma Solutions,1.4,services,Bihar,8,991337.88,914318.42,172083.36,1,12,0.259,1,78.0,9405215.58,11.0,0.32,0,12.4,1
MSME002193,Lakshmi Associates,2.5,manufacturing,Bihar,4,754769.07,737285.98,0.0,1,24,0.612,1,96.6,6882116.51,0.2,0.176,0,0.0,1
MSME002194,Kaveri Bakers,4.2,retail,Bihar,23,362232.52,311049.2,66747.16,0,29,0.24,1,89.5,3189722.16,8.0,0.609,0,35.1,0
MSME002195,Durga Logistics,6.0,retail,Maharashtra,10,1011121.97,901651.63,112868.56,0,63,0.372,1,81.0,10664244.26,12.9,0.856,1,70.4,0
MSME002196,National Bakers,3.2,retail,Telangana,6,184522.03,168918.24,20097.33,0,35,0.301,0,,,,0.839,1,81.8,0
MSME002197,Lakshmi Electricals,0.6,manufacturing,Rajasthan,8,567422.51,455654.59,118021.81,2,6,0.14,1,87.4,5493425.33,0.0,0.044,0,17.7,0
MSME002198,Royal Solutions,3.3,services,Madhya Pradesh,8,616402.12,611628.68,108380.02,2,36,0.382,1,89.8,6754910.71,0.0,0.419,0,21.5,1
MSME002199,Krishna Foods,15.7,retail,Tamil Nadu,9,997270.7,1014771.44,65934.64,0,177,0.317,1,77.7,12032762.52,4.0,0.509,0,32.3,0
MSME002200,Annapurna Exports,6.8,trading,Bihar,7,1352774.62,1358412.87,141796.57,0,49,0.29,1,77.4,12012985.63,12.7,0.108,0,11.6,0
MSME002201,Maruti Stores,5.8,manufacturing,Haryana,6,1032446.63,1078391.14,0.0,3,65,0.662,1,76.8,11846256.47,12.9,0.261,0,15.2,0
MSME002202,Shree Engineering Works,2.5,food,Tamil Nadu,48,565555.46,553488.86,0.0,5,22,0.354,1,88.8,4947632.07,0.0,0.808,1,62.6,1
MSME002203,Shree Engineering Works,3.5,retail,Telangana,8,593436.32,509252.39,82003.99,0,40,0.136,1,78.1,5700406.53,21.5,0.894,1,77.3,0
MSME002204,Ganesh Industries,0.6,trading,West Bengal,5,489143.95,526139.21,29131.32,5,6,0.25,1,63.7,5910957.32,18.5,0.23,0,1.1,1
MSME002205,Shiv Traders,2.3,trading,Tamil Nadu,9,349621.42,372138.59,13672.63,3,14,0.42,1,92.6,3244647.24,1.6,0.247,1,42.1,1
MSME002206,New Garments,6.5,services,Tamil Nadu,6,350214.0,295496.64,34703.9,0,64,0.339,0,,,,0.67,0,35.5,0
MSME002207,Balaji Solutions,5.9,retail,Bihar,152,2825962.87,2421913.97,495739.32,1,60,0.222,1,99.4,29711032.22,0.0,0.73,1,66.7,0
MSME002208,National Foods,2.9,retail,Tamil Nadu,8,615539.58,557906.42,6547.73,1,32,0.301,1,69.3,6136875.07,21.5,0.624,1,60.2,1
MSME002209,Kaveri Exports,4.6,manufacturing,Maharashtra,3,1288924.84,1110956.69,157261.42,0,51,0.163,1,73.1,13426707.48,17.5,0.107,0,18.3,0
MSME002210,Balaji Caterers,5.2,trading,Andhra Pradesh,2,180671.86,157272.23,34294.79,0,50,0.21,1,74.1,1589098.73,11.7,0.27,0,8.0,0
MSME002211,Durga Fabrics,3.0,retail,Karnataka,6,320611.43,331948.14,6736.64,4,34,0.372,0,,,,0.469,0,33.3,1
MSME002212,New Traders,7.1,trading,Bihar,9,648999.7,668683.93,23285.38,1,67,0.52,1,96.1,6627834.31,7.7,0.138,0,8.4,0
MSME002213,Hanuman Garments,5.8,retail,West Bengal,8,648983.44,522301.23,162245.86,1,52,0.116,1,92.3,7835830.03,3.5,0.715,1,77.3,0
MSME002214,Balaji Industries,3.6,trading,Karnataka,4,378987.21,377847.05,7498.77,1,29,0.489,0,,,,0.466,0,13.9,0
MSME002215,Balaji Foods,1.5,trading,Bihar,9,802165.99,650451.01,81098.17,0,7,0.391,1,73.3,7328553.23,20.3,0.477,0,25.3,0
MSME002216,Maruti Foods,3.4,retail,Maharashtra,7,640881.17,557889.48,135145.25,0,20,0.05,1,85.2,5753745.71,14.7,0.637,0,38.2,0
MSME002217,Shiv Suppliers,3.2,retail,Tamil Nadu,6,184330.24,172706.62,10702.2,0,36,0.502,1,82.9,1952633.73,12.0,0.828,1,70.4,0
MSME002218,Modern Textiles,2.9,manufacturing,West Bengal,10,904612.04,760234.12,156507.63,1,27,0.163,1,94.0,9415497.07,7.1,0.088,0,0.0,0
MSME002219,Lakshmi Engineering Works,1.0,manufacturing,Delhi,8,1008185.82,1109004.4,58106.85,0,8,0.48,1,100.0,11479330.57,0.0,0.236,0,7.2,0
MSME002220,Annapurna Foods,12.9,retail,Gujarat,3,377395.92,324793.91,42433.11,0,134,0.214,1,87.1,3761914.86,0.0,0.7,1,55.9,0
MSME002221,Classic Agencies,12.5,services,Punjab,1,78897.72,67461.43,16695.05,0,87,0.089,0,,,,0.344,0,35.6,0
MSME002222,Annapurna Stores,4.4,retail,Bihar,3,275379.34,271955.14,22753.87,0,29,0.41,1,74.0,3165643.09,10.9,0.623,1,60.2,0
MSME002223,Shree Agencies,6.0,manufacturing,Rajasthan,2,467371.97,456922.25,22841.71,1,59,0.385,1,83.3,5451411.46,6.1,0.159,0,0.0,0
MSME002224,Vishwakarma Electricals,7.0,manufacturing,Gujarat,2,228176.8,200327.93,34880.93,0,69,0.351,1,90.3,2553197.33,0.0,0.282,0,22.3,0
MSME002225,Vishwakarma Garments,4.5,services,Maharashtra,6,618444.58,650553.38,0.0,4,44,0.36,1,85.8,7062600.54,11.9,0.281,0,11.7,1
MSME002226,Hanuman Suppliers,6.3,services,West Bengal,10,650627.74,489527.83,162656.93,0,49,0.05,1,93.4,6688787.33,3.1,0.589,0,44.1,0
MSME002227,Royal Traders,7.7,trading,Maharashtra,7,515421.57,455908.5,104152.31,0,82,0.05,1,82.0,4686074.01,2.8,0.443,0,17.1,0
MSME002228,Classic Bakers,5.6,retail,Gujarat,5,377860.98,368681.83,40828.64,0,64,0.129,1,91.2,4874800.84,1.0,0.836,1,61.4,0
MSME002229,Lakshmi Caterers,8.7,trading,Uttar Pradesh,3,411906.91,387967.77,36767.79,0,67,0.38,1,76.1,3649514.78,5.0,0.435,0,19.1,0
MSME002230,Modern Suppliers,2.8,retail,Delhi,8,430470.01,349694.27,80367.38,0,25,0.05,1,100.0,5262528.85,0.0,0.463,0,29.9,0
MSME002231,Hanuman Associates,4.9,services,Gujarat,6,184033.93,167674.93,17022.84,0,52,0.172,1,70.6,1959357.37,13.7,0.552,0,34.8,0
MSME002232,Sai Stores,26.0,trading,Rajasthan,49,680682.85,645368.08,62077.57,0,240,0.261,1,94.7,7430643.65,6.5,0.151,0,20.5,0
MSME002233,Classic Exports,10.2,retail,Gujarat,1,239353.34,187993.95,44003.32,0,99,0.17,0,,,,0.564,1,73.9,0
MSME002234,Balaji Agencies,5.7,services,Uttar Pradesh,5,770637.08,775230.88,11523.33,3,49,0.531,1,90.0,9542699.09,6.4,0.666,0,42.2,0
MSME002235,Krishna Agencies,2.1,manufacturing,Gujarat,2,537475.13,533386.22,20660.18,0,22,0.164,1,89.7,6641153.88,0.0,0.087,0,0.0,0
MSME002236,New Textiles,5.1,services,Bihar,5,793743.91,750190.83,93827.89,1,51,0.399,1,68.2,9256507.17,12.2,0.631,0,42.9,0
MSME002237,Kaveri Metals,9.7,trading,West Bengal,25,324850.24,323114.41,18499.09,1,87,0.336,1,66.1,3194540.85,18.2,0.422,0,23.8,0
MSME002238,Lakshmi Electricals,8.4,manufacturing,Rajasthan,1,244859.31,234978.73,0.0,3,97,0.544,0,,,,0.188,0,10.6,1
MSME002239,Shiv Engineering Works,0.7,retail,Telangana,3,1003281.59,944254.07,133764.03,1,7,0.294,1,82.3,11769846.28,0.0,0.63,0,33.8,1
MSME002240,Royal Solutions,1.0,services,Maharashtra,9,280383.68,246369.94,39498.58,0,10,0.203,1,91.5,2384304.11,2.1,0.666,0,27.5,0
MSME002241,Kaveri Garments,1.1,trading,Telangana,12,370351.92,371983.19,26104.35,0,12,0.311,0,,,,0.242,0,6.0,0
MSME002242,Durga Suppliers,7.1,retail,Maharashtra,242,1042125.76,1127316.76,46369.3,2,63,0.463,1,61.1,8997727.86,23.9,0.584,1,46.2,0
MSME002243,Shiv Foods,1.1,food,Andhra Pradesh,2,707364.84,581190.97,148146.05,0,8,0.148,1,78.6,7550653.67,25.1,0.718,0,23.6,0
MSME002244,Balaji Engineering Works,2.0,trading,Delhi,2,226493.98,198692.02,22658.8,0,18,0.208,1,70.8,2812426.38,14.1,0.164,0,11.1,0
MSME002245,Sri Logistics,4.4,trading,Telangana,3,503370.43,503990.97,35855.15,1,33,0.36,1,90.3,5653056.18,1.1,0.368,0,33.4,0
MSME002246,National Plastics,10.9,retail,Maharashtra,117,1205025.07,1006640.83,300040.34,0,88,0.27,1,82.4,12693044.26,6.4,0.637,1,63.7,0
MSME002247,Krishna Industries,7.3,food,Karnataka,10,131337.62,120495.41,23084.62,0,64,0.224,0,,,,0.879,1,79.4,0
MSME002248,Annapurna Metals,3.9,manufacturing,Telangana,10,592582.9,444437.18,148145.73,0,22,0.108,1,91.8,5577584.73,3.0,0.029,0,19.9,0
MSME002249,Annapurna Exports,8.9,retail,Karnataka,7,305701.24,265380.88,50774.91,0,83,0.188,1,85.7,3696300.2,11.6,0.612,1,49.3,0
MSME002250,Vishwakarma Stores,18.8,services,Gujarat,8,591136.35,645841.08,0.0,3,195,0.623,1,60.2,6939379.92,21.4,0.585,1,71.4,1
MSME002251,Om Electricals,5.1,retail,Rajasthan,10,1201228.34,1192679.89,69921.39,2,59,0.266,1,89.4,14888252.96,0.0,0.608,1,69.6,0
MSME002252,Krishna Associates,1.4,services,Maharashtra,17,423128.74,430632.61,22193.63,1,15,0.503,1,70.2,5109482.88,19.2,0.643,0,35.3,0
MSME002253,Kaveri Fabrics,2.1,trading,Rajasthan,3,306489.96,293049.31,39446.77,1,17,0.209,0,,,,0.417,0,12.8,0
MSME002254,Om Bakers,2.1,retail,Maharashtra,5,1494788.21,1522751.47,56994.64,3,13,0.533,1,91.5,12656023.43,14.5,0.737,0,45.0,1
MSME002255,Lakshmi Foods,2.6,services,West Bengal,95,581918.82,577002.6,37532.22,3,17,0.497,1,72.6,5424279.42,19.0,0.58,0,53.9,1
MSME002256,Durga Stores,3.7,food,Gujarat,39,273550.04,256008.44,15650.63,2,25,0.294,1,87.0,2324197.94,13.6,0.614,1,67.7,0
MSME002257,New Caterers,6.1,trading,Uttar Pradesh,1,566821.37,551161.64,119036.47,0,63,0.146,1,97.8,7149960.74,1.9,0.2,0,3.7,0
MSME002258,Durga Suppliers,1.2,retail,Maharashtra,6,384613.18,359950.16,51336.86,1,10,0.376,1,83.7,3873186.31,0.4,0.677,1,68.7,0
MSME002259,Shree Industries,1.5,food,Delhi,44,693985.55,589439.93,143031.4,0,15,0.332,1,74.7,8974188.38,20.0,0.756,1,64.3,0
MSME002260,Modern Textiles,7.7,retail,Karnataka,10,1574888.34,1524462.37,52803.48,1,54,0.423,1,72.5,14209420.42,17.5,0.496,0,32.8,0
MSME002261,Shree Foods,3.2,trading,West Bengal,105,501981.96,496959.36,27720.85,4,30,0.442,1,69.0,5817873.14,24.6,0.175,1,25.6,0
MSME002262,Modern Industries,2.3,trading,Bihar,1,238620.71,210136.29,19208.44,0,24,0.065,1,85.1,2101546.23,4.8,0.148,1,38.2,1
MSME002263,Shree Fabrics,4.1,retail,West Bengal,12,247105.58,210730.33,41685.4,0,42,0.164,1,89.9,2908704.04,7.8,0.792,1,64.3,0
MSME002264,Om Solutions,12.2,retail,Gujarat,8,518770.34,464605.01,64723.75,0,131,0.266,1,67.1,4401932.51,15.6,0.841,1,53.3,0
MSME002265,Balaji Garments,8.5,retail,West Bengal,5,276105.29,264666.62,12566.87,1,75,0.391,1,74.7,2432468.67,8.3,0.439,0,24.4,0
MSME002266,Sai Associates,8.1,retail,Tamil Nadu,11,249217.74,260602.57,25841.85,0,94,0.439,1,81.4,2406554.24,0.0,0.896,0,42.3,0
MSME002267,Durga Fabrics,15.3,trading,Karnataka,10,797645.49,877410.03,0.0,2,129,0.553,1,64.5,8851762.82,14.4,0.4,0,11.8,0
MSME002268,Sri Exports,6.3,manufacturing,Uttar Pradesh,6,515052.87,392416.54,96379.14,0,30,0.05,1,89.9,5584401.27,1.0,0.295,0,3.0,0
MSME002269,Balaji Plastics,16.2,retail,Kerala,5,188017.83,206819.61,0.0,4,165,0.67,0,,,,0.787,1,63.1,0
MSME002270,Modern Associates,17.1,services,Rajasthan,2,139088.22,125129.65,31426.11,0,63,0.345,0,,,,0.5,0,24.0,0
MSME002271,Ganesh Electricals,1.3,trading,Uttar Pradesh,6,512182.7,431943.76,72607.64,0,14,0.361,1,81.7,4501402.88,6.2,0.305,0,18.2,0
MSME002272,Ganesh Enterprises,0.9,retail,West Bengal,10,184138.04,165112.66,20435.76,0,7,0.323,0,,,,0.62,0,28.1,0
MSME002273,Lakshmi Associates,2.0,trading,Maharashtra,1,301116.13,264666.15,31738.35,1,19,0.531,1,80.5,2915757.14,15.1,0.4,0,14.1,0
MSME002274,Shiv Metals,11.4,retail,Rajasthan,1,480504.01,436782.83,42159.78,0,100,0.4,1,66.3,5183165.74,16.6,0.794,0,39.1,0
MSME002275,Annapurna Enterprises,4.1,services,Andhra Pradesh,9,608912.53,554080.6,72379.67,0,35,0.228,1,78.3,5347965.05,10.6,0.283,1,40.9,1
MSME002276,Vishwakarma Foods,3.7,trading,Bihar,30,527639.38,468862.38,13206.38,1,23,0.631,1,80.2,5515430.54,4.1,0.242,0,12.2,1
MSME002277,Kaveri Engineering Works,9.1,services,Madhya Pradesh,3,351900.47,336475.1,49776.98,0,78,0.392,1,79.8,3560524.71,11.3,0.465,0,26.2,0
MSME002278,Sai Metals,3.0,food,Rajasthan,43,296279.78,301661.37,7878.9,2,26,0.459,0,,,,0.747,1,56.6,0
MSME002279,Maruti Garments,5.7,retail,Rajasthan,7,446604.43,418495.59,34147.13,1,33,0.279,1,64.9,3943009.64,23.5,0.537,0,17.3,0
MSME002280,Durga Garments,7.7,food,Maharashtra,7,284512.92,285588.13,19221.64,1,22,0.366,1,71.1,2527893.06,16.5,0.437,1,53.8,1
MSME002281,New Suppliers,2.1,retail,West Bengal,5,211302.55,187412.21,15147.6,0,23,0.37,1,70.7,2235327.29,12.0,0.504,0,30.7,1
MSME002282,Maruti Engineering Works,1.7,retail,Karnataka,5,527410.12,449740.07,66607.13,1,17,0.405,1,81.5,6840125.7,17.2,0.436,1,31.1,1
MSME002283,Ganesh Logistics,5.1,retail,Maharashtra,7,139645.42,134057.25,6668.69,0,19,0.57,1,76.0,1696995.85,8.3,0.768,0,43.3,0
MSME002284,New Traders,5.6,manufacturing,Uttar Pradesh,41,477106.54,407551.27,101388.37,0,57,0.115,1,94.1,4742825.62,1.6,0.023,0,0.0,0
MSME002285,Durga Industries,8.6,services,Maharashtra,3,168408.34,139038.24,40051.55,0,96,0.23,1,82.6,1992379.59,9.6,0.578,1,45.0,0
MSME002286,National Metals,1.9,food,Tamil Nadu,2,176609.48,159427.06,17518.3,0,20,0.183,0,,,,0.784,0,58.3,0
MSME002287,Classic Stores,2.6,services,Maharashtra,11,916104.05,868610.38,180134.49,0,30,0.193,1,83.8,12016409.11,11.0,0.454,0,9.5,0
MSME002288,National Textiles,17.0,trading,Gujarat,10,807347.82,688065.9,201836.95,0,92,0.05,1,79.4,7481602.68,21.3,0.281,0,23.2,0
MSME002289,Classic Exports,10.1,manufacturing,Rajasthan,50,1030593.26,1082369.6,11037.63,1,86,0.648,1,81.5,9472525.24,13.0,0.098,0,0.0,0
MSME002290,Vishwakarma Enterprises,4.5,food,Rajasthan,1,195175.34,163342.02,27323.43,0,50,0.171,0,,,,0.658,0,25.2,0
MSME002291,Maruti Stores,11.2,manufacturing,Uttar Pradesh,2,364961.55,309462.36,72488.12,0,126,0.11,1,86.3,3580713.94,8.8,0.026,0,1.6,0
MSME002292,Ganesh Fabrics,1.9,services,Karnataka,8,865810.29,741584.41,137668.45,0,18,0.244,1,80.9,7547223.86,10.3,0.658,1,51.3,0
MSME002293,Kaveri Engineering Works,4.1,manufacturing,Telangana,6,188662.53,161337.44,39458.07,1,46,0.067,1,80.0,2426874.87,4.9,0.097,0,15.9,0
MSME002294,Sri Agencies,5.6,retail,Tamil Nadu,4,534745.15,456329.24,111335.94,0,37,0.089,1,87.6,5406889.88,5.8,0.761,1,76.5,0
MSME002295,Sri Foods,3.7,food,Tamil Nadu,132,626061.67,657472.36,42962.66,0,27,0.286,1,74.0,6851922.09,4.8,0.768,1,63.5,0
MSME002296,National Agencies,3.8,food,Karnataka,2,307424.58,279179.07,0.0,1,22,0.185,0,,,,0.711,1,66.0,0
MSME002297,Annapurna Engineering Works,8.3,services,Uttar Pradesh,22,731025.36,618844.12,115964.13,0,22,0.106,1,81.3,6667492.4,8.8,0.667,0,42.6,0
MSME002298,Shiv Foods,10.2,retail,Tamil Nadu,4,523594.78,524251.48,46393.57,0,110,0.242,1,75.8,4564215.03,6.0,0.463,0,14.7,0
MSME002299,Kaveri Exports,3.4,retail,Rajasthan,1,549542.13,412156.59,137385.53,0,30,0.05,1,91.1,5842930.02,2.5,0.566,0,43.4,0
MSME002300,Royal Bakers,1.3,food,Gujarat,6,152909.44,141402.62,30309.35,0,7,0.116,1,82.0,1532489.25,16.4,0.71,0,32.9,0
MSME002301,Lakshmi Fabrics,1.1,manufacturing,Telangana,79,1941728.56,1927413.82,189739.17,1,10,0.382,1,76.7,21485789.78,12.1,0.285,0,14.3,0
MSME002302,Balaji Engineering Works,0.5,services,Andhra Pradesh,5,340994.32,375093.75,25464.59,2,6,0.519,1,98.6,4349929.95,0.4,0.42,1,45.8,0
MSME002303,Krishna Caterers,15.1,food,Gujarat,20,363088.4,332329.58,35606.88,0,159,0.1,1,73.3,4745933.89,8.6,0.861,0,41.4,0
MSME002304,Royal Foods,8.3,trading,Rajasthan,10,1631868.26,1724908.74,31246.89,2,53,0.429,1,70.5,20954791.09,17.6,0.114,0,0.6,0
MSME002305,Classic Caterers,7.0,manufacturing,Delhi,25,1160193.9,987276.06,176211.83,1,66,0.05,1,74.4,11431970.88,17.3,0.124,0,9.8,0
MSME002306,Sai Electricals,3.0,retail,Rajasthan,41,562264.48,618490.93,0.0,2,27,0.547,1,62.1,4886325.87,21.9,0.761,0,46.1,1
MSME002307,Ganesh Garments,3.0,retail,Haryana,9,756922.99,628599.88,150230.82,0,20,0.062,1,73.1,8285062.2,16.8,0.528,1,43.3,0
MSME002308,Annapurna Foods,10.4,trading,Bihar,5,421534.85,402292.41,32334.74,0,121,0.274,1,66.7,4824087.11,21.9,0.33,0,16.7,0
MSME002309,Ganesh Fabrics,0.9,trading,Tamil Nadu,6,360070.64,396077.7,0.0,6,9,0.706,1,100.0,3234857.83,0.0,0.37,0,10.9,1
MSME002310,Om Electricals,3.5,trading,Uttar Pradesh,77,708416.99,612102.97,66240.84,1,38,0.37,1,74.6,8375008.49,7.9,0.473,0,16.4,0
MSME002311,Lakshmi Bakers,11.5,manufacturing,Uttar Pradesh,7,634431.21,589116.0,20922.25,1,116,0.268,1,85.9,5489451.06,9.7,0.149,1,47.8,0
MSME002312,Sai Enterprises,3.5,retail,Telangana,3,228784.37,214414.6,30561.69,0,26,0.437,0,,,,0.645,1,57.7,0
MSME002313,Om Garments,8.0,services,Tamil Nadu,23,610393.55,528346.99,104262.22,0,60,0.05,1,76.4,7898552.75,10.1,0.507,1,41.4,0
MSME002314,Sai Textiles,4.6,retail,Madhya Pradesh,7,674907.65,572645.54,80643.72,0,51,0.217,1,96.4,8110173.6,3.4,0.432,0,27.0,0
MSME002315,Kaveri Bakers,4.5,manufacturing,Karnataka,1,316512.4,271986.88,40714.47,0,32,0.265,0,,,,0.271,0,10.4,0
MSME002316,Shree Exports,5.2,retail,Telangana,10,1368796.11,1256038.05,154027.99,0,40,0.234,1,100.0,17367429.0,3.7,0.547,1,55.2,0
MSME002317,Sai Stores,4.2,services,Bihar,10,438748.54,345520.83,53032.4,0,47,0.302,1,87.5,4383019.49,11.4,0.378,0,11.2,0
MSME002318,Vishwakarma Bakers,1.6,services,Maharashtra,9,886040.52,956673.95,0.0,2,15,0.51,1,70.2,10050545.19,5.5,0.505,0,27.2,1
MSME002319,Royal Garments,4.2,trading,Tamil Nadu,3,633761.28,531368.39,87391.59,0,36,0.317,1,100.0,7368462.94,8.7,0.482,0,33.7,0
MSME002320,New Enterprises,0.6,retail,Karnataka,36,1573424.09,1420666.12,48417.35,3,6,0.568,1,76.1,18129187.43,12.0,0.5,0,34.9,1
MSME002321,Sai Foods,3.4,retail,Telangana,8,1276360.08,1129587.4,257258.84,0,23,0.156,1,95.2,11956609.74,4.5,0.888,0,59.7,0
MSME002322,Shree Foods,8.5,trading,Madhya Pradesh,20,249598.42,226628.35,36044.97,1,96,0.301,1,81.3,2165870.05,8.0,0.203,0,7.6,0
MSME002323,Ganesh Caterers,14.5,retail,Karnataka,6,457568.64,397437.26,55748.52,0,171,0.072,1,98.2,4644222.03,0.0,0.773,1,61.4,0
MSME002324,Durga Caterers,12.9,retail,Telangana,209,1088556.36,977062.53,137791.43,0,133,0.282,1,97.3,13919636.77,0.0,0.686,0,37.3,0
MSME002325,Sri Plastics,1.9,services,Rajasthan,10,463103.79,397008.43,96989.19,2,19,0.05,1,67.8,5303746.55,10.3,0.318,0,16.2,0
MSME002326,National Bakers,1.1,retail,Maharashtra,1,184843.47,186994.0,6526.49,7,11,0.507,0,,,,0.466,1,47.6,0
MSME002327,Ganesh Foods,5.6,retail,Andhra Pradesh,189,832810.95,805927.03,87276.69,1,48,0.273,1,89.5,8480772.22,15.1,0.683,0,27.9,0
MSME002328,Annapurna Stores,4.9,trading,Karnataka,4,220734.45,207522.9,9267.71,1,57,0.479,1,70.7,2488333.09,14.8,0.317,0,34.7,0
MSME002329,Shree Agencies,7.6,trading,Telangana,15,635953.63,693174.55,0.0,1,73,0.498,1,79.2,8246940.21,12.6,0.349,0,21.1,0
MSME002330,Balaji Foods,2.8,trading,Gujarat,1,444117.05,464940.2,28647.68,2,13,0.463,1,88.1,4355510.99,15.6,0.189,0,0.0,0
MSME002331,Sai Engineering Works,5.0,services,Karnataka,10,331998.53,304845.14,73949.56,0,59,0.05,1,80.0,3459669.75,11.2,0.556,0,30.2,0
MSME002332,Royal Exports,4.8,services,Tamil Nadu,2,223436.87,190961.62,18114.62,0,49,0.142,0,,,,0.699,1,71.3,0
MSME002333,Lakshmi Electricals,3.5,trading,Gujarat,15,410602.19,382085.51,41061.01,1,41,0.3,1,54.2,4520117.68,28.4,0.174,0,32.1,0
MSME002334,National Foods,0.8,trading,Uttar Pradesh,1,153774.44,146973.47,28405.99,0,7,0.233,0,,,,0.178,0,11.0,0
MSME002335,Krishna Electricals,8.4,retail,Bihar,28,553461.46,535757.98,108317.56,2,76,0.214,1,69.6,6399417.51,15.6,0.747,0,48.2,0
MSME002336,Om Industries,5.6,services,Tamil Nadu,2,323298.85,283570.62,53868.97,0,58,0.226,1,73.1,3892728.53,12.6,0.392,0,25.2,0
MSME002337,Shiv Solutions,8.8,trading,Tamil Nadu,10,1064703.91,966316.07,141163.49,0,92,0.222,1,80.5,10876331.33,8.4,0.324,0,12.4,0
MSME002338,National Agencies,10.4,manufacturing,Gujarat,11,319350.07,289606.37,45520.55,0,117,0.131,1,82.8,3969504.08,13.5,0.024,1,29.5,0
MSME002339,Shree Industries,4.5,services,Rajasthan,33,614686.89,579544.64,46196.87,0,32,0.413,1,82.1,5863978.82,9.9,0.292,1,39.1,0
MSME002340,Sai Associates,8.4,services,Karnataka,6,713450.76,630734.27,149932.79,0,82,0.095,1,87.9,6258942.84,8.0,0.256,0,7.1,0
MSME002341,Vishwakarma Bakers,14.7,trading,Madhya Pradesh,2,171347.87,178094.64,0.0,3,171,0.503,0,,,,0.493,0,28.8,0
MSME002342,Maruti Agencies,18.1,food,Madhya Pradesh,4,577160.96,508062.98,78854.83,0,158,0.181,1,96.7,6499324.08,16.8,0.67,1,63.8,1
MSME002343,Om Metals,6.2,trading,Gujarat,5,339614.11,281447.35,45114.61,1,21,0.159,1,77.7,3356104.8,18.8,0.175,0,16.1,0
MSME002344,Sri Suppliers,6.5,trading,Rajasthan,41,1208302.01,1109318.08,148062.07,1,65,0.378,1,75.5,11799656.41,17.9,0.44,0,32.3,0
MSME002345,Krishna Logistics,6.1,manufacturing,Uttar Pradesh,9,513528.3,486508.29,57981.68,1,50,0.392,1,62.1,5469445.41,27.1,0.276,0,0.0,0
MSME002346,Lakshmi Engineering Works,7.4,services,Karnataka,3,389464.59,305068.76,97366.15,0,80,0.06,1,86.7,4183326.86,8.0,0.519,0,20.2,0
MSME002347,Ganesh Traders,10.1,trading,Andhra Pradesh,33,1853897.13,1556758.73,405567.76,0,65,0.159,1,98.9,22601818.72,8.1,0.104,1,43.4,0
MSME002348,New Electricals,6.0,retail,Rajasthan,29,595802.08,526747.38,79679.9,0,64,0.307,1,81.7,6822184.3,14.3,0.455,1,44.2,0
MSME002349,Kaveri Caterers,17.4,retail,Delhi,2,490699.23,522568.75,13768.78,2,165,0.512,1,80.3,6094371.2,10.7,0.717,1,54.6,0
MSME002350,Om Fabrics,15.7,manufacturing,Uttar Pradesh,17,816215.79,875561.82,0.0,1,143,0.551,1,60.6,9553726.11,17.7,0.295,0,0.0,0
MSME002351,Om Fabrics,5.2,retail,Bihar,8,280002.78,267003.55,47137.46,1,49,0.248,1,74.8,2656622.9,12.1,0.78,0,53.5,0
MSME002352,New Bakers,5.2,retail,Madhya Pradesh,5,345454.63,315537.75,69445.08,1,33,0.125,0,,,,0.668,1,59.5,0
MSME002353,Sri Agencies,3.3,retail,Madhya Pradesh,17,483315.14,410496.9,82179.49,0,38,0.411,1,93.8,4597294.34,0.0,0.65,0,24.9,0
MSME002354,Shiv Electricals,7.7,food,Madhya Pradesh,2,107242.23,109948.18,0.0,2,83,0.564,0,,,,0.519,0,20.9,0
MSME002355,Ganesh Caterers,3.8,services,Maharashtra,151,1274525.49,1144414.78,161591.47,0,30,0.162,1,96.2,12176457.54,10.3,0.606,0,24.9,0
MSME002356,Maruti Associates,3.2,trading,Bihar,5,620868.21,608292.57,53382.4,0,23,0.391,1,91.9,6753244.53,1.6,0.386,0,38.5,1
MSME002357,Vishwakarma Engineering Works,7.5,food,Rajasthan,15,670422.58,640256.58,94764.04,0,75,0.192,1,75.6,6871864.46,8.8,0.411,0,28.6,0
MSME002358,Kaveri Engineering Works,1.8,trading,Karnataka,5,949199.54,760599.65,237299.89,0,13,0.093,1,93.4,10334620.11,0.3,0.281,0,19.5,0
MSME002359,Hanuman Bakers,10.2,manufacturing,Maharashtra,3,701745.29,594516.26,92544.33,0,102,0.257,1,99.8,7575060.64,0.0,0.144,0,12.4,0
MSME002360,Kaveri Enterprises,7.8,services,Uttar Pradesh,14,346118.53,336515.45,60530.89,0,77,0.165,0,,,,0.292,1,53.2,0
MSME002361,Hanuman Enterprises,15.2,trading,Kerala,33,617366.46,562576.91,62049.02,0,136,0.213,1,100.0,7509232.3,0.0,0.106,0,25.9,0
MSME002362,New Logistics,6.3,manufacturing,Tamil Nadu,22,1203438.97,1128919.87,194361.08,0,49,0.254,1,71.8,14646085.71,19.6,0.073,0,5.5,0
MSME002363,Modern Traders,8.7,food,Gujarat,3,326548.24,319610.12,36291.02,0,92,0.32,1,93.1,3401975.35,0.0,0.581,1,54.1,0
MSME002364,Balaji Textiles,9.5,retail,Uttar Pradesh,1,227756.04,202223.71,17093.61,0,110,0.147,0,,,,0.562,0,47.6,0
MSME002365,New Solutions,12.2,retail,West Bengal,9,276343.14,270048.99,38403.41,1,77,0.282,0,,,,0.589,1,52.0,0
MSME002366,Sai Exports,5.7,manufacturing,Bihar,1,222446.52,236840.59,10743.88,2,47,0.471,0,,,,0.213,0,21.2,1
MSME002367,Ganesh Logistics,3.3,trading,Delhi,6,629503.91,559125.03,86310.69,1,24,0.052,1,75.5,5626919.68,15.4,0.471,0,16.1,0
MSME002368,Annapurna Plastics,6.4,trading,Karnataka,37,270890.94,287623.09,0.0,6,54,0.545,1,73.0,3368030.68,16.1,0.119,0,9.3,0
MSME002369,Annapurna Enterprises,10.2,retail,Tamil Nadu,1,63503.57,66178.8,2271.93,1,96,0.592,1,73.2,585912.36,14.0,0.792,1,68.2,0
MSME002370,Annapurna Textiles,11.2,manufacturing,Maharashtra,9,847761.46,772954.82,144708.49,0,100,0.39,1,80.8,9670068.48,2.8,0.237,0,10.7,0
MSME002371,Shree Fabrics,0.8,services,Tamil Nadu,25,428558.3,365473.32,68356.15,0,8,0.237,1,84.6,5538851.6,8.5,0.48,0,28.5,0
MSME002372,National Enterprises,28.8,food,West Bengal,147,1106779.2,1049630.12,204942.97,0,240,0.238,1,79.4,11107206.66,6.4,0.567,1,52.1,0
MSME002373,Sai Associates,3.2,trading,Punjab,4,961893.22,955311.0,83849.19,1,19,0.462,1,79.9,9056074.45,15.0,0.225,0,0.0,0
MSME002374,Maruti Electricals,8.8,food,Maharashtra,23,279557.75,295328.41,31977.26,0,80,0.273,1,82.5,3076325.08,5.0,0.84,0,53.7,0
MSME002375,Durga Agencies,13.1,trading,Gujarat,29,293744.52,267220.45,17367.37,0,139,0.05,0,,,,0.112,0,3.2,0
MSME002376,Modern Solutions,4.8,services,Madhya Pradesh,10,374145.33,328591.36,64707.7,0,44,0.05,1,87.0,4740057.0,7.6,0.523,1,52.7,0
MSME002377,Royal Suppliers,11.5,services,Karnataka,25,394335.04,350034.48,67682.31,1,122,0.128,1,97.8,3739477.35,5.4,0.59,0,47.1,0
MSME002378,Balaji Suppliers,0.8,trading,West Bengal,15,594438.57,527254.63,103465.85,0,7,0.173,1,72.3,7770027.47,17.1,0.484,0,24.4,0
MSME002379,Modern Agencies,11.8,services,Rajasthan,12,618769.73,561420.18,91251.61,0,125,0.334,1,62.1,6935429.61,25.7,0.556,0,33.8,0
MSME002380,Durga Agencies,10.8,retail,Tamil Nadu,1,275272.4,271725.06,0.0,3,77,0.599,1,76.0,3161547.62,17.1,0.537,1,47.0,0
MSME002381,Annapurna Stores,7.0,trading,Rajasthan,4,414541.14,436617.31,0.0,1,58,0.5,1,100.0,3977475.97,0.0,0.361,0,39.9,0
MSME002382,Vishwakarma Traders,10.2,services,Gujarat,50,1268392.04,1151288.45,149935.76,2,79,0.252,1,87.5,12828151.81,11.2,0.635,1,54.0,1
MSME002383,Classic Foods,16.0,retail,Madhya Pradesh,4,505889.44,431150.55,74445.36,2,169,0.184,1,81.3,4516100.11,12.3,0.792,1,58.7,0
MSME002384,Maruti Suppliers,13.4,services,Uttar Pradesh,1,196440.85,189741.61,11494.12,0,115,0.428,0,,,,0.649,0,11.7,0
MSME002385,Annapurna Suppliers,5.0,trading,Rajasthan,5,613157.21,583705.07,57406.21,0,56,0.21,1,89.4,6191753.1,7.1,0.151,0,14.0,0
MSME002386,Royal Enterprises,6.3,retail,Delhi,15,223001.08,220694.04,20386.84,0,54,0.339,0,,,,0.543,0,34.1,0
MSME002387,Modern Fabrics,4.4,services,Karnataka,5,633999.21,620091.82,30556.64,2,50,0.437,1,92.2,7678788.8,6.4,0.368,1,43.0,0
MSME002388,Modern Garments,3.9,retail,Uttar Pradesh,150,1059975.42,825199.92,261644.41,0,42,0.05,1,92.8,11977727.78,0.0,0.797,0,41.6,0
MSME002389,Modern Foods,9.5,food,Delhi,5,158918.16,152736.77,34164.63,0,63,0.114,0,,,,0.459,1,46.4,0
MSME002390,Royal Fabrics,4.3,food,Tamil Nadu,21,377558.31,380129.48,50836.49,0,45,0.38,0,,,,0.437,1,64.1,1
MSME002391,Shiv Solutions,9.5,trading,Bihar,6,808381.51,848092.29,41006.62,2,80,0.346,1,94.2,8514606.6,2.1,0.379,0,14.5,0
MSME002392,Annapurna Exports,4.8,trading,Maharashtra,27,472084.36,373391.94,75287.0,0,36,0.135,1,76.4,4946543.02,11.4,0.492,0,24.9,0
MSME002393,Hanuman Engineering Works,5.4,retail,Andhra Pradesh,28,789895.03,700025.06,120081.37,0,59,0.179,1,89.9,7890419.72,9.3,0.762,0,24.2,0
MSME002394,Kaveri Engineering Works,2.5,manufacturing,Uttar Pradesh,2,595609.74,499325.53,133199.65,0,18,0.207,1,85.6,5167550.91,5.8,0.136,0,12.2,0
MSME002395,Shiv Associates,9.3,retail,Gujarat,3,325008.21,318842.63,29294.79,1,73,0.238,1,72.2,3014977.72,22.8,0.873,0,47.6,0
MSME002396,Durga Traders,0.8,food,Punjab,40,358621.64,366764.5,25189.33,3,7,0.483,1,91.5,3934022.6,6.1,0.48,0,31.3,0
MSME002397,Classic Plastics,12.1,food,Karnataka,39,552795.85,529014.59,69566.87,0,93,0.219,1,74.1,7152614.51,11.5,0.608,1,62.3,0
MSME002398,Lakshmi Traders,22.1,retail,Tamil Nadu,5,172391.56,137161.19,33466.11,2,131,0.251,0,,,,0.57,0,33.8,0
MSME002399,Lakshmi Traders,5.5,services,Maharashtra,7,298869.88,281427.98,11210.84,2,40,0.391,0,,,,0.384,1,39.6,0
MSME002400,Sri Exports,5.3,trading,Maharashtra,35,423645.22,379010.74,65555.15,0,50,0.348,1,86.7,3895397.79,0.0,0.308,0,10.8,0
MSME002401,Shree Logistics,1.1,trading,Tamil Nadu,23,668520.1,555463.04,150817.91,0,12,0.137,1,82.8,7519974.69,2.6,0.204,0,16.3,0
MSME002402,Krishna Bakers,3.4,retail,Karnataka,4,174044.56,163460.01,12673.96,0,35,0.311,1,81.9,1614609.13,20.0,0.433,0,18.8,0
MSME002403,Sri Enterprises,10.3,services,Rajasthan,5,369764.57,351861.22,26932.07,0,80,0.231,1,89.4,3363072.53,6.5,0.279,0,20.6,0
MSME002404,Krishna Foods,11.4,retail,Delhi,10,860651.68,837697.76,22957.19,4,88,0.555,1,79.3,10710482.29,10.4,0.546,1,56.3,1
MSME002405,Maruti Exports,6.1,manufacturing,Bihar,49,1865851.18,1653235.86,252912.2,0,51,0.085,1,75.0,20885501.62,20.1,0.248,1,44.9,0
MSME002406,National Associates,9.9,trading,Delhi,14,297585.29,312939.81,23492.64,0,108,0.289,0,,,,0.333,0,8.2,0
MSME002407,Maruti Solutions,2.5,services,Karnataka,7,271080.36,286108.79,24457.68,0,21,0.572,1,85.5,3262420.86,6.0,0.689,1,58.7,0
MSME002408,Sri Stores,7.2,food,Rajasthan,1,302151.63,307135.47,18547.33,0,77,0.415,1,73.7,2989313.59,13.2,0.588,0,32.3,0
MSME002409,Shiv Garments,14.3,services,Karnataka,4,486243.27,454906.97,91284.82,0,90,0.207,1,91.1,5433924.36,3.7,0.562,0,23.8,0
MSME002410,Shree Enterprises,8.3,trading,Gujarat,1,189429.88,192273.39,0.0,3,49,0.476,0,,,,0.346,0,15.3,0
MSME002411,Om Enterprises,15.8,trading,Uttar Pradesh,23,524952.82,577448.1,19387.65,7,90,0.422,1,75.0,4457993.53,13.2,0.294,0,11.6,1
MSME002412,Shree Textiles,16.2,trading,Andhra Pradesh,26,744862.38,676857.42,143830.76,1,164,0.418,1,93.5,7815204.69,7.3,0.455,0,27.7,0
MSME002413,Classic Stores,7.6,trading,Madhya Pradesh,9,188430.49,177864.62,28872.62,0,78,0.402,0,,,,0.332,0,20.5,1
MSME002414,Hanuman Electricals,0.5,food,Tamil Nadu,9,490536.82,504432.71,44538.45,1,6,0.354,1,82.4,5998334.3,9.1,0.79,0,43.9,0
MSME002415,Maruti Foods,11.2,retail,Rajasthan,5,679001.65,678678.04,59814.4,0,121,0.317,1,100.0,5729209.76,2.2,0.507,1,43.2,0
MSME002416,Shiv Stores,1.6,trading,Uttar Pradesh,24,561004.82,420753.61,140251.2,0,17,0.11,1,100.0,5668372.42,16.3,0.376,1,39.7,0
MSME002417,Hanuman Metals,0.5,manufacturing,Karnataka,3,190250.39,160399.52,31221.22,0,6,0.05,1,80.6,2225599.31,12.8,0.087,0,0.0,0
MSME002418,Lakshmi Exports,0.6,trading,Gujarat,8,1083929.58,1137344.99,172051.03,0,6,0.265,1,77.5,12635400.79,0.0,0.382,0,34.3,0
MSME002419,Lakshmi Bakers,11.8,manufacturing,Andhra Pradesh,168,1583299.88,1513053.47,211857.27,0,51,0.159,1,84.9,15149027.02,7.3,0.033,0,0.0,0
MSME002420,Vishwakarma Logistics,7.6,retail,Karnataka,2,418921.74,383820.14,68018.25,0,88,0.204,1,77.5,4328644.65,3.6,0.512,0,18.1,1
MSME002421,Lakshmi Logistics,6.2,retail,Gujarat,33,320265.36,349279.34,7151.75,1,46,0.647,1,66.3,3820782.0,14.0,0.752,0,40.9,0
MSME002422,New Bakers,8.2,services,Bihar,8,197264.86,207205.13,1889.99,2,62,0.509,0,,,,0.684,0,28.2,1
MSME002423,Balaji Textiles,0.7,trading,Kerala,9,648593.88,655946.67,76950.52,0,7,0.417,1,74.8,6455920.68,2.8,0.276,0,9.2,0
MSME002424,National Fabrics,4.3,food,Telangana,13,722679.6,735244.79,26400.47,1,46,0.531,1,74.4,6397847.94,23.4,0.872,0,41.1,0
MSME002425,Ganesh Solutions,2.9,trading,Rajasthan,44,448548.13,397963.66,37040.72,0,33,0.405,1,86.9,5122546.37,8.1,0.25,0,0.0,0
MSME002426,Krishna Solutions,5.9,retail,Gujarat,17,512415.14,481108.13,47218.62,0,63,0.369,1,84.8,5331916.64,14.3,0.408,1,47.4,0
MSME002427,Annapurna Associates,6.0,trading,Madhya Pradesh,2,136877.19,134734.11,10080.4,0,56,0.433,0,,,,0.383,0,6.9,0
MSME002428,Maruti Fabrics,7.9,trading,Telangana,6,310607.0,271821.14,42757.91,0,78,0.206,1,83.6,3046960.36,8.4,0.159,0,27.3,0
MSME002429,New Bakers,8.8,services,Punjab,2,232396.48,218170.71,33352.98,0,92,0.184,0,,,,0.258,0,9.2,0
MSME002430,Lakshmi Bakers,0.7,retail,Rajasthan,7,542159.38,527824.86,36422.82,0,7,0.515,1,59.2,4956926.15,11.4,0.602,1,54.6,1
MSME002431,Balaji Bakers,4.4,services,Madhya Pradesh,7,122804.32,106421.74,14403.93,0,48,0.401,0,,,,0.434,0,15.6,0
MSME002432,Om Metals,5.3,food,Tamil Nadu,1,390773.18,397163.35,6003.44,1,52,0.41,1,80.9,4897260.37,17.0,0.435,0,24.1,0
MSME002433,Annapurna Agencies,1.5,trading,Maharashtra,10,485466.19,395785.81,86090.44,0,10,0.312,1,92.2,4148305.64,6.2,0.326,0,20.4,0
MSME002434,Ganesh Logistics,1.4,services,Tamil Nadu,3,616694.84,541240.71,145973.25,0,13,0.205,1,77.4,6342477.29,7.6,0.696,1,47.0,0
MSME002435,Shiv Exports,1.2,retail,Maharashtra,5,549614.89,479578.98,88330.02,0,11,0.13,1,67.4,5706516.63,16.6,0.488,0,29.4,0
MSME002436,Krishna Metals,9.8,manufacturing,Rajasthan,3,663598.1,607097.67,118725.2,0,85,0.323,1,98.2,7069040.85,0.0,0.199,0,13.5,0
MSME002437,Hanuman Metals,0.9,retail,Gujarat,25,1850020.87,1576314.01,254672.68,0,9,0.217,1,74.7,23888410.62,14.5,0.878,1,59.4,0
MSME002438,Durga Caterers,1.1,services,Madhya Pradesh,34,410332.19,451365.41,10858.16,6,10,0.422,0,,,,0.507,1,56.3,1
MSME002439,National Associates,5.7,trading,West Bengal,10,574445.67,603968.66,0.0,2,47,0.561,1,61.3,6572167.41,9.2,0.254,0,2.3,0
MSME002440,Sai Plastics,7.2,retail,Uttar Pradesh,8,250190.06,223544.91,32694.67,0,65,0.242,1,71.5,2671660.66,10.2,0.407,1,42.6,0
MSME002441,Maruti Textiles,5.1,trading,Madhya Pradesh,46,799773.51,705485.14,197896.11,1,36,0.151,1,100.0,9224306.52,0.0,0.265,0,9.3,0
MSME002442,Shree Suppliers,1.9,retail,Uttar Pradesh,10,685853.02,668102.55,0.0,2,19,0.479,1,88.0,8971538.89,13.6,0.845,0,34.4,0
MSME002443,Shree Associates,1.4,manufacturing,Maharashtra,33,1594490.93,1571613.11,61242.18,0,14,0.238,0,,,,0.168,0,0.0,0
MSME002444,Kaveri Garments,5.5,retail,Punjab,4,283493.89,254433.62,38641.93,0,19,0.459,1,84.5,3633346.29,4.6,0.735,1,84.9,0
MSME002445,Krishna Stores,4.7,food,Maharashtra,6,167550.17,151436.89,9716.38,0,50,0.406,0,,,,0.518,1,37.2,0
MSME002446,Royal Bakers,3.7,trading,Gujarat,6,475660.9,441048.06,58716.79,0,23,0.465,1,97.4,5449509.94,3.7,0.438,0,31.8,0
MSME002447,New Industries,9.5,retail,West Bengal,32,410662.64,341800.71,44838.48,0,79,0.254,1,75.3,4673152.37,5.0,0.746,0,39.4,0
MSME002448,Hanuman Exports,4.4,trading,Gujarat,3,269582.82,249764.34,36637.05,0,23,0.42,1,94.6,3026609.12,0.0,0.178,0,23.8,0
MSME002449,New Logistics,1.3,retail,Gujarat,10,667850.46,589338.92,88137.42,0,6,0.214,1,87.1,6278832.5,4.1,0.437,0,34.3,0
MSME002450,Annapurna Metals,3.7,manufacturing,Bihar,9,756224.32,721117.23,39729.82,1,26,0.43,1,85.1,9264362.81,2.5,0.031,1,15.1,1
MSME002451,National Fabrics,7.8,retail,West Bengal,10,730276.02,691418.42,105424.31,0,70,0.264,1,70.6,8561909.12,13.2,0.735,1,58.9,0
MSME002452,Royal Fabrics,4.2,manufacturing,Karnataka,108,1019895.79,979151.6,82943.29,0,38,0.304,1,75.0,11865184.73,7.3,0.08,0,12.3,0
MSME002453,Sai Bakers,7.7,retail,Kerala,5,651886.09,661380.53,57183.24,0,71,0.372,1,94.1,7664563.05,5.0,0.607,0,33.0,0
MSME002454,Shiv Solutions,8.9,retail,Maharashtra,2,285901.73,293375.43,25119.75,1,92,0.354,1,82.2,3378792.42,8.6,0.707,1,54.7,0
MSME002455,National Suppliers,4.4,retail,Rajasthan,2,242613.79,226838.55,25358.42,0,45,0.175,0,,,,0.518,0,21.1,0
MSME002456,Shiv Foods,5.1,services,Uttar Pradesh,6,203934.09,207148.47,378.49,3,40,0.394,1,94.4,2587063.33,5.6,0.575,0,51.1,0
MSME002457,National Associates,4.0,trading,Maharashtra,20,208330.19,178909.24,20099.57,0,42,0.264,0,,,,0.238,0,12.5,0
MSME002458,Classic Logistics,7.9,food,Punjab,39,242251.21,239914.52,18261.92,0,70,0.43,0,,,,0.705,1,63.5,0
MSME002459,Shiv Industries,3.9,trading,Bihar,9,581461.25,590637.65,14576.81,1,26,0.3,1,80.2,6279213.39,12.8,0.334,0,24.4,0
MSME002460,Sai Fabrics,7.3,retail,Uttar Pradesh,7,251534.76,276688.23,0.0,4,83,0.527,1,79.2,2372738.79,17.7,0.527,1,42.2,0
MSME002461,Ganesh Garments,6.1,manufacturing,Gujarat,8,226041.25,191765.71,41277.11,0,53,0.1,0,,,,0.183,0,23.8,0
MSME002462,Kaveri Caterers,0.6,services,Uttar Pradesh,8,323275.74,278949.02,49349.29,1,6,0.263,1,91.1,3324181.72,13.1,0.657,1,41.4,0
MSME002463,Shiv Foods,7.6,manufacturing,Madhya Pradesh,9,675275.5,656216.76,56418.82,1,83,0.364,1,94.9,8326897.6,4.4,0.203,1,48.3,0
MSME002464,Krishna Caterers,5.7,trading,Gujarat,10,669947.82,639138.56,126051.95,1,57,0.299,1,100.0,6920156.6,8.3,0.22,0,16.7,0
MSME002465,Shiv Exports,12.4,services,Kerala,4,324928.93,330089.21,0.0,2,118,0.439,1,73.7,4175232.44,23.9,0.401,1,54.2,0
MSME002466,Annapurna Associates,1.6,retail,Uttar Pradesh,8,417229.61,365785.63,15996.88,0,16,0.387,1,96.8,3563641.55,8.0,0.498,0,22.1,0
MSME002467,Ganesh Stores,6.2,food,Gujarat,3,195999.69,195870.06,0.0,2,70,0.474,1,86.7,2489039.13,9.1,0.74,0,34.4,1
MSME002468,Durga Associates,3.4,retail,Delhi,33,938629.68,869421.18,76015.06,0,26,0.231,1,72.6,12094985.86,16.4,0.671,0,51.4,1
MSME002469,Shree Caterers,0.7,manufacturing,Kerala,7,486857.32,457157.29,69850.62,0,7,0.187,1,83.1,6066436.69,0.0,0.209,0,36.4,0
MSME002470,Kaveri Textiles,0.5,retail,Tamil Nadu,12,467678.36,460695.33,40759.56,0,6,0.394,1,76.0,5211798.66,8.9,0.54,0,31.4,1
MSME002471,Royal Logistics,14.2,manufacturing,Rajasthan,1,527103.12,535429.75,60992.91,3,119,0.365,1,68.3,6925017.59,0.0,0.134,1,44.0,0
MSME002472,Sai Solutions,6.2,manufacturing,Kerala,1,460414.13,428146.95,73910.24,0,63,0.079,1,84.2,4593118.88,7.8,0.228,0,15.0,0
MSME002473,Vishwakarma Foods,4.3,manufacturing,Madhya Pradesh,2,331816.61,322707.84,30931.44,0,35,0.354,0,,,,0.212,0,6.0,1
MSME002474,Kaveri Engineering Works,1.0,trading,West Bengal,6,381650.7,392393.74,26113.99,1,11,0.387,1,78.9,4247820.46,0.7,0.469,0,42.3,0
MSME002475,Balaji Plastics,13.7,trading,Madhya Pradesh,10,443523.46,423080.59,48591.83,0,124,0.278,1,94.2,4085545.43,6.7,0.307,0,14.6,0
MSME002476,Vishwakarma Logistics,2.7,manufacturing,Delhi,6,168492.63,139144.84,21529.86,1,23,0.141,1,100.0,1888302.33,0.0,0.059,0,9.3,0
MSME002477,Om Solutions,6.4,services,Karnataka,6,682273.96,545073.16,148351.86,0,69,0.05,1,91.8,7026982.4,4.0,0.399,0,23.4,0
MSME002478,Annapurna Fabrics,5.5,services,Uttar Pradesh,7,268305.12,263264.02,8622.22,4,58,0.535,1,98.0,2429240.62,4.8,0.651,0,40.3,1
MSME002479,Sai Fabrics,18.2,retail,Rajasthan,9,715355.35,755238.44,51143.84,1,165,0.531,1,92.7,7051799.53,0.0,0.476,0,22.3,0
MSME002480,Balaji Exports,5.0,trading,Bihar,6,467435.07,350576.3,63870.19,0,55,0.122,1,92.8,3933011.15,8.8,0.264,0,16.8,0
MSME002481,Durga Suppliers,3.2,trading,Rajasthan,8,1071513.7,1017248.38,35742.26,2,31,0.207,1,82.6,14057299.19,9.1,0.36,0,11.4,0
MSME002482,Royal Foods,6.3,services,Tamil Nadu,5,472577.96,505992.63,0.0,3,64,0.56,1,67.3,4017287.89,18.3,0.552,0,46.4,1
MSME002483,Annapurna Plastics,6.8,retail,Madhya Pradesh,206,1903461.91,1983950.45,138699.44,2,72,0.492,1,90.9,20178600.56,0.6,0.645,1,63.4,0
MSME002484,Ganesh Textiles,27.1,trading,Rajasthan,27,519947.34,496483.32,56846.05,0,240,0.325,1,82.9,4443607.59,15.1,0.32,1,42.1,0
MSME002485,Ganesh Traders,4.9,manufacturing,Punjab,52,485343.77,453046.08,47631.59,0,55,0.346,1,88.3,5094441.24,6.5,0.183,0,15.5,0
MSME002486,Maruti Bakers,1.6,trading,Gujarat,206,1444042.13,1360657.03,243424.55,0,17,0.163,1,79.2,16863273.34,11.3,0.19,0,16.7,0
MSME002487,Kaveri Metals,3.7,manufacturing,Madhya Pradesh,10,208233.81,206244.42,15589.84,0,27,0.458,1,84.8,2336932.16,5.4,0.072,0,0.0,0
MSME002488,Sai Garments,6.3,retail,Karnataka,5,289327.76,246461.27,46120.93,0,62,0.051,0,,,,0.867,1,61.9,0
MSME002489,Om Traders,7.2,trading,Maharashtra,9,268500.3,237778.34,44822.07,0,58,0.242,1,79.4,2426277.49,10.6,0.214,0,7.5,0
MSME002490,Maruti Enterprises,0.9,trading,Rajasthan,10,335995.94,347534.01,30043.99,3,6,0.579,1,85.5,3612188.76,11.2,0.469,0,33.5,0
MSME002491,Ganesh Industries,3.3,trading,Maharashtra,46,1174003.22,1098619.34,59217.39,2,30,0.262,1,93.2,10856496.57,3.2,0.295,0,13.9,0
MSME002492,Lakshmi Logistics,17.5,services,Telangana,45,918854.68,807654.73,124720.42,0,160,0.206,1,90.5,10042709.05,0.0,0.429,0,13.2,0
MSME002493,Classic Foods,2.2,retail,Bihar,9,408978.14,408872.74,26225.76,0,22,0.389,1,83.7,4055313.17,5.8,0.844,1,72.9,0
MSME002494,Hanuman Engineering Works,9.7,trading,Maharashtra,19,772071.49,699432.29,79327.86,0,109,0.314,1,88.2,8233347.16,9.7,0.24,0,28.3,0
MSME002495,Vishwakarma Bakers,3.8,retail,Rajasthan,40,521435.86,494690.51,43080.97,0,24,0.423,1,71.9,4816696.27,18.2,0.885,0,48.1,0
MSME002496,Kaveri Bakers,5.2,services,Punjab,4,1254069.02,1055187.45,112661.98,0,56,0.257,1,78.3,12208064.56,16.2,0.285,0,0.7,0
MSME002497,National Fabrics,4.2,manufacturing,Tamil Nadu,4,534534.33,517331.95,29304.32,1,44,0.389,1,76.3,6016267.87,17.4,0.209,0,3.7,0
MSME002498,Royal Electricals,6.2,retail,Kerala,209,836693.88,627520.41,209173.47,0,63,0.05,1,78.3,7965805.68,4.2,0.707,1,59.0,0
MSME002499,Shree Associates,5.0,trading,Uttar Pradesh,8,806627.81,809809.96,20535.98,2,21,0.584,0,,,,0.48,1,51.3,0
MSME002500,Classic Foods,4.4,trading,Maharashtra,10,1054702.48,791026.86,263675.62,0,42,0.05,1,89.2,13435488.35,7.2,0.347,0,23.7,0
MSME002501,Durga Bakers,7.9,services,Karnataka,7,255430.01,257071.24,0.0,1,92,0.344,1,88.8,2146304.88,4.1,0.563,0,37.9,1
MSME002502,Sai Enterprises,1.4,retail,Uttar Pradesh,24,275677.71,213884.0,55509.36,0,11,0.05,1,77.4,3257123.57,0.2,0.631,1,58.5,0
MSME002503,New Logistics,6.4,trading,Andhra Pradesh,41,417583.94,372757.33,97696.3,0,44,0.129,1,88.3,4725070.16,3.9,0.377,0,12.3,0
MSME002504,Balaji Garments,0.5,manufacturing,Madhya Pradesh,8,386501.81,373494.45,8952.93,0,6,0.371,1,88.0,5026060.88,17.0,0.193,0,0.0,0
MSME002505,Sai Fabrics,11.7,trading,Madhya Pradesh,154,1183474.7,1093375.48,159629.86,0,76,0.152,1,79.6,15500982.88,12.1,0.21,0,13.5,0
MSME002506,Balaji Plastics,4.5,services,Madhya Pradesh,5,144165.86,142575.69,13789.87,1,51,0.264,0,,,,0.596,0,17.3,0
MSME002507,Shiv Textiles,9.2,trading,Madhya Pradesh,31,596527.29,546395.65,58307.78,0,61,0.295,1,98.1,7456973.46,0.0,0.18,0,25.3,0
MSME002508,Hanuman Fabrics,0.5,food,Bihar,9,327734.21,315266.03,47670.47,0,6,0.194,0,,,,0.441,0,34.2,0
MSME002509,Vishwakarma Suppliers,8.3,retail,Madhya Pradesh,23,709981.75,732913.58,16092.13,0,84,0.398,1,73.4,7362491.73,22.5,0.765,1,79.9,0
MSME002510,Balaji Plastics,2.6,retail,Andhra Pradesh,49,1045065.87,1069828.53,0.0,6,19,0.425,1,85.4,12316598.27,11.2,0.64,0,33.0,0
MSME002511,Annapurna Agencies,5.2,trading,Karnataka,20,820109.27,689380.33,118806.26,0,56,0.484,1,87.7,7530357.7,0.0,0.283,0,16.0,0
MSME002512,Royal Electricals,8.4,trading,Gujarat,5,1158556.29,1115688.86,14410.78,2,44,0.386,1,75.0,13582269.57,6.2,0.266,0,3.5,0
MSME002513,Modern Plastics,4.8,services,Rajasthan,24,1036142.71,1001410.69,30640.98,4,31,0.407,1,71.8,11609310.67,6.4,0.281,1,47.9,1
MSME002514,New Engineering Works,7.6,retail,Rajasthan,7,468153.51,419035.86,97156.05,0,62,0.099,1,100.0,4342860.39,14.1,0.773,1,53.0,0
MSME002515,Balaji Engineering Works,3.9,retail,Tamil Nadu,6,231902.81,202660.21,37529.95,0,37,0.135,0,,,,0.583,1,54.8,0
MSME002516,National Engineering Works,12.3,services,Gujarat,9,290983.88,289061.2,0.0,3,120,0.445,0,,,,0.451,0,16.1,0
MSME002517,Durga Traders,4.5,retail,Gujarat,8,196634.04,189460.99,11397.08,1,37,0.371,1,75.2,1796552.06,14.1,0.856,0,60.1,0
MSME002518,Om Caterers,4.6,services,Maharashtra,9,459037.13,502416.24,0.0,4,43,0.493,1,91.9,4722254.8,7.5,0.379,0,24.2,1
MSME002519,Balaji Foods,4.7,services,Andhra Pradesh,2,321197.83,288453.49,60474.0,0,20,0.194,1,66.7,4112116.35,11.0,0.571,1,58.7,0
MSME002520,Modern Textiles,5.1,retail,Bihar,3,524010.42,430327.48,82528.85,0,46,0.107,1,91.7,4887786.13,0.0,0.409,1,44.5,0
MSME002521,Vishwakarma Textiles,1.5,services,Tamil Nadu,10,504560.66,494722.22,0.0,3,9,0.503,1,75.8,4491630.13,4.6,0.685,1,69.0,0
MSME002522,Shree Solutions,2.1,manufacturing,Delhi,48,1715248.84,1354657.18,223867.51,0,24,0.286,1,95.8,22347039.65,3.1,0.279,0,28.9,0
MSME002523,Kaveri Plastics,10.2,manufacturing,Delhi,2,663303.59,497477.69,109154.12,0,86,0.05,1,90.8,7024841.33,2.4,0.074,0,17.9,0
MSME002524,Vishwakarma Electricals,9.2,retail,Andhra Pradesh,8,245097.86,260290.74,2139.06,6,103,0.641,1,94.7,2416561.72,0.5,0.721,1,87.8,0
MSME002525,Sai Exports,8.8,trading,Maharashtra,7,359992.3,355970.6,29099.75,3,76,0.422,1,87.5,4101143.33,7.3,0.415,0,13.6,0
MSME002526,Ganesh Enterprises,7.1,food,Gujarat,4,285771.05,299460.54,0.0,4,76,0.512,1,76.8,3632329.2,1.3,0.869,1,67.2,1
MSME002527,Shiv Electricals,3.3,services,Rajasthan,1,147199.67,138802.05,25369.6,0,21,0.05,0,,,,0.347,1,50.9,0
MSME002528,Classic Foods,3.0,retail,Madhya Pradesh,1,201190.35,171602.75,13919.09,2,22,0.159,1,72.4,1901597.27,19.7,0.682,1,62.6,0
MSME002529,Sai Metals,4.9,retail,West Bengal,19,661469.79,564804.0,83415.73,1,49,0.497,1,78.4,7460500.79,18.7,0.895,1,77.0,1
MSME002530,Krishna Enterprises,11.3,services,Madhya Pradesh,18,486276.07,417182.84,39345.01,0,127,0.387,1,71.4,5079385.63,22.8,0.336,0,4.9,0
MSME002531,Classic Exports,5.9,manufacturing,Bihar,9,579063.34,499733.61,34818.19,2,49,0.522,1,74.2,6628532.92,10.6,0.141,1,40.0,0
MSME002532,National Fabrics,2.0,food,Delhi,2,138813.84,128742.4,5059.23,2,16,0.523,1,66.5,1247841.54,15.1,0.507,1,48.4,0
MSME002533,Classic Metals,1.2,food,Karnataka,8,468474.8,440323.96,64392.89,0,10,0.385,1,63.6,5817037.54,23.4,0.767,1,70.9,0
MSME002534,Annapurna Garments,9.4,trading,Kerala,2,415860.81,410676.49,43096.31,0,99,0.407,1,92.3,5115811.28,0.0,0.189,0,8.7,0
MSME002535,National Foods,13.9,services,Telangana,4,217046.12,220129.22,979.22,9,131,0.416,1,82.2,2460920.29,7.7,0.304,0,6.8,0
MSME002536,Modern Electricals,0.9,retail,Tamil Nadu,2,139279.3,133637.76,16982.92,0,6,0.26,0,,,,0.578,1,72.0,0
MSME002537,Ganesh Foods,9.6,retail,Telangana,7,815133.36,736394.88,141424.04,0,111,0.309,1,78.7,10381744.22,8.7,0.441,1,54.7,0
MSME002538,Shiv Stores,7.0,retail,Maharashtra,2,741928.44,639235.76,116207.41,0,21,0.283,1,94.3,8698849.77,10.4,0.44,0,24.0,0
MSME002539,Om Engineering Works,2.5,food,Uttar Pradesh,49,698038.33,635945.6,88797.17,0,29,0.287,1,56.7,6880524.57,20.2,0.457,1,41.1,0
MSME002540,Shiv Suppliers,6.0,retail,Haryana,7,339607.46,325501.22,1255.23,1,64,0.499,1,85.9,3887890.74,0.0,0.763,1,73.6,0
MSME002541,Lakshmi Stores,1.7,trading,Gujarat,10,948009.53,711007.15,179609.85,0,19,0.05,1,69.0,10079795.02,12.1,0.341,0,22.9,0
MSME002542,Modern Caterers,4.2,trading,Rajasthan,30,962885.38,910285.82,176100.81,0,44,0.156,1,77.8,11087718.26,5.4,0.282,0,7.3,0
MSME002543,Modern Agencies,5.1,trading,Delhi,8,443865.6,428299.6,51492.25,1,58,0.389,1,75.7,4956022.88,17.9,0.393,0,25.8,0
MSME002544,Maruti Solutions,12.2,trading,Gujarat,7,815220.37,873682.09,63805.9,1,144,0.381,1,81.7,7689999.11,14.0,0.477,0,25.2,0
MSME002545,National Exports,4.1,retail,Uttar Pradesh,10,295690.43,244116.13,73922.61,0,45,0.081,1,100.0,3137112.12,6.0,0.415,0,26.6,0
MSME002546,Maruti Stores,2.7,trading,Maharashtra,43,566909.63,442341.73,141727.41,0,28,0.05,1,100.0,6229691.03,5.9,0.168,0,14.0,0
MSME002547,New Stores,6.6,trading,Karnataka,9,630830.72,494420.41,149118.25,0,73,0.161,1,98.1,6723035.53,7.7,0.44,0,18.2,0
MSME002548,Krishna Metals,7.8,manufacturing,Uttar Pradesh,8,594930.83,524101.03,71026.81,0,78,0.199,1,87.6,6545203.74,20.6,0.049,0,6.8,0
MSME002549,Shiv Plastics,2.7,services,Maharashtra,6,529875.32,472595.78,114813.25,0,28,0.385,1,75.0,4561226.15,10.5,0.653,0,49.0,0
MSME002550,Balaji Fabrics,1.9,manufacturing,Telangana,4,873289.71,762717.4,164612.89,0,16,0.05,1,80.4,11066283.57,9.8,0.107,0,12.1,0
MSME002551,Durga Agencies,2.1,trading,Tamil Nadu,7,203806.39,197699.48,17759.8,0,24,0.388,0,,,,0.421,0,23.2,0
MSME002552,Ganesh Plastics,12.3,retail,Karnataka,2,289796.75,272067.09,32584.57,0,115,0.14,0,,,,0.761,1,67.4,0
MSME002553,Kaveri Plastics,7.5,trading,Maharashtra,9,1469436.56,1351044.54,91496.68,0,63,0.267,1,94.8,16464387.76,5.6,0.37,1,59.2,0
MSME002554,Annapurna Logistics,3.8,food,Rajasthan,9,264664.77,198686.26,56511.82,0,41,0.128,0,,,,0.806,0,57.7,0
MSME002555,Modern Suppliers,10.9,retail,West Bengal,14,344909.78,306102.61,62234.94,0,126,0.18,1,86.5,4302801.95,16.3,0.703,1,54.1,0
MSME002556,Balaji Enterprises,2.6,retail,Rajasthan,3,93491.12,92851.86,7335.63,0,21,0.245,0,,,,0.551,1,59.9,0
MSME002557,New Metals,4.8,food,Tamil Nadu,8,374990.53,312188.11,89316.32,0,40,0.05,1,85.5,4167796.07,12.9,0.621,1,56.8,0
MSME002558,Royal Fabrics,1.7,food,Tamil Nadu,7,468661.41,449009.18,51231.59,0,11,0.159,1,86.7,5094167.32,0.0,0.81,0,33.3,0
MSME002559,Shree Industries,10.5,retail,Maharashtra,9,614583.35,610436.17,65871.47,1,88,0.215,1,61.6,6187562.45,21.2,0.495,1,59.7,0
MSME002560,Krishna Solutions,2.4,manufacturing,Maharashtra,9,327295.54,303256.89,31194.62,2,11,0.265,1,91.8,3290335.78,16.4,0.212,1,41.7,0
MSME002561,Krishna Stores,2.5,trading,Rajasthan,8,496020.97,449730.7,62789.21,0,20,0.202,1,70.7,4561956.41,0.0,0.16,0,3.5,0
MSME002562,Maruti Enterprises,6.7,trading,Uttar Pradesh,37,894739.57,840580.85,40128.33,1,75,0.274,1,72.5,9027287.1,18.1,0.396,0,19.4,0
MSME002563,Durga Plastics,0.5,trading,Uttar Pradesh,10,548710.44,522944.53,77867.73,0,6,0.354,1,78.6,6662359.3,16.4,0.252,0,24.4,0
MSME002564,Vishwakarma Metals,1.3,food,Uttar Pradesh,4,157451.84,170454.05,0.0,3,12,0.499,0,,,,0.46,1,46.7,1
MSME002565,Vishwakarma Engineering Works,8.6,retail,Telangana,15,544454.1,560584.38,46011.92,2,68,0.414,1,70.0,5823518.31,18.8,0.755,1,61.2,0
MSME002566,Vishwakarma Caterers,2.1,manufacturing,Rajasthan,5,309644.75,291532.03,26332.53,1,15,0.195,1,63.1,3837447.01,14.9,0.072,0,0.0,1
MSME002567,National Exports,22.3,retail,Karnataka,2,101312.24,91688.51,17671.75,0,193,0.102,0,,,,0.886,0,53.8,1
MSME002568,Hanuman Foods,5.8,services,Karnataka,27,855631.87,725363.67,208985.68,0,66,0.144,0,,,,0.528,0,16.0,0
MSME002569,Maruti Agencies,0.8,services,Gujarat,9,455689.28,383346.47,74762.75,0,8,0.313,1,70.5,4180836.31,16.4,0.485,0,13.6,1
MSME002570,Classic Garments,14.4,manufacturing,Tamil Nadu,3,575048.23,591842.73,0.0,5,156,0.453,1,71.7,7481450.2,5.7,0.253,0,11.8,0
MSME002571,National Stores,5.7,food,Gujarat,6,242248.8,238950.77,3298.16,2,40,0.269,1,100.0,2302775.74,0.0,0.895,1,68.6,0
MSME002572,Classic Caterers,4.3,manufacturing,Karnataka,2,518456.65,506847.3,78936.96,0,40,0.299,1,79.0,6206186.93,0.0,0.143,0,0.0,1
MSME002573,Sri Textiles,5.7,services,Gujarat,3,530930.82,471558.96,95828.0,0,58,0.126,1,87.1,4513330.95,7.0,0.495,1,42.3,0
MSME002574,Maruti Solutions,0.8,retail,Uttar Pradesh,19,1470659.18,1499350.01,90278.93,3,8,0.233,1,97.7,17857854.07,4.7,0.859,0,32.2,1
MSME002575,New Garments,4.9,food,Kerala,27,801527.35,733106.98,0.0,4,44,0.435,1,67.2,9466262.2,13.9,0.798,0,45.3,1
MSME002576,Ganesh Industries,2.2,trading,Bihar,7,591494.14,466522.21,118459.15,0,20,0.05,1,68.7,6781837.91,13.1,0.488,0,15.0,0
MSME002577,Lakshmi Caterers,4.6,trading,Maharashtra,26,333291.6,325585.01,36009.08,0,34,0.396,0,,,,0.276,1,29.0,0
MSME002578,Shiv Electricals,3.4,trading,Kerala,49,813272.65,840044.47,5325.53,3,31,0.496,1,86.5,10329987.24,2.3,0.161,0,7.4,0
MSME002579,Modern Suppliers,5.5,trading,Uttar Pradesh,3,169397.17,172582.83,17760.17,0,51,0.22,0,,,,0.407,0,20.3,0
MSME002580,Krishna Stores,3.8,services,Maharashtra,6,237877.67,210436.05,30324.28,0,38,0.353,1,82.9,2307681.53,10.5,0.465,0,26.4,0
MSME002581,Maruti Traders,3.2,trading,Uttar Pradesh,5,1267138.77,1177827.2,48913.68,1,33,0.342,1,79.9,11515092.59,0.0,0.413,0,40.1,0
MSME002582,Shiv Foods,2.0,retail,Delhi,7,236051.19,214525.19,18247.18,0,21,0.276,0,,,,0.81,0,38.7,0
MSME002583,Lakshmi Stores,0.8,food,Uttar Pradesh,37,155366.19,148768.93,7054.32,2,7,0.402,0,,,,0.845,0,19.7,0
MSME002584,Durga Electricals,0.6,food,Telangana,13,642294.34,591809.26,48356.48,1,6,0.354,1,66.9,5967827.21,11.6,0.547,0,37.8,1
MSME002585,Maruti Traders,1.4,trading,West Bengal,30,513399.85,479938.98,40634.54,0,11,0.181,1,97.4,5520249.48,8.1,0.272,0,3.3,0
MSME002586,Krishna Traders,8.1,food,Karnataka,3,402076.52,442284.18,0.0,6,79,0.42,1,66.8,5103093.61,22.5,0.432,1,55.1,0
MSME002587,Maruti Metals,1.9,trading,Gujarat,5,227161.93,197429.37,41914.34,0,12,0.267,1,79.5,2700626.19,21.1,0.423,0,14.8,0
MSME002588,Ganesh Textiles,2.7,trading,Maharashtra,1,210214.22,206665.29,0.0,2,22,0.511,0,,,,0.353,0,19.6,1
MSME002589,Modern Industries,2.7,food,Madhya Pradesh,6,627441.31,618600.01,44923.25,2,29,0.383,1,78.0,6484580.73,3.0,0.588,1,54.0,1
MSME002590,Ganesh Associates,3.4,services,Gujarat,2,129372.64,104540.82,20709.41,0,34,0.256,1,74.3,1154792.36,15.0,0.669,0,32.4,0
MSME002591,Sai Industries,7.1,manufacturing,Karnataka,8,509034.65,478136.04,90640.68,1,84,0.478,1,73.7,4453079.17,18.5,0.121,1,15.5,0
MSME002592,Maruti Stores,3.8,trading,Maharashtra,9,606228.82,604679.92,114517.7,0,29,0.153,1,76.6,7152628.18,16.6,0.368,0,15.0,0
MSME002593,Om Garments,9.2,trading,Bihar,5,291096.64,282310.32,0.0,4,86,0.536,1,61.4,2597908.61,9.0,0.247,0,3.0,1
MSME002594,Sai Suppliers,1.4,retail,Madhya Pradesh,9,510720.95,502472.28,22998.9,1,15,0.445,1,82.3,5894591.79,4.6,0.446,0,27.4,0
MSME002595,Ganesh Plastics,8.5,food,Karnataka,4,289996.36,262800.71,41506.23,0,84,0.184,1,82.6,3656166.73,5.0,0.52,1,71.9,0
MSME002596,Annapurna Fabrics,13.2,retail,Rajasthan,41,949023.35,895109.41,66986.42,0,148,0.183,1,99.4,8376502.48,6.7,0.579,0,31.0,0
MSME002597,Om Suppliers,4.8,trading,Tamil Nadu,9,1422608.55,1203274.9,355652.14,0,50,0.226,1,85.8,13436392.44,4.8,0.186,0,25.4,0
MSME002598,Sri Exports,1.7,retail,Gujarat,6,1722363.2,1291772.4,401958.25,1,11,0.05,1,100.0,14829621.03,5.2,0.865,1,56.3,0
MSME002599,Modern Traders,7.2,services,Maharashtra,6,481530.36,456202.38,63127.35,0,82,0.151,1,55.2,5485502.66,19.5,0.572,0,33.0,0
MSME002600,Maruti Engineering Works,4.9,trading,Madhya Pradesh,5,406879.8,390532.16,63228.6,0,47,0.227,1,71.5,3940298.16,18.5,0.152,0,4.6,0
MSME002601,Royal Industries,6.3,manufacturing,Maharashtra,10,761750.18,625770.56,158226.64,0,48,0.159,1,81.6,8536238.05,11.1,0.243,0,6.6,0
MSME002602,Kaveri Traders,9.4,trading,Maharashtra,30,654262.49,639270.26,82109.24,0,111,0.256,1,68.7,7877361.82,17.2,0.404,0,3.7,0
MSME002603,New Engineering Works,3.6,retail,Maharashtra,8,180196.88,192833.86,0.0,2,41,0.576,1,89.2,1831712.19,0.0,0.806,1,73.2,1
MSME002604,Krishna Foods,3.1,retail,Uttar Pradesh,5,364785.5,367807.56,6976.44,3,11,0.389,1,59.0,3341349.66,13.9,0.563,1,63.4,1
MSME002605,New Enterprises,25.3,retail,Karnataka,8,782328.52,785589.72,0.0,1,190,0.602,1,78.6,6850575.57,15.2,0.653,1,61.6,0
MSME002606,New Electricals,7.3,services,Madhya Pradesh,5,157807.36,132402.32,18706.75,1,83,0.255,0,,,,0.57,0,17.0,0
MSME002607,Om Garments,10.6,manufacturing,Gujarat,35,508034.65,454170.8,56393.95,1,112,0.239,1,62.3,4425952.98,11.5,0.248,0,4.8,0
MSME002608,Lakshmi Textiles,9.0,trading,Gujarat,9,375015.21,380590.83,0.0,4,102,0.608,1,86.4,4394342.93,0.0,0.487,0,22.4,0
MSME002609,Om Engineering Works,10.7,trading,Karnataka,5,530608.12,478575.55,37635.33,0,86,0.435,1,66.4,4605971.2,5.5,0.329,0,28.2,0
MSME002610,National Traders,6.4,retail,West Bengal,9,1652573.98,1660788.96,18996.6,2,52,0.501,1,79.4,16116010.49,13.2,0.532,0,17.6,0
MSME002611,Modern Enterprises,9.8,manufacturing,Andhra Pradesh,3,266077.5,242717.03,18117.49,1,106,0.357,0,,,,0.047,0,8.4,0
MSME002612,Classic Textiles,2.7,food,Telangana,6,341751.43,337194.46,21512.69,0,19,0.324,1,57.6,4186011.35,9.4,0.483,0,37.9,0
MSME002613,Annapurna Plastics,0.8,manufacturing,Telangana,7,538289.97,479084.48,93673.99,0,6,0.191,1,71.6,5256641.26,16.2,0.296,0,15.3,0
MSME002614,Krishna Stores,2.1,retail,Andhra Pradesh,31,550691.74,552744.04,81400.43,0,18,0.315,1,98.8,5911807.07,0.5,0.732,0,42.4,0
MSME002615,Balaji Fabrics,4.3,trading,Andhra Pradesh,49,840014.2,704836.92,178524.34,0,15,0.05,1,87.3,9526232.36,6.3,0.281,0,13.4,0
MSME002616,Durga Suppliers,3.9,food,Karnataka,6,251718.11,229724.96,15546.93,0,31,0.417,0,,,,0.88,1,61.2,0
MSME002617,Modern Suppliers,4.9,retail,West Bengal,37,3099572.98,2520631.4,747179.05,0,25,0.05,1,92.3,39203066.8,0.0,0.743,0,41.2,0
MSME002618,Sai Caterers,2.6,services,Bihar,5,533419.07,533341.09,42266.44,0,27,0.323,1,99.6,5840941.3,2.5,0.285,0,7.4,0
MSME002619,Durga Engineering Works,0.5,food,Uttar Pradesh,1,147087.67,133993.78,8048.33,0,6,0.524,0,,,,0.717,1,72.6,0
MSME002620,Classic Fabrics,3.5,manufacturing,Gujarat,10,1146057.83,859543.37,286514.46,0,33,0.05,1,85.8,13305048.42,9.5,0.239,0,21.2,0
MSME002621,National Caterers,1.2,services,Kerala,3,348501.27,343950.69,0.0,4,13,0.473,1,62.5,3571280.81,18.4,0.695,0,38.4,1
MSME002622,Maruti Associates,4.8,trading,Karnataka,2,338298.2,318156.83,10207.34,1,51,0.389,0,,,,0.11,0,1.7,0
MSME002623,Balaji Metals,6.7,food,Maharashtra,33,492499.33,524617.28,10379.63,1,76,0.534,1,72.2,4525614.23,12.6,0.623,0,39.2,1
MSME002624,Classic Industries,3.4,trading,Gujarat,9,450123.31,495135.64,0.0,3,37,0.458,1,67.2,5316127.1,20.5,0.46,0,18.8,0
MSME002625,Classic Bakers,1.6,food,Uttar Pradesh,1,96633.38,106296.72,0.0,4,16,0.407,0,,,,0.875,1,49.3,1
MSME002626,Krishna Associates,5.1,trading,Gujarat,8,198521.35,179880.86,28877.51,0,52,0.208,0,,,,0.459,1,41.1,0
MSME002627,Modern Foods,26.2,manufacturing,Karnataka,4,555485.35,569551.11,0.0,0,240,0.571,1,69.5,6787796.59,6.1,0.125,0,2.7,0
MSME002628,Shree Enterprises,7.3,food,Rajasthan,8,319032.8,308635.57,9938.76,4,68,0.421,1,79.3,3657236.08,16.4,0.629,0,24.1,1
MSME002629,Hanuman Logistics,7.7,services,Rajasthan,3,490315.33,436423.84,65156.32,0,79,0.201,1,78.6,5591854.02,10.2,0.475,0,37.5,0
MSME002630,Shree Exports,3.1,trading,Maharashtra,8,305504.5,294117.02,34183.47,0,20,0.376,1,92.6,3095092.12,3.6,0.266,0,0.6,0
MSME002631,Classic Electricals,2.3,retail,Rajasthan,10,252331.16,227093.39,37548.76,1,21,0.258,0,,,,0.876,1,76.1,0
MSME002632,Durga Agencies,10.7,manufacturing,Maharashtra,6,784845.6,673491.61,150025.5,0,87,0.112,1,95.9,7809412.51,2.4,0.034,0,1.9,0
MSME002633,Classic Solutions,0.5,services,Gujarat,6,317253.81,252824.33,59252.68,0,6,0.093,0,,,,0.258,0,3.7,1
MSME002634,Krishna Exports,2.5,retail,West Bengal,48,1187696.75,1215359.99,0.0,4,18,0.409,1,89.4,11894377.19,14.1,0.406,1,46.9,1
MSME002635,Sai Enterprises,15.3,manufacturing,Maharashtra,7,546548.41,482799.33,87456.21,0,140,0.118,1,75.5,4979492.02,18.9,0.08,0,0.0,0
MSME002636,Shree Engineering Works,4.5,food,Kerala,22,1352332.32,1203003.15,164515.73,0,49,0.25,1,74.3,17717744.07,15.4,0.785,1,68.5,0
MSME002637,Ganesh Industries,0.9,manufacturing,West Bengal,4,686490.94,675459.79,91644.26,0,7,0.277,1,95.6,8814213.01,3.9,0.059,0,3.3,0
MSME002638,Sri Stores,6.8,services,Uttar Pradesh,6,467546.84,514301.52,0.0,1,60,0.59,1,75.6,5662022.39,9.7,0.607,0,16.5,0
MSME002639,Annapurna Metals,3.4,food,Gujarat,7,528744.54,510431.48,57475.78,1,37,0.244,1,86.9,6294206.5,1.2,0.684,0,20.3,0
MSME002640,Royal Metals,0.7,manufacturing,Maharashtra,1,256335.58,250233.47,25689.52,0,6,0.272,0,,,,0.032,0,14.6,1
MSME002641,Kaveri Suppliers,5.9,retail,Maharashtra,41,286526.77,250127.68,65832.51,0,53,0.172,1,80.3,2935428.36,10.6,0.53,1,57.4,0
MSME002642,Shiv Fabrics,5.2,food,Kerala,5,375130.33,376520.16,2926.1,5,58,0.43,1,71.7,3677821.54,10.6,0.445,0,18.6,0
MSME002643,Kaveri Exports,5.0,trading,Madhya Pradesh,6,1329104.87,1462015.36,0.0,5,41,0.616,1,79.5,11714692.03,14.0,0.391,0,18.1,0
MSME002644,Shiv Suppliers,7.2,food,Bihar,3,74775.85,68762.21,12986.78,0,62,0.267,1,78.6,930137.59,19.6,0.841,1,66.8,0
MSME002645,Shiv Industries,1.5,manufacturing,West Bengal,42,1194229.03,1182881.99,96414.46,2,8,0.65,1,78.8,15362602.17,11.8,0.121,0,14.9,0
MSME002646,Shree Garments,6.3,services,Kerala,5,151810.3,146625.92,14959.35,0,53,0.37,0,,,,0.571,0,27.2,0
MSME002647,Krishna Associates,5.5,trading,Kerala,110,1087305.03,988766.05,177189.65,0,50,0.23,1,81.0,10082622.4,16.7,0.394,0,8.2,0
MSME002648,New Traders,10.6,retail,Maharashtra,4,365452.4,359281.45,9570.54,3,87,0.332,1,75.5,4586326.6,12.8,0.633,1,55.0,0
MSME002649,Classic Garments,2.5,retail,Uttar Pradesh,6,596366.9,572522.53,72727.79,1,14,0.397,1,80.7,7103473.91,8.3,0.729,0,32.4,0
MSME002650,Ganesh Logistics,11.9,services,Gujarat,25,645116.28,568326.82,80728.42,0,127,0.488,1,90.4,5679728.98,11.5,0.562,0,28.8,0
MSME002651,Royal Agencies,8.9,manufacturing,Gujarat,50,2070206.26,1917145.91,375525.98,0,62,0.148,1,83.4,24260853.94,10.5,0.063,0,15.4,0
MSME002652,Royal Garments,4.4,retail,Karnataka,3,609067.88,593292.9,4927.14,2,50,0.477,1,73.4,5361060.34,14.5,0.802,0,31.1,0
MSME002653,Modern Engineering Works,5.0,retail,Tamil Nadu,22,525814.71,442429.01,85875.17,0,57,0.201,1,72.1,5290111.47,13.1,0.448,1,39.2,0
MSME002654,Maruti Engineering Works,0.5,services,Telangana,9,770244.15,749996.78,70084.91,0,6,0.522,1,83.1,6621280.17,10.4,0.426,0,28.8,1
MSME002655,Royal Industries,4.8,retail,Maharashtra,47,620620.34,496915.46,102286.47,2,40,0.369,1,68.5,7476425.44,12.2,0.662,0,28.0,0
MSME002656,Krishna Electricals,8.5,retail,Telangana,11,363860.65,373734.07,34236.4,2,83,0.463,1,63.3,4066661.09,14.3,0.802,1,78.5,0
MSME002657,Sai Metals,3.8,retail,Gujarat,7,213642.98,197190.61,37681.79,0,30,0.265,1,100.0,2258340.16,14.9,0.463,1,58.9,0
MSME002658,Lakshmi Caterers,10.6,services,Maharashtra,7,804603.02,736573.34,56895.02,1,116,0.33,1,68.9,9852527.91,14.4,0.484,0,32.5,0
MSME002659,Durga Suppliers,6.9,services,Andhra Pradesh,9,357729.67,354206.41,36624.63,0,77,0.161,0,,,,0.571,0,41.9,0
MSME002660,Annapurna Suppliers,18.6,manufacturing,Rajasthan,1,78630.05,72865.22,11974.0,0,177,0.253,0,,,,0.171,0,17.3,0
MSME002661,Vishwakarma Suppliers,2.7,trading,Bihar,3,499119.82,515062.23,41198.88,0,18,0.556,1,74.4,4197680.85,20.6,0.137,0,1.6,1
MSME002662,New Plastics,7.9,retail,Andhra Pradesh,2,223418.59,186555.82,33204.63,0,68,0.377,0,,,,0.616,1,80.2,0
MSME002663,Balaji Exports,1.2,manufacturing,Maharashtra,22,643797.35,631214.04,123159.14,1,10,0.201,1,81.3,8222441.6,8.7,0.215,0,0.0,0
MSME002664,Shiv Suppliers,4.1,food,Tamil Nadu,7,299416.87,281173.99,23185.72,0,28,0.22,1,89.6,3198657.37,0.0,0.497,1,52.0,0
MSME002665,Kaveri Fabrics,7.2,trading,Maharashtra,4,335838.32,323662.6,59294.12,1,60,0.257,1,72.0,4225676.87,9.8,0.319,0,14.7,0
MSME002666,Om Exports,8.2,manufacturing,Maharashtra,227,6890514.44,6040976.73,1225837.11,0,30,0.157,1,73.4,69424285.99,17.7,0.103,0,19.7,0
MSME002667,Kaveri Associates,3.6,manufacturing,Delhi,23,1918994.16,1849151.57,237282.04,0,37,0.293,1,79.7,17887180.05,0.0,0.075,0,9.6,0
MSME002668,Modern Plastics,11.4,food,Telangana,8,520861.31,440768.57,80828.71,0,132,0.142,1,74.9,5240087.92,7.0,0.512,1,59.4,0
MSME002669,Sai Engineering Works,13.2,trading,Gujarat,10,608891.64,513934.8,104142.94,0,116,0.288,1,78.7,7443649.04,0.0,0.209,0,16.9,0
MSME002670,Modern Engineering Works,2.7,retail,Madhya Pradesh,4,650832.31,590927.4,6029.33,1,29,0.388,1,88.6,5602257.6,0.0,0.547,0,23.1,0
MSME002671,New Enterprises,4.2,retail,Kerala,4,399992.72,347913.76,11702.38,3,43,0.401,1,86.8,5098061.45,8.7,0.536,1,47.4,0
MSME002672,Royal Exports,3.9,manufacturing,Uttar Pradesh,5,759122.21,829725.64,37118.38,1,33,0.321,1,79.7,9637704.63,2.4,0.176,0,26.7,1
MSME002673,Royal Logistics,3.1,manufacturing,Maharashtra,5,658825.25,537104.61,78789.21,0,29,0.155,1,77.3,5873115.31,12.9,0.292,0,29.3,0
MSME002674,Annapurna Stores,12.6,trading,Telangana,4,433687.15,434640.9,0.0,3,134,0.576,1,78.5,4452112.02,17.2,0.369,1,44.0,0
MSME002675,Classic Solutions,12.5,retail,Bihar,4,586753.73,595341.08,7390.8,8,117,0.266,1,73.9,7161656.54,10.8,0.54,1,48.0,0
MSME002676,Krishna Traders,4.0,retail,Uttar Pradesh,24,477395.18,429288.91,18101.15,1,30,0.447,1,81.5,6233963.43,9.1,0.448,1,51.9,0
MSME002677,Modern Fabrics,7.9,services,Rajasthan,28,614170.27,583557.49,12266.59,2,71,0.752,1,85.5,7564762.14,3.8,0.251,0,25.6,0
MSME002678,Royal Fabrics,10.5,food,Uttar Pradesh,4,167766.24,143910.78,6654.04,0,121,0.448,1,73.2,1537355.51,14.4,0.613,1,62.6,0
MSME002679,Krishna Exports,5.9,trading,West Bengal,5,268822.12,251355.35,16685.96,2,46,0.388,1,89.9,2652311.47,5.7,0.17,0,4.9,0
MSME002680,Maruti Engineering Works,3.7,services,West Bengal,5,87878.32,80032.62,15090.9,0,41,0.345,0,,,,0.384,0,21.2,1
MSME002681,Balaji Agencies,2.5,trading,Tamil Nadu,5,555765.74,550703.98,35668.37,3,26,0.236,1,80.7,5389364.06,6.8,0.397,0,22.6,1
MSME002682,Balaji Stores,8.4,manufacturing,Telangana,41,1369598.36,1400708.14,0.0,3,90,0.696,1,90.8,14747864.62,13.3,0.222,0,26.8,0
MSME002683,Maruti Bakers,1.3,manufacturing,Rajasthan,3,754377.05,716071.4,87087.72,0,12,0.254,1,88.7,8399766.43,14.2,0.146,0,0.0,0
MSME002684,National Suppliers,3.8,retail,Madhya Pradesh,7,225965.54,228815.68,1029.36,5,28,0.596,1,87.6,2581921.47,7.5,0.461,1,51.5,1
MSME002685,Om Garments,3.3,services,West Bengal,5,449859.77,366221.12,82634.59,0,37,0.115,1,93.7,4057654.08,0.0,0.639,0,42.2,0
MSME002686,Shiv Stores,1.3,manufacturing,Rajasthan,3,415100.45,316815.71,101992.03,0,13,0.163,1,93.9,3711068.12,9.4,0.086,0,0.0,0
MSME002687,Kaveri Enterprises,4.5,food,Tamil Nadu,8,531981.67,491081.72,28377.98,3,45,0.36,1,66.5,6362106.78,7.6,0.645,1,55.7,0
MSME002688,Krishna Suppliers,4.2,services,Uttar Pradesh,9,294862.82,281246.37,6215.7,3,40,0.352,1,100.0,3840486.22,0.0,0.328,0,25.9,0
MSME002689,Hanuman Traders,2.0,retail,Bihar,4,290752.16,275015.75,64290.83,0,19,0.121,0,,,,0.864,1,75.5,0
MSME002690,Modern Solutions,12.3,services,West Bengal,6,158810.77,137963.4,24741.06,0,95,0.429,0,,,,0.409,0,28.4,0
MSME002691,Sri Bakers,8.5,services,Tamil Nadu,28,400942.01,300706.51,100235.5,0,98,0.066,1,86.6,3573511.39,5.6,0.288,0,27.2,0
MSME002692,Hanuman Garments,5.0,retail,Punjab,10,462346.83,366669.97,111703.45,0,59,0.196,1,92.0,4366583.68,8.6,0.79,1,67.5,0
MSME002693,Classic Agencies,9.4,food,Telangana,4,316407.62,326434.42,0.0,3,105,0.551,0,,,,0.588,0,48.8,1
MSME002694,Vishwakarma Logistics,11.1,retail,Maharashtra,3,126871.4,107418.18,20823.11,0,96,0.202,1,80.9,1585725.59,10.9,0.485,1,65.8,0
MSME002695,Classic Suppliers,12.6,food,Uttar Pradesh,34,414608.3,386455.63,27321.26,0,70,0.216,1,65.7,4373737.74,22.0,0.542,0,28.9,0
MSME002696,Maruti Logistics,2.6,trading,Karnataka,4,441380.48,426405.59,59146.34,0,30,0.226,1,80.7,5794271.49,7.2,0.287,0,21.7,1
MSME002697,Balaji Garments,9.4,retail,Maharashtra,5,811884.55,695273.02,113778.81,0,109,0.391,1,84.5,9970543.45,7.1,0.669,0,39.4,0
MSME002698,Vishwakarma Foods,4.2,trading,Punjab,5,271640.0,249715.84,53742.72,0,44,0.126,1,76.4,2901090.52,20.1,0.427,0,9.4,0
MSME002699,Balaji Enterprises,5.8,services,West Bengal,7,511989.47,458486.12,102549.28,0,32,0.098,1,100.0,4840320.89,0.0,0.369,0,34.5,0
MSME002700,Balaji Engineering Works,2.8,manufacturing,Maharashtra,15,496163.59,446989.33,0.0,1,28,0.453,1,77.7,5116780.18,13.5,0.133,0,0.0,0
MSME002701,Royal Garments,4.8,trading,Rajasthan,11,429476.04,432091.1,44512.94,0,31,0.444,1,85.2,4760200.93,2.9,0.414,0,30.7,0
MSME002702,New Exports,9.5,retail,Uttar Pradesh,3,197896.73,160098.41,42651.41,0,105,0.304,1,74.6,1826696.89,11.7,0.782,0,42.5,0
MSME002703,Kaveri Garments,4.5,food,Rajasthan,26,285172.8,265378.41,25391.84,0,46,0.4,1,59.6,2688124.05,12.1,0.753,0,30.7,0
MSME002704,National Engineering Works,2.1,services,Tamil Nadu,6,287436.55,215577.41,67350.64,0,19,0.05,0,,,,0.456,0,34.8,0
MSME002705,Sai Caterers,16.5,retail,Andhra Pradesh,2,504800.07,517203.95,2121.16,5,178,0.436,1,83.0,4879879.38,5.7,0.553,0,36.4,0
MSME002706,Lakshmi Agencies,2.5,manufacturing,Bihar,10,394602.87,429647.5,14600.21,1,21,0.256,1,82.9,3994885.3,15.8,0.048,0,0.0,0
MSME002707,Sri Metals,0.8,retail,Kerala,3,194319.57,175482.87,30396.43,0,7,0.21,1,64.4,2483502.66,18.0,0.436,0,12.9,0
MSME002708,Ganesh Agencies,3.0,retail,Uttar Pradesh,16,596934.67,625982.28,0.0,1,32,0.391,1,84.0,6918876.27,12.8,0.639,0,36.1,0
MSME002709,Sri Exports,10.7,trading,Gujarat,4,405289.26,426848.05,0.0,10,111,0.218,1,64.7,4673885.58,9.6,0.372,0,22.7,1
MSME002710,Royal Suppliers,2.4,services,Telangana,2,257823.11,216483.28,40914.82,0,26,0.165,0,,,,0.646,0,42.0,0
MSME002711,Sai Engineering Works,1.6,trading,Gujarat,15,693158.06,762473.87,0.0,4,16,0.424,1,83.3,7652598.42,14.2,0.116,0,0.0,0
MSME002712,Shree Foods,5.4,food,Gujarat,4,165008.08,142479.67,41252.02,0,52,0.05,0,,,,0.595,0,44.7,0
MSME002713,Classic Agencies,14.9,retail,Haryana,10,281523.26,255258.17,35131.02,0,108,0.405,1,73.0,2669158.32,10.0,0.836,1,69.1,0
MSME002714,Om Metals,7.0,food,Bihar,6,559113.87,608748.51,29311.54,1,76,0.359,1,81.8,7378755.53,0.0,0.434,1,54.2,1
MSME002715,Om Industries,1.3,retail,Andhra Pradesh,7,382395.48,333926.51,45092.02,0,12,0.303,1,74.1,4538010.03,2.4,0.544,1,53.8,0
MSME002716,Shiv Exports,20.5,retail,Gujarat,14,709412.29,747593.45,0.0,6,159,0.502,1,70.7,8281514.27,16.1,0.682,1,69.8,0
MSME002717,Vishwakarma Stores,6.4,retail,Karnataka,6,775346.04,733774.37,115584.92,0,55,0.285,1,94.7,7767466.69,0.0,0.477,0,14.3,0
MSME002718,Durga Logistics,9.9,retail,Rajasthan,4,557014.93,550233.13,25308.72,3,95,0.485,1,88.8,5209486.75,6.9,0.478,0,14.5,0
MSME002719,Krishna Exports,1.0,trading,Rajasthan,8,234634.13,237783.68,14183.56,1,7,0.439,1,84.7,2755757.37,3.4,0.409,0,27.5,0
MSME002720,Annapurna Enterprises,18.2,manufacturing,Maharashtra,4,424903.04,429625.57,39964.19,1,170,0.504,1,80.5,4446252.04,12.9,0.185,0,21.8,0
MSME002721,Hanuman Traders,3.5,manufacturing,Andhra Pradesh,8,990361.16,826463.49,211082.98,2,36,0.298,1,89.1,11233535.48,6.7,0.09,0,8.7,1
MSME002722,Durga Plastics,0.9,services,Gujarat,10,580664.46,571846.9,74702.76,1,6,0.237,1,77.0,5205356.75,2.6,0.557,0,21.9,0
MSME002723,Balaji Metals,5.9,retail,Karnataka,1,254486.3,236308.3,38286.95,0,60,0.184,1,81.9,3174088.89,7.5,0.775,1,79.0,0
MSME002724,Maruti Traders,9.9,manufacturing,Andhra Pradesh,2,149083.38,158267.71,3092.54,0,61,0.216,1,81.8,1803264.09,9.9,0.063,0,4.1,0
MSME002725,New Bakers,7.8,trading,Bihar,8,355073.66,347886.38,0.0,4,64,0.512,1,67.8,4319254.07,15.4,0.344,0,15.9,0
MSME002726,Hanuman Stores,7.7,services,Uttar Pradesh,21,566359.5,530509.74,70712.24,0,68,0.368,1,71.7,6814600.4,12.7,0.507,0,32.0,0
MSME002727,Balaji Traders,7.3,services,West Bengal,18,237513.39,261264.73,0.0,5,56,0.713,1,86.0,2255478.18,14.7,0.588,1,57.2,0
MSME002728,Shree Electricals,5.5,retail,Rajasthan,2,438893.14,423129.38,0.0,5,55,0.579,1,84.0,3727568.56,14.7,0.522,0,20.1,0
MSME002729,Krishna Foods,1.0,trading,Tamil Nadu,16,576171.06,557341.73,2466.0,5,10,0.383,1,89.4,6482696.67,0.0,0.152,0,11.9,1
MSME002730,Shiv Caterers,4.1,food,Maharashtra,8,119358.42,130317.8,0.0,3,36,0.754,0,,,,0.767,0,34.0,1
MSME002731,Modern Associates,3.7,retail,West Bengal,214,853760.71,783596.28,117791.45,0,40,0.184,1,89.7,9227678.48,0.0,0.57,0,38.4,0
MSME002732,Om Electricals,12.7,services,Bihar,237,969460.7,915914.7,73218.84,0,119,0.351,1,71.1,10087370.49,12.3,0.512,0,27.7,0
MSME002733,Classic Engineering Works,10.7,food,Delhi,3,245379.94,251840.3,24530.57,0,118,0.381,1,66.9,2779981.38,16.5,0.849,1,71.5,0
MSME002734,Kaveri Associates,3.3,trading,Gujarat,6,997426.57,825732.58,144934.85,0,30,0.137,1,81.7,10961405.55,19.9,0.227,1,45.1,0
MSME002735,Vishwakarma Traders,8.8,trading,Gujarat,7,657977.46,674786.12,0.0,4,63,0.422,1,78.9,7912145.64,4.9,0.499,0,17.6,0
MSME002736,Balaji Engineering Works,4.6,trading,Uttar Pradesh,4,190705.96,184042.26,5675.67,1,44,0.507,0,,,,0.461,1,48.4,0
MSME002737,Krishna Textiles,0.8,manufacturing,Haryana,9,255190.97,219146.91,48553.47,0,6,0.057,0,,,,0.235,0,20.7,0
MSME002738,Annapurna Suppliers,0.5,trading,Andhra Pradesh,10,460430.8,365902.0,115107.7,0,6,0.05,1,80.7,5125195.93,12.3,0.223,0,9.6,0
MSME002739,Shiv Stores,8.0,trading,Delhi,3,397075.14,376902.22,68859.21,1,89,0.167,1,75.1,4336241.43,11.5,0.3,1,7.8,0
MSME002740,Ganesh Plastics,1.8,retail,Rajasthan,23,1024928.14,859020.07,141644.42,0,15,0.201,1,67.6,11556230.92,9.9,0.851,0,48.3,1
MSME002741,Annapurna Industries,1.8,food,Uttar Pradesh,54,1636012.38,1618590.81,161695.06,1,17,0.22,1,75.1,15144682.66,12.7,0.529,0,35.4,0
MSME002742,Sai Agencies,2.6,manufacturing,Karnataka,8,1490601.12,1551605.65,31131.87,2,20,0.093,1,93.1,13891613.25,14.6,0.132,0,11.8,0
MSME002743,Om Metals,8.2,services,Gujarat,7,306579.26,264886.54,51920.36,0,93,0.344,1,92.3,3040651.98,4.3,0.29,0,20.4,0
MSME002744,Classic Foods,10.8,food,Gujarat,21,793837.97,612910.21,138239.79,0,84,0.209,1,85.8,8493381.35,17.4,0.54,1,51.0,1
MSME002745,Annapurna Textiles,10.6,services,Maharashtra,3,382434.36,316050.88,31579.7,0,93,0.05,0,,,,0.515,0,21.1,0
MSME002746,Vishwakarma Industries,0.7,food,Maharashtra,49,336719.8,301083.67,50328.17,0,7,0.204,1,64.9,3461111.46,23.3,0.501,0,32.5,0
MSME002747,Kaveri Metals,2.5,retail,Gujarat,9,158285.06,151615.26,5323.23,1,15,0.448,0,,,,0.723,0,40.0,0
MSME002748,National Industries,2.1,retail,Delhi,4,378680.5,344871.11,48266.73,0,23,0.094,1,88.2,4147964.5,9.3,0.644,1,57.3,0
MSME002749,Vishwakarma Associates,8.2,manufacturing,Bihar,3,182466.86,176296.99,5332.63,2,58,0.475,0,,,,0.236,0,9.0,0
MSME002750,Modern Solutions,2.5,trading,Bihar,8,312032.71,315226.22,48421.46,1,18,0.383,1,70.2,3852401.95,19.0,0.116,0,7.4,1
MSME002751,Kaveri Suppliers,4.4,trading,Uttar Pradesh,2,224842.16,208268.05,27573.58,0,45,0.309,0,,,,0.494,0,29.5,0
MSME002752,Sai Exports,8.7,manufacturing,Bihar,36,993177.12,920671.07,0.0,3,57,0.531,1,69.2,9845861.68,31.2,0.091,0,0.0,0
MSME002753,Krishna Foods,5.1,services,Gujarat,10,880953.35,868700.08,23379.71,6,58,0.532,1,74.1,8756264.7,3.3,0.604,0,33.3,1
MSME002754,Durga Traders,6.4,trading,Maharashtra,4,406971.27,384185.65,84230.99,0,43,0.174,1,78.9,3845618.24,3.4,0.487,0,13.2,0
MSME002755,Modern Textiles,4.2,trading,Gujarat,5,321452.32,284807.44,20355.85,0,33,0.32,1,100.0,3331353.87,0.0,0.146,0,13.3,0
MSME002756,Royal Solutions,10.0,trading,Uttar Pradesh,7,153447.83,150314.3,13509.76,1,117,0.316,1,88.9,1921494.88,17.7,0.238,0,15.6,0
MSME002757,Royal Industries,10.7,retail,Andhra Pradesh,9,575273.28,501344.3,81614.8,0,124,0.345,1,82.1,6114202.53,5.3,0.657,1,62.7,0
MSME002758,Hanuman Traders,7.3,retail,Andhra Pradesh,8,438263.01,385204.9,109565.75,0,56,0.094,0,,,,0.515,1,50.6,0
MSME002759,Maruti Metals,10.8,trading,Tamil Nadu,4,298689.9,260984.96,42965.11,0,96,0.15,0,,,,0.124,0,20.3,0
MSME002760,Vishwakarma Exports,25.1,manufacturing,West Bengal,38,1699860.71,1473051.71,189397.19,0,240,0.077,1,83.7,19659815.22,8.0,0.168,0,4.7,0
MSME002761,Balaji Agencies,8.6,trading,Gujarat,38,414804.49,386038.69,36370.56,0,88,0.449,1,84.4,3616223.87,10.1,0.424,0,9.8,0
MSME002762,Vishwakarma Logistics,4.8,trading,Uttar Pradesh,8,341971.03,355956.84,32769.0,0,48,0.367,1,96.1,3547835.87,0.0,0.286,0,11.7,0
MSME002763,Maruti Garments,6.5,services,West Bengal,13,412098.71,364059.9,65461.05,1,73,0.158,1,88.1,3826110.7,15.1,0.608,0,22.3,0
MSME002764,Shree Caterers,11.6,retail,Bihar,30,472359.63,519595.6,22385.82,3,73,0.42,1,80.5,4768215.29,3.0,0.634,0,8.1,1
MSME002765,Kaveri Plastics,3.5,trading,Bihar,4,547109.32,495717.44,66620.53,0,37,0.206,1,83.5,6217932.44,7.8,0.479,0,42.7,0
MSME002766,Om Logistics,3.2,retail,Uttar Pradesh,6,510422.67,482121.64,47114.66,0,25,0.295,1,78.4,4687786.0,12.1,0.762,1,61.3,0
MSME002767,Maruti Bakers,6.4,services,Karnataka,7,697011.81,522758.86,174252.95,1,50,0.15,1,82.9,7226633.45,12.6,0.333,1,53.3,0
MSME002768,Modern Plastics,4.7,retail,Maharashtra,6,521319.32,509892.88,79168.05,0,42,0.087,1,100.0,6040570.43,3.7,0.685,0,40.9,0
MSME002769,Shiv Engineering Works,2.1,trading,Maharashtra,1,249366.61,227261.04,29192.5,0,22,0.295,0,,,,0.156,0,19.1,0
MSME002770,Modern Solutions,5.7,services,Maharashtra,1,180049.39,180934.61,20379.94,1,55,0.358,1,89.8,2082478.41,1.5,0.535,1,46.4,0
MSME002771,Durga Foods,13.3,manufacturing,Maharashtra,2,471849.95,430422.64,117962.49,0,76,0.05,1,89.6,6212333.79,16.3,0.035,0,20.7,0
MSME002772,Shree Traders,7.1,services,Tamil Nadu,1,195480.9,205484.07,771.34,4,69,0.505,0,,,,0.336,0,9.0,1
MSME002773,Kaveri Associates,1.7,food,Gujarat,8,363912.75,362484.8,31616.78,1,15,0.336,1,100.0,4559029.19,6.4,0.836,1,72.6,0
MSME002774,Sri Solutions,8.0,services,Madhya Pradesh,2,354296.4,330049.73,49291.25,1,79,0.332,1,86.4,3640490.08,0.0,0.292,0,12.1,0
MSME002775,Om Enterprises,3.9,trading,Tamil Nadu,3,399780.48,381162.63,72280.4,1,41,0.357,1,60.9,5168442.43,20.6,0.132,1,42.5,1
MSME002776,Ganesh Metals,19.7,retail,Uttar Pradesh,4,414536.36,376082.57,43489.29,0,193,0.401,1,71.2,5183384.81,19.2,0.756,0,46.3,0
MSME002777,Om Metals,7.5,retail,Delhi,2,183598.15,190023.85,11270.93,1,80,0.152,1,84.3,2183565.98,0.0,0.771,0,24.7,0
MSME002778,Classic Caterers,2.9,retail,Andhra Pradesh,9,939246.38,890466.16,78111.15,0,23,0.291,1,61.4,10526247.67,21.7,0.557,1,53.3,0
MSME002779,Maruti Exports,8.4,retail,Maharashtra,35,366831.28,366801.21,44673.62,0,66,0.229,1,82.4,3748636.33,4.9,0.725,1,77.0,0
MSME002780,Shree Engineering Works,6.0,trading,Gujarat,1,338301.8,286405.68,71958.15,1,42,0.191,1,86.2,3453119.25,0.0,0.471,0,19.0,0
MSME002781,Ganesh Garments,12.4,services,Uttar Pradesh,2,204915.08,194098.89,40681.04,0,122,0.231,0,,,,0.282,0,12.4,1
MSME002782,Classic Industries,3.2,services,Delhi,48,1269603.16,1075526.37,206661.84,0,26,0.185,1,85.3,12832908.28,1.2,0.489,0,26.6,0
MSME002783,New Metals,7.5,trading,Gujarat,3,602307.03,532760.97,16269.49,0,49,0.452,1,63.6,7750535.61,12.7,0.47,0,22.0,0
MSME002784,National Stores,1.0,trading,Maharashtra,1,265403.75,244724.71,36373.13,0,10,0.375,1,84.8,2234594.62,0.0,0.442,0,35.4,1
MSME002785,Classic Plastics,5.5,retail,Bihar,3,754085.49,820202.07,20740.16,1,31,0.649,1,90.0,9285076.09,1.3,0.675,1,56.3,0
MSME002786,Balaji Garments,1.7,trading,Madhya Pradesh,2,295594.06,262902.48,46781.63,0,14,0.324,1,91.2,3562153.44,13.6,0.21,0,12.1,0
MSME002787,Lakshmi Logistics,5.8,trading,Tamil Nadu,28,1182400.6,1077849.79,144537.41,0,48,0.259,1,85.9,12841492.66,18.0,0.5,0,34.6,0
MSME002788,Sai Garments,6.9,trading,Tamil Nadu,21,447609.29,335706.97,96376.84,0,50,0.084,1,100.0,5651836.43,0.0,0.153,1,36.1,0
MSME002789,Shree Metals,7.3,retail,Gujarat,4,437103.04,355454.02,95064.64,0,78,0.079,1,75.1,3760981.89,10.7,0.574,0,39.3,0
MSME002790,National Caterers,3.2,food,Tamil Nadu,2,139593.12,123619.23,9628.94,0,33,0.407,0,,,,0.426,1,45.0,0
MSME002791,Classic Caterers,5.6,trading,Tamil Nadu,41,825875.8,836662.56,0.0,4,53,0.363,1,77.8,6977021.87,4.3,0.279,0,11.1,0
MSME002792,Annapurna Suppliers,11.3,services,Telangana,10,423429.2,424286.47,10543.32,5,98,0.492,0,,,,0.281,0,16.8,0
MSME002793,Sri Logistics,16.1,retail,Bihar,8,699466.37,665461.94,75009.8,0,133,0.345,1,92.4,8472170.96,13.1,0.582,1,56.0,0
MSME002794,Om Electricals,5.7,retail,Madhya Pradesh,18,381268.67,345052.19,73069.65,0,58,0.153,1,86.4,3906749.27,0.0,0.889,1,74.5,0
MSME002795,Sai Traders,11.5,trading,Madhya Pradesh,7,2595047.66,2369290.75,332800.04,0,113,0.134,1,55.2,26541350.83,28.4,0.229,0,13.0,0
MSME002796,Classic Exports,2.3,food,Karnataka,46,281441.44,254257.6,52066.6,0,16,0.203,1,83.0,2945659.17,1.3,0.518,1,56.5,1
MSME002797,Royal Bakers,3.7,retail,Gujarat,25,692225.17,615593.5,92097.28,0,31,0.227,1,100.0,8101091.56,0.0,0.812,0,46.2,0
MSME002798,Krishna Industries,6.2,trading,Bihar,6,535216.73,519401.33,5401.16,3,41,0.423,1,71.5,6106717.35,28.4,0.433,0,29.0,1
MSME002799,Sri Garments,4.7,food,Maharashtra,7,457829.82,471199.97,32940.28,0,47,0.188,1,63.0,5700780.13,28.1,0.696,0,35.2,0
MSME002800,Maruti Textiles,4.3,trading,Uttar Pradesh,10,401595.63,340458.94,48794.58,0,43,0.116,1,70.0,4590826.99,5.8,0.407,0,28.8,0
MSME002801,New Exports,10.7,trading,Maharashtra,13,659347.43,663080.81,20035.2,5,95,0.44,1,74.9,8472381.4,17.0,0.28,0,12.2,0
MSME002802,Vishwakarma Industries,2.0,services,Bihar,2,196244.54,215433.85,11259.47,0,19,0.649,0,,,,0.254,1,59.2,0
MSME002803,Modern Logistics,2.2,trading,West Bengal,6,1279998.31,1221703.43,0.0,5,23,0.431,1,72.0,11830474.89,16.3,0.339,0,29.6,0
MSME002804,Sai Metals,1.4,food,Rajasthan,2,164395.64,129720.56,26002.1,0,11,0.108,1,99.6,1542771.83,0.0,0.643,1,76.6,0
MSME002805,Annapurna Fabrics,6.4,retail,Rajasthan,5,344992.55,311866.11,34214.82,0,39,0.447,1,85.7,2977994.39,11.1,0.738,1,65.4,0
MSME002806,Modern Logistics,3.9,manufacturing,Telangana,9,401982.37,404009.66,49885.17,0,38,0.269,1,85.8,4885964.4,9.3,0.172,0,1.5,0
MSME002807,Lakshmi Foods,10.0,retail,Maharashtra,25,392149.68,381095.56,0.0,1,68,0.511,1,82.0,3996956.64,10.5,0.737,0,16.5,0
MSME002808,Ganesh Garments,6.0,manufacturing,Gujarat,7,248295.98,209417.51,49410.61,0,69,0.22,0,,,,0.191,0,1.2,0
MSME002809,New Industries,3.2,manufacturing,Bihar,7,776545.94,751066.86,49178.03,1,27,0.301,1,93.0,9180121.13,17.8,0.275,0,16.0,0
MSME002810,Annapurna Agencies,2.7,manufacturing,West Bengal,1,205723.14,156879.45,27287.19,0,30,0.312,0,,,,0.29,0,28.9,0
MSME002811,Om Garments,4.5,manufacturing,Rajasthan,9,373459.35,341985.0,34297.43,1,50,0.427,1,92.7,4019766.88,0.5,0.138,0,2.4,1
MSME002812,Lakshmi Stores,1.7,services,Uttar Pradesh,8,239707.43,231414.48,52971.17,0,14,0.201,1,73.0,2952370.1,22.2,0.473,0,22.2,1
MSME002813,Annapurna Enterprises,10.9,retail,Delhi,4,413577.29,380128.19,24305.19,1,81,0.273,1,68.1,5317458.02,8.6,0.876,1,79.4,0
MSME002814,Modern Metals,3.8,retail,Gujarat,177,1114081.51,1027832.71,80434.47,1,37,0.161,1,90.6,13581191.7,11.5,0.464,1,32.3,0
MSME002815,Annapurna Plastics,1.1,trading,Andhra Pradesh,4,410007.62,395133.99,44445.9,0,9,0.2,1,79.2,3779485.34,8.3,0.456,0,32.0,0
MSME002816,Sai Bakers,12.4,trading,Bihar,6,300557.36,283394.64,55579.53,0,137,0.239,1,70.0,2846903.99,8.9,0.133,0,17.9,0
MSME002817,Durga Garments,4.5,trading,Andhra Pradesh,50,1102289.48,974246.92,148029.77,0,23,0.289,1,85.5,12007828.16,14.4,0.472,0,41.1,0
MSME002818,Royal Garments,8.0,services,Maharashtra,8,282836.87,280563.54,18487.72,0,84,0.219,0,,,,0.643,0,37.3,0
MSME002819,Balaji Stores,3.2,services,Rajasthan,28,618144.69,624749.25,71285.79,0,27,0.173,1,90.7,7214995.98,5.8,0.629,1,59.9,0
MSME002820,Sri Metals,12.7,food,Tamil Nadu,6,300985.48,260010.42,15174.5,0,147,0.308,1,86.8,2943885.12,8.1,0.757,0,45.8,0
MSME002821,Om Textiles,2.4,trading,Tamil Nadu,9,204051.71,177573.97,25304.95,0,27,0.37,1,73.0,2422218.4,16.9,0.487,1,59.9,0
MSME002822,National Garments,3.9,manufacturing,Tamil Nadu,3,1267425.22,1178792.25,51695.95,0,23,0.409,1,100.0,15312879.35,0.0,0.034,0,11.2,0
MSME002823,Balaji Traders,0.8,services,Gujarat,7,536411.76,550941.3,18938.59,1,6,0.258,1,75.4,6427695.34,18.3,0.455,0,25.8,1
MSME002824,Modern Plastics,12.5,food,Gujarat,13,453465.24,419729.21,44483.72,0,144,0.323,1,82.9,5147736.74,0.0,0.44,0,19.7,0
MSME002825,Hanuman Metals,2.9,manufacturing,West Bengal,25,949761.58,832672.73,61364.56,0,18,0.292,1,97.1,11539379.61,0.0,0.186,1,27.7,0
MSME002826,National Bakers,6.5,retail,Tamil Nadu,9,1382323.88,1307472.06,31730.49,1,60,0.442,1,68.4,17180715.18,19.2,0.505,1,56.4,0
MSME002827,Maruti Engineering Works,7.2,retail,Tamil Nadu,8,806244.39,778710.9,31549.28,0,79,0.464,1,89.4,7065699.02,12.0,0.813,0,48.5,0
MSME002828,Classic Agencies,11.1,food,Gujarat,4,348306.33,343426.09,19810.23,4,118,0.423,1,93.0,3722112.64,1.1,0.526,1,47.9,1
MSME002829,Hanuman Associates,6.1,services,Madhya Pradesh,5,239227.82,219556.39,10297.04,0,62,0.371,0,,,,0.296,1,40.7,0
MSME002830,Balaji Agencies,4.8,manufacturing,Maharashtra,5,358037.8,381911.49,178.69,2,35,0.642,1,84.7,4676358.35,5.9,0.221,0,33.6,1
MSME002831,Classic Textiles,10.3,manufacturing,Bihar,4,168030.3,148995.83,36393.15,0,71,0.285,0,,,,0.072,0,16.7,0
MSME002832,New Electricals,7.1,services,Tamil Nadu,2,218602.0,231687.81,24314.97,0,78,0.345,1,60.0,1924191.15,14.4,0.49,0,45.2,0
MSME002833,Ganesh Exports,4.2,manufacturing,Karnataka,2,528619.79,565466.14,0.0,2,38,0.573,1,78.8,6181994.67,2.0,0.089,0,12.2,1
MSME002834,Om Garments,12.9,food,Bihar,40,817531.98,880702.17,16465.08,0,113,0.416,1,92.9,8174179.71,4.3,0.471,0,39.9,0
MSME002835,Maruti Caterers,7.6,food,Karnataka,7,477911.81,485908.49,49763.03,0,37,0.272,1,79.3,4301066.69,11.8,0.465,0,19.7,0
MSME002836,Om Garments,1.5,trading,West Bengal,3,279013.35,305314.72,0.0,4,13,0.507,1,74.4,3106457.91,14.7,0.162,1,44.3,0
MSME002837,Modern Agencies,14.6,retail,Kerala,8,584165.51,478837.88,112846.64,0,135,0.215,1,82.3,5338470.79,0.8,0.799,1,73.2,0
MSME002838,Royal Stores,3.1,retail,Maharashtra,8,678857.74,627115.7,94243.36,0,34,0.204,1,77.2,6203225.56,13.6,0.843,0,56.3,1
MSME002839,Kaveri Fabrics,11.1,trading,Gujarat,5,127028.32,109625.72,16721.61,0,97,0.301,0,,,,0.434,0,24.8,0
MSME002840,Modern Exports,1.2,manufacturing,Delhi,4,535589.34,589148.27,4910.44,5,10,0.355,1,86.7,5464783.49,15.1,0.243,0,3.5,1
MSME002841,Vishwakarma Plastics,10.3,manufacturing,Andhra Pradesh,13,2032570.25,1873494.33,262166.06,0,88,0.261,1,55.5,26717011.69,16.7,0.15,1,28.5,0
MSME002842,Sri Foods,1.6,trading,West Bengal,10,454231.13,438599.2,36392.25,0,12,0.468,1,61.5,4041265.3,11.2,0.154,0,22.8,0
MSME002843,New Bakers,6.0,trading,Uttar Pradesh,1,66378.87,68550.71,2784.46,3,56,0.367,1,83.3,566511.23,3.6,0.255,0,5.8,0
MSME002844,Shiv Bakers,7.4,trading,Tamil Nadu,3,236925.92,210313.62,30017.32,0,79,0.084,1,71.5,2814663.78,14.6,0.282,0,18.6,0
MSME002845,Shiv Textiles,4.3,manufacturing,Andhra Pradesh,52,362794.27,349184.04,37671.03,2,39,0.322,1,74.9,4254649.37,11.8,0.107,0,3.8,0
MSME002846,Shiv Electricals,5.2,services,Madhya Pradesh,7,275853.77,250621.78,41254.61,0,49,0.12,0,,,,0.319,0,27.6,0
MSME002847,Royal Engineering Works,2.0,retail,Tamil Nadu,9,228035.99,213814.19,38499.45,0,21,0.162,0,,,,0.83,0,32.5,1
MSME002848,Maruti Caterers,9.5,trading,Uttar Pradesh,5,721408.19,690458.72,87075.6,0,94,0.385,1,76.0,9028118.96,15.1,0.354,0,14.1,0
MSME002849,Lakshmi Enterprises,6.3,services,Telangana,8,624746.04,570314.69,114669.78,0,62,0.07,1,82.9,5397679.12,11.9,0.307,0,3.4,0
MSME002850,Maruti Foods,2.4,trading,Karnataka,47,1028331.05,848112.84,252681.29,1,19,0.175,1,78.1,12223118.14,9.0,0.28,0,10.2,0
MSME002851,Annapurna Electricals,6.4,manufacturing,Punjab,41,1797881.16,1761119.96,264061.96,0,52,0.419,1,91.3,23255995.56,19.1,0.257,0,21.4,0
MSME002852,Maruti Associates,6.6,food,Gujarat,41,425942.7,350296.03,88690.41,0,72,0.14,1,90.0,5355260.37,0.0,0.781,0,27.3,0
MSME002853,Balaji Foods,5.4,retail,Gujarat,3,333906.94,338371.5,25652.9,2,52,0.312,1,63.6,3250037.3,13.5,0.474,0,17.5,1
MSME002854,Sai Garments,0.5,retail,Tamil Nadu,10,1543083.25,1529611.69,134573.52,0,6,0.303,1,100.0,17838850.83,0.0,0.481,1,44.3,1
MSME002855,Sri Logistics,3.8,trading,Rajasthan,6,630360.31,603355.25,77927.97,0,39,0.382,1,70.1,6037400.52,9.4,0.206,0,8.6,0
MSME002856,Sai Metals,9.4,retail,Tamil Nadu,41,974546.95,910787.96,85664.13,1,58,0.291,1,79.4,12022303.49,8.6,0.532,1,49.8,0
MSME002857,Krishna Enterprises,7.7,trading,Maharashtra,8,326771.73,329017.23,11492.16,3,81,0.302,1,58.1,3574424.53,20.9,0.257,0,15.3,0
MSME002858,New Industries,7.5,retail,Tamil Nadu,2,225572.25,227511.0,10519.76,0,65,0.316,1,78.3,2568803.54,10.7,0.561,0,37.6,1
MSME002859,Sri Enterprises,6.2,retail,Uttar Pradesh,58,452477.12,379520.58,34559.12,0,63,0.359,1,89.0,4487227.87,22.9,0.477,0,9.9,0
MSME002860,Vishwakarma Caterers,10.2,manufacturing,Telangana,63,2629059.61,2317150.88,72721.93,0,118,0.365,1,98.3,31987812.26,0.0,0.066,0,7.3,0
MSME002861,Annapurna Stores,3.1,retail,Uttar Pradesh,5,158843.34,135740.07,38597.45,0,26,0.088,1,85.7,1450847.23,5.3,0.595,1,55.6,0
MSME002862,Classic Garments,2.5,manufacturing,Rajasthan,8,923701.35,819315.91,172811.68,0,24,0.236,1,86.3,10935978.59,11.0,0.031,0,4.3,0
MSME002863,National Fabrics,17.1,trading,Madhya Pradesh,5,595172.49,558386.04,76754.22,0,167,0.303,1,87.3,7032183.34,0.0,0.413,0,19.3,1
MSME002864,Hanuman Associates,2.8,trading,Uttar Pradesh,10,220756.82,203096.38,45809.19,0,31,0.05,0,,,,0.141,0,17.8,0
MSME002865,Sai Foods,1.5,retail,Karnataka,9,838038.27,802828.42,121503.81,0,14,0.226,1,86.9,8650160.03,15.3,0.764,0,39.6,0
MSME002866,Shree Garments,4.2,retail,Andhra Pradesh,2,246034.53,220200.83,10321.65,3,34,0.49,0,,,,0.718,1,77.2,0
MSME002867,Ganesh Logistics,5.6,trading,Karnataka,9,249772.87,240866.85,29658.39,0,36,0.362,0,,,,0.3,0,30.3,0
MSME002868,Annapurna Traders,10.3,manufacturing,Rajasthan,17,857562.13,853305.56,116227.61,0,110,0.292,1,93.8,10989749.97,1.0,0.081,0,2.3,0
MSME002869,Royal Suppliers,3.8,food,Andhra Pradesh,206,602582.53,585378.18,48363.9,0,26,0.413,1,65.2,7779810.36,18.0,0.877,1,77.4,0
MSME002870,Kaveri Plastics,3.8,retail,Delhi,196,1014340.98,910338.29,115462.2,0,38,0.306,1,76.6,12982110.54,12.1,0.801,0,46.1,0
MSME002871,Lakshmi Enterprises,5.2,retail,Telangana,43,543309.86,456271.48,93485.31,0,30,0.166,1,82.6,6370401.38,12.3,0.43,0,25.9,0
MSME002872,Modern Engineering Works,3.2,retail,Gujarat,4,215706.1,236998.41,0.0,4,18,0.491,1,79.6,2021390.84,4.9,0.404,0,3.7,1
MSME002873,National Exports,1.2,manufacturing,West Bengal,6,266391.44,245752.34,30746.22,0,11,0.331,1,70.2,2239189.67,19.4,0.236,0,0.0,0
MSME002874,Kaveri Electricals,1.6,retail,Karnataka,5,580095.82,638105.4,0.0,4,16,0.634,1,63.3,6931124.55,16.1,0.858,0,48.4,1
MSME002875,Maruti Engineering Works,12.2,retail,Tamil Nadu,8,515837.73,494088.65,42327.1,1,59,0.326,1,65.7,4402572.86,31.1,0.572,1,65.7,1
MSME002876,Om Suppliers,8.7,manufacturing,Rajasthan,5,559363.99,525748.25,70340.09,2,62,0.315,1,93.3,5113727.73,0.0,0.206,0,15.0,1
MSME002877,Durga Exports,5.1,manufacturing,Telangana,5,396672.62,329186.71,75316.22,0,59,0.05,1,97.1,4576575.32,11.1,0.032,0,7.0,0
MSME002878,Classic Plastics,7.7,services,Tamil Nadu,19,544047.69,455229.53,118200.88,0,66,0.057,1,81.5,6063108.52,4.9,0.312,1,44.8,0
MSME002879,Royal Fabrics,8.9,retail,Kerala,6,263817.35,244981.05,43100.21,0,71,0.14,1,84.4,3036272.05,0.4,0.492,0,27.7,0
MSME002880,Modern Enterprises,3.0,trading,Haryana,3,244788.31,252381.08,8935.71,4,25,0.5,1,80.0,2875317.55,9.7,0.384,0,30.2,0
MSME002881,Shree Agencies,2.0,retail,Tamil Nadu,17,1388192.62,1462060.67,67638.95,0,22,0.364,1,83.2,17517518.38,1.4,0.504,0,23.8,0
MSME002882,Kaveri Enterprises,11.4,services,Maharashtra,5,574490.93,556410.56,55781.06,0,116,0.381,1,90.0,6171673.5,7.8,0.497,0,35.3,0
MSME002883,Krishna Caterers,0.5,manufacturing,Delhi,1,218717.84,170994.88,50482.36,0,6,0.053,0,,,,0.066,0,1.5,0
MSME002884,Shree Textiles,7.8,retail,Uttar Pradesh,1,101006.96,100690.46,9475.32,1,59,0.478,0,,,,0.608,0,33.1,0
MSME002885,Maruti Metals,6.0,manufacturing,Bihar,7,210528.65,209362.9,27758.57,0,27,0.419,0,,,,0.06,0,15.4,0
MSME002886,Annapurna Textiles,10.6,trading,Maharashtra,3,261363.79,266475.36,19329.17,0,81,0.45,1,65.1,2205834.24,21.9,0.106,0,7.4,1
MSME002887,Classic Electricals,8.0,manufacturing,Uttar Pradesh,7,569327.89,558230.94,0.0,3,83,0.54,1,65.1,5380235.26,9.9,0.105,0,10.1,1
MSME002888,Sai Suppliers,7.7,retail,Tamil Nadu,12,520539.65,492297.76,65012.86,0,71,0.358,1,70.0,5839337.15,4.7,0.744,1,74.4,0
MSME002889,Balaji Metals,2.2,trading,Tamil Nadu,8,540765.91,480131.97,44646.59,0,19,0.293,1,88.4,6417118.55,11.7,0.309,0,0.0,0
MSME002890,Annapurna Textiles,9.2,retail,Kerala,7,497969.71,547766.68,27143.7,2,104,0.539,1,58.9,5448595.51,19.8,0.602,1,61.8,0
MSME002891,Balaji Foods,7.1,services,Uttar Pradesh,5,199514.53,206589.94,0.0,4,61,0.475,0,,,,0.348,0,20.2,0
MSME002892,Krishna Bakers,2.5,retail,Uttar Pradesh,6,906281.42,816451.51,68387.66,0,13,0.142,1,89.7,10475985.0,0.1,0.723,1,51.6,0
MSME002893,Maruti Electricals,6.0,trading,Madhya Pradesh,229,1233385.43,1120229.82,9844.92,5,45,0.346,1,84.1,12757109.82,12.1,0.147,0,4.6,0
MSME002894,Classic Foods,1.8,manufacturing,Delhi,8,657060.35,633882.05,30005.01,1,19,0.312,1,93.0,6237773.74,8.9,0.069,0,6.8,1
MSME002895,Lakshmi Logistics,4.5,services,Gujarat,16,349997.84,312112.29,54843.65,1,26,0.225,1,77.1,3567688.54,0.0,0.44,0,15.4,0
MSME002896,Om Enterprises,21.9,services,Bihar,16,595950.87,583247.64,28034.35,0,224,0.494,1,75.7,6962808.31,29.0,0.479,0,28.6,0
MSME002897,Durga Bakers,2.1,services,Maharashtra,4,1034651.61,1036465.45,31965.09,4,16,0.349,1,74.6,11509600.59,3.7,0.686,0,30.7,1
MSME002898,Hanuman Bakers,1.2,services,Telangana,46,401079.93,381656.27,75107.93,2,10,0.248,1,94.8,3941485.66,0.0,0.291,1,34.3,0
MSME002899,New Bakers,1.6,services,Bihar,177,562470.95,572865.14,35053.28,1,13,0.38,1,82.0,7047302.9,6.1,0.41,0,17.2,1
MSME002900,Kaveri Engineering Works,4.5,trading,Kerala,162,769609.41,711021.72,88419.47,0,46,0.2,1,82.1,9495273.44,0.0,0.167,0,16.2,0
MSME002901,Om Industries,8.4,retail,West Bengal,5,311593.45,307773.09,11159.18,1,78,0.362,0,,,,0.426,1,60.9,0
MSME002902,National Exports,5.3,trading,Delhi,3,278088.47,276452.36,28349.88,1,55,0.447,1,89.5,3378968.28,2.2,0.177,0,15.0,0
MSME002903,Royal Electricals,1.4,retail,Gujarat,3,180918.4,189635.19,0.0,1,14,0.441,0,,,,0.733,0,35.6,1
MSME002904,Hanuman Solutions,8.3,trading,Bihar,1,258543.87,279282.68,0.0,5,87,0.75,1,79.6,2252335.69,5.2,0.468,0,30.3,0
MSME002905,Durga Suppliers,0.7,trading,Bihar,1,627037.99,633395.19,57391.94,2,6,0.482,1,82.0,6665719.78,15.9,0.235,0,19.9,0
MSME002906,Royal Caterers,1.5,retail,Tamil Nadu,2,261218.18,233293.26,40694.3,2,13,0.094,1,100.0,2198924.04,3.4,0.569,0,30.4,1
MSME002907,Hanuman Fabrics,3.1,manufacturing,Delhi,8,529837.79,448332.52,50495.89,0,30,0.373,1,82.8,6911538.7,14.2,0.211,0,3.1,0
MSME002908,Classic Logistics,11.1,services,Bihar,13,569436.21,506090.66,129247.21,0,74,0.24,1,88.5,6753227.27,4.3,0.659,0,52.1,0
MSME002909,Balaji Industries,5.5,services,Andhra Pradesh,7,558349.14,545706.05,1331.08,3,58,0.302,1,89.9,7056300.32,9.7,0.429,0,20.9,0
MSME002910,Ganesh Enterprises,5.7,food,Gujarat,36,1189392.5,1291567.8,0.0,6,63,0.628,1,81.3,12935720.97,10.4,0.412,0,22.1,0
MSME002911,Balaji Traders,1.4,retail,Andhra Pradesh,1,262460.89,222353.61,42399.46,0,12,0.241,1,77.5,3355017.14,15.4,0.588,1,52.0,0
MSME002912,Sai Associates,3.4,retail,Tamil Nadu,8,430802.33,415242.22,0.0,2,25,0.512,1,78.5,4070253.51,4.1,0.715,1,79.8,0
MSME002913,Shiv Foods,10.0,retail,Punjab,13,289638.49,256451.42,19376.1,0,95,0.242,0,,,,0.643,1,72.2,1
MSME002914,Kaveri Solutions,6.7,trading,Maharashtra,8,748738.23,794260.48,0.0,4,68,0.711,1,72.4,6701988.57,14.1,0.438,0,27.4,0
MSME002915,Vishwakarma Industries,8.6,retail,West Bengal,10,290071.45,268242.9,38246.63,0,64,0.326,0,,,,0.785,1,77.3,1
MSME002916,Vishwakarma Caterers,5.0,manufacturing,Maharashtra,87,710517.79,583850.72,146921.13,0,47,0.173,1,86.2,6286415.3,15.5,0.255,0,12.8,0
MSME002917,Hanuman Stores,10.1,trading,Madhya Pradesh,49,958988.53,956062.69,121195.98,1,106,0.277,1,71.0,10705470.5,11.9,0.493,0,36.4,0
MSME002918,Classic Industries,1.4,trading,Gujarat,33,1786318.31,1826790.14,177712.6,1,13,0.416,1,94.2,19793000.18,1.7,0.261,0,14.3,0
MSME002919,National Enterprises,4.4,trading,Andhra Pradesh,10,795096.1,753314.94,93877.95,0,15,0.097,1,83.6,7321147.24,16.3,0.468,0,28.0,0
MSME002920,Maruti Agencies,7.5,trading,Andhra Pradesh,1,260274.42,250675.55,4019.86,0,49,0.108,0,,,,0.432,1,43.1,0
MSME002921,Ganesh Electricals,0.9,services,Gujarat,6,217514.15,226694.88,20581.88,1,9,0.373,1,74.1,2263428.86,11.1,0.507,0,10.5,1
MSME002922,New Electricals,0.5,services,Telangana,9,974528.49,942675.13,154685.92,0,6,0.153,1,100.0,8384767.3,0.0,0.615,0,27.5,0
MSME002923,Balaji Garments,17.1,manufacturing,Madhya Pradesh,191,1414137.55,1337061.81,118213.0,0,89,0.286,1,62.0,16878869.83,11.9,0.265,0,14.7,0
MSME002924,Om Industries,5.6,services,Gujarat,3,257971.17,254879.82,11444.19,2,37,0.358,1,68.2,2579314.36,20.8,0.582,0,25.6,0
MSME002925,Vishwakarma Industries,0.8,trading,Gujarat,31,1018924.16,1050967.5,44014.34,1,7,0.783,1,75.7,9346680.08,13.1,0.307,0,39.3,0
MSME002926,Annapurna Stores,5.4,trading,Uttar Pradesh,6,357079.7,311110.52,56447.4,1,60,0.09,1,82.5,3147969.21,2.3,0.439,0,32.3,1
MSME002927,Hanuman Solutions,1.6,services,Maharashtra,1,143448.91,135432.52,21151.52,0,10,0.424,1,93.9,1678703.49,0.5,0.555,1,58.7,0
MSME002928,Ganesh Engineering Works,2.2,trading,Karnataka,4,281556.19,285532.49,13437.37,1,21,0.408,1,81.5,2932147.16,3.6,0.313,0,18.2,0
MSME002929,Annapurna Caterers,11.4,trading,Karnataka,10,370940.7,327530.39,65761.8,0,133,0.054,0,,,,0.153,0,11.0,0
MSME002930,Durga Electricals,3.2,retail,Rajasthan,8,232074.51,219981.83,14286.64,2,33,0.259,1,85.6,3014593.93,10.3,0.633,0,45.1,0
MSME002931,Annapurna Electricals,3.2,services,Delhi,14,243968.34,258041.62,1957.63,2,12,0.284,0,,,,0.342,0,19.0,1
MSME002932,Durga Enterprises,1.5,retail,Maharashtra,3,547315.78,454812.64,122980.88,0,15,0.05,1,100.0,4858993.9,0.0,0.796,0,38.5,0
MSME002933,Annapurna Exports,3.8,food,Andhra Pradesh,10,548015.02,551337.13,61928.13,1,36,0.29,1,69.0,5919364.91,4.4,0.564,1,52.0,0
MSME002934,Vishwakarma Plastics,5.8,retail,Telangana,3,203949.15,201893.44,0.0,2,46,0.429,1,71.9,1894245.76,21.9,0.587,1,46.8,0
MSME002935,National Stores,3.2,trading,Bihar,45,1369931.96,1203570.05,217397.42,0,26,0.16,1,100.0,14498589.38,0.0,0.497,0,19.5,0
MSME002936,Kaveri Textiles,20.2,retail,Karnataka,4,414700.0,433271.96,22870.44,2,143,0.44,1,77.2,3728387.62,14.3,0.872,1,80.4,0
MSME002937,New Textiles,1.9,retail,Uttar Pradesh,5,313201.82,235168.35,78300.45,0,18,0.05,1,89.9,3299450.84,0.0,0.453,0,31.8,0
MSME002938,Sri Exports,1.9,trading,Andhra Pradesh,7,243912.76,231520.4,14297.96,2,16,0.427,1,88.8,2187581.64,3.9,0.204,0,18.7,0
MSME002939,Classic Enterprises,3.7,services,Bihar,28,717604.65,781569.97,0.0,4,26,0.53,1,88.2,9433383.28,0.0,0.549,0,20.0,0
MSME002940,Annapurna Industries,18.6,retail,Andhra Pradesh,233,3337501.47,2982460.05,834375.37,0,155,0.05,0,,,,0.441,1,58.6,0
MSME002941,Sri Suppliers,8.7,retail,Uttar Pradesh,122,991590.3,900531.33,88611.56,0,73,0.12,1,93.8,9046689.29,8.7,0.873,0,44.5,0
MSME002942,Classic Solutions,3.1,retail,Karnataka,3,555388.94,524411.36,100032.62,1,30,0.279,1,83.2,5085204.59,13.3,0.818,1,66.6,0
MSME002943,New Associates,3.1,trading,Gujarat,3,329727.0,315000.83,55885.62,0,20,0.457,1,85.5,3338640.15,2.7,0.424,0,14.9,0
MSME002944,Annapurna Industries,1.9,food,West Bengal,7,565412.26,570869.38,0.0,0,18,0.57,1,64.3,5212961.05,17.0,0.824,1,57.9,0
MSME002945,National Solutions,3.6,trading,Bihar,3,341071.97,375179.16,0.0,6,40,0.595,1,69.8,3596001.09,6.8,0.107,0,0.0,0
MSME002946,Balaji Garments,4.3,manufacturing,Uttar Pradesh,2,97839.46,88124.5,24459.87,0,40,0.05,0,,,,0.153,0,0.4,0
MSME002947,Krishna Logistics,8.4,trading,Uttar Pradesh,2,220324.69,241903.91,0.0,4,64,0.673,1,81.1,2647892.88,14.0,0.143,0,3.6,0
MSME002948,Shiv Textiles,7.1,trading,Maharashtra,4,434622.19,379838.75,86252.83,0,72,0.064,1,100.0,5123765.42,0.0,0.281,0,23.5,1
MSME002949,Om Associates,3.5,manufacturing,Uttar Pradesh,1,540246.08,437878.32,81495.92,0,23,0.173,1,87.1,6893257.08,5.9,0.057,0,10.8,0
MSME002950,Om Enterprises,14.1,retail,Tamil Nadu,1,211379.37,180833.53,30362.4,0,142,0.225,0,,,,0.783,0,50.6,0
MSME002951,Shree Suppliers,2.7,manufacturing,Maharashtra,190,1480602.73,1424860.02,149753.82,2,23,0.56,1,79.1,14421565.39,5.2,0.034,0,0.0,1
MSME002952,Om Foods,1.1,trading,Gujarat,8,360832.18,270624.14,90208.05,0,12,0.05,1,95.0,3425836.58,0.0,0.377,0,16.0,0
MSME002953,Classic Caterers,6.1,trading,Madhya Pradesh,6,1078036.36,1092679.88,0.0,3,26,0.445,1,76.9,13272301.23,6.8,0.293,0,25.4,0
MSME002954,Vishwakarma Enterprises,10.8,food,Telangana,2,532170.72,445942.01,49529.47,0,115,0.382,1,79.5,5355684.32,15.8,0.638,0,21.5,0
MSME002955,Lakshmi Stores,4.9,trading,Gujarat,3,255385.84,234355.14,31950.4,0,41,0.207,1,90.7,3161395.54,1.0,0.359,0,1.2,0
MSME002956,Modern Industries,1.4,food,Maharashtra,7,147897.59,143771.97,10338.23,2,9,0.364,0,,,,0.484,1,40.2,0
MSME002957,Sai Stores,5.7,food,Bihar,16,161847.94,158205.73,5039.69,1,59,0.577,0,,,,0.412,1,50.2,0
MSME002958,Shiv Plastics,6.2,retail,Gujarat,9,623042.31,643679.11,112614.32,0,58,0.32,1,84.2,7844399.21,9.9,0.715,1,63.8,0
MSME002959,Om Solutions,6.8,trading,Tamil Nadu,9,556357.79,484132.91,125981.85,0,71,0.084,1,92.3,5755873.21,20.2,0.309,0,5.6,0
MSME002960,Shiv Stores,5.8,manufacturing,Rajasthan,39,586880.78,440160.59,130153.79,0,60,0.08,1,84.1,6347982.98,12.2,0.131,0,8.6,0
MSME002961,Classic Agencies,11.8,retail,Punjab,3,372382.84,301897.13,76364.05,0,117,0.05,1,90.6,4539519.46,3.5,0.579,1,62.5,0
MSME002962,Vishwakarma Enterprises,1.8,services,Gujarat,9,214457.76,231220.94,0.0,2,10,0.592,0,,,,0.602,0,56.2,1
MSME002963,Modern Associates,0.5,retail,Delhi,5,579486.31,493733.75,109400.2,0,6,0.132,1,80.6,4889383.75,16.7,0.487,1,63.8,0
MSME002964,Sai Exports,0.7,retail,Tamil Nadu,3,259858.98,285844.88,4817.63,5,7,0.396,1,69.9,2262884.67,11.3,0.744,1,68.4,1
MSME002965,Sri Enterprises,1.4,trading,Maharashtra,6,252039.14,254454.69,512.03,2,11,0.519,1,83.8,2975678.69,3.5,0.254,0,22.2,0
MSME002966,Krishna Associates,9.5,services,Uttar Pradesh,2,218754.47,223606.73,10987.98,1,89,0.55,1,65.8,2253095.15,10.2,0.434,0,46.8,0
MSME002967,Kaveri Foods,3.8,services,Bihar,5,283206.0,280955.3,22625.97,1,24,0.224,1,82.6,3239304.18,2.0,0.655,0,28.3,0
MSME002968,Kaveri Foods,14.8,services,Karnataka,151,1210320.26,1297555.67,34751.66,1,131,0.464,1,71.1,12258295.94,12.2,0.505,0,15.2,0
MSME002969,Sri Traders,1.7,retail,Karnataka,5,710687.6,767468.19,0.0,4,16,0.584,1,84.0,9091503.2,5.0,0.895,0,59.6,1
MSME002970,Hanuman Agencies,14.6,trading,Punjab,6,843163.22,656987.14,164538.98,0,152,0.05,1,72.4,9335480.45,14.2,0.439,0,22.5,0
MSME002971,Hanuman Foods,2.2,retail,Rajasthan,48,809903.37,736207.64,132510.43,0,16,0.05,1,76.0,8558978.36,24.8,0.604,1,48.7,0
MSME002972,Sai Enterprises,4.3,retail,Maharashtra,2,255903.77,243034.44,28928.71,1,49,0.342,0,,,,0.824,0,44.4,0
MSME002973,Krishna Exports,0.8,trading,Madhya Pradesh,11,401412.27,417901.9,19479.34,3,6,0.399,1,77.4,3516337.91,21.4,0.115,1,23.6,1
MSME002974,Modern Foods,13.3,services,Uttar Pradesh,1,82082.11,67002.53,11096.18,1,138,0.085,1,71.2,960738.51,11.6,0.604,0,23.4,0
MSME002975,Shree Industries,4.8,retail,Karnataka,19,554576.41,533522.2,59787.99,0,35,0.424,1,66.1,5306651.72,14.3,0.84,0,52.3,0
MSME002976,Shiv Plastics,20.8,retail,Andhra Pradesh,36,425828.84,380744.22,22777.3,0,93,0.348,1,81.6,3991056.54,0.0,0.611,0,28.3,0
MSME002977,Shiv Enterprises,11.1,services,Rajasthan,4,645207.11,661130.51,0.0,3,110,0.494,1,79.9,6854123.87,17.2,0.299,0,3.0,0
MSME002978,Royal Solutions,4.2,retail,Tamil Nadu,10,413317.0,355726.99,54168.68,0,47,0.112,1,77.4,5145569.42,5.7,0.62,1,59.5,0
MSME002979,Lakshmi Plastics,2.6,food,Karnataka,6,490199.59,481266.07,60533.29,1,26,0.272,1,86.9,5110568.92,11.6,0.504,0,24.2,1
MSME002980,Shiv Solutions,9.8,trading,Maharashtra,6,350375.27,312211.17,53612.49,0,90,0.403,0,,,,0.407,0,26.1,0
MSME002981,Sri Bakers,5.2,retail,Tamil Nadu,7,285774.14,243800.05,34761.4,0,59,0.339,1,81.4,3064798.57,5.1,0.528,1,52.0,0
MSME002982,Sai Solutions,2.5,manufacturing,Rajasthan,6,714242.96,614716.3,85377.12,0,27,0.334,1,87.8,7310818.48,7.3,0.158,0,3.6,1
MSME002983,National Garments,5.5,services,Tamil Nadu,3,352538.53,334298.37,26114.96,0,52,0.201,0,,,,0.333,0,29.7,0
MSME002984,National Exports,0.5,manufacturing,Maharashtra,10,713603.36,686088.29,37213.38,1,6,0.382,1,58.2,7571479.5,13.9,0.061,0,0.0,1
MSME002985,Sri Logistics,6.9,trading,Karnataka,13,548231.83,470085.48,79885.99,0,39,0.324,1,73.3,5546079.7,13.8,0.411,0,32.6,0
MSME002986,Hanuman Enterprises,7.9,trading,Gujarat,3,571848.69,519771.44,99612.52,0,79,0.226,1,99.9,7338394.16,5.9,0.212,0,12.1,0
MSME002987,Sri Metals,1.6,services,Gujarat,7,557461.77,503695.49,106988.67,1,10,0.233,1,85.0,6370381.78,0.0,0.638,0,44.1,0
MSME002988,New Electricals,12.0,trading,Haryana,155,368988.2,390169.69,21681.81,0,120,0.5,1,78.4,4345608.63,13.4,0.118,0,6.7,0
MSME002989,Classic Traders,10.3,services,Maharashtra,41,579338.68,434504.01,114585.75,0,80,0.151,1,96.4,5549006.2,9.4,0.271,0,17.8,0
MSME002990,Vishwakarma Foods,6.4,retail,Uttar Pradesh,210,2025732.75,2140246.36,0.0,1,57,0.317,1,100.0,21834501.87,7.3,0.419,1,51.4,0
MSME002991,Shiv Foods,2.1,trading,Andhra Pradesh,9,294799.61,252173.38,53454.01,0,16,0.203,0,,,,0.211,0,24.5,0
MSME002992,Hanuman Traders,8.2,retail,Uttar Pradesh,7,163350.7,142614.8,14962.19,0,69,0.443,1,79.5,1803497.11,8.2,0.75,1,69.5,0
MSME002993,Annapurna Stores,3.6,manufacturing,Kerala,10,553788.74,448609.62,95523.53,0,32,0.292,1,96.3,4936002.19,6.8,0.026,0,0.0,0
MSME002994,Royal Enterprises,5.9,trading,Madhya Pradesh,35,1037197.0,901291.79,239942.34,0,49,0.05,1,100.0,13396420.21,0.4,0.362,0,22.0,0
MSME002995,New Metals,8.8,food,Karnataka,32,418647.16,387973.61,47445.35,0,84,0.272,1,85.3,3789309.68,15.1,0.576,1,66.6,0
MSME002996,Hanuman Plastics,1.2,retail,Tamil Nadu,24,1224834.53,1148093.54,127875.19,1,12,0.164,1,56.3,12139896.34,33.7,0.845,0,57.1,0
MSME002997,Ganesh Logistics,0.8,trading,Gujarat,2,903294.65,816924.58,91738.43,0,6,0.169,1,61.4,8201468.85,10.6,0.452,0,21.5,0
MSME002998,Ganesh Electricals,3.3,trading,Telangana,7,166039.35,168871.17,13864.61,0,30,0.412,0,,,,0.203,0,5.9,0
MSME002999,Vishwakarma Industries,18.4,services,Maharashtra,30,491664.4,388317.08,82815.97,0,190,0.257,1,84.3,4348581.2,7.5,0.278,0,5.0,0
MSME003000,Durga Textiles,21.4,manufacturing,Bihar,1,84908.02,75835.44,11945.91,0,219,0.432,1,79.5,1084154.45,0.0,0.049,0,10.6,0
MSME003001,New Suppliers,6.7,trading,Telangana,6,657169.44,700792.07,4948.44,2,68,0.644,1,56.8,6610049.33,21.9,0.11,1,38.1,0
MSME003002,Durga Logistics,10.5,trading,Madhya Pradesh,2,225458.48,178522.9,34564.1,0,89,0.36,1,100.0,2485713.87,0.6,0.252,0,27.4,0
MSME003003,Classic Engineering Works,4.9,services,Maharashtra,14,371204.4,307246.67,47258.11,0,43,0.148,1,87.8,4168779.94,11.5,0.676,0,31.7,0
MSME003004,Modern Agencies,5.5,retail,Bihar,7,779122.04,763586.49,51371.04,0,59,0.375,1,73.5,7279696.36,17.9,0.443,1,51.3,0
MSME003005,Sri Caterers,4.3,services,Bihar,40,319066.32,300867.12,22015.07,1,49,0.292,1,87.7,4178995.01,7.6,0.267,0,13.3,1
MSME003006,Maruti Bakers,11.4,services,Maharashtra,4,138480.04,145439.87,6835.29,2,116,0.18,1,69.3,1755097.33,19.9,0.517,0,23.7,0
MSME003007,Krishna Exports,15.0,retail,Kerala,2,81056.36,82411.81,5620.95,1,169,0.367,0,,,,0.518,1,53.1,0
MSME003008,Vishwakarma Foods,5.4,services,Uttar Pradesh,9,848594.63,770236.42,119861.87,0,49,0.261,1,72.0,10990747.22,12.8,0.49,1,41.7,0
MSME003009,Hanuman Electricals,5.5,services,Punjab,9,746810.81,737924.63,0.0,4,38,0.579,1,74.8,9692561.22,19.0,0.502,0,34.3,1
MSME003010,National Garments,4.4,retail,Maharashtra,2,241318.56,218022.06,16905.29,1,41,0.224,0,,,,0.856,1,81.0,1
MSME003011,Maruti Associates,15.2,trading,Uttar Pradesh,3,183703.83,150523.27,17943.14,0,136,0.322,0,,,,0.438,0,30.4,1
MSME003012,Om Textiles,9.5,trading,Madhya Pradesh,1,420369.12,341947.49,105092.28,0,97,0.276,1,76.7,3590500.67,13.8,0.151,0,8.4,0
MSME003013,Shree Enterprises,2.0,manufacturing,Uttar Pradesh,7,2441311.55,2180275.63,411007.48,0,15,0.268,1,74.6,26952857.52,7.2,0.226,1,45.4,0
MSME003014,Sri Plastics,18.1,services,Uttar Pradesh,9,370614.81,379543.34,27516.22,0,179,0.332,1,73.7,4126688.59,21.7,0.54,0,26.3,1
MSME003015,Shiv Fabrics,0.5,trading,Maharashtra,35,401928.94,418317.61,9366.35,6,6,0.311,1,71.6,5092323.89,19.0,0.114,0,0.0,1
MSME003016,Shiv Textiles,14.2,trading,Telangana,3,733363.06,701892.57,16948.89,3,96,0.318,1,73.1,8703673.69,13.5,0.428,0,20.9,0
MSME003017,Om Exports,10.8,retail,Maharashtra,5,200751.08,160382.55,43062.76,0,117,0.227,0,,,,0.654,0,30.7,0
MSME003018,Kaveri Textiles,5.4,retail,West Bengal,8,352637.07,312429.24,52378.08,0,51,0.213,1,87.5,4215970.94,9.5,0.42,1,69.8,0
MSME003019,Krishna Foods,5.3,retail,Karnataka,5,87675.62,80608.35,10448.79,0,58,0.277,1,74.6,1043425.32,15.8,0.613,0,40.9,0
MSME003020,Sri Suppliers,4.6,retail,Karnataka,8,365150.66,362064.22,28734.5,2,40,0.446,1,96.9,3719944.94,1.1,0.778,0,43.1,0
MSME003021,Ganesh Engineering Works,2.1,retail,Gujarat,32,324863.94,290742.08,61487.39,3,20,0.227,1,97.0,3537934.41,6.8,0.572,1,67.0,0
MSME003022,Balaji Engineering Works,17.1,services,Tamil Nadu,8,813641.75,868898.79,0.0,6,138,0.505,1,66.0,9270762.61,27.6,0.285,1,46.8,0
MSME003023,Maruti Solutions,5.2,services,Delhi,8,238002.96,205768.43,27413.53,1,42,0.109,0,,,,0.62,0,35.1,1
MSME003024,Annapurna Textiles,2.1,retail,Telangana,8,662490.14,625481.94,23293.76,0,10,0.662,1,66.7,6368593.84,13.4,0.725,0,38.7,0
MSME003025,Maruti Textiles,16.4,services,Delhi,5,333375.56,337607.02,0.0,7,142,0.49,1,75.8,3598062.57,9.6,0.529,1,46.8,0
MSME003026,Hanuman Caterers,7.3,retail,Bihar,42,763318.08,611967.91,190829.52,0,44,0.084,1,69.0,9570823.51,15.8,0.613,1,62.3,1
MSME003027,Balaji Associates,7.7,trading,Telangana,4,538590.37,458802.91,48455.27,0,84,0.356,1,82.7,6357897.67,17.8,0.428,0,32.0,0
MSME003028,Sri Traders,19.0,food,Punjab,31,518681.44,468601.02,62054.31,0,184,0.34,1,99.7,4867129.96,4.3,0.402,1,35.4,0
MSME003029,Kaveri Exports,8.5,trading,Rajasthan,27,504252.89,532082.2,11121.79,5,91,0.551,1,73.0,4334978.76,2.0,0.226,0,16.8,0
MSME003030,Royal Associates,3.0,retail,Kerala,7,265098.83,221291.99,40455.73,0,30,0.08,1,81.4,3418303.91,3.2,0.47,0,29.7,1
MSME003031,Sri Engineering Works,8.5,trading,Maharashtra,2,433545.01,340155.76,49554.67,0,91,0.073,1,76.6,4310656.35,5.3,0.464,0,18.5,0
MSME003032,Lakshmi Garments,2.3,services,Maharashtra,43,237920.81,210610.39,25980.91,0,18,0.258,1,85.2,2579729.99,11.5,0.567,0,31.4,0
MSME003033,Krishna Suppliers,3.5,retail,Rajasthan,48,1867037.12,1451098.54,322979.29,0,36,0.209,1,86.9,16034295.09,0.0,0.611,0,20.6,0
MSME003034,Balaji Engineering Works,6.6,food,Rajasthan,6,349469.85,307060.26,69683.78,0,78,0.216,0,,,,0.632,0,36.7,0
MSME003035,Sai Metals,10.4,trading,Rajasthan,1,220701.8,201516.87,39916.67,2,93,0.255,1,98.5,2130140.02,12.2,0.27,0,19.2,0
MSME003036,Modern Plastics,3.1,retail,Karnataka,8,499424.79,521226.78,0.0,5,20,0.627,1,80.9,6513713.56,14.7,0.428,1,55.0,0
MSME003037,National Solutions,4.5,trading,Karnataka,7,345210.27,325272.66,6664.58,9,33,0.555,1,86.6,3470788.98,0.0,0.307,0,20.7,0
MSME003038,Annapurna Enterprises,4.5,services,Andhra Pradesh,5,320236.41,278679.96,61502.31,0,47,0.05,1,94.0,2949864.51,0.0,0.56,0,40.6,0
MSME003039,Lakshmi Electricals,11.7,trading,Gujarat,4,216867.4,205210.86,26573.73,1,83,0.09,1,88.2,2556336.75,4.8,0.492,0,21.1,0
MSME003040,Annapurna Logistics,5.3,food,Tamil Nadu,6,399499.53,356699.74,48711.56,0,38,0.149,1,84.2,4093455.89,4.8,0.841,0,52.8,0
MSME003041,Maruti Bakers,17.9,food,Madhya Pradesh,7,326162.33,341678.54,13925.05,3,176,0.5,1,77.9,3967862.19,5.2,0.459,1,47.2,0
MSME003042,Lakshmi Foods,3.5,retail,West Bengal,7,459355.79,450859.29,42042.41,0,40,0.208,1,75.2,3915293.24,7.1,0.444,0,17.2,1
MSME003043,Ganesh Solutions,3.3,retail,Telangana,44,1633570.83,1408816.37,256799.32,0,23,0.132,1,87.0,16701044.67,7.4,0.716,1,59.6,0
MSME003044,Om Textiles,14.0,trading,Tamil Nadu,10,342611.46,264841.49,75147.14,0,90,0.05,1,86.5,2909950.7,4.0,0.284,0,5.5,0
MSME003045,Annapurna Exports,8.0,services,Maharashtra,31,571363.78,456167.38,106755.62,0,64,0.202,1,64.5,4910404.9,14.4,0.461,0,28.5,0
MSME003046,Royal Electricals,13.6,services,Delhi,2,107935.03,87738.93,13992.49,0,96,0.21,1,81.3,1073212.91,13.6,0.285,0,5.7,0
MSME003047,Sri Exports,1.6,retail,Maharashtra,1,311250.18,308227.36,32927.11,1,14,0.235,1,89.0,2808027.32,0.0,0.812,1,77.5,1
MSME003048,New Caterers,5.2,food,Madhya Pradesh,7,337285.37,301380.49,15426.18,2,47,0.274,1,77.0,3699408.94,1.4,0.484,0,30.1,0
MSME003049,Annapurna Logistics,6.6,trading,Tamil Nadu,2,330827.53,336621.94,10315.14,2,72,0.532,1,77.9,4337570.7,7.8,0.432,0,28.1,0
MSME003050,Sri Fabrics,6.2,manufacturing,Gujarat,2,336874.24,354515.16,23549.23,0,64,0.63,1,79.7,4291886.2,7.5,0.075,0,2.1,0
MSME003051,National Engineering Works,4.6,manufacturing,Andhra Pradesh,3,302145.02,252872.78,54595.63,0,42,0.23,1,65.2,3256580.05,12.4,0.247,1,19.9,0
MSME003052,Annapurna Caterers,6.1,retail,Gujarat,25,2403315.73,2222086.94,296789.17,0,64,0.272,1,84.7,25259158.69,7.9,0.414,1,44.8,0
MSME003053,New Exports,6.4,retail,Uttar Pradesh,8,440596.5,391151.74,25778.52,2,61,0.155,1,69.3,5603633.08,12.1,0.605,1,59.1,0
MSME003054,Maruti Stores,3.2,retail,Bihar,1,270741.25,254292.18,37312.91,1,27,0.288,1,98.8,3083698.05,11.1,0.581,0,28.0,1
MSME003055,New Stores,11.3,food,Maharashtra,4,153635.16,132080.99,13859.46,0,89,0.441,1,67.1,1846744.87,9.1,0.473,0,33.5,0
MSME003056,Shiv Stores,16.5,trading,Tamil Nadu,16,1000141.21,883951.68,120396.99,0,183,0.247,1,80.3,10988987.15,10.3,0.242,0,10.4,0
MSME003057,National Suppliers,9.0,manufacturing,Karnataka,2,343213.37,262899.73,55455.91,3,55,0.278,1,93.5,3250927.35,2.6,0.277,0,20.5,0
MSME003058,Balaji Plastics,7.2,trading,Rajasthan,9,659998.45,587779.1,0.0,1,74,0.478,1,72.7,6635209.57,12.6,0.234,0,6.3,0
MSME003059,Maruti Suppliers,4.9,trading,West Bengal,27,1182816.77,925351.86,295704.19,0,49,0.204,1,72.9,15264855.99,10.9,0.156,0,17.0,0
MSME003060,Lakshmi Caterers,6.5,food,Gujarat,8,334885.89,343033.21,12448.61,3,69,0.518,1,97.8,3675088.52,7.6,0.886,1,84.8,0
MSME003061,Kaveri Agencies,7.0,trading,Gujarat,1,183100.08,164717.29,27100.21,0,72,0.148,0,,,,0.407,0,16.5,0
MSME003062,Ganesh Garments,2.1,services,Gujarat,3,84116.78,88127.44,6681.73,1,12,0.379,0,,,,0.458,1,58.9,1
MSME003063,Maruti Textiles,10.9,trading,Kerala,5,349423.79,335764.27,37946.58,1,88,0.328,1,63.8,3589436.6,24.0,0.28,0,17.8,0
MSME003064,Balaji Agencies,3.7,retail,Maharashtra,44,496445.08,491079.98,10346.72,1,17,0.503,1,72.1,4888124.39,16.2,0.558,1,47.1,0
MSME003065,Sri Fabrics,14.5,retail,Delhi,5,199587.95,175857.06,23010.43,0,125,0.407,0,,,,0.49,0,28.5,1
MSME003066,Krishna Suppliers,6.0,retail,Gujarat,43,1595655.03,1407796.64,155034.85,0,60,0.193,1,82.6,17127880.95,13.4,0.847,0,50.8,0
MSME003067,National Foods,11.1,services,Gujarat,2,459587.62,430817.57,47677.21,0,84,0.379,1,100.0,5270221.8,0.0,0.544,1,39.5,0
MSME003068,Sri Garments,8.9,trading,Bihar,16,224679.77,202835.02,56169.94,1,77,0.05,1,91.5,2877759.98,6.1,0.282,0,9.3,0
MSME003069,Balaji Metals,1.6,trading,Gujarat,32,824935.76,706957.6,95958.48,0,16,0.114,1,77.0,9175632.41,4.4,0.337,0,21.0,0
MSME003070,Sai Industries,13.6,retail,West Bengal,109,606514.1,595962.39,39521.84,0,160,0.212,1,65.8,7667638.07,20.4,0.659,1,49.8,0
MSME003071,Vishwakarma Enterprises,2.7,services,Kerala,37,791690.37,736140.17,133675.98,0,27,0.3,1,78.5,10386667.02,12.7,0.473,0,11.7,0
MSME003072,Shiv Agencies,3.5,manufacturing,Andhra Pradesh,38,576597.99,500743.11,75156.72,0,40,0.216,1,100.0,4959681.39,1.4,0.112,0,15.5,0
MSME003073,Kaveri Stores,3.8,services,Karnataka,5,262575.25,242665.24,33615.7,0,18,0.292,0,,,,0.252,0,32.0,1
MSME003074,New Electricals,1.0,food,Madhya Pradesh,9,624056.05,686461.66,23238.96,1,7,0.523,1,90.5,8023061.92,0.0,0.841,1,77.3,1
MSME003075,Krishna Metals,6.2,retail,Gujarat,3,503229.86,452169.38,69525.14,3,53,0.216,1,81.7,4396041.77,14.0,0.724,1,63.5,0
MSME003076,Sri Metals,11.6,retail,Bihar,2,650649.07,637905.93,0.0,5,89,0.474,1,84.5,6058381.33,3.4,0.421,0,18.6,0
MSME003077,Balaji Garments,14.3,trading,Uttar Pradesh,4,358653.7,328377.97,35927.59,0,148,0.187,0,,,,0.447,1,57.8,0
MSME003078,National Agencies,4.6,retail,Maharashtra,5,168059.86,145701.93,42014.97,0,40,0.05,0,,,,0.751,1,62.0,1
MSME003079,Kaveri Traders,5.2,services,Karnataka,3,502287.56,512254.95,71559.09,0,52,0.152,1,94.9,5457682.74,0.0,0.674,1,74.7,0
MSME003080,Vishwakarma Metals,9.4,manufacturing,Uttar Pradesh,2,611647.63,672812.4,0.0,3,59,0.696,1,65.2,5467577.88,29.6,0.201,0,14.7,1
MSME003081,Vishwakarma Bakers,4.7,retail,Bihar,1,324935.94,327563.21,0.0,4,44,0.537,1,74.1,3691746.87,16.4,0.439,1,56.0,0
MSME003082,National Exports,12.3,food,Maharashtra,46,399817.86,381563.97,58958.73,0,121,0.103,1,84.8,3387925.32,1.6,0.463,0,31.2,0
MSME003083,Lakshmi Garments,5.0,retail,Maharashtra,8,239407.98,263348.78,0.0,4,56,0.767,1,71.0,2986536.37,15.2,0.768,0,36.3,1
MSME003084,Kaveri Fabrics,2.4,services,Madhya Pradesh,2,359454.78,335758.96,48000.21,0,16,0.367,1,78.6,3383802.81,16.5,0.253,0,24.9,1
MSME003085,Ganesh Stores,6.3,trading,Rajasthan,3,227539.93,200987.56,42389.78,0,55,0.271,0,,,,0.219,0,17.1,0
MSME003086,Maruti Industries,1.3,services,Delhi,8,343702.62,309659.75,51708.57,0,13,0.179,1,94.1,4023741.09,4.9,0.344,0,7.7,0
MSME003087,Annapurna Stores,6.2,retail,Tamil Nadu,6,1956020.02,1895255.16,264901.25,0,53,0.36,1,88.8,21509438.48,6.2,0.725,1,55.2,0
MSME003088,Annapurna Caterers,7.2,food,Maharashtra,1,609616.36,540477.17,95739.85,0,58,0.236,1,92.0,7060926.81,5.1,0.628,1,40.0,0
MSME003089,Kaveri Fabrics,2.7,food,Maharashtra,14,649499.79,598896.29,76984.43,0,17,0.285,1,92.8,5942188.91,0.0,0.716,1,63.7,0
MSME003090,Shiv Plastics,7.0,trading,Rajasthan,29,511189.22,525145.03,5912.66,4,74,0.563,1,67.7,5165476.63,13.4,0.461,0,23.9,1
MSME003091,Ganesh Garments,4.2,trading,Maharashtra,2,220253.26,197108.61,33383.55,0,42,0.259,0,,,,0.369,1,53.9,0
MSME003092,Maruti Engineering Works,2.6,services,Bihar,5,523570.04,438038.98,76969.86,0,26,0.146,1,96.5,6835792.05,5.1,0.653,0,51.6,0
MSME003093,Sri Stores,1.1,services,Maharashtra,4,752070.33,651302.58,92944.13,1,11,0.05,1,96.2,9079661.53,0.0,0.291,0,21.2,0
MSME003094,Kaveri Foods,1.4,trading,Delhi,10,402426.41,384766.2,27566.77,1,6,0.474,0,,,,0.32,0,1.6,1
MSME003095,Classic Electricals,15.5,services,Karnataka,226,870095.02,763963.93,130034.18,1,181,0.214,1,65.7,9779753.46,15.8,0.557,0,36.3,0
MSME003096,New Engineering Works,4.1,manufacturing,Madhya Pradesh,2,385483.99,289156.1,86155.55,0,26,0.05,1,83.6,4513301.67,9.5,0.101,0,1.2,0
MSME003097,Annapurna Electricals,7.0,services,Uttar Pradesh,1,101109.05,90956.18,21359.23,0,61,0.155,0,,,,0.508,1,54.7,0
MSME003098,Ganesh Agencies,4.5,retail,Maharashtra,248,577539.52,505644.78,93726.84,0,29,0.183,1,79.4,5164505.21,10.1,0.45,0,37.6,0
MSME003099,Annapurna Enterprises,15.8,food,Gujarat,6,170223.41,172071.31,0.0,6,136,0.381,1,76.0,1877230.9,12.6,0.887,0,42.0,0
MSME003100,Lakshmi Logistics,2.6,retail,Karnataka,74,1141833.96,1063829.23,187596.38,0,22,0.186,1,86.0,13552975.67,15.5,0.474,0,13.7,0
MSME003101,Maruti Exports,5.6,retail,Karnataka,10,536039.79,460672.23,86742.18,0,60,0.11,1,91.1,6171774.11,6.9,0.674,0,36.9,0
MSME003102,Balaji Caterers,3.5,food,Tamil Nadu,14,784891.49,652940.87,126328.65,0,40,0.067,1,99.2,10040487.76,6.0,0.472,0,12.5,0
MSME003103,Shree Textiles,11.0,retail,Tamil Nadu,1,88466.3,80737.72,9388.46,0,55,0.279,0,,,,0.702,1,63.0,1
MSME003104,Vishwakarma Stores,7.0,retail,Haryana,39,302476.83,270079.92,58977.65,0,73,0.05,1,82.6,2797356.83,8.6,0.521,0,29.3,0
MSME003105,Sri Textiles,5.4,services,Tamil Nadu,32,795652.85,852894.4,0.0,6,31,0.564,1,64.4,7247425.96,20.1,0.28,0,0.0,0
MSME003106,Ganesh Garments,1.6,manufacturing,Uttar Pradesh,9,358391.27,305392.98,74589.36,0,15,0.288,1,78.6,3075511.3,13.2,0.223,0,6.4,0
MSME003107,Royal Plastics,20.7,retail,Gujarat,28,406012.55,356836.12,55263.56,0,201,0.194,1,92.5,4486362.9,0.0,0.526,0,38.0,0
MSME003108,Maruti Exports,4.7,trading,Tamil Nadu,10,930688.8,846240.12,134052.11,0,53,0.244,1,95.9,9287675.84,6.8,0.289,1,53.9,0
MSME003109,Classic Stores,2.2,retail,Gujarat,5,276113.82,232561.1,69028.46,0,22,0.206,0,,,,0.894,1,85.7,0
MSME003110,Kaveri Metals,1.1,trading,West Bengal,5,340182.38,353841.82,11839.75,1,6,0.501,1,81.0,3510615.76,12.0,0.374,0,30.9,1
MSME003111,Om Electricals,1.4,trading,West Bengal,10,464685.97,392229.83,87269.88,0,10,0.143,1,100.0,5101323.54,0.0,0.375,0,23.0,0
MSME003112,New Metals,5.4,retail,Madhya Pradesh,7,373357.3,340314.76,57044.12,0,46,0.263,1,74.8,3898242.41,7.0,0.716,1,50.1,0
MSME003113,Sai Textiles,11.1,food,Uttar Pradesh,6,473726.43,494452.6,38324.21,3,118,0.362,1,66.3,5741865.97,10.8,0.8,1,76.1,0
MSME003114,Classic Engineering Works,6.6,services,Maharashtra,3,155548.69,144038.03,14132.17,0,67,0.504,0,,,,0.487,0,25.0,0
MSME003115,Maruti Electricals,1.1,manufacturing,Telangana,10,538964.39,558698.68,35119.64,2,10,0.167,1,92.7,7063507.58,9.4,0.079,0,0.0,0
MSME003116,Shiv Solutions,5.4,food,Uttar Pradesh,3,499467.67,477904.24,75322.38,0,55,0.253,1,96.6,5349184.81,0.0,0.803,1,72.4,0
MSME003117,Hanuman Industries,13.5,food,Tamil Nadu,4,929154.98,963873.32,124041.82,1,141,0.288,1,80.0,9004728.87,7.3,0.745,0,39.9,0
MSME003118,Hanuman Agencies,4.0,services,Rajasthan,43,321096.85,296925.92,14972.5,4,22,0.381,1,74.3,3931138.62,12.1,0.472,1,51.8,0
MSME003119,Shree Exports,6.7,trading,Madhya Pradesh,9,619612.03,561659.01,87301.21,1,70,0.44,1,71.9,6223703.24,14.4,0.202,0,3.9,0
MSME003120,Royal Metals,4.1,manufacturing,Uttar Pradesh,44,842806.4,814451.54,61388.67,0,33,0.34,1,80.0,8952704.1,4.7,0.133,0,0.0,1
MSME003121,Hanuman Plastics,7.8,trading,Kerala,6,432702.36,384679.64,85780.24,0,70,0.05,1,92.2,4199038.99,4.5,0.178,0,11.4,0
MSME003122,Modern Solutions,2.6,retail,Tamil Nadu,8,279454.76,233001.91,59780.41,0,28,0.066,1,90.4,3420113.77,6.1,0.586,1,54.9,0
MSME003123,Shiv Logistics,0.5,trading,Haryana,10,808033.96,811887.22,41068.56,0,6,0.488,1,88.8,8978820.04,5.5,0.266,0,12.2,0
MSME003124,Hanuman Logistics,1.7,trading,Tamil Nadu,7,705205.48,680349.67,61342.48,1,17,0.213,1,84.2,6990013.4,9.8,0.386,0,12.5,0
MSME003125,Vishwakarma Fabrics,3.6,trading,Bihar,2,1312433.39,1124241.02,328108.35,0,40,0.161,1,85.1,15596399.23,6.7,0.451,0,13.9,0
MSME003126,Royal Textiles,5.0,manufacturing,Gujarat,8,270161.18,239064.81,44478.25,0,51,0.255,1,86.2,2517477.24,8.7,0.261,0,7.9,0
MSME003127,National Exports,3.7,trading,Andhra Pradesh,6,174694.11,182963.99,5664.1,1,30,0.484,0,,,,0.218,0,19.0,0
MSME003128,Classic Associates,3.6,retail,Rajasthan,2,878186.14,740814.63,136120.83,0,29,0.125,1,69.6,8726825.13,13.9,0.438,0,30.2,0
MSME003129,Om Foods,11.2,retail,Andhra Pradesh,23,577105.86,557557.83,55602.53,0,64,0.484,1,67.2,7006842.32,12.2,0.694,1,47.5,1
MSME003130,New Industries,2.0,manufacturing,Bihar,2,285722.05,241124.18,38431.87,0,20,0.467,0,,,,0.196,0,10.8,0
MSME003131,Maruti Industries,5.4,trading,Karnataka,10,591371.49,592778.58,26365.56,1,48,0.364,1,89.0,7099334.12,6.0,0.137,0,2.1,0
MSME003132,Shiv Fabrics,1.2,trading,Tamil Nadu,2,152153.19,125974.63,22361.34,0,9,0.071,0,,,,0.24,0,31.3,1
MSME003133,New Stores,9.0,manufacturing,Tamil Nadu,5,595951.56,570816.75,53717.51,0,92,0.32,1,71.6,6858217.72,11.2,0.041,0,0.0,0
MSME003134,Sai Engineering Works,6.5,manufacturing,Haryana,153,1305243.24,1060730.33,302757.09,0,64,0.301,1,79.2,12432532.72,8.5,0.042,0,0.0,0
MSME003135,Sri Logistics,20.5,trading,Delhi,10,962457.56,908632.23,94110.89,0,152,0.307,1,72.0,12536106.44,11.3,0.426,0,15.8,0
MSME003136,Shree Stores,1.9,services,Uttar Pradesh,9,675969.96,681831.72,45347.31,1,20,0.4,1,68.2,7426332.41,2.9,0.618,0,45.6,0
MSME003137,Krishna Metals,16.3,retail,Uttar Pradesh,9,749887.25,653415.36,106731.23,1,179,0.16,1,94.4,9502341.91,11.4,0.726,0,23.9,0
MSME003138,Shiv Caterers,2.2,food,Maharashtra,43,654997.16,627842.07,23793.7,1,24,0.611,1,84.4,7332783.1,6.3,0.609,0,23.7,1
MSME003139,Shiv Bakers,3.9,services,Uttar Pradesh,8,983927.85,829653.59,213243.5,0,36,0.05,1,72.1,9739175.82,16.5,0.276,0,15.8,0
MSME003140,Shiv Textiles,1.5,services,Tamil Nadu,49,967142.51,931039.58,93862.13,1,17,0.296,1,82.9,12306303.5,0.0,0.407,0,26.7,0
MSME003141,Shiv Fabrics,20.3,retail,Andhra Pradesh,13,372694.89,369278.88,36571.04,0,126,0.308,1,91.1,3981665.98,6.1,0.742,0,45.8,0
MSME003142,Vishwakarma Agencies,7.3,services,Maharashtra,5,226311.54,211529.14,28115.4,0,85,0.276,1,76.2,1907028.25,10.2,0.594,1,36.7,0
MSME003143,Shiv Exports,7.3,trading,Kerala,41,557043.27,499826.91,106135.83,1,79,0.297,1,64.7,5701379.0,6.6,0.315,0,10.5,0
MSME003144,Krishna Suppliers,2.4,trading,Punjab,3,512123.81,432087.96,100246.75,0,21,0.17,1,93.1,6637639.62,13.6,0.138,0,11.9,0
MSME003145,New Suppliers,0.5,services,Tamil Nadu,9,202836.58,200738.85,10439.71,1,6,0.503,1,82.4,1732783.57,16.9,0.581,0,24.5,1
MSME003146,Krishna Exports,3.8,manufacturing,Rajasthan,6,557742.19,484981.1,64557.31,0,40,0.2,1,86.2,5121249.25,9.6,0.296,0,5.4,0
MSME003147,Hanuman Solutions,3.2,trading,Karnataka,4,255610.06,226038.09,19107.84,0,19,0.221,0,,,,0.241,0,19.5,0
MSME003148,National Textiles,0.7,manufacturing,Uttar Pradesh,10,300034.3,265401.49,72147.22,1,6,0.05,1,94.0,3401273.91,6.5,0.122,0,17.3,0
MSME003149,Modern Enterprises,4.0,retail,Bihar,15,286245.26,249156.84,61913.98,0,37,0.171,1,97.6,3511849.37,0.1,0.505,0,22.9,0
MSME003150,Balaji Traders,5.4,services,Karnataka,4,325837.8,286749.33,81459.45,0,56,0.05,0,,,,0.495,0,24.5,0
MSME003151,Sri Metals,7.7,retail,Maharashtra,42,1084419.98,1061225.69,184923.16,0,52,0.287,1,73.7,13412546.85,6.1,0.583,1,48.7,0
MSME003152,Kaveri Exports,0.5,retail,Kerala,1,158588.74,129104.63,30028.54,0,6,0.05,0,,,,0.629,1,66.4,0
MSME003153,Annapurna Exports,1.6,manufacturing,Tamil Nadu,7,171302.62,141568.44,31087.55,0,16,0.11,0,,,,0.076,0,20.6,0
MSME003154,New Suppliers,2.5,retail,Uttar Pradesh,5,2121371.2,1971930.83,320842.29,1,8,0.133,1,96.1,25352616.1,0.0,0.507,0,28.7,0
MSME003155,Sai Exports,11.5,food,Haryana,38,1050546.85,959719.25,131681.22,0,101,0.1,1,83.1,13519597.24,6.5,0.897,0,48.1,0
MSME003156,National Associates,11.4,trading,Maharashtra,7,799327.74,816106.34,69720.52,1,118,0.409,1,49.3,10414270.46,23.1,0.292,0,15.2,0
MSME003157,New Enterprises,7.0,services,Maharashtra,7,957285.89,767113.69,239321.47,0,72,0.144,1,82.4,9133066.06,11.7,0.658,0,37.3,0
MSME003158,Modern Textiles,4.0,retail,Uttar Pradesh,7,435946.94,416019.5,49041.47,0,33,0.408,1,78.8,5734383.96,9.1,0.739,1,43.1,0
MSME003159,Durga Caterers,12.1,services,Tamil Nadu,44,633080.61,555871.94,97752.39,0,113,0.322,1,88.3,7783660.92,3.8,0.693,0,23.0,0
MSME003160,Royal Plastics,6.3,food,Rajasthan,4,606040.86,533290.32,116706.65,0,64,0.316,1,100.0,6522786.54,16.3,0.853,0,59.3,0
MSME003161,Balaji Textiles,11.6,services,Madhya Pradesh,3,635514.37,630247.1,21694.72,4,101,0.478,1,81.6,7262476.36,6.1,0.38,1,62.2,0
MSME003162,Royal Agencies,7.2,trading,Gujarat,4,566845.3,527074.05,48371.83,0,74,0.476,1,75.0,6455193.56,26.3,0.485,0,23.0,0
MSME003163,Annapurna Electricals,0.8,manufacturing,Karnataka,33,1393604.26,1265062.8,29249.23,2,8,0.34,1,85.8,17653887.69,4.9,0.149,0,1.0,0
MSME003164,Ganesh Engineering Works,0.5,services,Maharashtra,21,275827.13,252381.8,24957.9,0,6,0.23,1,72.6,2842809.12,13.4,0.346,0,29.5,1
MSME003165,Balaji Engineering Works,3.6,retail,Gujarat,38,599946.71,583330.48,65166.46,0,41,0.245,1,86.3,7479835.16,12.0,0.575,0,40.0,0
MSME003166,Vishwakarma Logistics,9.8,services,Delhi,10,1111828.4,839430.67,240316.53,0,103,0.105,1,72.0,13537928.74,11.0,0.402,0,30.4,0
MSME003167,Sri Industries,3.2,services,Bihar,8,633684.65,636708.33,29040.31,1,23,0.495,1,83.6,5771389.24,0.3,0.698,1,52.2,0
MSME003168,Lakshmi Electricals,13.7,manufacturing,Bihar,4,202719.63,197191.15,486.19,3,104,0.457,0,,,,0.123,0,0.0,0
MSME003169,National Plastics,9.2,trading,Tamil Nadu,10,398140.57,369737.95,15649.93,3,100,0.295,1,75.3,4934765.96,4.2,0.469,0,12.4,0
MSME003170,Hanuman Garments,12.9,trading,Rajasthan,54,2072629.83,1740585.54,261034.24,0,120,0.267,1,84.0,27057847.63,0.0,0.27,0,10.3,0
MSME003171,Hanuman Bakers,3.7,food,Andhra Pradesh,8,455460.31,407465.97,83868.87,0,35,0.082,1,69.6,4007069.33,16.8,0.591,0,27.7,1
MSME003172,Classic Caterers,2.1,services,Kerala,6,412475.74,319544.02,78581.0,2,21,0.243,1,78.8,5396382.99,3.8,0.294,0,19.4,0
MSME003173,Vishwakarma Engineering Works,1.8,trading,Madhya Pradesh,9,580342.61,507572.42,75464.05,0,15,0.176,1,86.0,7311957.39,12.6,0.492,0,37.3,0
MSME003174,Ganesh Garments,7.8,food,Rajasthan,10,362303.16,331271.87,45569.61,0,43,0.143,1,93.9,4231749.2,5.4,0.666,1,50.6,0
MSME003175,Modern Traders,0.9,retail,Maharashtra,6,296412.76,272033.66,30039.77,0,8,0.532,1,73.3,3020229.39,16.9,0.551,1,62.7,0
MSME003176,Krishna Suppliers,1.0,trading,Maharashtra,2,207178.94,208271.08,7712.86,1,11,0.434,1,69.5,2625663.38,22.2,0.185,0,20.3,1
MSME003177,Hanuman Textiles,3.0,manufacturing,Maharashtra,5,844812.57,809064.91,39462.84,1,28,0.37,1,86.9,8195119.5,11.2,0.204,0,35.3,1
MSME003178,Lakshmi Enterprises,6.2,services,Gujarat,118,1047239.66,988294.46,138068.25,0,70,0.336,1,72.6,9341787.44,19.3,0.497,1,53.9,0
MSME003179,Kaveri Stores,2.5,food,Maharashtra,24,729346.25,592423.52,130544.28,1,12,0.05,1,86.7,6145954.9,3.1,0.425,1,48.3,0
MSME003180,Annapurna Textiles,11.4,services,Rajasthan,125,1263163.88,1283289.9,137981.76,0,123,0.299,1,71.9,13077398.84,19.9,0.269,0,12.7,0
MSME003181,Kaveri Plastics,13.0,trading,West Bengal,3,803923.35,780982.59,126725.14,0,100,0.374,1,82.1,9085811.88,12.2,0.441,0,25.7,0
MSME003182,Annapurna Industries,0.5,trading,West Bengal,183,1649623.89,1676347.14,44148.2,3,6,0.691,1,85.1,15608308.12,10.6,0.463,0,45.3,0
MSME003183,Sri Logistics,7.3,retail,Karnataka,7,651776.96,488832.72,162944.24,0,72,0.05,1,100.0,5632760.46,7.6,0.688,1,70.1,0
MSME003184,Sai Fabrics,3.2,food,Uttar Pradesh,1,207247.51,201860.24,14556.85,2,29,0.356,0,,,,0.42,1,49.9,0
MSME003185,Hanuman Associates,10.2,retail,Karnataka,5,222258.29,202221.16,23979.71,0,113,0.302,1,97.0,2643548.69,4.6,0.492,1,36.9,0
MSME003186,Classic Metals,7.5,trading,Punjab,5,381894.84,332967.93,65830.19,0,74,0.289,1,61.1,3915787.26,6.7,0.336,0,22.1,0
MSME003187,New Exports,5.9,trading,Rajasthan,12,779396.21,738060.39,77847.96,0,41,0.339,1,69.1,8922271.25,22.7,0.392,1,37.1,0
MSME003188,Vishwakarma Textiles,4.7,retail,Andhra Pradesh,4,507833.36,506680.34,23965.21,1,40,0.488,1,72.8,5042489.4,9.9,0.777,1,79.9,0
MSME003189,Sai Textiles,1.0,retail,Gujarat,7,920376.21,819603.4,159685.29,0,11,0.255,1,96.9,8406528.16,4.8,0.809,0,42.0,0
MSME003190,National Foods,22.5,services,West Bengal,6,289797.4,294224.45,0.0,5,240,0.533,0,,,,0.3,0,0.0,0
MSME003191,Shree Foods,1.5,retail,Rajasthan,3,363110.99,299631.85,82976.72,0,13,0.05,1,76.9,3051947.79,0.0,0.816,0,32.5,0
MSME003192,Durga Electricals,16.5,food,Madhya Pradesh,15,399437.8,350844.95,27154.91,1,188,0.129,1,78.1,4225231.43,8.6,0.791,0,37.3,0
MSME003193,Durga Foods,8.6,food,Kerala,9,897793.8,803133.77,70055.22,0,91,0.193,1,83.4,7997019.96,9.5,0.578,0,31.0,0
MSME003194,Annapurna Associates,3.3,retail,Rajasthan,5,460347.21,506381.93,10443.96,3,31,0.391,1,70.7,5970602.45,31.8,0.518,1,50.9,1
MSME003195,Sri Industries,2.9,manufacturing,Bihar,45,1171070.45,1207887.51,20962.28,3,26,0.364,1,89.2,11937418.64,11.5,0.161,0,4.9,0
MSME003196,Annapurna Suppliers,1.0,trading,Kerala,26,698085.09,714804.82,91418.99,0,6,0.475,0,,,,0.393,0,37.0,0
MSME003197,Kaveri Electricals,5.3,retail,Telangana,2,250627.69,196434.62,62656.92,0,48,0.05,0,,,,0.508,0,23.1,0
MSME003198,National Stores,0.9,trading,Maharashtra,7,215777.79,223163.33,10971.37,1,7,0.276,0,,,,0.473,0,19.8,0
MSME003199,Modern Garments,11.9,manufacturing,Maharashtra,129,647431.76,588959.64,114091.87,0,89,0.229,1,86.0,6981119.9,5.9,0.197,0,11.0,0
MSME003200,Lakshmi Caterers,6.4,services,Kerala,4,364253.31,349781.71,53095.98,0,58,0.263,1,77.2,4472294.17,11.4,0.508,0,24.1,0
MSME003201,Classic Exports,5.1,retail,Bihar,7,426878.39,327057.02,106719.6,0,58,0.05,1,89.4,5111331.0,9.0,0.435,0,25.5,0
MSME003202,Classic Engineering Works,5.6,services,Delhi,8,450606.73,436702.57,28234.88,0,51,0.249,1,85.8,4276832.15,10.6,0.567,1,47.1,0
MSME003203,New Associates,6.6,services,Tamil Nadu,7,656244.17,534614.08,96218.36,0,70,0.135,1,83.3,6754794.14,8.3,0.653,0,37.2,0
MSME003204,Balaji Stores,3.9,services,Telangana,16,528453.93,493185.12,47414.11,0,37,0.295,1,86.7,5953815.37,0.6,0.473,0,9.2,0
MSME003205,Lakshmi Exports,4.3,trading,Telangana,12,465211.73,478360.95,38863.43,1,43,0.334,1,87.9,4583038.24,0.0,0.104,0,0.0,0
MSME003206,Durga Associates,17.7,manufacturing,Andhra Pradesh,10,532523.15,497978.22,42935.69,0,164,0.284,1,87.8,4885331.13,0.8,0.26,0,10.2,0
MSME003207,Modern Plastics,11.0,services,Madhya Pradesh,7,447160.5,437072.5,32378.19,2,96,0.385,0,,,,0.533,0,24.6,0
MSME003208,National Electricals,8.4,retail,Uttar Pradesh,12,395742.0,370354.66,61046.93,0,51,0.165,1,64.2,4213074.12,15.7,0.427,0,23.4,0
MSME003209,Vishwakarma Electricals,3.3,manufacturing,Madhya Pradesh,4,813504.78,894855.26,0.0,6,23,0.634,1,49.1,7694006.38,27.1,0.152,0,0.0,1
MSME003210,Kaveri Caterers,0.6,trading,West Bengal,10,529912.01,498492.66,84006.34,0,6,0.316,1,98.6,5392437.36,0.0,0.217,1,36.5,0
MSME003211,Modern Stores,7.7,services,Tamil Nadu,123,1068735.09,957975.38,103774.25,0,73,0.407,1,73.9,9828222.42,7.0,0.64,0,38.4,0
MSME003212,Lakshmi Enterprises,5.6,services,Uttar Pradesh,6,238179.94,229764.19,30970.05,0,56,0.42,1,72.1,2589562.27,16.1,0.296,1,38.5,0
MSME003213,Ganesh Solutions,4.3,trading,Kerala,8,895240.59,912647.97,46237.08,1,33,0.355,1,64.6,11031086.25,11.6,0.199,0,11.7,1
MSME003214,Modern Logistics,4.9,retail,Uttar Pradesh,41,1560662.95,1492238.85,195000.2,0,44,0.362,1,83.1,14837368.04,4.6,0.637,1,56.1,0
MSME003215,Krishna Enterprises,1.6,services,Gujarat,16,237248.52,244859.99,18240.94,2,14,0.29,0,,,,0.603,1,56.9,0
MSME003216,Lakshmi Logistics,2.2,manufacturing,West Bengal,4,564773.26,574191.15,38405.63,1,22,0.201,1,90.1,5067818.67,4.2,0.216,0,8.4,0
MSME003217,Shree Associates,11.1,manufacturing,Punjab,10,563271.76,584370.1,19720.81,4,68,0.488,1,88.2,7333786.81,0.0,0.154,1,57.6,0
MSME003218,Vishwakarma Caterers,0.5,services,Madhya Pradesh,10,509221.31,531950.03,42028.08,0,6,0.24,0,,,,0.269,0,14.6,1
MSME003219,Modern Plastics,9.9,retail,Tamil Nadu,10,591855.67,572899.88,41085.77,2,110,0.677,1,68.8,6560606.88,21.3,0.858,1,62.4,0
MSME003220,Vishwakarma Garments,14.2,trading,Maharashtra,43,242479.46,250012.79,0.0,3,163,0.617,0,,,,0.101,0,2.8,1
MSME003221,Durga Electricals,7.5,manufacturing,Tamil Nadu,33,1302437.22,1190103.88,108756.75,0,70,0.447,1,80.5,15831807.64,22.8,0.254,0,2.1,0
MSME003222,Lakshmi Electricals,7.3,trading,Tamil Nadu,4,745125.35,675252.71,48575.67,0,73,0.372,1,93.7,6962939.44,0.0,0.495,0,6.5,0
MSME003223,New Suppliers,2.2,services,Telangana,9,827520.74,718384.56,98130.6,1,15,0.278,1,93.6,8269243.74,4.2,0.304,0,17.2,0
MSME003224,New Metals,2.5,trading,Gujarat,7,284711.19,290400.57,19950.89,1,14,0.61,1,85.3,2839520.56,0.0,0.193,0,19.7,0
MSME003225,Hanuman Bakers,3.6,retail,Maharashtra,1,226115.13,241613.73,6143.74,3,27,0.446,1,72.9,2228136.58,9.9,0.703,1,68.1,1
MSME003226,New Fabrics,1.3,services,Andhra Pradesh,10,323843.16,307005.66,23337.21,1,13,0.447,0,,,,0.302,0,17.5,0
MSME003227,Krishna Suppliers,2.3,services,Maharashtra,6,130158.52,137429.12,0.0,3,23,0.707,1,94.9,1509974.1,5.7,0.493,0,34.9,0
MSME003228,Maruti Garments,5.6,services,Maharashtra,19,375977.14,334892.05,70687.88,0,63,0.076,0,,,,0.651,0,31.6,0
MSME003229,Sri Electricals,3.4,retail,Rajasthan,47,406055.35,304541.51,75614.56,1,21,0.132,1,87.4,3985437.36,1.7,0.732,1,42.9,0
MSME003230,National Fabrics,6.0,manufacturing,Maharashtra,6,615588.07,565901.83,133039.99,0,64,0.1,0,,,,0.143,0,12.2,0
MSME003231,National Electricals,11.0,trading,Uttar Pradesh,30,303064.46,310312.6,16409.83,2,63,0.303,1,71.9,3719217.28,20.7,0.25,0,10.5,0
MSME003232,Kaveri Engineering Works,5.9,manufacturing,Haryana,4,264326.13,232535.11,64872.51,0,64,0.188,1,88.6,2395681.14,8.6,0.099,0,9.7,0
MSME003233,Durga Bakers,7.3,services,Andhra Pradesh,9,317058.46,304887.92,43151.85,0,78,0.143,1,83.8,3389310.74,3.3,0.296,0,20.5,0
MSME003234,Shree Associates,0.9,trading,Bihar,1,405843.57,359363.91,35299.57,0,7,0.485,1,77.0,4000551.44,5.7,0.229,0,12.6,0
MSME003235,Krishna Agencies,10.9,services,Madhya Pradesh,26,2679757.13,2580787.59,87568.5,2,105,0.427,1,70.8,29992399.06,17.0,0.549,0,31.5,0
MSME003236,Krishna Bakers,0.9,services,Maharashtra,4,390014.74,391948.09,34374.22,0,9,0.405,1,88.3,4086659.78,12.4,0.629,0,39.4,0
MSME003237,Maruti Solutions,3.2,trading,Andhra Pradesh,6,258973.55,238897.13,24772.64,1,36,0.268,1,68.7,2898577.66,5.9,0.466,0,22.4,0
MSME003238,Modern Electricals,1.7,services,Rajasthan,2,184251.77,173515.52,27487.08,0,12,0.284,0,,,,0.422,0,29.7,1
MSME003239,Royal Garments,0.6,retail,Maharashtra,3,460513.18,461680.02,31499.41,0,6,0.393,1,77.3,4773580.29,12.4,0.416,0,43.2,0
MSME003240,Shree Plastics,5.7,food,Tamil Nadu,7,162429.4,160736.5,4189.78,6,58,0.222,1,75.3,1752831.34,12.5,0.732,1,67.1,1
MSME003241,Kaveri Logistics,7.8,trading,Rajasthan,6,835125.91,686864.5,152619.48,2,50,0.05,1,87.8,8245921.18,5.8,0.495,0,30.5,0
MSME003242,Kaveri Solutions,14.4,retail,Maharashtra,37,796922.38,770424.79,96964.63,0,148,0.368,1,74.3,7036282.84,3.5,0.567,1,67.9,0
MSME003243,Royal Garments,6.3,manufacturing,Tamil Nadu,9,540477.18,463957.47,37664.2,2,51,0.398,1,92.1,5161693.56,5.2,0.278,0,25.4,0
MSME003244,Om Fabrics,2.3,retail,Tamil Nadu,9,176982.76,171624.88,18421.47,0,14,0.343,1,77.6,1683752.11,15.6,0.808,0,43.4,0
MSME003245,Sri Associates,3.3,food,Rajasthan,1,313600.85,305888.09,24906.12,0,33,0.399,1,84.7,3370015.07,0.0,0.687,0,22.1,0
MSME003246,National Bakers,0.7,trading,Maharashtra,37,521020.22,538170.71,0.0,2,7,0.458,1,94.2,6032214.09,4.9,0.221,0,3.7,1
MSME003247,New Exports,3.6,retail,Karnataka,4,380681.89,402873.09,26495.97,2,42,0.554,1,61.5,3948781.08,20.1,0.653,0,37.8,1
MSME003248,Sai Agencies,5.0,retail,Uttar Pradesh,40,643889.55,497541.39,160972.39,0,48,0.05,1,76.3,6808145.5,4.7,0.604,1,54.5,0
MSME003249,Balaji Exports,7.6,retail,West Bengal,9,187101.22,196994.57,0.0,3,86,0.461,1,64.8,2052160.35,12.5,0.567,1,48.9,0
MSME003250,Maruti Solutions,9.2,retail,Uttar Pradesh,10,406561.11,407614.95,53066.63,1,104,0.39,1,81.1,3995049.37,4.2,0.442,0,27.4,1
MSME003251,Ganesh Suppliers,7.4,retail,Gujarat,35,346511.47,297352.36,43907.57,0,82,0.326,1,68.0,4247645.92,15.1,0.442,1,43.2,0
MSME003252,Sri Textiles,2.1,trading,West Bengal,1,185632.52,172399.89,26870.4,0,21,0.118,0,,,,0.499,0,39.3,0
MSME003253,Annapurna Traders,1.5,trading,West Bengal,8,632347.71,613360.57,114698.3,0,11,0.21,1,67.3,6702443.43,5.0,0.21,0,4.9,0
MSME003254,Maruti Garments,8.7,trading,Maharashtra,3,545151.02,457874.58,130203.49,1,86,0.089,1,86.8,6025954.3,9.6,0.437,0,24.1,0
MSME003255,Kaveri Metals,0.5,retail,Karnataka,49,739015.71,659940.4,103042.93,0,6,0.176,1,87.1,7504027.09,13.2,0.592,1,54.4,0
MSME003256,Annapurna Plastics,19.4,retail,Telangana,9,274945.0,234468.96,51384.76,0,201,0.14,1,87.8,2441041.31,4.7,0.576,1,53.1,0
MSME003257,Annapurna Associates,2.5,retail,Uttar Pradesh,5,262134.58,214160.62,51980.94,0,22,0.139,1,100.0,2753189.62,0.0,0.587,1,59.8,0
MSME003258,Annapurna Fabrics,12.0,retail,Karnataka,2,196788.86,156241.5,49197.22,0,65,0.103,1,88.9,2413922.96,0.0,0.824,0,23.1,0
MSME003259,Krishna Garments,3.0,trading,Rajasthan,3,114356.92,106904.68,13445.0,1,28,0.115,0,,,,0.452,1,49.8,0
MSME003260,Vishwakarma Caterers,8.0,retail,Andhra Pradesh,10,480537.08,412284.69,72307.53,1,77,0.163,1,78.7,5941537.51,11.5,0.884,1,80.8,0
MSME003261,Vishwakarma Suppliers,1.6,trading,Rajasthan,8,199351.45,188222.81,22903.04,0,13,0.375,1,77.5,1923403.2,6.2,0.256,0,21.8,0
MSME003262,Shiv Logistics,5.2,food,Delhi,1,197120.6,170256.44,28767.76,0,57,0.372,0,,,,0.835,0,50.1,0
MSME003263,Sri Fabrics,0.7,retail,West Bengal,27,279326.28,264688.78,45137.49,0,6,0.258,1,85.2,3497236.78,2.4,0.522,1,58.4,0
MSME003264,Royal Suppliers,6.6,retail,Karnataka,10,237738.51,261512.36,0.0,4,63,0.656,1,91.2,2761396.4,12.1,0.582,1,61.6,0
MSME003265,Om Enterprises,1.6,services,Tamil Nadu,9,609433.63,639823.64,67763.74,2,14,0.187,1,80.8,7190971.76,0.3,0.288,0,27.9,1
MSME003266,Hanuman Exports,1.8,trading,West Bengal,6,463080.11,377888.62,83664.22,0,13,0.135,1,78.0,4405452.51,9.2,0.184,0,12.4,0
MSME003267,Sri Industries,3.5,retail,Uttar Pradesh,1,81566.29,80067.27,3731.91,3,34,0.514,0,,,,0.52,1,52.2,0
MSME003268,Durga Garments,4.1,manufacturing,Gujarat,5,356415.63,355184.31,9211.51,6,45,0.432,1,88.8,3849770.82,7.1,0.161,0,2.1,1
MSME003269,Balaji Industries,7.6,services,Tamil Nadu,19,610876.93,543815.86,127957.08,0,69,0.207,1,77.1,6093164.77,2.9,0.455,0,22.7,0
MSME003270,Modern Garments,7.0,food,Madhya Pradesh,2,165832.01,137869.61,41458.0,0,79,0.089,1,96.1,1688058.21,3.7,0.689,0,43.3,0
MSME003271,Annapurna Electricals,5.7,food,Bihar,16,362086.35,371982.58,28644.5,2,57,0.365,1,93.3,4766989.41,0.9,0.645,1,67.6,0
MSME003272,Vishwakarma Traders,9.9,services,Delhi,4,377558.27,358728.23,30309.79,0,107,0.334,0,,,,0.303,0,12.4,0
MSME003273,Durga Industries,6.9,services,Uttar Pradesh,4,338346.95,288532.94,31933.48,0,66,0.263,0,,,,0.462,0,21.0,0
MSME003274,Vishwakarma Garments,7.2,trading,Kerala,8,288781.33,247220.89,61832.71,0,68,0.054,0,,,,0.192,0,15.2,0
MSME003275,Kaveri Enterprises,1.8,manufacturing,Andhra Pradesh,8,565595.2,515302.81,27824.45,2,18,0.417,1,79.2,6112742.44,10.0,0.22,0,23.0,0
MSME003276,Classic Bakers,10.5,services,Andhra Pradesh,20,458656.05,428355.88,22597.23,0,92,0.266,1,94.2,5935041.13,1.7,0.617,1,79.0,1
MSME003277,Sai Fabrics,9.6,trading,Bihar,41,2109065.67,1732032.12,328127.15,0,94,0.24,1,96.7,21688802.34,0.9,0.289,0,20.8,0
MSME003278,Kaveri Logistics,5.9,retail,Tamil Nadu,2,268019.78,279536.69,8704.44,3,68,0.275,0,,,,0.611,0,28.7,1
MSME003279,Modern Textiles,9.3,services,Andhra Pradesh,9,454422.07,440357.67,59780.46,0,77,0.343,1,68.1,4217941.93,18.5,0.654,0,27.5,1
MSME003280,Sri Fabrics,4.9,trading,West Bengal,45,969497.11,875507.77,97639.22,0,42,0.428,1,91.6,11051991.45,5.2,0.381,0,35.8,0
MSME003281,Sai Suppliers,14.9,manufacturing,Bihar,7,449417.16,419658.88,111148.96,0,168,0.264,1,100.0,4390399.26,0.0,0.207,0,14.7,0
MSME003282,New Agencies,5.5,retail,Uttar Pradesh,22,394319.73,384264.68,6581.57,2,58,0.459,1,81.0,4153806.51,13.8,0.614,0,31.0,0
MSME003283,Modern Traders,4.8,manufacturing,Uttar Pradesh,7,690966.51,690800.88,32271.14,2,46,0.499,1,78.9,8646041.43,22.8,0.214,0,6.9,0
MSME003284,Sai Garments,6.9,retail,Tamil Nadu,8,558067.84,517607.68,94632.62,0,71,0.287,1,100.0,6797702.47,0.0,0.879,1,87.0,0
MSME003285,Vishwakarma Fabrics,17.1,services,Karnataka,8,1279953.69,1141347.0,139011.89,0,164,0.151,1,89.2,11407979.55,7.4,0.528,0,26.5,0
MSME003286,Shiv Traders,3.1,trading,Gujarat,8,749749.53,656674.23,137381.69,0,29,0.312,1,89.4,9006735.47,1.0,0.476,0,37.3,0
MSME003287,Balaji Enterprises,6.5,trading,Kerala,3,562456.32,504121.41,67852.27,0,57,0.239,1,93.0,6453284.94,7.5,0.261,0,21.4,0
MSME003288,Kaveri Agencies,3.3,trading,Maharashtra,7,710360.04,680182.73,110727.52,1,20,0.141,1,59.5,8508424.33,26.2,0.277,0,12.8,0
MSME003289,Annapurna Garments,4.8,retail,Maharashtra,14,349574.54,382199.93,0.0,4,53,0.556,1,67.2,2994213.49,6.9,0.461,0,41.1,0
MSME003290,Annapurna Plastics,2.3,retail,Tamil Nadu,10,231071.15,213934.04,31072.85,0,22,0.336,1,68.5,2592513.86,16.6,0.532,1,54.3,0
MSME003291,Vishwakarma Exports,7.1,manufacturing,Uttar Pradesh,8,321705.46,246402.93,79267.19,0,38,0.05,1,97.1,2869243.62,0.0,0.048,0,0.0,0
MSME003292,Shiv Engineering Works,5.1,retail,Gujarat,5,546382.32,561937.28,7875.99,5,58,0.472,1,74.3,6409661.71,8.7,0.49,1,64.8,0
MSME003293,Kaveri Enterprises,9.2,services,Madhya Pradesh,7,854625.58,911176.8,20984.74,5,91,0.303,1,81.9,7462419.33,8.5,0.419,0,30.5,1
MSME003294,Lakshmi Traders,11.1,services,Haryana,10,652208.66,595479.76,32094.6,2,103,0.314,1,100.0,5826742.74,5.1,0.454,1,46.2,0
MSME003295,Annapurna Enterprises,12.3,retail,Uttar Pradesh,7,378003.27,356470.51,27150.67,0,116,0.307,0,,,,0.858,1,79.9,0
MSME003296,New Stores,3.4,manufacturing,Tamil Nadu,39,2268739.55,1836645.01,560015.59,0,24,0.109,1,79.2,25578570.9,2.8,0.131,0,17.3,0
MSME003297,Kaveri Fabrics,6.9,manufacturing,Bihar,42,722860.62,762751.37,28240.37,2,66,0.385,1,68.2,7745552.38,10.3,0.285,1,46.8,0
MSME003298,Classic Exports,12.9,manufacturing,Tamil Nadu,13,344121.29,340087.82,4697.5,1,150,0.345,1,67.2,3901227.79,16.2,0.16,0,4.2,0
MSME003299,Om Enterprises,2.3,manufacturing,Madhya Pradesh,8,642108.91,581603.05,120527.61,0,20,0.346,1,76.3,6546222.65,2.5,0.053,0,5.9,0
MSME003300,National Exports,5.6,services,Karnataka,9,858609.95,901856.45,41713.68,3,51,0.435,1,80.3,9922662.66,24.1,0.376,0,11.3,0
MSME003301,Hanuman Solutions,2.4,food,Andhra Pradesh,4,180760.34,145749.15,26069.46,0,25,0.27,0,,,,0.722,1,61.5,0
MSME003302,Lakshmi Foods,17.0,retail,Maharashtra,16,208335.72,184121.93,26892.8,2,154,0.382,0,,,,0.781,1,65.1,0
MSME003303,Hanuman Plastics,12.8,retail,Punjab,4,357155.34,320981.1,57645.22,0,114,0.32,1,66.4,4532178.09,7.5,0.68,1,69.9,0
MSME003304,Lakshmi Garments,7.8,services,Punjab,24,867644.96,949465.57,0.0,4,91,0.559,1,67.6,8518751.32,18.1,0.263,1,48.0,0
MSME003305,Balaji Electricals,7.7,retail,Maharashtra,205,225377.85,207410.17,21482.23,0,76,0.278,1,69.6,2618733.62,10.9,0.422,0,11.1,0
MSME003306,Lakshmi Exports,2.7,services,Rajasthan,4,565119.73,550297.76,48868.75,0,26,0.281,1,85.1,5184915.59,11.0,0.594,0,36.7,0
MSME003307,Lakshmi Plastics,13.8,trading,Gujarat,4,190565.37,165467.62,17351.25,0,132,0.296,1,67.8,2306539.11,17.0,0.168,1,33.8,0
MSME003308,Balaji Plastics,4.0,trading,Tamil Nadu,7,713137.21,741030.99,46321.05,2,42,0.552,1,78.7,6514232.8,21.7,0.299,0,19.9,1
MSME003309,Shree Logistics,2.9,manufacturing,Punjab,5,161620.45,125742.42,28418.81,0,17,0.246,0,,,,0.102,0,19.7,0
MSME003310,Classic Associates,11.5,retail,Uttar Pradesh,10,205088.74,195079.04,38341.42,0,109,0.209,1,76.0,1764562.33,11.1,0.86,0,43.7,0
MSME003311,Om Enterprises,3.7,retail,Tamil Nadu,7,582315.42,601038.95,81390.33,2,43,0.408,1,93.5,5700086.04,2.6,0.697,0,36.0,1
MSME003312,Vishwakarma Traders,3.0,services,Maharashtra,29,1173107.22,1120211.13,95317.96,1,32,0.413,1,90.1,13641859.33,0.0,0.383,1,52.6,0
MSME003313,Classic Exports,9.6,manufacturing,Karnataka,7,533890.85,408145.74,109120.98,0,113,0.098,1,88.6,4727531.57,8.9,0.047,0,3.5,0
MSME003314,Kaveri Caterers,1.7,manufacturing,Andhra Pradesh,10,2231775.5,1797398.03,468055.3,0,19,0.079,1,88.3,28575796.57,4.5,0.136,0,0.0,0
MSME003315,Vishwakarma Traders,7.9,retail,West Bengal,9,254757.47,235797.08,30904.55,0,55,0.077,0,,,,0.89,1,89.8,1
MSME003316,National Enterprises,5.6,manufacturing,West Bengal,15,382341.54,359460.32,44068.55,0,57,0.284,1,100.0,3983787.46,2.4,0.062,0,5.9,0
MSME003317,Hanuman Stores,9.0,services,Maharashtra,1,183811.73,192082.59,16284.65,2,95,0.404,0,,,,0.404,0,31.1,1
MSME003318,Maruti Plastics,7.3,manufacturing,Madhya Pradesh,34,714020.12,658771.6,141765.33,0,73,0.466,1,91.0,9012948.26,13.1,0.252,0,10.2,0
MSME003319,Lakshmi Foods,24.5,retail,Gujarat,10,539437.27,593380.99,9278.56,3,193,0.538,1,81.3,5179052.56,4.8,0.746,0,28.8,0
MSME003320,Shree Foods,6.1,trading,Rajasthan,30,494067.17,417583.75,31407.69,1,54,0.399,1,71.2,5212036.96,18.4,0.152,0,7.8,0
MSME003321,Sai Stores,3.7,trading,Karnataka,41,1116401.68,914489.36,248013.77,3,39,0.05,1,88.5,10254737.82,8.3,0.157,0,11.0,0
MSME003322,Annapurna Garments,5.2,services,Punjab,49,949933.16,824485.9,81873.7,0,55,0.343,1,87.6,12152410.9,16.3,0.521,1,64.6,0
MSME003323,New Suppliers,7.2,retail,Bihar,15,1267274.87,1287644.63,90279.29,0,71,0.287,1,100.0,16660734.26,0.0,0.861,1,68.6,0
MSME003324,Hanuman Engineering Works,16.3,trading,Madhya Pradesh,9,394372.57,364858.09,35669.07,0,131,0.509,1,68.2,3985661.68,28.3,0.391,0,30.8,0
MSME003325,Vishwakarma Garments,8.3,services,Rajasthan,4,397350.63,392595.11,29868.46,1,60,0.208,1,97.2,4608792.84,0.0,0.53,1,42.5,0
MSME003326,New Bakers,2.5,trading,Maharashtra,29,1026797.27,1084509.69,78741.51,3,22,0.385,1,100.0,12108853.62,4.0,0.308,0,14.0,1
MSME003327,Annapurna Electricals,40.0,trading,Karnataka,3,368976.77,371956.86,31672.69,1,240,0.495,1,83.0,3724455.14,4.9,0.394,0,24.0,0
MSME003328,Kaveri Agencies,10.7,retail,Madhya Pradesh,6,352013.68,289525.32,80844.17,1,110,0.237,1,93.4,4482704.16,9.2,0.501,0,18.0,0
MSME003329,Maruti Textiles,2.4,manufacturing,Madhya Pradesh,10,192105.57,183517.32,18976.54,1,15,0.54,0,,,,0.14,0,22.1,0
MSME003330,Classic Suppliers,1.8,services,West Bengal,7,409376.49,418201.32,16585.27,3,17,0.38,1,69.1,5095852.86,30.3,0.4,0,20.3,1
MSME003331,Hanuman Traders,1.5,services,Tamil Nadu,6,517838.01,460608.68,81916.54,0,12,0.17,1,63.2,5673244.12,18.0,0.339,1,37.3,0
MSME003332,Royal Foods,4.9,food,Uttar Pradesh,3,255300.05,256435.61,22679.62,0,43,0.323,0,,,,0.447,1,40.7,0
MSME003333,Kaveri Logistics,5.1,services,Maharashtra,9,274387.18,275431.63,25759.41,0,46,0.299,0,,,,0.298,0,5.8,0
MSME003334,National Traders,2.9,retail,Madhya Pradesh,8,171321.53,147208.54,25549.0,1,19,0.172,1,75.6,1937268.78,0.0,0.873,1,79.8,0
MSME003335,Sai Solutions,1.3,services,Punjab,43,868767.83,955644.62,63239.23,2,13,0.424,1,82.6,11215976.55,10.7,0.654,0,29.1,1
MSME003336,Kaveri Exports,1.9,food,Karnataka,1,192506.47,171676.67,38476.89,1,20,0.31,1,100.0,2174408.45,0.0,0.478,0,29.7,1
MSME003337,Om Agencies,8.4,retail,Madhya Pradesh,11,1020365.12,1026181.44,102409.43,0,43,0.499,1,84.5,10073119.9,12.3,0.596,0,29.3,0
MSME003338,Sai Garments,4.0,services,Madhya Pradesh,202,487218.96,433144.91,33174.86,1,41,0.51,1,75.6,5735968.1,0.0,0.264,0,23.1,0
MSME003339,Royal Suppliers,2.1,retail,Uttar Pradesh,3,247581.49,189699.2,61895.37,0,13,0.05,1,86.9,2986502.0,0.4,0.505,0,31.4,0
MSME003340,Royal Plastics,5.6,manufacturing,Uttar Pradesh,9,279925.35,279476.27,0.0,2,61,0.424,1,88.0,3529452.18,6.9,0.266,0,21.2,1
MSME003341,Om Bakers,6.5,services,Uttar Pradesh,8,715575.83,687696.38,150829.47,0,76,0.24,1,90.1,8115986.17,14.0,0.684,0,60.6,0
MSME003342,Ganesh Solutions,7.0,food,Delhi,45,1181917.76,991131.77,273512.04,0,71,0.143,1,89.5,11682274.68,5.3,0.743,0,37.2,0
MSME003343,Sai Foods,5.5,services,Maharashtra,5,1016791.09,1031385.73,95913.17,0,51,0.355,1,75.5,11450753.45,12.7,0.367,1,46.9,0
MSME003344,Hanuman Logistics,4.8,retail,Karnataka,6,526825.88,515250.24,48405.26,0,45,0.316,1,76.4,5282265.34,4.5,0.608,1,60.4,0
MSME003345,Om Electricals,12.2,trading,Gujarat,2,505806.78,476999.64,41031.42,0,131,0.262,1,77.8,5462027.81,10.6,0.105,0,9.6,0
MSME003346,New Solutions,1.9,food,West Bengal,9,467039.85,424885.93,36797.73,0,16,0.579,1,89.0,4460345.1,3.5,0.687,1,59.3,0
MSME003347,Hanuman Engineering Works,4.3,retail,Uttar Pradesh,7,567888.62,474172.35,95745.85,0,18,0.162,1,90.4,5692282.66,15.3,0.758,1,73.0,0
MSME003348,Balaji Engineering Works,0.7,retail,Punjab,6,406294.66,347651.33,76714.72,0,6,0.05,1,93.3,4968901.32,0.0,0.648,0,55.1,0
MSME003349,Balaji Logistics,3.8,services,Tamil Nadu,26,817344.44,773602.95,45075.18,2,39,0.244,1,77.2,9041366.67,15.4,0.402,0,21.7,0
MSME003350,New Fabrics,5.9,trading,Delhi,7,1553108.45,1283093.53,340009.52,0,46,0.187,1,100.0,17744703.87,0.0,0.166,0,9.4,0
MSME003351,Annapurna Industries,9.5,retail,Karnataka,6,446018.4,376558.53,82197.07,0,85,0.079,1,88.2,5253631.24,5.2,0.418,0,14.6,0
MSME003352,Classic Associates,0.7,retail,Gujarat,5,379228.15,380400.54,52765.62,1,6,0.277,1,73.3,3775775.54,11.4,0.473,0,11.7,0
MSME003353,Balaji Electricals,5.8,trading,Bihar,2,365401.87,355515.79,47577.25,0,48,0.163,0,,,,0.201,0,2.6,0
MSME003354,Sri Suppliers,18.0,services,Karnataka,5,325377.31,317509.23,0.0,2,181,0.391,1,74.0,2969078.99,5.8,0.472,0,14.5,0
MSME003355,Modern Associates,7.4,trading,Uttar Pradesh,9,591447.12,650591.83,0.0,4,53,0.675,1,64.7,5440485.75,6.9,0.354,0,8.9,0
MSME003356,Vishwakarma Solutions,1.6,trading,Madhya Pradesh,52,793919.46,733653.74,180256.57,0,8,0.36,1,92.6,7512201.58,19.4,0.493,0,21.5,0
MSME003357,Sai Caterers,3.8,manufacturing,Karnataka,1,558788.93,497106.76,98879.28,0,28,0.349,1,75.5,5362997.34,10.8,0.206,0,2.6,0
MSME003358,Royal Stores,7.6,retail,Karnataka,5,664587.97,630166.35,153311.59,0,58,0.252,1,74.2,7983261.2,6.1,0.698,0,30.7,1
MSME003359,Annapurna Stores,3.0,services,Bihar,42,2212858.29,1954183.06,372471.0,0,29,0.25,1,83.4,21519477.01,12.6,0.559,0,21.9,0
MSME003360,Om Bakers,6.3,trading,West Bengal,9,509838.03,497643.05,40467.0,1,63,0.391,1,70.9,6500568.18,18.8,0.299,0,7.6,0
MSME003361,Modern Textiles,6.0,trading,Gujarat,6,535465.97,462696.13,76383.16,1,52,0.297,1,88.2,5477797.14,6.5,0.141,1,53.8,0
MSME003362,Sri Logistics,4.9,services,Tamil Nadu,1,248630.09,210694.53,53495.68,0,53,0.129,0,,,,0.291,0,8.7,0
MSME003363,Shree Fabrics,1.4,services,Tamil Nadu,35,710095.84,548658.13,120394.44,0,15,0.273,1,92.0,6883235.37,10.4,0.616,0,28.9,0
MSME003364,National Industries,2.7,food,Karnataka,9,684073.23,582556.82,171018.31,0,23,0.189,1,88.8,7405325.01,1.1,0.601,0,36.7,1
MSME003365,Annapurna Bakers,19.3,retail,Tamil Nadu,1,94098.11,70573.58,16474.81,0,101,0.149,1,92.7,811428.82,0.0,0.615,1,47.2,0
MSME003366,Sri Stores,3.6,retail,Maharashtra,5,482183.17,497193.61,11962.06,1,22,0.483,1,82.3,4330070.15,2.4,0.527,0,14.3,0
MSME003367,Hanuman Electricals,4.0,trading,Telangana,48,2568535.23,2139786.9,467200.28,0,35,0.293,1,96.2,26493589.23,0.0,0.183,0,0.0,0
MSME003368,Lakshmi Plastics,4.0,trading,Uttar Pradesh,17,1324840.07,1378479.84,146482.33,2,33,0.376,1,66.2,15179871.13,20.0,0.109,0,4.7,0
MSME003369,Vishwakarma Plastics,9.3,retail,Uttar Pradesh,2,563669.49,571755.88,0.0,1,105,0.403,1,75.7,7170162.28,8.4,0.42,1,49.1,0
MSME003370,Balaji Caterers,4.2,manufacturing,Andhra Pradesh,3,659871.47,628487.15,27095.1,2,48,0.2,1,47.6,8004480.35,38.0,0.161,0,14.6,1
MSME003371,Modern Solutions,5.0,manufacturing,Madhya Pradesh,4,326443.07,270902.02,76457.11,0,56,0.093,1,86.5,3939380.82,8.6,0.048,0,6.5,0
MSME003372,Kaveri Metals,5.8,trading,Bihar,3,245254.47,227405.83,27250.07,0,56,0.438,1,76.0,2749916.81,12.3,0.264,1,54.3,0
MSME003373,Ganesh Stores,10.1,trading,Gujarat,9,343409.55,377750.51,0.0,6,26,0.391,1,92.3,3582312.04,6.1,0.379,0,21.4,0
MSME003374,Om Industries,5.0,retail,West Bengal,6,211438.97,225851.58,6827.6,2,57,0.447,1,85.7,2712998.61,3.9,0.449,0,25.0,0
MSME003375,Durga Caterers,5.4,trading,Delhi,4,680187.45,592676.28,144684.01,0,42,0.301,1,73.7,5837632.5,17.5,0.2,0,2.8,0
MSME003376,Om Industries,3.1,services,Tamil Nadu,45,1539551.19,1435722.88,88130.68,0,26,0.393,1,77.7,13176815.17,5.7,0.577,0,31.7,1
MSME003377,Om Textiles,6.4,manufacturing,Maharashtra,3,527340.36,555998.98,0.0,6,15,0.591,1,48.4,6611190.21,20.2,0.076,0,0.0,1
MSME003378,Krishna Enterprises,7.9,trading,Uttar Pradesh,5,673081.58,688545.35,18952.04,3,89,0.579,1,76.9,8501327.59,16.4,0.362,0,9.1,0
MSME003379,Royal Caterers,8.3,retail,Kerala,4,411101.94,355224.71,52614.96,0,88,0.267,1,75.3,3929386.94,20.0,0.675,1,78.5,0
MSME003380,Maruti Plastics,17.3,retail,Tamil Nadu,33,905593.5,772102.64,157118.41,0,164,0.225,1,97.4,9699578.27,15.0,0.658,1,49.8,0
MSME003381,National Foods,2.5,retail,Rajasthan,9,139541.54,130000.03,10112.54,0,25,0.265,0,,,,0.613,0,50.2,0
MSME003382,New Enterprises,5.2,food,Karnataka,3,313346.81,274009.03,45882.98,0,46,0.241,0,,,,0.441,0,34.8,0
MSME003383,Modern Exports,4.2,manufacturing,Punjab,7,424610.47,363569.32,58974.16,0,29,0.051,1,81.8,4651655.7,0.0,0.156,0,7.9,1
MSME003384,Classic Logistics,15.2,manufacturing,Tamil Nadu,5,474066.78,478458.85,36316.08,0,98,0.293,1,83.8,5849649.97,17.7,0.114,0,0.0,0
MSME003385,New Solutions,8.6,manufacturing,Karnataka,118,1427791.32,1342191.69,92982.5,0,88,0.272,1,80.8,12329664.68,8.5,0.244,0,11.9,0
MSME003386,Kaveri Associates,1.0,retail,Delhi,3,216335.2,214634.17,8516.36,2,11,0.433,1,75.6,2537143.01,15.9,0.555,0,21.6,0
MSME003387,New Suppliers,2.9,services,Uttar Pradesh,5,195468.76,176844.66,20679.93,0,19,0.229,1,74.9,1720515.03,15.8,0.483,0,41.1,0
MSME003388,Sri Metals,3.8,services,West Bengal,2,177600.27,171048.74,9897.36,1,33,0.315,1,100.0,2343553.13,4.3,0.49,1,57.6,0
MSME003389,Lakshmi Caterers,1.2,retail,Maharashtra,6,178306.25,187062.61,4633.31,0,9,0.549,1,82.5,1921658.19,5.0,0.46,1,59.5,0
MSME003390,Durga Engineering Works,5.5,trading,Tamil Nadu,41,432841.42,341563.22,32545.98,0,61,0.321,1,85.3,4806088.15,3.2,0.275,0,12.6,0
MSME003391,Lakshmi Solutions,3.2,services,Maharashtra,8,232600.38,194067.0,41496.57,0,29,0.239,1,100.0,2656195.97,6.9,0.258,0,13.6,0
MSME003392,Om Garments,17.8,manufacturing,Tamil Nadu,6,232593.58,201362.54,35214.81,1,196,0.148,0,,,,0.188,0,15.7,0
MSME003393,New Caterers,6.4,retail,Uttar Pradesh,1,307632.48,266252.88,38623.95,0,58,0.288,1,97.2,2828173.98,0.0,0.76,0,38.5,0
MSME003394,Annapurna Industries,3.7,manufacturing,Telangana,6,312097.43,260274.19,46112.66,0,37,0.314,1,80.8,3367602.59,8.9,0.114,0,19.9,0
MSME003395,Ganesh Enterprises,2.1,food,Rajasthan,1,67840.68,64753.56,11947.63,0,24,0.376,1,80.5,706776.58,8.8,0.464,1,45.4,0
MSME003396,New Bakers,4.8,food,Gujarat,41,466181.23,469953.03,20220.06,3,43,0.428,1,82.0,5845792.54,6.5,0.477,1,63.5,1
MSME003397,Shiv Stores,14.3,retail,Madhya Pradesh,4,189646.33,174793.42,14017.49,1,103,0.466,0,,,,0.687,1,54.6,0
MSME003398,Modern Textiles,4.2,retail,Delhi,7,924462.59,972754.14,0.0,6,46,0.552,1,79.1,10222312.42,11.8,0.401,1,42.2,0
MSME003399,Shree Bakers,4.8,services,Tamil Nadu,10,468607.69,366772.99,93849.11,1,33,0.05,1,100.0,5246082.02,0.0,0.455,0,22.5,0
MSME003400,Sri Industries,11.1,trading,Maharashtra,34,343896.17,336029.71,20273.37,2,115,0.292,1,65.4,3188966.75,9.0,0.289,0,12.2,0
MSME003401,National Stores,6.3,retail,Maharashtra,10,631055.96,647467.78,0.0,5,49,0.529,1,78.6,8064821.17,13.8,0.866,1,65.7,0
MSME003402,Classic Foods,9.2,manufacturing,Andhra Pradesh,6,536638.77,431128.32,97114.52,0,99,0.05,1,85.4,5683931.33,10.0,0.152,0,0.0,0
MSME003403,Annapurna Enterprises,6.8,retail,Andhra Pradesh,3,281230.47,235637.08,37140.07,1,54,0.416,0,,,,0.406,1,48.6,0
MSME003404,Modern Metals,6.5,trading,Rajasthan,9,1227924.58,1053125.81,247406.57,1,48,0.21,1,85.9,15737814.26,4.0,0.5,0,20.9,1
MSME003405,Maruti Metals,0.9,food,Uttar Pradesh,4,168128.01,149702.51,16257.67,0,8,0.497,0,,,,0.449,1,45.8,0
MSME003406,Maruti Industries,1.8,trading,Karnataka,29,1300256.76,1184991.21,35447.67,0,16,0.482,1,78.5,13718341.97,3.4,0.415,0,28.5,0
MSME003407,Maruti Enterprises,5.8,food,Madhya Pradesh,6,259479.67,235632.37,44996.68,0,38,0.112,1,89.6,2545405.48,0.0,0.813,1,63.0,0
MSME003408,Hanuman Suppliers,2.3,trading,Tamil Nadu,43,820608.91,772568.62,99897.22,0,22,0.344,1,74.2,10415200.44,7.7,0.266,0,13.9,0
MSME003409,Durga Traders,4.8,trading,Maharashtra,2,216946.82,210290.17,14596.57,1,50,0.299,1,84.7,2199931.02,0.0,0.24,0,6.4,0
MSME003410,Shiv Logistics,1.6,retail,Tamil Nadu,31,445643.53,341587.43,74707.16,0,11,0.239,1,94.0,5266047.49,15.9,0.858,0,62.2,0
MSME003411,Sai Caterers,11.2,trading,Madhya Pradesh,4,317955.67,272481.02,51310.55,0,90,0.303,1,98.3,3247617.69,0.0,0.43,0,31.1,0
MSME003412,Modern Fabrics,2.5,trading,Punjab,5,151989.9,140513.86,21155.19,0,21,0.343,0,,,,0.236,0,12.6,0
MSME003413,Kaveri Foods,2.1,manufacturing,Uttar Pradesh,50,1176883.73,1177917.64,50097.65,3,19,0.552,1,80.7,13319027.25,11.3,0.123,1,32.2,0
MSME003414,Sai Textiles,1.3,food,Kerala,8,377711.55,390492.07,0.0,3,11,0.514,1,69.5,3221832.92,16.5,0.824,1,54.9,1
MSME003415,Krishna Stores,8.3,retail,Rajasthan,9,196173.8,161687.57,34883.34,0,73,0.131,0,,,,0.775,0,36.7,0
MSME003416,Vishwakarma Enterprises,4.8,retail,Madhya Pradesh,37,985704.03,1048739.15,0.0,3,37,0.776,1,86.6,8858952.48,9.8,0.728,1,78.6,0
MSME003417,Hanuman Garments,10.9,services,Andhra Pradesh,2,596567.85,538932.18,70750.75,0,107,0.337,1,71.5,6272705.76,13.1,0.398,0,16.6,0
MSME003418,Royal Exports,3.1,trading,Karnataka,36,545067.01,517996.58,71324.16,2,28,0.245,1,78.6,5314782.79,19.4,0.2,0,9.6,0
MSME003419,Sai Logistics,1.8,retail,Maharashtra,6,256842.49,256337.56,10193.45,2,16,0.408,0,,,,0.749,1,50.9,0
MSME003420,Lakshmi Foods,4.6,retail,Tamil Nadu,10,851490.45,770355.21,106228.53,0,47,0.408,1,86.2,10771001.25,14.9,0.687,0,42.0,0
MSME003421,Om Fabrics,12.4,retail,Telangana,1,287110.63,269402.34,39503.08,0,113,0.341,1,84.4,2679672.33,8.6,0.89,1,72.6,0
MSME003422,New Stores,0.9,trading,Karnataka,6,423955.65,381456.94,40977.76,0,7,0.284,1,96.3,5102794.72,2.5,0.293,0,6.1,0
MSME003423,Hanuman Foods,6.2,retail,Tamil Nadu,8,675274.69,580564.12,100672.67,0,70,0.274,1,82.6,6135374.74,7.3,0.459,0,12.9,0
MSME003424,Maruti Agencies,6.6,services,Karnataka,34,733344.64,602474.23,125723.76,0,44,0.28,1,88.0,8426255.82,8.6,0.428,0,41.8,0
MSME003425,Hanuman Enterprises,13.9,trading,Tamil Nadu,20,1442688.9,1278228.4,184198.73,0,146,0.294,1,87.8,15005611.27,3.6,0.313,0,12.6,0
MSME003426,Modern Exports,2.4,trading,Tamil Nadu,2,324680.54,298565.52,17715.24,0,27,0.342,0,,,,0.222,0,5.9,0
MSME003427,Shiv Engineering Works,0.8,trading,Telangana,7,605211.03,546844.36,107169.66,0,6,0.441,1,72.1,7660055.49,13.6,0.223,0,18.7,0
MSME003428,Royal Industries,3.4,retail,Gujarat,5,684622.84,556763.12,171155.71,0,33,0.142,1,69.9,7223708.98,18.3,0.727,0,21.3,0
MSME003429,New Associates,9.1,manufacturing,Tamil Nadu,7,139618.43,136700.68,16569.66,0,52,0.547,0,,,,0.171,1,47.9,0
MSME003430,Ganesh Associates,5.1,services,Gujarat,8,759756.91,602981.07,189939.23,0,55,0.05,1,79.1,8252367.38,13.1,0.682,0,32.8,0
MSME003431,Kaveri Enterprises,7.2,manufacturing,Delhi,2,278230.57,290524.86,0.0,2,83,0.527,1,74.9,3130266.21,16.3,0.043,0,0.0,0
MSME003432,New Textiles,1.9,trading,Uttar Pradesh,1,349796.23,310423.29,31500.14,1,19,0.426,1,65.7,3305016.07,19.8,0.417,0,15.0,1
MSME003433,Kaveri Enterprises,4.0,trading,Uttar Pradesh,40,2025426.35,2018488.94,182466.26,0,34,0.511,1,80.6,18364470.6,13.0,0.483,0,26.4,0
MSME003434,Ganesh Stores,5.2,retail,Gujarat,20,481084.96,361382.39,88979.24,0,42,0.24,1,80.1,5725114.53,13.5,0.55,1,48.5,0
MSME003435,Kaveri Electricals,1.1,trading,Maharashtra,4,314567.5,280205.1,28545.4,0,11,0.272,1,71.6,3108302.0,15.1,0.123,0,4.8,0
MSME003436,Hanuman Enterprises,5.2,services,Maharashtra,3,293639.43,244998.4,50068.25,0,48,0.131,1,80.7,3386986.27,0.0,0.641,0,25.4,0
MSME003437,Lakshmi Textiles,3.7,trading,Maharashtra,3,166659.06,162586.26,8308.83,1,43,0.411,0,,,,0.136,0,8.1,0
MSME003438,Durga Solutions,27.9,retail,Uttar Pradesh,10,1547087.47,1463110.76,284734.11,1,240,0.375,1,84.9,14582903.09,6.2,0.871,1,68.7,0
MSME003439,Classic Engineering Works,4.9,retail,West Bengal,7,404775.67,384752.6,42117.19,0,50,0.497,1,78.4,3607781.6,15.5,0.571,1,57.2,0
MSME003440,National Stores,14.4,retail,Uttar Pradesh,4,864808.51,744622.94,176660.37,0,142,0.147,1,95.1,11162529.52,0.6,0.455,1,46.4,0
MSME003441,Classic Plastics,7.1,trading,Gujarat,35,648465.19,713311.71,0.0,2,78,0.569,1,69.1,7650010.39,20.3,0.386,0,35.3,0
MSME003442,Shree Textiles,4.4,services,Madhya Pradesh,7,398406.13,384831.05,1413.18,4,37,0.302,1,96.0,3527501.41,11.7,0.497,0,25.2,1
MSME003443,Shiv Electricals,12.9,food,Maharashtra,2,391870.1,389304.55,32615.25,1,105,0.374,1,90.3,3468246.99,18.7,0.541,0,35.3,0
MSME003444,Kaveri Traders,1.6,retail,Uttar Pradesh,2,154707.82,136434.0,23471.79,0,10,0.131,1,75.2,1413236.94,15.7,0.746,1,64.7,0
MSME003445,Classic Logistics,3.4,retail,Haryana,1,217386.46,212892.46,10423.81,2,34,0.498,0,,,,0.873,1,79.9,0
MSME003446,Sri Electricals,9.5,retail,West Bengal,5,616264.08,506102.33,146446.14,1,63,0.05,1,80.3,6510526.44,12.1,0.655,1,55.3,0
MSME003447,Ganesh Plastics,0.5,retail,West Bengal,7,368539.71,364091.26,54846.33,0,6,0.342,1,77.0,4315813.39,16.1,0.478,1,47.6,0
MSME003448,Krishna Textiles,4.8,services,Karnataka,6,286130.36,222215.83,35759.69,1,51,0.309,0,,,,0.368,0,20.0,1
MSME003449,Hanuman Metals,4.7,retail,Punjab,6,730304.81,649313.83,111559.69,0,46,0.257,1,72.2,9008356.36,20.3,0.507,0,8.6,0
MSME003450,Shiv Foods,6.0,food,Uttar Pradesh,2,503809.71,506748.87,59544.06,0,50,0.384,1,70.6,5029249.58,10.8,0.479,1,54.0,0
MSME003451,Shiv Associates,4.1,manufacturing,Maharashtra,7,1265588.37,1191098.13,98597.05,0,29,0.228,1,82.1,15900547.85,10.2,0.155,0,1.2,0
MSME003452,Sai Bakers,9.2,trading,Telangana,42,567805.82,536439.41,51457.33,0,100,0.158,1,51.1,6496121.57,15.8,0.375,0,16.7,0
MSME003453,Shiv Logistics,2.5,food,Maharashtra,29,380654.17,309703.07,51672.07,0,15,0.166,1,85.4,3608183.62,14.0,0.615,0,41.1,0
MSME003454,Ganesh Suppliers,10.2,services,Karnataka,6,287944.94,294473.28,18333.21,0,116,0.493,1,77.7,3704477.06,0.0,0.377,0,20.2,0
MSME003455,National Bakers,1.8,food,Maharashtra,50,916426.04,962157.39,81698.79,4,16,0.607,1,73.9,11342143.57,12.0,0.899,1,69.5,0
MSME003456,Royal Textiles,6.4,retail,Gujarat,10,238978.24,210905.25,40989.21,1,53,0.321,0,,,,0.891,0,50.7,0
MSME003457,New Solutions,11.9,food,West Bengal,3,140759.58,126311.56,15032.52,0,80,0.285,0,,,,0.43,0,17.8,0
MSME003458,Shree Associates,2.3,retail,Karnataka,1,155274.32,169651.58,0.0,5,25,0.67,1,91.8,1684795.31,2.3,0.655,0,35.4,0
MSME003459,National Exports,2.8,trading,Karnataka,5,258065.19,235193.03,18384.41,0,28,0.245,1,77.5,3289607.95,18.4,0.259,0,5.4,0
MSME003460,Maruti Engineering Works,10.4,food,Uttar Pradesh,2,379169.48,289834.15,82015.72,0,104,0.228,1,73.9,3874878.76,10.7,0.855,1,80.2,0
MSME003461,Vishwakarma Logistics,5.7,trading,Tamil Nadu,203,2077580.03,2038798.05,315439.81,1,53,0.373,1,68.5,20704188.96,18.3,0.338,0,7.5,0
MSME003462,Classic Solutions,0.9,retail,Madhya Pradesh,2,217637.68,222417.02,14151.53,1,7,0.449,0,,,,0.479,1,54.9,0
MSME003463,Royal Stores,5.9,retail,Maharashtra,3,288236.94,287517.64,4188.77,0,59,0.341,1,63.7,2769407.19,19.0,0.898,1,56.5,0
MSME003464,Sai Traders,8.1,retail,West Bengal,7,102500.11,93426.97,4887.04,1,77,0.425,0,,,,0.649,1,59.7,0
MSME003465,Maruti Plastics,10.7,trading,Karnataka,17,486794.21,471007.7,35373.75,1,109,0.633,1,83.7,4919968.05,0.0,0.171,0,12.6,0
MSME003466,Sri Logistics,6.3,trading,Gujarat,5,856975.26,779708.8,92677.97,0,67,0.271,1,80.4,11301828.43,6.2,0.137,0,0.0,0
MSME003467,Om Agencies,7.3,trading,Tamil Nadu,19,488613.34,424282.24,54204.08,1,38,0.289,1,89.7,6358442.98,2.8,0.401,1,50.8,0
MSME003468,Lakshmi Fabrics,15.4,manufacturing,Telangana,9,317462.93,323696.03,37760.64,0,48,0.332,1,75.2,3761587.22,15.8,0.112,0,5.9,0
MSME003469,Om Logistics,9.7,retail,Gujarat,23,1265838.6,1215344.6,33336.21,2,97,0.346,1,71.4,13724296.2,20.5,0.647,1,56.7,0
MSME003470,Royal Enterprises,4.0,manufacturing,Maharashtra,2,198997.89,167449.51,49197.6,0,33,0.099,1,89.2,2084784.33,7.7,0.243,0,14.4,0
MSME003471,Kaveri Associates,4.4,services,Punjab,10,1019427.15,960516.68,0.0,4,38,0.294,1,66.0,10707523.13,13.9,0.575,0,43.1,1
MSME003472,Sri Textiles,11.5,manufacturing,Uttar Pradesh,5,2372710.25,2392434.78,53790.33,3,117,0.443,1,66.6,28466650.71,15.6,0.116,0,8.5,0
MSME003473,Sri Plastics,6.2,manufacturing,Telangana,6,482234.76,472735.72,43254.37,0,69,0.438,1,90.7,4898491.66,7.2,0.229,0,2.0,0
MSME003474,Royal Agencies,5.5,food,Maharashtra,9,728251.57,621437.35,136269.77,0,62,0.28,1,53.9,9572268.51,20.3,0.643,1,51.9,0
MSME003475,Lakshmi Metals,3.8,retail,Gujarat,5,149458.79,128874.37,22244.65,0,11,0.272,0,,,,0.59,1,49.4,0
MSME003476,Kaveri Bakers,11.2,services,Karnataka,2,104343.7,89426.5,18882.88,0,29,0.168,0,,,,0.663,0,32.2,0
MSME003477,Om Plastics,2.4,food,Maharashtra,3,170040.76,143489.11,35718.85,0,19,0.22,1,78.6,2157426.37,4.4,0.633,1,63.3,1
MSME003478,Om Garments,3.4,services,Bihar,10,684709.02,550154.4,165747.7,0,33,0.05,1,96.2,8584318.54,0.0,0.291,0,21.5,0
MSME003479,Vishwakarma Suppliers,11.2,retail,Tamil Nadu,1,230220.73,234512.39,0.0,1,111,0.579,0,,,,0.651,1,64.8,0
MSME003480,New Stores,11.1,services,Karnataka,49,635801.04,603745.83,118795.87,0,94,0.35,1,82.1,6304411.91,5.1,0.658,0,7.4,0
MSME003481,New Suppliers,22.0,manufacturing,Telangana,71,531701.54,526740.05,50366.79,0,164,0.424,1,90.2,6336971.39,9.3,0.043,0,5.5,0
MSME003482,Kaveri Fabrics,4.8,retail,West Bengal,10,430337.09,337349.69,101171.64,0,52,0.101,1,77.3,4628811.07,0.0,0.853,1,68.2,1
MSME003483,New Solutions,3.9,services,Rajasthan,7,274453.64,262247.38,34114.53,1,31,0.308,0,,,,0.488,0,32.1,0
MSME003484,Kaveri Metals,4.2,manufacturing,Tamil Nadu,158,829351.14,825354.21,3937.52,2,39,0.618,1,96.9,9048959.63,1.7,0.279,0,25.3,0
MSME003485,Vishwakarma Industries,1.0,trading,Maharashtra,32,435596.29,390520.97,59184.76,0,11,0.306,1,69.4,4287407.66,15.3,0.376,0,6.7,0
MSME003486,Shree Plastics,0.5,retail,Kerala,21,642016.44,560229.97,85869.24,1,6,0.261,1,85.8,5805052.12,7.9,0.834,1,68.9,0
MSME003487,Ganesh Plastics,6.2,trading,West Bengal,6,307417.55,267948.82,72021.47,0,42,0.239,1,71.5,3657686.89,19.3,0.218,0,18.7,0
MSME003488,Modern Garments,3.7,services,West Bengal,4,328948.27,314861.67,5206.76,1,42,0.326,0,,,,0.259,1,42.3,0
MSME003489,Vishwakarma Garments,2.6,trading,Rajasthan,49,325934.91,296617.49,49232.57,0,30,0.095,1,100.0,3383217.93,4.2,0.445,1,59.2,0
MSME003490,Sri Logistics,5.4,services,Gujarat,9,556416.8,528266.77,26872.35,2,58,0.351,1,87.5,4927784.14,7.4,0.279,1,50.5,1
MSME003491,Balaji Exports,6.4,trading,Maharashtra,1,303315.04,298441.69,35705.42,0,58,0.327,1,75.9,2886102.38,14.8,0.208,0,8.8,0
MSME003492,Hanuman Engineering Works,4.5,manufacturing,Uttar Pradesh,149,1191563.96,1090195.85,171882.37,0,41,0.43,1,82.9,10231586.38,8.0,0.148,1,25.9,0
MSME003493,Maruti Plastics,4.6,manufacturing,Gujarat,27,882188.97,836291.41,85268.83,0,40,0.211,1,100.0,9922950.9,8.6,0.132,1,24.7,0
MSME003494,Sri Bakers,3.6,manufacturing,Tamil Nadu,8,933933.21,741131.79,122330.01,0,37,0.226,1,75.9,11333782.52,11.3,0.182,0,18.0,0
MSME003495,Classic Electricals,8.6,trading,Maharashtra,3,166978.38,159227.09,16636.46,0,82,0.236,1,81.8,1624781.45,7.9,0.224,0,18.1,0
MSME003496,Om Traders,3.2,retail,Karnataka,21,599280.67,486672.89,95147.88,2,32,0.217,1,88.6,6523996.19,9.2,0.605,0,35.7,0
MSME003497,Balaji Solutions,2.1,services,Rajasthan,4,161040.9,140878.93,10632.68,1,24,0.373,1,68.5,1551168.34,10.7,0.598,0,32.6,0
MSME003498,Shiv Textiles,3.5,retail,Gujarat,1,241353.79,224702.06,40870.8,0,37,0.05,1,100.0,2810745.43,10.7,0.646,0,39.9,0
MSME003499,Balaji Suppliers,6.0,trading,Telangana,6,396238.85,371458.89,10593.14,0,71,0.438,1,83.5,4553591.86,0.0,0.303,0,17.7,0
MSME003500,Vishwakarma Metals,8.9,retail,West Bengal,2,279794.37,236256.39,43594.42,0,77,0.142,1,80.2,3087668.86,3.6,0.599,1,54.2,0
MSME003501,Sai Engineering Works,17.5,trading,Maharashtra,47,1357875.29,1111278.59,137534.88,0,188,0.334,1,87.1,12346679.37,13.4,0.241,0,24.2,0
MSME003502,Hanuman Electricals,5.4,services,Bihar,190,1664926.43,1494662.05,169045.47,0,54,0.397,1,94.8,15176658.88,13.4,0.511,1,42.4,0
MSME003503,Ganesh Engineering Works,14.5,trading,Rajasthan,2,595705.65,528459.77,77527.02,0,132,0.054,1,97.0,6048575.59,14.7,0.457,0,32.7,0
MSME003504,Kaveri Industries,2.9,trading,Karnataka,4,324967.74,354844.5,0.0,2,25,0.698,1,92.8,3920958.49,1.3,0.327,0,7.7,0
MSME003505,Shree Textiles,2.5,retail,Kerala,5,550968.79,501275.66,29174.04,1,22,0.294,1,79.1,5400317.36,9.7,0.666,0,39.3,1
MSME003506,Royal Textiles,7.1,trading,Maharashtra,10,704552.39,602806.85,114565.38,0,67,0.166,1,78.9,8065351.21,12.2,0.349,0,29.3,0
MSME003507,National Plastics,7.9,trading,West Bengal,17,510434.14,415437.89,127608.54,0,74,0.05,1,100.0,6648910.42,4.2,0.149,0,15.2,0
MSME003508,National Garments,5.9,manufacturing,Tamil Nadu,9,617514.95,582707.18,37060.61,1,60,0.18,1,75.9,7938220.77,18.0,0.129,0,8.0,0
MSME003509,Sai Traders,28.3,manufacturing,Maharashtra,49,898884.46,988772.91,0.0,5,240,0.466,1,86.0,8952758.63,10.0,0.101,0,0.0,0
MSME003510,Ganesh Metals,3.1,food,Rajasthan,12,863315.15,854877.68,82123.33,1,31,0.308,1,83.5,8713004.87,24.0,0.455,0,15.6,0
MSME003511,Modern Stores,12.7,retail,Tamil Nadu,5,584381.07,542750.34,66126.53,0,86,0.314,1,79.7,7644391.68,16.7,0.679,0,41.0,0
MSME003512,Krishna Enterprises,2.5,retail,Maharashtra,6,328770.7,303110.24,60163.88,1,25,0.111,0,,,,0.468,0,23.0,0
MSME003513,Balaji Metals,8.3,trading,Rajasthan,186,1032950.44,942008.08,107373.95,0,62,0.132,1,62.3,11593736.22,12.1,0.151,0,3.1,0
MSME003514,Balaji Traders,5.3,services,Tamil Nadu,8,689419.88,726715.2,15520.58,5,40,0.303,1,75.0,7274541.28,17.5,0.392,1,21.8,0
MSME003515,Lakshmi Associates,6.2,services,Rajasthan,33,1306108.9,1174271.87,236137.15,0,66,0.166,1,86.6,11611273.56,14.0,0.553,0,27.2,0
MSME003516,Modern Plastics,7.1,manufacturing,Maharashtra,4,538872.85,435549.47,58454.71,0,36,0.291,1,84.0,4593237.63,13.9,0.035,0,2.1,0
MSME003517,Annapurna Garments,5.4,trading,Gujarat,8,715960.84,716663.75,83193.88,2,44,0.42,1,78.6,7956218.22,0.4,0.284,1,35.2,0
MSME003518,Classic Solutions,4.6,services,Rajasthan,7,800703.86,678678.15,108927.34,0,39,0.367,1,87.0,8078438.23,2.5,0.567,0,30.9,0
MSME003519,Durga Caterers,0.7,food,Rajasthan,8,322082.27,295613.71,23857.2,0,7,0.373,1,90.1,3541098.92,1.2,0.564,1,52.0,0
MSME003520,Classic Engineering Works,10.0,retail,Madhya Pradesh,10,483243.25,449248.64,62776.95,0,110,0.37,1,81.8,6205276.25,8.2,0.896,1,80.0,0
MSME003521,National Associates,1.5,manufacturing,Haryana,4,592076.54,577370.9,36092.74,4,17,0.372,1,81.5,7610061.24,7.6,0.142,0,6.1,0
MSME003522,Ganesh Solutions,3.7,services,Maharashtra,1,171431.19,149736.74,16559.95,0,36,0.273,0,,,,0.69,0,35.4,0
MSME003523,National Logistics,6.5,retail,Gujarat,6,1006829.23,873797.85,97440.92,0,71,0.158,1,69.0,12929396.1,11.7,0.82,1,68.6,0
MSME003524,Annapurna Bakers,1.8,food,Andhra Pradesh,4,225960.61,235931.37,0.0,7,15,0.625,1,90.0,1926251.61,6.2,0.487,1,46.6,0
MSME003525,Lakshmi Exports,4.6,manufacturing,West Bengal,34,895169.27,809787.89,166853.83,0,35,0.224,1,87.3,10507076.12,10.8,0.108,0,14.6,0
MSME003526,Kaveri Engineering Works,9.2,manufacturing,Haryana,49,2773495.72,2457262.27,357709.08,0,89,0.307,1,74.8,26568223.38,12.9,0.233,0,6.8,0
MSME003527,Balaji Garments,3.6,retail,Madhya Pradesh,1,82607.68,83995.25,10029.27,2,34,0.497,0,,,,0.588,0,38.3,1
MSME003528,Sai Metals,4.7,retail,Bihar,152,1183912.99,1122215.17,165148.68,0,49,0.338,1,81.0,12409026.21,12.8,0.549,0,22.4,0
MSME003529,Annapurna Caterers,2.2,services,Maharashtra,2,186139.56,184641.84,0.0,7,24,0.457,1,79.7,1727730.17,8.7,0.403,1,61.5,1
MSME003530,Balaji Stores,4.0,retail,Tamil Nadu,6,395511.42,435062.57,15887.17,1,40,0.664,1,59.5,4854553.41,17.0,0.518,0,49.9,0
MSME003531,Maruti Logistics,1.6,retail,Karnataka,10,237787.47,258660.73,1587.41,0,15,0.359,0,,,,0.528,1,57.7,0
MSME003532,Sai Garments,6.0,trading,Karnataka,48,698849.06,735298.8,5250.49,1,42,0.694,1,61.5,9198968.46,25.9,0.328,0,22.8,0
MSME003533,Sai Electricals,1.2,retail,Bihar,4,354624.97,350256.2,0.0,4,12,0.402,1,84.0,4211668.27,12.1,0.551,1,54.5,1
MSME003534,Modern Exports,3.0,services,Haryana,44,777376.22,827938.19,71099.08,2,23,0.503,1,80.3,8620361.3,7.0,0.566,0,31.7,0
MSME003535,Sai Plastics,5.3,trading,Uttar Pradesh,6,747692.23,578101.46,130849.96,0,48,0.05,1,75.2,6921932.77,8.7,0.252,0,6.5,0
MSME003536,Sai Metals,4.3,retail,Gujarat,2,79015.54,75447.46,1383.89,1,43,0.502,0,,,,0.789,0,34.2,1
MSME003537,Shree Associates,6.8,trading,Andhra Pradesh,2,305768.57,305227.63,34445.86,0,80,0.425,1,84.4,3434410.12,18.1,0.212,0,15.7,0
MSME003538,Balaji Fabrics,4.7,retail,Andhra Pradesh,8,391909.05,345045.13,70419.61,0,52,0.059,1,84.1,3715211.11,13.1,0.556,0,22.7,1
MSME003539,Om Traders,0.7,retail,Telangana,7,399959.81,331000.88,53836.72,0,6,0.156,1,100.0,3591348.01,0.0,0.452,1,55.0,0
MSME003540,National Fabrics,1.8,trading,West Bengal,47,866793.59,953472.95,144307.31,6,15,0.321,1,83.5,11395028.86,7.7,0.319,0,25.0,1
MSME003541,Sri Garments,5.1,trading,Haryana,2,207574.8,182921.89,14174.54,1,53,0.321,1,90.9,2318740.95,0.0,0.264,0,25.5,0
MSME003542,Krishna Solutions,10.9,trading,Gujarat,6,195105.17,185032.98,19507.25,0,102,0.18,0,,,,0.201,0,3.0,0
MSME003543,Sai Plastics,9.6,services,Maharashtra,45,773599.88,580199.91,193399.97,0,104,0.05,1,86.0,7670438.27,0.7,0.506,0,17.8,0
MSME003544,New Plastics,27.8,trading,Uttar Pradesh,6,264422.57,261815.42,38520.29,4,240,0.383,0,,,,0.132,0,12.9,0
MSME003545,Shree Industries,3.3,services,Rajasthan,31,765416.31,655715.46,101651.3,0,25,0.161,1,81.6,7695002.38,10.2,0.594,0,38.7,0
MSME003546,Hanuman Metals,8.9,trading,Telangana,1,158684.63,120143.56,39671.16,0,103,0.05,0,,,,0.192,0,16.1,0
MSME003547,Vishwakarma Logistics,8.5,services,Rajasthan,4,483224.89,396299.64,65135.47,0,86,0.281,1,68.3,5682090.59,21.5,0.679,0,43.9,0
MSME003548,Royal Bakers,14.9,services,West Bengal,9,409460.65,390536.26,78228.88,0,109,0.104,1,83.0,5009929.6,11.2,0.265,1,31.2,0
MSME003549,Ganesh Enterprises,12.2,retail,Gujarat,4,352714.95,305331.83,57483.44,0,137,0.258,1,95.1,3840506.73,4.0,0.747,1,65.7,0
MSME003550,Hanuman Foods,6.3,services,Madhya Pradesh,8,355552.32,327672.89,40077.88,1,68,0.201,1,68.1,4654306.99,11.5,0.442,0,21.8,0
MSME003551,Vishwakarma Bakers,7.9,manufacturing,Uttar Pradesh,7,429035.75,428036.1,9477.42,4,65,0.472,1,88.0,4769122.36,7.3,0.046,0,9.2,0
MSME003552,Om Traders,6.8,retail,Karnataka,1,202337.78,198588.02,6108.1,1,69,0.452,0,,,,0.831,0,50.3,0
MSME003553,Classic Garments,4.9,services,Uttar Pradesh,10,834281.35,712874.61,89005.38,1,33,0.245,1,78.6,8363972.17,1.9,0.342,0,23.4,0
MSME003554,Sri Exports,7.5,manufacturing,Rajasthan,10,257033.97,220239.4,41947.86,0,84,0.05,0,,,,0.032,0,3.9,0
MSME003555,Vishwakarma Caterers,5.8,retail,Rajasthan,7,290104.77,248910.81,45637.58,1,51,0.05,1,82.2,3584045.95,7.6,0.539,1,55.5,0
MSME003556,Vishwakarma Bakers,5.6,food,West Bengal,45,1069115.32,911544.14,138481.17,1,65,0.076,1,92.4,14061278.18,3.1,0.826,1,67.3,0
MSME003557,Sri Bakers,15.4,trading,Rajasthan,2,514364.42,533936.33,43695.08,1,114,0.376,1,85.3,4427892.53,0.0,0.371,0,21.9,0
MSME003558,Ganesh Engineering Works,6.4,services,Punjab,9,883360.31,816739.68,79390.1,0,60,0.159,1,71.3,9539184.06,11.3,0.523,0,33.5,0
MSME003559,Annapurna Associates,5.4,manufacturing,Kerala,1,288298.97,269574.93,28509.41,0,39,0.202,1,96.1,2546867.76,7.8,0.15,1,41.9,0
MSME003560,Shiv Logistics,4.5,food,Tamil Nadu,6,157410.21,145174.09,18145.84,0,48,0.256,0,,,,0.71,0,49.7,0
MSME003561,Sai Solutions,4.1,services,Maharashtra,5,192034.11,170304.25,39108.23,0,26,0.27,0,,,,0.609,0,38.5,0
MSME003562,Annapurna Traders,1.7,services,Maharashtra,41,566340.48,577659.72,7276.51,3,16,0.706,1,72.8,4939550.5,11.6,0.652,0,46.9,0
MSME003563,Vishwakarma Solutions,4.9,retail,Uttar Pradesh,7,629609.83,569137.74,69867.18,0,56,0.25,1,75.4,7139664.78,12.7,0.788,1,74.3,0
MSME003564,New Agencies,11.3,retail,Uttar Pradesh,2,246579.18,230496.42,18765.24,0,131,0.193,0,,,,0.563,1,42.1,0
MSME003565,New Industries,3.2,manufacturing,Kerala,9,482420.87,398423.92,73671.99,0,35,0.061,1,78.8,4148673.05,18.1,0.197,0,18.2,0
MSME003566,Lakshmi Suppliers,0.5,trading,Delhi,6,568329.38,431819.99,142082.35,0,6,0.134,1,87.8,5625970.29,6.3,0.282,0,6.3,0
MSME003567,Vishwakarma Fabrics,7.3,manufacturing,Uttar Pradesh,26,810298.19,796643.86,74557.14,1,57,0.228,1,87.3,8197837.36,0.0,0.117,0,19.3,1
MSME003568,Annapurna Industries,6.0,retail,Bihar,3,251661.79,195924.69,46416.75,0,67,0.05,1,100.0,2379451.02,0.0,0.619,0,15.9,0
MSME003569,New Traders,15.2,retail,Andhra Pradesh,46,422171.32,380038.24,55681.7,0,176,0.208,1,74.5,4936664.33,18.3,0.596,0,14.2,0
MSME003570,Kaveri Bakers,2.9,retail,Gujarat,4,588900.69,472567.24,98501.09,0,21,0.102,1,63.9,6643870.76,10.0,0.536,1,69.7,0
MSME003571,New Caterers,1.5,trading,Andhra Pradesh,7,851768.48,777864.91,105491.27,0,13,0.25,1,80.6,8832257.22,13.6,0.101,0,22.6,0
MSME003572,National Textiles,4.3,retail,Haryana,2,158543.43,153255.24,13485.11,0,46,0.451,0,,,,0.428,0,34.1,0
MSME003573,Durga Caterers,3.7,trading,Punjab,3,296864.13,267197.25,27652.75,0,34,0.424,1,86.5,3037215.05,12.9,0.325,0,30.6,0
MSME003574,Ganesh Caterers,1.0,food,Bihar,10,547452.18,457096.58,121055.71,0,9,0.167,1,87.2,6562752.08,9.1,0.796,0,32.4,0
MSME003575,Modern Solutions,5.5,manufacturing,Gujarat,9,309676.31,286467.01,35486.56,0,35,0.464,1,94.1,3863476.22,12.1,0.27,1,49.3,0
MSME003576,Durga Foods,3.5,manufacturing,Uttar Pradesh,4,553788.56,553835.62,95257.03,1,24,0.247,1,69.2,5389753.26,17.0,0.113,0,0.0,0
MSME003577,Hanuman Associates,13.3,retail,Haryana,6,330470.02,301476.81,62611.86,0,143,0.207,1,64.6,4250379.54,14.1,0.794,0,53.8,0
MSME003578,Royal Solutions,5.5,trading,Tamil Nadu,5,221410.43,213219.18,15869.94,0,45,0.272,0,,,,0.322,0,13.8,0
MSME003579,Royal Caterers,2.6,services,Rajasthan,3,804321.84,684277.74,182425.18,0,27,0.133,1,84.3,7279170.83,1.7,0.606,1,57.5,1
MSME003580,Sai Suppliers,5.0,retail,Tamil Nadu,12,404226.23,330357.43,101056.56,1,35,0.05,1,100.0,4721222.2,0.0,0.782,1,77.2,0
MSME003581,Royal Textiles,5.9,trading,Rajasthan,3,494268.52,438676.43,66570.82,0,51,0.237,1,82.7,5016918.81,7.9,0.41,0,22.2,0
MSME003582,New Enterprises,7.8,food,Maharashtra,2,125831.13,117919.36,18309.73,0,55,0.286,0,,,,0.803,1,73.7,1
MSME003583,Kaveri Engineering Works,5.2,retail,Telangana,9,1049980.23,843101.03,168634.3,0,57,0.26,1,77.8,11310373.8,6.5,0.512,1,47.0,0
MSME003584,Ganesh Enterprises,19.4,food,Rajasthan,3,769161.39,711107.73,93107.13,0,168,0.347,1,68.9,9623242.83,8.2,0.709,1,57.5,0
MSME003585,New Textiles,1.7,retail,Gujarat,2,124158.36,115617.2,1074.26,4,15,0.452,1,54.7,1509945.97,18.8,0.739,0,38.3,1
MSME003586,Kaveri Enterprises,3.4,retail,Gujarat,7,378497.29,360565.82,42647.45,0,39,0.298,1,76.3,4573347.12,7.1,0.475,0,16.5,1
MSME003587,Shiv Fabrics,2.6,retail,Karnataka,2,588805.16,556833.31,110415.06,1,29,0.244,1,87.9,6698728.61,6.7,0.412,1,53.7,0
MSME003588,Durga Associates,3.9,food,Bihar,10,293184.58,272722.38,36259.23,0,36,0.348,1,91.9,3084059.65,0.8,0.738,1,68.6,1
MSME003589,Durga Garments,6.5,services,Kerala,9,528427.63,581270.39,0.0,4,63,0.61,1,69.1,5226774.41,10.2,0.557,0,18.6,0
MSME003590,Classic Metals,6.1,manufacturing,Andhra Pradesh,5,192336.45,181835.31,8168.91,2,53,0.441,1,74.6,2143499.84,10.9,0.129,0,20.3,0
MSME003591,Balaji Exports,7.7,trading,Rajasthan,2,212404.05,218146.76,15877.71,1,44,0.489,1,71.7,2599875.11,3.4,0.333,0,31.7,0
MSME003592,Lakshmi Exports,5.5,manufacturing,Andhra Pradesh,2,434428.94,362152.25,74452.35,0,36,0.147,1,73.5,4878003.91,7.3,0.121,0,6.2,0
MSME003593,Modern Foods,5.8,services,Karnataka,15,356064.6,340381.6,3775.87,2,56,0.455,1,77.9,3063295.6,18.1,0.359,0,15.1,0
MSME003594,Krishna Exports,5.6,services,West Bengal,9,346020.17,335218.1,62194.27,1,55,0.33,0,,,,0.582,0,43.3,1
MSME003595,Kaveri Textiles,3.6,manufacturing,Madhya Pradesh,5,210581.02,212102.76,2744.53,2,35,0.423,1,65.4,2229163.22,16.0,0.099,0,0.0,0
MSME003596,Lakshmi Associates,3.3,manufacturing,Gujarat,17,1005625.32,852005.68,115647.46,0,26,0.3,1,71.1,11590378.46,4.5,0.218,0,26.4,0
MSME003597,Ganesh Solutions,2.5,services,Rajasthan,6,178639.57,160228.58,37639.78,0,18,0.304,0,,,,0.412,0,22.6,0
MSME003598,Krishna Garments,8.0,retail,Madhya Pradesh,2,661915.35,600363.33,110903.01,0,77,0.284,1,79.5,8076431.44,8.5,0.621,0,46.2,0
MSME003599,Lakshmi Engineering Works,0.5,manufacturing,Tamil Nadu,32,583757.68,507516.21,94830.3,3,6,0.181,1,87.6,5431170.76,9.0,0.287,0,22.6,1
MSME003600,Hanuman Stores,5.7,retail,Bihar,9,694454.37,556111.79,117518.16,2,53,0.252,1,84.2,6959210.98,4.3,0.722,0,64.0,0
MSME003601,Vishwakarma Metals,9.1,food,Gujarat,6,478247.2,496174.88,0.0,3,78,0.476,1,84.2,6299343.58,11.4,0.77,0,49.4,1
MSME003602,Hanuman Plastics,10.8,trading,Karnataka,1,154560.65,136613.77,25451.21,0,97,0.347,1,91.1,1341949.49,4.2,0.345,1,61.6,0
MSME003603,Annapurna Engineering Works,0.5,retail,Andhra Pradesh,1,167571.96,163007.43,9966.76,0,6,0.364,0,,,,0.542,0,25.6,0
MSME003604,Hanuman Logistics,3.7,trading,Maharashtra,10,414602.61,405316.26,23554.76,0,25,0.488,1,61.1,3602515.45,20.3,0.383,0,12.5,0
MSME003605,Classic Textiles,2.7,services,Tamil Nadu,1,175181.36,155522.96,18855.41,0,29,0.304,1,88.6,2119209.96,11.5,0.455,0,23.2,1
MSME003606,Balaji Solutions,3.4,trading,Karnataka,3,181452.21,140117.63,37730.65,0,33,0.092,0,,,,0.394,0,22.9,0
MSME003607,Ganesh Electricals,12.4,manufacturing,Maharashtra,1,399498.25,345735.07,83943.97,0,114,0.229,1,87.1,3735979.55,3.7,0.254,1,40.0,0
MSME003608,Durga Agencies,2.7,services,Uttar Pradesh,1,148609.16,159214.12,6568.48,2,28,0.525,0,,,,0.628,0,34.7,1
MSME003609,Hanuman Logistics,9.1,retail,Bihar,9,419869.53,330112.62,61006.86,0,87,0.18,1,100.0,5083356.52,2.4,0.79,0,46.6,0
MSME003610,Durga Traders,5.7,trading,Maharashtra,13,1004024.05,799393.42,251006.01,1,47,0.056,1,100.0,11927416.73,2.6,0.154,0,15.8,0
MSME003611,Krishna Foods,3.3,manufacturing,West Bengal,19,994025.14,778312.29,248506.29,0,27,0.05,1,81.2,9767522.72,12.2,0.144,0,0.0,0
MSME003612,Durga Industries,3.0,manufacturing,Maharashtra,8,396983.28,436681.6,0.0,2,21,0.63,1,72.7,3831249.01,19.9,0.107,0,4.6,1
MSME003613,Hanuman Agencies,6.2,trading,Maharashtra,4,716405.56,549458.12,179101.39,0,56,0.05,1,63.9,6790518.18,19.1,0.24,0,9.5,0
MSME003614,Sai Associates,4.8,food,Gujarat,2,336175.04,299196.69,37370.31,0,40,0.05,1,64.8,3442459.82,22.5,0.745,1,68.1,0
MSME003615,New Textiles,0.9,retail,Punjab,3,217499.14,232779.53,0.0,6,6,0.644,1,62.8,1909257.44,3.2,0.608,1,57.9,1
MSME003616,Vishwakarma Electricals,2.2,services,Karnataka,4,248827.22,236197.14,14759.13,3,20,0.55,1,63.1,2778116.24,20.0,0.507,0,40.2,1
MSME003617,Sai Fabrics,6.3,manufacturing,Tamil Nadu,8,968636.72,852708.65,207643.26,1,64,0.066,1,68.8,9261250.28,23.1,0.25,0,18.1,0
MSME003618,Vishwakarma Caterers,1.6,trading,Gujarat,20,1009146.85,967467.14,165591.04,0,14,0.321,1,89.4,11101342.44,12.3,0.316,0,27.1,0
MSME003619,Vishwakarma Traders,10.0,retail,Karnataka,6,173066.46,156924.74,15407.61,2,111,0.323,0,,,,0.759,1,64.6,0
MSME003620,Sai Suppliers,1.2,services,West Bengal,5,203142.98,199581.82,18280.47,0,10,0.289,0,,,,0.549,0,38.3,0
MSME003621,Modern Traders,4.1,trading,Tamil Nadu,1,389490.0,328357.98,70243.91,0,43,0.145,1,86.3,3315614.09,17.6,0.137,0,2.9,0
MSME003622,Kaveri Garments,8.2,retail,Uttar Pradesh,2,148688.03,126971.51,6116.23,1,36,0.437,1,86.3,1465714.52,21.6,0.83,1,62.0,0
MSME003623,Ganesh Bakers,2.0,retail,Rajasthan,3,499259.17,469023.6,72550.21,0,19,0.439,1,85.2,5019780.42,10.6,0.535,1,66.6,0
MSME003624,Vishwakarma Fabrics,1.5,manufacturing,West Bengal,3,1204228.52,1074863.46,264127.27,1,15,0.192,1,96.2,12704749.66,24.3,0.214,0,11.3,0
MSME003625,National Foods,7.1,retail,Telangana,20,698962.86,631352.73,42349.54,0,60,0.446,1,81.8,6479748.03,7.9,0.554,1,55.2,0
MSME003626,Sri Engineering Works,9.3,trading,West Bengal,13,347454.33,321690.91,0.0,3,56,0.538,0,,,,0.111,0,0.0,0
MSME003627,New Fabrics,4.3,food,Madhya Pradesh,19,507592.54,482148.07,20824.74,1,43,0.367,1,77.9,6165559.06,5.4,0.629,1,51.1,1
MSME003628,Kaveri Metals,3.6,manufacturing,Rajasthan,5,856173.84,822608.17,8121.92,1,26,0.542,1,71.3,10607289.41,16.5,0.202,0,25.7,0
MSME003629,National Engineering Works,1.1,trading,Karnataka,9,545357.11,567619.41,19287.93,4,12,0.338,1,78.9,6012167.09,3.0,0.105,0,15.1,1
MSME003630,National Traders,5.4,trading,West Bengal,22,883180.91,928688.33,0.0,3,57,0.4,1,82.0,10078688.32,12.9,0.297,0,8.4,0
MSME003631,Shiv Exports,0.7,retail,Uttar Pradesh,5,241110.93,229111.75,25778.05,0,6,0.184,0,,,,0.769,0,35.6,0
MSME003632,Om Suppliers,12.5,trading,Delhi,41,548790.42,482799.71,62773.58,1,91,0.234,1,75.0,5498148.91,6.3,0.354,1,46.4,0
MSME003633,Shree Exports,4.5,retail,Gujarat,34,1100076.17,1171862.32,39882.27,1,36,0.379,1,75.5,13428549.25,20.8,0.603,1,54.5,1
MSME003634,New Caterers,2.2,retail,West Bengal,4,236464.74,220161.19,15988.16,1,12,0.4,1,84.7,2620002.98,11.4,0.796,1,61.9,0
MSME003635,Modern Metals,3.0,retail,Karnataka,6,95361.49,89517.68,8107.06,0,30,0.305,0,,,,0.599,0,26.2,0
MSME003636,Shiv Fabrics,5.7,services,Andhra Pradesh,1,183396.07,167869.36,2730.13,4,60,0.444,1,89.1,1916003.18,2.1,0.655,0,34.2,0
MSME003637,Om Traders,3.4,retail,Maharashtra,8,512816.56,462409.24,48806.37,1,11,0.261,1,89.8,6729674.34,0.0,0.411,1,35.0,0
MSME003638,Shiv Bakers,5.0,retail,Kerala,23,1062890.26,1113810.63,93411.11,1,51,0.562,1,77.0,10998518.41,7.3,0.52,1,46.4,0
MSME003639,Sai Fabrics,1.9,manufacturing,Uttar Pradesh,1,736388.54,744085.01,52873.08,0,19,0.286,1,66.5,9127272.28,11.4,0.281,0,25.3,0
MSME003640,Hanuman Agencies,11.0,retail,Uttar Pradesh,4,366507.26,358148.95,24847.64,1,91,0.491,1,88.4,3377207.07,8.7,0.41,1,37.8,0
MSME003641,Sri Associates,3.0,services,Andhra Pradesh,10,625719.67,491192.9,116917.05,0,19,0.177,1,100.0,5607315.55,2.7,0.401,1,46.3,0
MSME003642,Classic Metals,0.5,trading,Tamil Nadu,5,462006.57,435143.44,51390.09,0,6,0.222,1,86.6,5634073.01,1.4,0.2,0,13.5,0
MSME003643,Classic Caterers,3.7,services,West Bengal,16,610072.43,461578.7,152518.11,0,31,0.065,1,86.6,6575581.85,1.1,0.343,0,28.1,0
MSME003644,Shiv Associates,2.6,retail,Rajasthan,8,389295.09,370363.33,53806.37,1,25,0.417,1,78.3,3428384.85,21.4,0.595,1,46.0,0
MSME003645,Modern Traders,10.4,retail,Delhi,3,396609.57,328223.83,86383.76,0,64,0.071,1,76.7,3511510.58,16.5,0.864,1,64.9,0
MSME003646,Om Suppliers,2.2,manufacturing,Telangana,9,387526.48,360514.38,47094.85,0,19,0.325,0,,,,0.075,0,3.5,1
MSME003647,Hanuman Stores,3.4,trading,Tamil Nadu,4,1200844.96,1320929.46,110996.42,1,37,0.287,1,89.5,14432542.14,5.6,0.154,0,17.2,1
MSME003648,Hanuman Enterprises,5.8,retail,Telangana,3,86076.32,83690.91,6762.31,0,61,0.294,0,,,,0.626,1,65.2,0
MSME003649,Modern Metals,7.7,trading,Uttar Pradesh,1,363713.8,375108.89,25895.35,0,79,0.409,1,72.9,3727532.47,15.1,0.159,0,23.3,0
MSME003650,Sri Foods,13.1,trading,West Bengal,4,481778.9,503117.73,0.0,2,138,0.757,1,60.5,4666708.24,14.4,0.135,1,26.7,0
MSME003651,Balaji Bakers,2.4,retail,Bihar,31,797167.97,640951.45,130812.94,0,21,0.074,1,97.4,8589982.78,18.9,0.666,0,29.9,0
MSME003652,Sai Associates,12.1,trading,Madhya Pradesh,6,238373.15,233855.46,25123.98,0,131,0.382,1,76.4,3128017.46,6.8,0.144,0,1.9,0
MSME003653,Vishwakarma Electricals,10.2,trading,West Bengal,1,105572.67,111234.15,9175.39,3,89,0.425,0,,,,0.422,0,17.0,1
MSME003654,Om Enterprises,2.6,services,Telangana,2,373524.78,313512.92,49386.04,1,29,0.448,1,81.7,4140831.83,7.5,0.583,0,23.9,1
MSME003655,Durga Traders,2.3,manufacturing,Karnataka,4,947176.91,853255.03,129605.57,0,24,0.309,1,81.8,11942059.44,9.1,0.195,0,14.5,1
MSME003656,Shiv Logistics,6.8,trading,Delhi,8,562581.92,441965.35,110607.5,0,75,0.098,1,98.7,6667248.69,10.6,0.357,0,4.1,0
MSME003657,Om Agencies,4.9,manufacturing,Uttar Pradesh,6,797504.05,736713.25,95762.32,1,16,0.316,1,73.3,9649824.88,6.1,0.181,1,45.9,0
MSME003658,Classic Metals,6.7,trading,Gujarat,1,206520.59,205550.28,14650.66,0,60,0.366,1,86.5,1932186.03,14.6,0.243,0,12.0,0
MSME003659,Ganesh Foods,3.8,trading,Telangana,23,823227.18,710481.8,150416.22,0,38,0.287,1,85.2,8936484.19,4.9,0.243,1,42.0,0
MSME003660,Shiv Caterers,5.3,services,Tamil Nadu,1,425916.78,389269.72,40137.86,2,25,0.356,1,100.0,5498950.53,5.5,0.503,0,15.3,0
MSME003661,Krishna Caterers,4.5,services,Rajasthan,38,548973.26,449770.81,20828.65,1,38,0.141,1,90.5,5424329.11,11.2,0.546,0,22.8,0
MSME003662,Shiv Industries,6.7,retail,Bihar,19,1075904.58,856910.91,234636.12,0,64,0.175,1,95.4,10590860.84,8.2,0.892,1,68.6,0
MSME003663,Modern Suppliers,2.3,food,Karnataka,50,251207.75,273104.47,0.0,7,18,0.508,0,,,,0.659,1,56.6,1
MSME003664,Modern Caterers,5.6,food,Uttar Pradesh,1,134930.04,136962.39,7600.95,2,34,0.354,1,63.8,1510102.27,13.8,0.897,0,44.4,0
MSME003665,Om Electricals,12.9,retail,Uttar Pradesh,4,472334.41,475012.28,19425.28,2,121,0.385,1,89.9,5119640.25,6.7,0.439,1,49.0,0
MSME003666,Shiv Enterprises,12.4,services,Tamil Nadu,14,1373327.27,1278367.09,125527.04,2,121,0.173,1,90.0,17311128.71,0.0,0.688,0,32.7,0
MSME003667,Krishna Bakers,6.1,manufacturing,Tamil Nadu,44,943078.31,787837.42,85342.32,0,72,0.161,1,74.8,10066207.67,14.4,0.276,1,46.2,0
MSME003668,Annapurna Plastics,2.2,food,Uttar Pradesh,38,321701.23,331339.34,3150.11,5,23,0.56,1,89.8,3619096.82,12.1,0.898,1,81.6,1
MSME003669,Vishwakarma Traders,17.3,services,Andhra Pradesh,133,2679820.26,2541211.75,207161.09,1,99,0.39,1,100.0,31252902.93,0.0,0.676,1,78.0,0
MSME003670,Kaveri Metals,6.7,retail,Tamil Nadu,3,299175.87,310352.07,8100.13,0,69,0.44,1,74.8,3515799.17,17.5,0.598,1,60.0,0
MSME003671,Balaji Stores,16.1,services,Telangana,2,385845.27,299928.56,96461.32,0,163,0.05,0,,,,0.361,1,43.1,0
MSME003672,Sai Enterprises,6.9,retail,Punjab,37,570463.02,491297.75,95675.61,0,68,0.05,1,84.8,5324928.96,9.4,0.429,1,49.6,0
MSME003673,Krishna Engineering Works,0.5,services,Tamil Nadu,5,381930.15,333665.23,45130.63,1,6,0.351,1,99.1,3765632.16,5.9,0.463,0,29.3,0
MSME003674,Shree Traders,17.2,services,Punjab,46,507314.24,387472.8,77349.32,0,121,0.201,1,78.0,6015385.94,17.8,0.444,0,18.0,0
MSME003675,Hanuman Solutions,9.2,services,Uttar Pradesh,29,2080663.2,2222913.5,101846.61,6,62,0.529,1,74.8,22933807.84,6.1,0.629,0,42.2,0
MSME003676,Vishwakarma Traders,5.1,retail,West Bengal,6,761480.09,666635.69,180249.61,0,46,0.167,1,92.3,7766949.48,10.3,0.453,0,31.4,0
MSME003677,Maruti Fabrics,0.8,trading,Haryana,7,1265832.24,1300266.4,130559.36,0,6,0.273,1,64.0,11792078.95,22.0,0.448,0,9.6,0
MSME003678,New Garments,9.9,services,Telangana,10,282310.92,240960.26,68042.97,0,114,0.286,1,83.8,2813074.41,9.2,0.357,1,61.7,0
MSME003679,Om Associates,6.8,trading,Uttar Pradesh,39,294961.31,290258.55,58550.14,0,66,0.172,0,,,,0.351,0,22.0,0
MSME003680,Sri Metals,20.5,retail,Tamil Nadu,7,352690.98,329568.96,57271.09,0,224,0.337,1,79.5,3906441.55,13.2,0.587,1,49.2,0
MSME003681,Sri Bakers,15.0,retail,Tamil Nadu,10,1842117.31,1630405.88,320245.39,0,117,0.129,1,86.6,22169591.63,9.7,0.765,0,33.4,0
MSME003682,Shree Industries,15.8,manufacturing,Delhi,10,500738.04,434284.03,90932.27,0,142,0.129,1,100.0,4873221.63,0.3,0.074,0,6.2,0
MSME003683,Kaveri Traders,6.0,trading,Tamil Nadu,32,1351875.55,1266934.77,149259.8,0,33,0.149,1,68.7,14677706.63,19.2,0.166,1,26.8,0
MSME003684,Krishna Industries,5.8,services,Rajasthan,9,240117.22,228799.13,26370.62,2,43,0.299,0,,,,0.283,1,32.4,0
MSME003685,Modern Stores,6.9,trading,Gujarat,4,256154.27,246680.91,30287.98,0,62,0.325,0,,,,0.456,0,21.5,0
MSME003686,Annapurna Associates,2.9,manufacturing,Gujarat,1,285058.82,251602.14,26878.2,0,13,0.346,1,83.7,2596756.67,8.7,0.149,0,12.8,0
MSME003687,Balaji Enterprises,5.2,trading,Gujarat,1,847856.47,785270.78,163475.54,0,55,0.336,1,81.3,10521946.64,14.1,0.38,0,17.9,0
MSME003688,Classic Foods,4.4,retail,Gujarat,38,1265948.83,1032895.83,215187.86,1,42,0.095,1,80.3,11415741.87,1.9,0.436,1,41.5,1
MSME003689,Modern Garments,11.9,retail,West Bengal,9,144529.95,133356.8,17480.1,0,95,0.302,0,,,,0.416,1,61.9,0
MSME003690,Annapurna Logistics,13.6,retail,Gujarat,9,645123.44,668841.69,70236.34,1,127,0.28,1,79.6,5635627.37,2.3,0.686,0,42.2,0
MSME003691,Vishwakarma Electricals,8.3,manufacturing,Rajasthan,4,240839.61,243433.51,24497.12,0,93,0.449,1,82.9,3087989.44,9.1,0.021,1,18.5,1
MSME003692,Hanuman Caterers,2.5,services,Rajasthan,8,279863.85,270340.14,38984.59,0,22,0.301,1,76.7,3483581.17,23.3,0.592,0,34.6,0
MSME003693,Annapurna Solutions,17.9,manufacturing,Gujarat,5,641719.31,701937.71,4704.18,4,160,0.495,1,82.7,7536025.13,10.9,0.036,0,3.3,0
MSME003694,Ganesh Fabrics,9.9,services,Bihar,33,1348791.39,1172824.57,84210.91,0,89,0.434,1,82.3,15660947.52,17.8,0.676,0,37.2,0
MSME003695,Maruti Plastics,6.5,manufacturing,Rajasthan,1,625578.86,551121.41,47347.26,0,64,0.257,1,91.5,6431021.43,9.8,0.066,0,4.1,0
MSME003696,Hanuman Bakers,7.8,food,Rajasthan,7,408669.83,363892.11,54988.46,0,62,0.247,1,83.3,5386407.95,0.0,0.702,1,62.2,0
MSME003697,Ganesh Logistics,1.4,services,Uttar Pradesh,1,262492.0,217081.43,25933.34,0,15,0.438,0,,,,0.299,0,20.6,0
MSME003698,Vishwakarma Garments,4.4,retail,Maharashtra,50,1574798.97,1420055.01,212732.49,0,44,0.215,1,89.4,13586976.31,2.1,0.671,0,36.7,0
MSME003699,Lakshmi Exports,12.6,retail,Telangana,2,119248.21,107337.64,12099.83,0,140,0.143,1,88.0,1412804.75,1.1,0.751,1,68.2,0
MSME003700,New Metals,1.3,services,Andhra Pradesh,5,964906.62,791918.13,117883.2,0,7,0.32,1,90.5,10869555.03,5.8,0.257,1,43.2,1
MSME003701,Annapurna Associates,1.2,manufacturing,Tamil Nadu,1,198699.05,177957.69,16883.64,0,12,0.212,1,74.7,1916399.2,14.4,0.295,0,15.8,0
MSME003702,Kaveri Textiles,9.9,services,Gujarat,209,1260828.9,1343633.78,110464.5,1,80,0.531,1,68.7,12932294.4,4.2,0.607,0,40.1,0
MSME003703,Kaveri Solutions,7.4,trading,Gujarat,4,307598.24,230698.68,18994.77,0,79,0.164,1,84.6,3467953.55,2.8,0.193,0,22.7,0
MSME003704,Classic Enterprises,1.3,services,Madhya Pradesh,8,215585.37,173867.89,33259.88,0,10,0.05,0,,,,0.647,0,33.3,0
MSME003705,Classic Stores,4.1,trading,Uttar Pradesh,6,588903.1,619967.89,62521.13,0,47,0.422,1,77.2,5122888.89,10.2,0.427,0,18.8,0
MSME003706,Om Stores,6.5,retail,Punjab,1,261955.32,245590.24,12456.67,2,67,0.187,0,,,,0.416,0,10.8,0
MSME003707,Annapurna Associates,6.0,manufacturing,Maharashtra,127,1216802.42,1250226.21,83687.37,0,32,0.267,1,81.8,12812698.02,4.8,0.135,0,13.9,0
MSME003708,New Enterprises,6.9,services,Punjab,3,278243.1,208682.32,62993.48,0,72,0.05,0,,,,0.457,0,23.9,0
MSME003709,Shiv Plastics,3.9,retail,Maharashtra,23,1374488.84,1308509.85,44202.7,3,9,0.495,1,60.8,15955220.48,30.1,0.663,1,51.3,0
MSME003710,National Bakers,6.2,trading,Tamil Nadu,40,2708925.63,2548449.68,254648.58,0,57,0.321,1,89.9,35553547.16,5.9,0.265,0,9.9,0
MSME003711,Maruti Foods,8.3,services,Tamil Nadu,10,867624.86,812487.61,122200.88,2,87,0.352,1,79.8,7614105.24,12.1,0.504,0,31.8,0
MSME003712,Modern Stores,7.9,trading,Tamil Nadu,10,621096.43,614396.73,29451.99,1,83,0.47,1,57.5,6051915.85,17.8,0.482,0,33.7,0
MSME003713,National Bakers,4.0,retail,Haryana,10,187562.96,189923.04,0.0,2,35,0.482,1,72.5,2099579.16,8.5,0.692,1,68.1,0
MSME003714,Kaveri Solutions,8.9,services,Rajasthan,6,526933.26,448216.58,43739.59,0,85,0.177,1,86.7,5306013.75,3.8,0.475,0,25.8,0
MSME003715,Sri Garments,2.2,services,Maharashtra,138,1393940.57,1168819.11,246859.18,0,19,0.287,1,82.1,13686096.45,13.5,0.567,0,37.9,0
MSME003716,Lakshmi Electricals,3.0,retail,Haryana,17,828286.79,756280.22,43608.11,0,34,0.22,1,86.4,8179130.24,0.5,0.834,1,72.0,0
MSME003717,Ganesh Stores,9.9,trading,Tamil Nadu,5,230833.14,196715.28,42316.59,0,62,0.05,1,83.0,2177291.07,4.6,0.405,0,24.3,0
MSME003718,Lakshmi Plastics,8.8,services,Maharashtra,12,734617.88,762245.32,0.0,2,87,0.737,1,52.4,8344947.98,17.8,0.558,0,23.7,0
MSME003719,Durga Suppliers,4.3,trading,Maharashtra,8,1176481.08,1124704.86,0.0,1,41,0.5,1,92.7,13462499.58,7.3,0.215,0,21.7,0
MSME003720,Lakshmi Logistics,2.9,trading,Rajasthan,10,310588.65,290103.74,12252.29,0,31,0.233,1,92.2,3662851.02,2.8,0.41,0,28.8,0
MSME003721,Hanuman Logistics,3.3,trading,Kerala,2,477525.8,449308.08,62770.99,0,30,0.33,1,73.5,4315259.87,10.4,0.199,0,7.8,0
MSME003722,Krishna Foods,8.1,trading,Maharashtra,39,514980.95,512422.74,19119.1,1,65,0.22,1,78.4,4770455.96,8.6,0.436,0,34.1,0
MSME003723,New Fabrics,7.0,manufacturing,Bihar,9,546696.29,536650.7,77281.2,0,82,0.445,1,81.0,7208216.02,10.7,0.085,0,0.0,0
MSME003724,Modern Garments,2.8,trading,Tamil Nadu,7,284074.72,257587.93,30835.14,1,28,0.315,1,73.0,2721736.53,20.6,0.231,0,5.8,1
MSME003725,Shree Caterers,8.7,food,Uttar Pradesh,2,192230.15,164314.88,40278.03,0,94,0.285,1,86.3,2180097.24,15.6,0.485,0,15.9,0
MSME003726,Modern Stores,4.1,trading,Madhya Pradesh,9,427696.07,372561.94,60691.93,1,40,0.161,1,99.5,3771700.7,0.0,0.351,0,15.9,0
MSME003727,Balaji Bakers,2.3,services,Bihar,1,272293.97,258365.87,4908.61,2,6,0.183,0,,,,0.276,1,33.8,0
MSME003728,Om Solutions,3.6,trading,Karnataka,1,433580.18,415205.38,38878.93,0,31,0.263,1,90.8,3931057.61,10.1,0.192,0,19.3,0
MSME003729,Ganesh Solutions,5.6,manufacturing,Uttar Pradesh,19,1416822.24,1156720.93,304373.57,1,54,0.099,1,100.0,14619930.67,12.6,0.171,0,10.7,0
MSME003730,Hanuman Logistics,8.5,manufacturing,Maharashtra,134,915615.51,686711.63,188330.78,0,66,0.071,1,95.7,8660020.55,0.0,0.245,0,11.2,0
MSME003731,Sri Associates,8.1,trading,Bihar,4,492582.21,469395.02,65362.33,0,78,0.05,1,84.3,5146748.12,9.2,0.353,0,23.4,0
MSME003732,Royal Industries,4.8,trading,West Bengal,11,299991.02,291163.8,17284.48,2,25,0.368,1,67.5,3858597.76,20.8,0.187,0,17.5,0
MSME003733,Vishwakarma Agencies,6.1,food,Gujarat,36,525864.8,507166.89,77253.86,0,63,0.172,1,95.3,5070671.83,0.0,0.456,0,36.9,0
MSME003734,Classic Plastics,4.5,food,Uttar Pradesh,35,567311.39,473352.54,78306.38,0,29,0.173,1,71.2,5245876.45,10.4,0.576,0,31.1,1
MSME003735,Ganesh Fabrics,2.8,food,Bihar,6,195687.71,185625.93,14079.86,0,28,0.502,1,80.6,1715812.69,6.9,0.795,1,68.9,0
MSME003736,Kaveri Associates,4.9,retail,Maharashtra,36,924822.61,740381.36,158950.22,1,38,0.269,1,82.8,8625892.07,10.9,0.517,0,19.4,0
MSME003737,Maruti Exports,0.8,retail,West Bengal,5,343528.21,324233.43,37844.06,0,6,0.329,1,79.2,4176608.4,8.5,0.7,0,40.4,0
MSME003738,Om Industries,13.8,trading,Madhya Pradesh,3,403272.67,329776.06,100818.17,0,120,0.194,1,80.7,3793043.31,12.4,0.138,0,10.1,0
MSME003739,Durga Logistics,5.9,services,Uttar Pradesh,29,1178759.28,1144172.13,6769.29,2,47,0.413,1,100.0,15287374.01,0.0,0.462,0,20.5,0
MSME003740,National Exports,7.2,retail,Rajasthan,7,327502.26,360252.48,4159.42,1,75,0.539,1,66.2,3202340.18,22.9,0.701,1,64.2,1
MSME003741,Kaveri Traders,2.9,trading,Karnataka,44,1332358.65,1320110.01,169423.19,0,24,0.213,1,86.9,12788552.85,9.8,0.178,0,7.9,1
MSME003742,Ganesh Engineering Works,5.9,services,West Bengal,5,780995.2,750569.77,83426.72,0,59,0.186,0,,,,0.361,0,23.3,0
MSME003743,Classic Bakers,6.7,retail,Kerala,2,606459.69,604008.17,0.0,0,78,0.564,1,78.6,6843533.61,14.2,0.435,0,22.1,0
MSME003744,Vishwakarma Industries,4.3,services,Karnataka,9,380435.67,334674.87,32706.32,0,45,0.284,0,,,,0.398,0,23.9,0
MSME003745,Kaveri Exports,4.5,retail,Maharashtra,11,278238.44,247265.74,51990.22,1,22,0.182,0,,,,0.819,1,65.4,0
MSME003746,Modern Garments,1.6,manufacturing,Gujarat,4,306578.22,239330.63,24822.57,0,16,0.221,1,100.0,3619513.06,1.0,0.063,0,10.5,0
MSME003747,Vishwakarma Enterprises,16.8,trading,West Bengal,17,261582.91,234180.85,29022.07,0,117,0.254,1,74.4,2984617.27,9.2,0.439,0,28.6,0
MSME003748,Modern Textiles,2.8,services,Tamil Nadu,7,570252.44,549337.23,53431.6,0,21,0.393,1,76.9,7382809.65,15.3,0.466,0,35.5,0
MSME003749,Classic Caterers,3.2,trading,Bihar,4,609830.39,485561.11,132595.04,1,28,0.166,1,79.1,7942093.8,22.3,0.153,0,9.6,0
MSME003750,Classic Associates,14.4,retail,Uttar Pradesh,8,460208.49,431292.16,38420.81,0,168,0.419,1,98.5,5193329.01,0.0,0.789,0,42.9,0
MSME003751,Krishna Foods,7.4,trading,Uttar Pradesh,120,530447.6,461788.75,75916.72,1,82,0.207,1,75.8,5168759.8,8.1,0.401,0,9.5,0
MSME003752,New Textiles,8.5,manufacturing,Uttar Pradesh,26,652785.85,548784.91,87123.6,0,86,0.196,1,100.0,8295097.12,2.5,0.197,0,18.7,0
MSME003753,Modern Exports,1.5,trading,Andhra Pradesh,3,791438.68,736644.66,97362.17,0,11,0.259,1,86.1,7312678.16,6.3,0.459,0,26.0,0
MSME003754,Lakshmi Logistics,5.9,retail,Madhya Pradesh,3,448417.5,394110.31,89383.81,0,34,0.12,1,84.7,5061282.97,0.0,0.803,1,67.1,0
MSME003755,Shree Logistics,1.5,services,Karnataka,1,333888.64,268088.83,55749.61,2,16,0.247,1,88.0,3090619.3,13.9,0.397,0,29.2,0
MSME003756,Ganesh Textiles,2.5,retail,Tamil Nadu,50,4632717.45,4244003.22,532388.32,0,28,0.243,1,92.6,49182640.81,5.4,0.407,1,54.3,0
MSME003757,Hanuman Logistics,18.5,trading,Kerala,9,618613.79,595799.8,57478.55,0,157,0.376,1,78.4,5653421.47,15.1,0.22,0,8.7,0
MSME003758,Om Bakers,2.1,trading,Kerala,8,152041.11,140195.93,25998.64,0,21,0.227,1,95.7,2000057.95,6.6,0.436,0,27.0,0
MSME003759,Sai Foods,8.3,trading,Gujarat,7,261232.94,243897.14,23118.98,1,61,0.204,0,,,,0.209,0,12.0,0
MSME003760,Krishna Traders,2.3,retail,Bihar,176,1300112.83,1153056.99,185968.74,0,12,0.394,1,64.7,14670048.06,8.6,0.434,1,59.2,0
MSME003761,Annapurna Solutions,2.5,retail,Kerala,7,418645.14,415232.88,45530.98,1,18,0.436,1,65.3,4107038.94,16.6,0.415,1,38.8,0
MSME003762,Om Garments,26.1,retail,Tamil Nadu,39,633787.34,622204.98,45857.64,0,173,0.246,1,78.3,8139269.6,2.5,0.778,1,79.7,0
MSME003763,Krishna Fabrics,4.8,trading,Tamil Nadu,1,244066.86,219515.96,8211.1,3,45,0.444,0,,,,0.247,0,23.1,0
MSME003764,Hanuman Electricals,1.4,services,Karnataka,5,229418.2,215178.27,10283.7,2,15,0.455,0,,,,0.319,0,14.0,1
MSME003765,Vishwakarma Engineering Works,8.5,services,Gujarat,9,518214.56,495594.52,24900.59,3,91,0.32,1,67.3,5860796.55,17.7,0.401,0,17.4,0
MSME003766,Vishwakarma Foods,12.0,retail,Bihar,31,1399344.03,1049508.02,349836.01,0,132,0.113,1,94.9,14281778.87,2.5,0.626,0,38.0,0
MSME003767,Durga Foods,9.1,retail,Karnataka,48,1923504.14,1631863.29,384929.66,0,82,0.261,1,100.0,22180967.33,7.8,0.569,0,19.3,0
MSME003768,Sri Plastics,4.5,services,Uttar Pradesh,3,772515.57,744673.11,50965.36,0,53,0.343,1,95.2,6805162.76,11.0,0.599,0,35.1,0
MSME003769,National Industries,4.6,trading,Gujarat,1,157055.3,144218.4,14801.28,1,41,0.552,1,92.2,1327345.96,8.3,0.445,0,26.1,0
MSME003770,Ganesh Metals,3.3,manufacturing,Madhya Pradesh,9,572575.91,514514.16,91970.53,0,24,0.272,1,89.4,6145850.99,13.8,0.152,0,13.0,0
MSME003771,Vishwakarma Garments,1.9,retail,Maharashtra,1,193536.72,145152.54,48384.18,0,18,0.05,1,100.0,1982394.17,9.6,0.705,0,32.9,0
MSME003772,Ganesh Caterers,6.6,retail,Gujarat,178,1527143.16,1240661.39,368883.55,4,56,0.173,1,78.4,19172467.22,19.7,0.428,1,70.4,0
MSME003773,Om Garments,4.3,trading,Maharashtra,7,457389.1,494521.45,4443.61,6,30,0.537,1,74.3,5414277.42,20.1,0.36,1,46.5,1
MSME003774,Balaji Electricals,1.5,services,Telangana,47,614436.48,570368.11,89857.46,0,8,0.128,1,93.8,7855919.13,0.0,0.53,0,39.8,0
MSME003775,Vishwakarma Garments,4.9,trading,Maharashtra,9,1149472.82,917269.33,240057.07,0,47,0.054,1,91.3,10103453.66,8.0,0.317,0,21.3,0
MSME003776,Annapurna Textiles,2.9,retail,Maharashtra,15,550800.47,453696.86,125295.46,1,23,0.05,1,73.9,6514783.61,13.3,0.763,1,74.7,0
MSME003777,Om Metals,6.3,retail,Telangana,32,702584.31,665159.83,119695.41,0,65,0.322,1,67.4,7703540.95,20.1,0.846,0,36.2,1
MSME003778,Royal Logistics,5.9,services,Maharashtra,8,511037.56,413750.18,39235.51,2,67,0.353,1,85.9,4293365.8,0.0,0.371,1,61.3,0
MSME003779,Modern Industries,3.8,retail,Madhya Pradesh,1,333614.42,275811.0,52332.4,0,41,0.266,1,66.7,2889986.63,8.4,0.584,1,61.9,1
MSME003780,Vishwakarma Associates,5.1,services,Gujarat,49,1025035.37,1039274.84,58003.68,3,47,0.422,1,83.8,13429114.63,19.3,0.628,0,38.7,0
MSME003781,Sai Garments,5.4,retail,Telangana,18,1294775.12,1176462.18,46224.69,2,29,0.61,1,91.0,12398464.22,9.2,0.719,1,69.9,0
MSME003782,Kaveri Foods,9.9,trading,Uttar Pradesh,9,254665.59,221843.54,30884.29,1,37,0.396,1,77.9,2288605.26,12.7,0.127,0,11.3,1
MSME003783,Balaji Industries,4.9,retail,Maharashtra,17,647799.12,669788.12,32163.77,5,44,0.434,1,54.3,7241899.08,17.4,0.45,1,51.5,1
MSME003784,New Fabrics,3.4,food,Uttar Pradesh,25,473101.2,494198.02,17804.76,3,34,0.548,1,83.5,4263153.8,2.3,0.557,1,53.7,0
MSME003785,Modern Engineering Works,4.1,retail,Delhi,1,194921.32,171947.25,31531.46,0,36,0.079,1,77.7,2244833.33,6.5,0.713,0,29.6,0
MSME003786,Krishna Garments,16.0,retail,Telangana,9,678252.13,660332.14,139364.35,0,191,0.254,1,62.2,6907040.21,13.1,0.684,1,77.9,0
MSME003787,Annapurna Foods,2.4,manufacturing,Tamil Nadu,1,607699.14,487209.36,117485.3,0,18,0.05,1,85.2,7297746.74,11.8,0.222,0,3.3,0
MSME003788,Shree Stores,4.4,retail,Uttar Pradesh,5,270282.21,243930.74,45447.14,0,38,0.181,1,82.0,2858985.25,10.9,0.75,1,75.5,1
MSME003789,Modern Traders,4.3,retail,Uttar Pradesh,49,1887805.98,1797005.27,120471.3,0,49,0.355,1,70.5,22866693.08,8.5,0.681,1,66.7,0
MSME003790,Ganesh Agencies,4.5,retail,Uttar Pradesh,19,255026.1,223246.49,39577.66,0,36,0.079,0,,,,0.787,1,62.5,0
MSME003791,Balaji Garments,1.8,services,Uttar Pradesh,9,583728.08,590828.8,61431.77,3,15,0.262,1,98.6,6981380.21,0.0,0.664,0,43.1,0
MSME003792,Annapurna Exports,4.1,trading,Kerala,3,226973.37,211455.25,22118.2,0,40,0.285,1,74.3,2886554.46,0.0,0.483,0,23.0,0
MSME003793,Lakshmi Suppliers,3.3,manufacturing,Maharashtra,1,209266.12,202379.25,37797.52,1,10,0.224,1,72.9,2344020.39,17.4,0.129,0,24.0,0
MSME003794,Durga Textiles,6.3,services,Kerala,1,224342.69,191179.19,26213.63,0,67,0.274,1,80.2,2228042.84,20.1,0.367,1,44.8,0
MSME003795,Royal Exports,10.9,trading,Maharashtra,36,630833.23,587166.14,81369.0,0,87,0.418,1,71.8,7249433.4,0.0,0.103,0,13.5,0
MSME003796,Lakshmi Fabrics,6.7,retail,Telangana,4,72430.77,76705.32,0.0,7,56,0.49,1,69.2,710946.76,11.4,0.454,1,45.8,1
MSME003797,Durga Electricals,5.6,manufacturing,Gujarat,4,634123.42,632494.35,76745.77,0,42,0.43,1,79.5,6599453.76,20.8,0.107,0,0.0,0
MSME003798,Sai Textiles,7.2,manufacturing,Maharashtra,3,637643.82,612597.29,85890.08,0,60,0.253,1,76.0,6120446.81,1.9,0.223,0,11.9,0
MSME003799,Shree Metals,6.0,manufacturing,Telangana,21,684688.83,634357.35,80159.29,0,34,0.275,1,79.6,7690067.61,15.7,0.285,0,29.6,0
MSME003800,Sai Fabrics,5.0,retail,Tamil Nadu,5,328039.19,314092.22,17262.46,1,41,0.523,0,,,,0.889,0,35.3,0
MSME003801,Classic Stores,9.6,services,Andhra Pradesh,4,268915.05,247952.18,35905.71,0,96,0.213,0,,,,0.594,1,52.5,0
MSME003802,Krishna Fabrics,4.0,services,Bihar,230,438712.42,482583.66,0.0,3,31,0.622,1,63.3,5001841.99,24.2,0.265,1,39.3,1
MSME003803,National Fabrics,1.8,food,Haryana,40,212360.56,200389.02,32251.35,0,17,0.177,1,70.6,2731605.49,16.0,0.533,1,46.5,0
MSME003804,Shree Logistics,3.2,retail,Andhra Pradesh,6,615284.02,506733.96,84410.29,0,18,0.05,1,83.7,5449237.65,3.1,0.55,1,45.4,0
MSME003805,Shree Garments,2.8,manufacturing,Tamil Nadu,3,745829.42,674250.72,35191.4,3,25,0.308,1,100.0,9839041.05,0.0,0.119,0,14.8,0
MSME003806,National Traders,18.9,services,Gujarat,4,458399.6,405107.61,66777.99,0,138,0.298,1,99.1,5536758.86,0.0,0.679,0,31.4,0
MSME003807,Balaji Associates,11.3,manufacturing,Madhya Pradesh,9,713249.48,664098.0,88096.75,0,102,0.356,1,87.9,7365942.86,0.0,0.224,0,5.7,0
MSME003808,Annapurna Engineering Works,5.6,services,Tamil Nadu,8,626192.51,620940.62,23460.15,5,46,0.4,1,76.9,7491977.77,15.6,0.28,0,10.3,0
MSME003809,Om Fabrics,2.9,manufacturing,Karnataka,8,828380.84,791231.85,48384.61,0,26,0.392,1,68.2,10920272.74,3.3,0.22,0,10.5,0
MSME003810,Hanuman Plastics,9.6,trading,Uttar Pradesh,4,262407.48,215886.17,54965.91,0,97,0.05,1,64.1,2790405.39,25.5,0.301,0,20.8,0
MSME003811,Kaveri Caterers,5.5,retail,Madhya Pradesh,9,505270.11,459280.41,62534.24,0,40,0.353,1,75.6,4701080.53,6.9,0.722,0,29.7,0
MSME003812,Vishwakarma Associates,4.0,trading,Gujarat,139,1004472.73,999151.35,90254.73,1,42,0.285,1,84.2,8989888.04,6.6,0.407,0,20.6,0
MSME003813,Durga Associates,5.5,manufacturing,Maharashtra,46,811732.46,790730.95,17001.6,2,51,0.187,1,96.2,10345354.27,0.0,0.076,0,0.0,0
MSME003814,Vishwakarma Caterers,4.1,retail,Punjab,4,654941.5,586738.17,107572.65,0,43,0.233,1,80.2,8339661.75,19.9,0.518,0,17.6,0
MSME003815,Maruti Plastics,7.1,services,Andhra Pradesh,8,967993.97,999985.22,0.0,1,46,0.658,1,76.2,11265704.81,14.6,0.648,0,31.4,0
MSME003816,Sai Agencies,1.6,food,Tamil Nadu,8,97558.37,86522.78,19501.17,0,9,0.16,1,81.0,1235948.73,15.8,0.731,1,72.7,1
MSME003817,Shiv Agencies,7.1,manufacturing,Maharashtra,4,393721.78,378812.88,43991.84,0,80,0.286,1,77.7,5091743.49,7.6,0.297,0,19.0,0
MSME003818,National Bakers,4.1,services,Bihar,7,330193.44,280308.61,55598.69,0,40,0.252,1,79.0,3845928.64,14.5,0.492,0,33.1,0
MSME003819,Hanuman Fabrics,9.7,manufacturing,Uttar Pradesh,12,1196403.14,1089531.03,201719.38,0,96,0.206,1,81.2,10073030.13,13.9,0.107,0,0.0,1
MSME003820,Royal Textiles,11.5,retail,West Bengal,26,277534.98,286858.49,42893.1,1,136,0.05,1,80.5,2755736.88,10.0,0.695,1,57.3,0
MSME003821,Balaji Plastics,13.2,trading,Bihar,34,149132.59,132048.34,15748.6,0,79,0.2,1,63.1,1397422.89,18.3,0.282,0,19.4,0
MSME003822,Shree Agencies,19.8,trading,Tamil Nadu,2,514693.19,494456.97,78306.7,1,190,0.263,1,86.7,5720605.73,8.8,0.123,0,3.3,0
MSME003823,Om Suppliers,12.9,manufacturing,Tamil Nadu,18,1212612.53,909459.4,240023.14,0,135,0.132,1,89.6,13771916.24,7.3,0.053,0,3.2,0
MSME003824,Annapurna Enterprises,9.5,retail,Maharashtra,36,254905.1,239507.24,10677.23,1,58,0.21,0,,,,0.707,1,64.3,0
MSME003825,Krishna Logistics,1.9,retail,Tamil Nadu,4,326690.23,270219.3,81672.56,0,10,0.154,0,,,,0.743,1,52.8,0
MSME003826,Classic Logistics,0.5,services,West Bengal,6,865872.82,784547.1,127982.6,0,6,0.161,1,82.4,7546448.7,0.0,0.398,0,18.1,0
MSME003827,Ganesh Foods,10.4,trading,Uttar Pradesh,7,264566.69,238064.29,26900.6,0,65,0.337,1,75.6,3176426.74,7.5,0.401,0,14.1,0
MSME003828,Om Textiles,2.5,manufacturing,Delhi,4,478910.5,472950.92,25514.43,0,22,0.493,1,85.8,5091797.02,3.4,0.292,0,18.6,0
MSME003829,Durga Suppliers,29.1,trading,Bihar,25,930264.4,924449.22,90966.32,1,240,0.367,1,79.7,11690604.46,11.4,0.472,0,22.5,0
MSME003830,Annapurna Engineering Works,1.2,manufacturing,Uttar Pradesh,8,254783.71,257087.53,39131.31,1,7,0.223,1,83.9,2150337.05,8.7,0.184,0,0.0,0
MSME003831,Royal Caterers,9.2,trading,Karnataka,203,972151.3,949408.71,138817.4,0,87,0.123,1,78.3,10430415.19,7.0,0.464,0,24.6,0
MSME003832,Kaveri Fabrics,5.9,manufacturing,Gujarat,7,211718.83,164472.16,52929.71,0,24,0.15,1,74.2,2137558.26,0.9,0.209,0,24.1,0
MSME003833,National Solutions,1.4,services,Gujarat,9,385406.65,364461.83,34154.28,0,12,0.25,0,,,,0.692,0,23.3,1
MSME003834,Durga Garments,5.9,retail,Karnataka,1,148863.97,129686.79,20097.8,0,63,0.292,0,,,,0.705,1,72.4,0
MSME003835,Balaji Caterers,2.8,trading,Maharashtra,6,512148.2,494441.18,0.0,4,30,0.558,1,90.9,6061782.04,12.6,0.389,0,15.3,0
MSME003836,Sri Traders,4.8,manufacturing,Uttar Pradesh,12,895533.32,689043.21,191237.44,0,48,0.05,1,86.0,8508083.49,3.0,0.187,0,10.0,0
MSME003837,Annapurna Engineering Works,4.9,retail,Uttar Pradesh,8,925983.31,925857.71,0.0,4,41,0.356,1,68.9,8464346.12,13.9,0.645,0,21.3,0
MSME003838,Krishna Traders,2.8,services,Uttar Pradesh,5,1273775.26,955331.44,318443.81,0,11,0.05,1,97.0,14017117.23,0.9,0.598,0,35.0,0
MSME003839,Modern Stores,3.8,retail,West Bengal,3,359474.93,352794.17,31155.93,1,44,0.402,1,74.8,4346388.91,5.5,0.614,1,61.5,0
MSME003840,Modern Garments,2.6,manufacturing,Haryana,35,733597.5,806957.25,0.0,7,17,0.559,1,64.8,9680248.53,21.1,0.297,0,31.7,1
MSME003841,Royal Engineering Works,0.9,retail,West Bengal,6,321829.12,258528.57,57614.13,0,9,0.119,1,97.4,2703783.38,4.8,0.741,1,69.6,0
MSME003842,Shiv Electricals,5.6,services,Haryana,5,207744.62,193540.54,27360.63,0,60,0.243,0,,,,0.581,0,15.8,0
MSME003843,Krishna Suppliers,12.9,services,Karnataka,12,588925.9,537991.61,64071.41,0,145,0.434,1,72.0,7288790.29,6.1,0.559,0,31.8,0
MSME003844,Ganesh Textiles,2.7,retail,Tamil Nadu,5,285075.32,244443.47,40150.14,0,16,0.153,1,85.9,3105461.5,6.4,0.732,1,67.4,0
MSME003845,Classic Garments,17.4,trading,Andhra Pradesh,10,708989.26,650763.69,121756.78,0,184,0.142,1,81.5,6307656.46,9.6,0.269,0,2.5,0
MSME003846,Shiv Suppliers,19.8,manufacturing,Maharashtra,5,290113.34,268218.91,35859.95,0,201,0.149,1,62.8,2741197.25,12.2,0.222,0,0.0,0
MSME003847,New Foods,3.6,services,Maharashtra,3,234186.79,193177.85,34270.23,0,28,0.05,1,100.0,2376751.65,8.4,0.545,1,38.8,0
MSME003848,Maruti Foods,4.3,food,Delhi,1,239775.36,222486.29,35260.84,0,31,0.36,1,86.6,3162684.02,4.8,0.599,0,35.0,0
MSME003849,Sri Agencies,3.6,manufacturing,West Bengal,2,342941.69,302063.2,58275.01,0,35,0.177,1,69.2,3810626.67,10.2,0.226,0,10.0,0
MSME003850,Kaveri Associates,1.9,services,Delhi,6,129795.67,118978.55,12232.92,0,13,0.287,0,,,,0.534,0,37.7,0
MSME003851,Sri Engineering Works,4.3,services,Uttar Pradesh,3,300096.83,260498.62,59129.01,1,32,0.05,1,85.7,3519574.67,1.4,0.616,0,45.4,0
MSME003852,Shree Agencies,3.9,food,Bihar,2,149996.14,148169.15,9760.78,1,45,0.348,0,,,,0.677,0,43.6,0
MSME003853,Balaji Garments,5.5,trading,Uttar Pradesh,4,773959.8,792554.87,19466.59,3,44,0.384,1,63.0,7695703.75,11.7,0.222,0,19.2,0
MSME003854,Maruti Textiles,5.7,trading,Gujarat,3,631956.77,543361.13,54089.66,0,30,0.238,1,88.9,5706367.1,4.0,0.208,0,21.5,0
MSME003855,Shiv Associates,1.7,manufacturing,Kerala,19,206781.44,198015.87,21253.09,0,11,0.269,0,,,,0.168,0,12.6,0
MSME003856,Sri Industries,8.0,food,Gujarat,17,692133.96,599615.55,117722.55,0,87,0.181,1,100.0,8535464.81,5.0,0.784,0,46.9,0
MSME003857,Maruti Industries,4.3,trading,Madhya Pradesh,13,715077.99,669892.28,9069.29,5,32,0.399,1,81.1,7758082.56,9.5,0.417,0,5.2,0
MSME003858,Shree Foods,2.1,retail,Kerala,6,174838.56,142151.38,28207.02,0,17,0.119,1,92.2,2299366.8,1.3,0.585,0,26.9,0
MSME003859,Ganesh Engineering Works,4.2,services,Andhra Pradesh,1,351851.4,351214.47,10705.41,0,44,0.467,1,60.7,4031179.66,20.3,0.349,0,9.4,0
MSME003860,Vishwakarma Traders,5.9,services,Maharashtra,10,215449.49,236994.44,0.0,6,68,0.595,1,65.1,2369126.2,10.6,0.302,0,27.5,1
MSME003861,Om Solutions,14.5,trading,Uttar Pradesh,27,1351983.79,1260713.29,54165.1,3,146,0.373,1,85.5,14641633.95,13.9,0.102,0,0.0,0
MSME003862,Hanuman Electricals,13.0,services,Kerala,10,305289.17,305439.56,26551.72,0,138,0.438,1,83.8,2679609.28,25.4,0.49,0,17.8,0
MSME003863,Kaveri Metals,3.3,trading,Karnataka,111,479184.9,385688.99,59333.63,1,27,0.23,1,75.1,6282431.51,12.3,0.34,0,15.4,1
MSME003864,Hanuman Caterers,4.5,trading,Rajasthan,9,1658139.44,1673405.69,205420.02,1,47,0.303,1,79.5,20796706.07,13.2,0.134,0,20.4,0
MSME003865,Hanuman Metals,2.5,services,Maharashtra,2,114357.26,114669.95,8731.9,2,26,0.516,0,,,,0.654,0,51.1,0
MSME003866,New Metals,6.6,trading,Maharashtra,45,539467.09,511825.5,20599.85,1,74,0.401,1,92.5,7070628.26,4.2,0.359,0,18.4,0
MSME003867,Om Industries,3.5,manufacturing,Delhi,8,399476.98,411951.47,0.0,1,26,0.473,1,64.6,3675987.02,20.4,0.024,0,4.8,1
MSME003868,National Agencies,4.4,retail,Rajasthan,23,462177.36,399211.34,74499.43,0,41,0.122,1,78.8,4040145.32,12.8,0.757,1,66.0,0
MSME003869,Kaveri Logistics,10.7,manufacturing,Telangana,1,437427.54,420865.48,45579.28,0,70,0.237,1,72.2,4661957.8,8.9,0.03,0,6.6,0
MSME003870,Sri Associates,1.7,trading,Uttar Pradesh,8,514534.33,453221.15,75402.88,0,14,0.382,1,83.7,4874166.19,5.2,0.103,0,0.0,0
MSME003871,Shree Traders,13.0,food,Uttar Pradesh,8,616036.21,531893.63,13372.59,3,152,0.454,1,78.4,5424557.08,8.8,0.791,0,53.9,0
MSME003872,Balaji Associates,7.1,manufacturing,Karnataka,3,509518.4,472243.64,32319.81,0,30,0.381,1,82.4,4917586.29,7.1,0.256,0,13.8,0
MSME003873,Royal Metals,12.6,retail,Andhra Pradesh,20,226815.83,180894.46,56703.96,0,141,0.173,0,,,,0.699,0,33.5,0
MSME003874,Shiv Metals,8.8,food,Tamil Nadu,5,416207.75,390590.62,66793.72,0,85,0.272,1,86.1,4563273.99,14.2,0.672,0,31.5,0
MSME003875,Hanuman Agencies,10.0,trading,Tamil Nadu,10,606379.02,586551.86,122991.86,0,93,0.368,1,79.8,7753560.45,15.3,0.119,0,9.9,0
MSME003876,Hanuman Foods,5.3,trading,Karnataka,2,232411.83,244413.61,8409.82,0,37,0.366,1,80.7,2517428.56,2.0,0.415,0,35.6,0
MSME003877,Durga Electricals,2.0,food,Maharashtra,43,1844973.25,1490294.68,406504.64,0,18,0.089,1,76.7,24337946.43,23.5,0.851,0,58.8,0
MSME003878,Kaveri Engineering Works,3.1,food,Gujarat,48,851958.54,731913.57,177645.25,0,25,0.058,1,98.0,9580645.48,7.2,0.827,1,64.1,0
MSME003879,Annapurna Electricals,2.6,services,Karnataka,6,626461.91,656298.68,28406.76,2,25,0.491,1,86.5,7804184.34,3.8,0.52,0,34.8,0
MSME003880,Shree Electricals,0.6,food,Maharashtra,23,835065.55,770127.58,24514.09,3,6,0.562,1,67.1,9138673.17,13.9,0.452,0,17.6,1
MSME003881,Royal Plastics,10.7,trading,West Bengal,12,447212.77,431765.91,70371.24,0,119,0.272,1,76.2,4402190.47,10.5,0.289,0,9.6,0
MSME003882,Kaveri Traders,4.8,retail,Maharashtra,4,495612.9,456116.91,65773.33,0,27,0.197,1,100.0,6541118.03,0.0,0.766,1,66.0,0
MSME003883,Krishna Engineering Works,2.4,retail,Madhya Pradesh,243,1441652.34,1271727.28,232707.19,1,25,0.224,1,92.2,16724136.81,0.0,0.732,1,69.1,1
MSME003884,Shiv Electricals,19.3,trading,Telangana,2,241215.98,189602.92,51276.74,0,214,0.089,0,,,,0.378,0,25.3,0
MSME003885,Annapurna Textiles,25.0,services,Andhra Pradesh,41,340909.14,322535.25,4811.43,1,240,0.466,0,,,,0.525,0,30.7,0
MSME003886,Vishwakarma Bakers,1.5,trading,Madhya Pradesh,7,485095.05,465085.06,22759.49,2,12,0.272,1,74.0,4121638.64,2.5,0.33,0,5.1,0
MSME003887,Sai Stores,4.3,services,Karnataka,233,1559126.96,1394824.32,270175.89,0,21,0.098,1,71.4,18482958.03,12.5,0.599,0,38.2,0
MSME003888,Annapurna Caterers,4.1,retail,Tamil Nadu,10,465701.52,423516.84,63807.92,1,37,0.297,1,83.7,6126743.98,6.1,0.632,1,78.8,0
MSME003889,Balaji Associates,2.3,trading,Gujarat,6,413276.0,404719.72,58476.62,2,19,0.367,1,77.0,4686539.82,8.0,0.418,0,28.4,1
MSME003890,National Industries,10.5,services,Maharashtra,37,656866.36,645615.57,33425.35,2,100,0.407,1,74.9,7577602.29,9.8,0.558,0,41.2,0
MSME003891,Krishna Caterers,0.6,retail,Madhya Pradesh,50,641383.58,607615.07,77914.32,0,6,0.303,1,63.0,6043778.63,21.2,0.755,0,47.5,0
MSME003892,Classic Plastics,16.0,services,Maharashtra,6,875034.99,756553.24,218758.75,0,172,0.05,1,100.0,10867897.39,0.0,0.319,0,25.2,0
MSME003893,Vishwakarma Stores,5.4,manufacturing,Gujarat,6,594202.99,611322.81,19547.27,4,58,0.482,1,70.2,5001181.02,11.4,0.091,0,0.0,1
MSME003894,Kaveri Agencies,18.2,services,Rajasthan,2,204845.0,196926.54,12600.55,2,150,0.231,0,,,,0.352,0,12.1,0
MSME003895,Hanuman Plastics,5.1,manufacturing,West Bengal,3,153622.32,133496.24,24513.12,0,56,0.087,1,83.7,1490099.8,3.0,0.077,0,15.0,0
MSME003896,Classic Plastics,4.1,food,Gujarat,8,318134.56,291990.03,23384.34,0,47,0.588,0,,,,0.738,1,73.4,1
MSME003897,Om Engineering Works,11.1,retail,Rajasthan,6,287963.4,234029.86,59911.74,1,73,0.338,0,,,,0.781,0,40.3,0
MSME003898,Shree Associates,18.1,services,Karnataka,3,215892.96,225511.45,0.0,4,133,0.603,1,73.8,2159464.1,9.0,0.405,0,24.1,0
MSME003899,Ganesh Logistics,16.2,retail,Delhi,37,1151497.09,1128412.41,142764.7,0,180,0.177,1,94.5,11863926.68,10.6,0.893,1,82.8,0
MSME003900,Classic Traders,1.0,trading,Madhya Pradesh,1,277614.72,247379.88,25681.57,1,9,0.313,1,84.5,2845930.82,3.3,0.488,0,29.8,0
MSME003901,Om Industries,13.4,services,Tamil Nadu,2,106108.61,93934.81,11543.82,0,124,0.27,0,,,,0.632,0,43.8,0
MSME003902,Modern Metals,3.9,services,Andhra Pradesh,6,524526.41,494212.89,57128.77,0,37,0.382,1,66.3,6661242.99,25.5,0.56,0,27.8,0
MSME003903,Om Associates,4.7,manufacturing,Maharashtra,48,402421.26,341872.92,39842.0,0,54,0.26,0,,,,0.053,0,12.9,0
MSME003904,Shree Solutions,3.9,services,Tamil Nadu,3,443096.31,393041.38,22601.28,0,43,0.177,1,65.7,5173266.09,17.0,0.569,0,34.3,0
MSME003905,Royal Suppliers,3.1,manufacturing,Maharashtra,8,430230.45,366983.61,89491.93,0,25,0.05,1,76.6,5203623.95,7.7,0.13,0,0.0,0
MSME003906,New Stores,4.4,services,Rajasthan,17,536451.97,461755.9,90088.62,0,40,0.237,1,84.3,4757102.95,2.3,0.37,0,37.9,0
MSME003907,Sri Bakers,2.2,retail,West Bengal,6,390094.07,391876.06,0.0,0,22,0.517,1,81.1,5086491.63,9.3,0.704,0,57.3,0
MSME003908,Modern Stores,13.4,retail,Karnataka,17,499524.47,478028.67,13922.49,4,125,0.439,1,69.1,4932523.08,27.1,0.716,1,59.7,1
MSME003909,Annapurna Electricals,8.8,trading,Telangana,2,367710.1,362192.53,26646.8,0,48,0.456,1,74.7,3292863.81,9.7,0.166,0,5.8,0
MSME003910,Classic Garments,6.2,services,Karnataka,37,676863.77,634145.45,51022.25,0,40,0.321,1,76.7,8663543.98,17.6,0.549,1,61.7,0
MSME003911,Kaveri Foods,3.8,retail,Uttar Pradesh,3,896735.26,760779.38,101262.61,0,25,0.457,1,97.3,8655054.23,15.2,0.505,0,26.6,0
MSME003912,Modern Electricals,3.3,trading,Karnataka,1,300531.11,271714.72,25756.16,0,22,0.43,1,74.0,2735930.24,11.5,0.283,0,15.4,0
MSME003913,Annapurna Stores,7.3,retail,Bihar,1,263494.33,197620.75,65873.58,0,55,0.05,1,92.3,3466229.08,5.1,0.682,0,50.0,0
MSME003914,Krishna Industries,6.4,services,Rajasthan,8,275593.1,272244.17,23492.03,0,48,0.386,0,,,,0.549,0,19.3,0
MSME003915,New Stores,11.6,trading,Rajasthan,40,1000002.67,839026.32,201989.71,0,74,0.125,1,96.3,11722978.54,0.0,0.287,0,10.6,0
MSME003916,Sai Associates,3.4,retail,Karnataka,4,199229.67,195535.56,18258.46,1,26,0.183,1,90.3,2046475.25,2.3,0.753,1,66.5,0
MSME003917,Sai Electricals,3.1,retail,Karnataka,9,841604.34,851622.97,0.0,4,27,0.688,1,87.1,10374023.12,0.0,0.617,1,60.2,1
MSME003918,National Traders,8.5,trading,Tamil Nadu,3,163746.29,153490.26,19493.81,0,50,0.326,0,,,,0.214,0,24.8,0
MSME003919,Sai Logistics,9.8,trading,Andhra Pradesh,26,447618.62,427126.02,81123.05,1,60,0.05,1,100.0,4441404.35,0.0,0.312,0,26.1,0
MSME003920,Hanuman Metals,23.7,food,Uttar Pradesh,28,211426.39,187756.1,33012.31,0,240,0.351,0,,,,0.739,1,59.7,0
MSME003921,Classic Logistics,1.0,retail,Maharashtra,4,440644.05,403847.26,53436.95,0,10,0.226,1,83.5,3968538.04,23.1,0.723,0,43.4,0
MSME003922,Hanuman Exports,14.0,trading,Bihar,6,361859.67,345323.48,58495.2,0,123,0.285,1,86.6,4047801.83,9.8,0.159,0,3.4,0
MSME003923,Shiv Stores,5.9,services,Andhra Pradesh,26,848071.75,794947.91,55940.0,0,28,0.356,1,51.0,8414483.85,23.7,0.599,0,45.8,0
MSME003924,Vishwakarma Exports,3.5,services,West Bengal,12,269142.33,220675.42,38541.12,0,32,0.159,0,,,,0.684,1,59.3,0
MSME003925,Hanuman Agencies,7.4,trading,Rajasthan,3,496221.0,478007.36,10589.76,3,77,0.576,1,80.7,5730624.02,13.2,0.476,0,17.4,0
MSME003926,Krishna Electricals,7.2,retail,Punjab,5,514833.95,459295.33,25519.88,1,51,0.366,1,91.4,4508523.88,5.2,0.464,0,35.5,0
MSME003927,Om Foods,3.6,food,Gujarat,46,676248.69,622861.64,69043.61,0,39,0.213,1,78.2,8267696.53,5.6,0.523,0,12.4,0
MSME003928,Annapurna Solutions,1.1,food,Gujarat,2,237119.81,232195.19,10330.72,2,6,0.344,0,,,,0.542,0,24.9,1
MSME003929,Durga Stores,14.0,trading,West Bengal,169,1352396.61,1028021.44,255263.72,0,136,0.05,1,86.8,13067307.48,1.2,0.178,0,0.0,0
MSME003930,Sri Textiles,2.9,services,Rajasthan,47,421542.16,381681.39,76952.37,0,26,0.261,1,87.2,5188843.5,4.7,0.646,0,40.4,0
MSME003931,Sri Bakers,2.5,retail,Karnataka,49,413210.32,402315.68,36473.22,0,29,0.335,1,73.5,3953494.86,11.5,0.552,1,47.0,0
MSME003932,Sai Textiles,3.1,retail,Punjab,31,876547.04,950198.74,0.0,3,15,0.505,1,75.6,10029294.72,10.0,0.758,1,78.4,0
MSME003933,Sri Associates,9.5,retail,Uttar Pradesh,17,442458.33,458229.08,31473.23,3,89,0.286,1,80.0,4129200.63,19.5,0.864,0,57.7,0
MSME003934,Sri Textiles,4.0,services,Uttar Pradesh,1,278521.88,225163.77,69630.47,0,23,0.05,0,,,,0.547,0,25.2,1
MSME003935,Annapurna Agencies,3.2,retail,Gujarat,27,1462808.67,1473288.46,166517.5,1,32,0.243,1,83.5,15099861.44,1.4,0.654,1,80.8,1
MSME003936,National Stores,7.0,retail,Rajasthan,9,347687.16,298544.82,76215.7,0,70,0.146,1,79.4,4359144.54,4.4,0.457,0,16.9,1
MSME003937,Om Solutions,6.3,retail,Madhya Pradesh,3,230525.12,238453.46,0.0,4,67,0.322,1,66.9,2377751.51,16.8,0.594,0,22.9,0
MSME003938,Shiv Solutions,3.2,retail,Delhi,2,237317.89,235702.47,754.78,4,35,0.232,0,,,,0.899,1,69.7,0
MSME003939,Sri Bakers,1.0,trading,Madhya Pradesh,3,378472.72,338101.91,27862.61,0,8,0.297,1,64.4,4964547.96,14.3,0.387,0,22.6,0
MSME003940,Om Foods,9.3,trading,Haryana,5,606079.38,493988.89,146610.21,0,77,0.05,1,81.4,5097933.88,1.3,0.173,0,16.0,0
MSME003941,Om Enterprises,6.4,services,Tamil Nadu,5,347711.53,353340.7,0.0,1,60,0.637,0,,,,0.51,0,42.2,1
MSME003942,Ganesh Caterers,0.7,trading,Uttar Pradesh,8,1563389.61,1507053.41,90544.13,0,7,0.356,1,83.5,17419300.69,6.4,0.213,0,13.0,0
MSME003943,Classic Caterers,15.4,trading,Tamil Nadu,9,650998.49,562410.22,72088.21,0,102,0.238,1,73.1,6243521.7,24.9,0.432,0,20.8,0
MSME003944,Modern Engineering Works,0.7,manufacturing,Telangana,3,638017.0,524168.47,141256.81,0,6,0.105,1,94.1,5377988.94,0.0,0.284,0,15.1,0
MSME003945,Balaji Traders,2.7,retail,Uttar Pradesh,3,314233.49,296566.0,66954.04,0,22,0.143,0,,,,0.521,0,35.3,0
MSME003946,Sri Suppliers,2.8,retail,Uttar Pradesh,2,494854.37,422341.09,93451.23,0,25,0.168,1,94.2,4833917.5,1.2,0.801,1,60.3,0
MSME003947,Shree Enterprises,3.3,manufacturing,Gujarat,38,799551.54,742625.79,3435.97,3,27,0.492,1,79.1,10541454.66,4.3,0.055,0,0.0,1
MSME003948,Maruti Traders,3.2,services,Tamil Nadu,17,358832.26,379107.89,984.4,4,33,0.546,1,90.4,3375144.64,7.7,0.677,0,54.2,0
MSME003949,Modern Caterers,1.7,trading,West Bengal,2,539151.35,567746.13,0.0,4,18,0.538,1,78.8,6923586.44,8.8,0.435,1,41.6,0
MSME003950,Annapurna Plastics,5.9,retail,Kerala,1,222865.98,224879.07,20988.39,1,64,0.363,0,,,,0.686,0,26.8,0
MSME003951,Maruti Industries,10.5,retail,Uttar Pradesh,1,263215.97,225646.7,12826.18,2,111,0.321,0,,,,0.865,1,87.7,0
MSME003952,Kaveri Stores,5.9,retail,Karnataka,5,642244.95,647896.85,5942.2,4,63,0.416,1,94.7,7689214.63,1.9,0.672,0,40.7,0
MSME003953,Sri Agencies,6.6,manufacturing,Maharashtra,7,579207.07,536765.2,59744.43,0,52,0.356,1,89.7,6794397.25,0.0,0.196,0,22.0,0
MSME003954,Shiv Garments,4.1,services,Uttar Pradesh,17,471109.83,423360.92,22083.14,2,33,0.432,1,80.7,5734023.85,6.7,0.421,0,9.2,0
MSME003955,Krishna Bakers,5.7,retail,Tamil Nadu,9,333043.06,310114.23,42853.48,0,48,0.255,0,,,,0.805,0,57.6,0
MSME003956,Classic Foods,7.0,retail,Karnataka,195,2032630.7,1749523.14,238095.17,1,80,0.201,1,93.0,20387206.21,8.5,0.71,1,32.3,0
MSME003957,Om Suppliers,8.8,retail,Karnataka,4,289884.87,306199.4,309.61,5,89,0.336,0,,,,0.464,1,50.2,1
MSME003958,Sri Metals,2.9,retail,West Bengal,50,730231.06,613948.2,182557.76,0,33,0.174,1,85.8,8633023.53,10.8,0.661,1,76.8,0
MSME003959,Sai Exports,2.6,trading,Telangana,3,433767.68,365759.17,71429.99,2,28,0.082,1,80.4,5429371.86,9.1,0.122,1,43.8,0
MSME003960,Kaveri Solutions,0.5,trading,Uttar Pradesh,12,658257.23,651163.74,22742.82,1,6,0.468,1,84.7,5602094.8,5.9,0.23,0,20.5,0
MSME003961,Classic Exports,18.5,manufacturing,Bihar,34,1511473.27,1228116.93,260380.69,0,196,0.198,1,50.2,12876065.02,28.1,0.08,0,19.1,0
MSME003962,Royal Plastics,17.7,services,Madhya Pradesh,7,376293.09,371392.32,12171.95,1,197,0.461,1,73.3,4955806.67,19.3,0.454,0,24.0,0
MSME003963,Durga Bakers,5.0,food,Maharashtra,7,726005.38,635688.78,134670.33,0,54,0.197,1,82.8,6531989.13,19.7,0.689,0,27.3,1
MSME003964,Maruti Suppliers,5.2,manufacturing,Gujarat,7,467969.4,379380.34,50350.61,0,48,0.28,1,64.4,4509532.86,22.9,0.082,0,0.4,0
MSME003965,Annapurna Bakers,14.6,food,Maharashtra,2,285860.52,314446.58,0.0,4,155,0.662,0,,,,0.876,1,61.5,1
MSME003966,Royal Fabrics,1.7,food,Maharashtra,1,170857.92,187943.72,3542.27,2,14,0.382,1,78.5,1772485.16,5.2,0.506,0,25.8,0
MSME003967,New Logistics,2.4,trading,Tamil Nadu,166,3944127.13,3811905.74,239625.77,1,15,0.322,1,86.8,47192682.3,13.0,0.306,0,3.8,0
MSME003968,Kaveri Foods,15.3,retail,Tamil Nadu,6,326110.52,269921.84,50327.42,0,172,0.05,1,68.1,4207089.4,14.9,0.645,1,68.6,0
MSME003969,Krishna Agencies,4.0,retail,Kerala,5,324350.61,324386.27,39291.82,0,45,0.297,1,86.4,3572535.53,8.9,0.823,0,28.6,0
MSME003970,Hanuman Bakers,2.1,services,Kerala,3,322327.72,308658.03,25337.05,0,10,0.221,0,,,,0.356,0,15.9,1
MSME003971,Shiv Suppliers,7.3,services,Karnataka,10,376131.05,338852.7,40985.25,0,38,0.17,1,91.0,3877079.58,0.0,0.587,1,51.2,0
MSME003972,Classic Engineering Works,3.0,retail,Bihar,16,632547.85,645870.12,18295.46,2,33,0.439,1,100.0,7127898.57,6.8,0.871,1,69.7,1
MSME003973,Balaji Electricals,13.5,manufacturing,Haryana,2,722167.33,615295.49,130801.18,0,123,0.142,0,,,,0.198,0,8.7,0
MSME003974,Lakshmi Fabrics,5.7,manufacturing,Gujarat,3,450306.72,380893.28,83254.75,0,54,0.135,1,90.8,4944221.64,7.2,0.273,0,29.1,0
MSME003975,Sai Textiles,3.1,services,Karnataka,8,450568.66,414306.91,57156.84,0,36,0.233,1,89.1,5791818.24,8.6,0.495,0,23.3,0
MSME003976,Durga Industries,3.2,trading,West Bengal,90,913734.13,889843.46,69182.57,0,23,0.449,1,93.0,11087763.23,2.0,0.419,0,12.8,0
MSME003977,Hanuman Fabrics,7.1,retail,Delhi,6,299554.4,303945.49,22651.43,2,72,0.509,1,76.1,3072325.48,16.9,0.756,1,70.6,0
MSME003978,Modern Engineering Works,4.4,trading,Telangana,11,578729.02,572391.07,7876.93,1,49,0.35,1,73.0,7050698.94,24.8,0.148,0,7.2,0
MSME003979,Om Fabrics,4.0,retail,Maharashtra,3,322012.1,338778.07,9391.26,4,29,0.392,1,76.4,3084003.79,10.0,0.611,0,32.3,1
MSME003980,Annapurna Garments,9.0,services,Madhya Pradesh,36,1223461.53,931231.07,302163.16,0,65,0.05,1,84.0,14454673.38,6.0,0.445,0,21.4,0
MSME003981,Shiv Solutions,14.8,trading,Tamil Nadu,6,269587.78,276979.12,24319.96,1,99,0.33,1,89.1,2591347.76,5.9,0.259,1,35.9,0
MSME003982,Sai Garments,8.1,retail,Tamil Nadu,18,1227102.34,1023444.1,157829.8,0,69,0.298,1,92.2,14643463.63,8.1,0.523,0,29.9,0
MSME003983,Durga Bakers,2.8,trading,Karnataka,239,1284675.67,1143714.72,227179.94,1,23,0.155,1,94.1,12256676.95,0.1,0.447,1,42.5,0
MSME003984,Durga Bakers,2.0,services,Madhya Pradesh,5,383247.15,394547.86,47105.6,3,19,0.349,1,89.0,3846329.1,3.0,0.353,0,26.1,0
MSME003985,Royal Foods,8.6,trading,Uttar Pradesh,3,206241.91,215999.95,19443.55,1,88,0.418,0,,,,0.401,0,43.4,0
MSME003986,Ganesh Solutions,8.1,food,Tamil Nadu,199,1276909.6,1188754.58,188759.73,0,92,0.26,1,74.5,16066297.39,8.0,0.832,1,65.0,0
MSME003987,Ganesh Logistics,3.7,retail,Madhya Pradesh,7,244314.2,249351.53,1708.29,2,28,0.487,0,,,,0.548,0,29.0,0
MSME003988,Sai Industries,4.5,food,Uttar Pradesh,40,708506.18,630910.85,142198.03,0,38,0.214,1,79.8,8379432.63,13.1,0.538,1,59.1,0
MSME003989,Vishwakarma Traders,2.9,retail,Andhra Pradesh,43,835037.82,829934.09,39979.61,2,25,0.357,1,91.3,7905245.11,0.7,0.502,1,60.1,0
MSME003990,Shiv Engineering Works,2.0,retail,Rajasthan,8,360689.96,336322.08,30222.75,0,18,0.386,1,93.1,3939981.48,6.0,0.477,1,56.2,0
MSME003991,New Traders,3.1,food,Karnataka,1,60703.86,53653.83,4646.76,0,24,0.419,0,,,,0.719,1,56.0,0
MSME003992,New Agencies,0.5,services,Maharashtra,1,712282.5,615486.33,150222.22,0,6,0.114,1,100.0,7977421.16,2.3,0.457,0,10.0,0
MSME003993,Balaji Solutions,11.8,services,Delhi,10,243924.26,249652.88,0.0,3,111,0.392,0,,,,0.527,1,40.7,0
MSME003994,Lakshmi Plastics,1.4,services,Kerala,3,351592.21,281067.83,87898.05,0,8,0.05,1,80.7,3348545.51,9.0,0.565,0,37.8,0
MSME003995,Om Traders,5.1,trading,Uttar Pradesh,31,502586.34,487986.67,21821.13,4,22,0.474,1,79.1,5914646.48,18.5,0.128,0,3.3,0
MSME003996,Ganesh Plastics,0.5,manufacturing,Madhya Pradesh,1,530056.27,472206.81,59024.97,0,6,0.229,1,91.1,6148911.49,0.6,0.198,0,4.5,0
MSME003997,Shree Foods,7.9,retail,Telangana,17,439839.05,427238.88,77198.66,1,82,0.338,1,63.9,3814659.77,11.1,0.443,1,45.9,0
MSME003998,National Bakers,9.7,manufacturing,Maharashtra,6,338661.95,282651.38,55625.69,0,95,0.199,1,83.9,3075228.45,9.7,0.276,0,20.3,0
MSME003999,Sri Enterprises,5.4,food,Karnataka,4,398855.15,334096.67,73570.75,0,38,0.153,1,81.9,3876339.79,7.2,0.565,1,70.5,0
MSME004000,Om Fabrics,4.8,manufacturing,Andhra Pradesh,10,296942.02,254966.67,26698.4,0,44,0.233,1,76.8,3137894.97,28.6,0.3,0,10.1,0
MSME004001,Ganesh Exports,2.9,services,Rajasthan,10,347012.15,275836.15,81505.61,0,26,0.05,1,78.6,3005897.32,1.2,0.657,0,26.6,0
MSME004002,National Traders,11.6,services,Delhi,1,317274.03,269097.34,30124.8,2,129,0.28,1,71.6,3309702.11,13.4,0.432,0,26.9,0
MSME004003,Shree Stores,1.1,trading,Maharashtra,49,1975187.74,1997509.49,270932.87,0,8,0.43,1,73.4,24540906.04,28.1,0.325,1,45.7,1
MSME004004,Vishwakarma Plastics,3.5,trading,Kerala,2,193007.75,173735.18,12464.95,0,35,0.278,1,80.2,2437062.18,11.6,0.385,0,16.5,0
MSME004005,National Fabrics,2.6,manufacturing,Punjab,7,383316.78,421648.46,23703.57,1,19,0.364,1,100.0,3746492.46,3.2,0.275,0,21.4,0
MSME004006,Modern Suppliers,2.5,services,Uttar Pradesh,4,400679.07,315147.84,69733.24,1,26,0.289,1,95.3,4838907.4,0.0,0.388,1,49.4,0
MSME004007,Lakshmi Fabrics,11.4,trading,Rajasthan,25,234512.03,223942.42,58628.01,0,131,0.153,1,96.0,2798543.88,1.0,0.388,0,12.4,0
MSME004008,Durga Plastics,4.6,manufacturing,West Bengal,1,628461.38,574643.1,113976.35,1,49,0.05,1,72.3,7397363.93,13.6,0.098,1,28.3,0
MSME004009,Annapurna Traders,2.9,retail,Kerala,5,215985.41,237583.95,0.0,4,17,0.848,1,75.4,2666781.92,0.0,0.69,1,72.8,1
MSME004010,Balaji Industries,6.5,manufacturing,Uttar Pradesh,7,421847.41,463455.06,0.0,4,75,0.307,1,53.8,5274972.0,26.4,0.038,0,10.7,1
MSME004011,Maruti Plastics,6.1,manufacturing,Tamil Nadu,10,689921.42,628926.35,78689.58,0,67,0.356,1,100.0,7794606.63,0.0,0.213,0,13.5,0
MSME004012,Royal Agencies,9.6,retail,Telangana,5,384950.38,369175.62,35081.28,0,97,0.246,0,,,,0.897,1,97.1,0
MSME004013,Durga Fabrics,7.1,retail,Gujarat,8,253945.98,226457.8,38879.13,0,74,0.339,1,69.3,2152207.96,2.9,0.731,0,43.3,0
MSME004014,Shiv Exports,4.8,services,West Bengal,5,910312.9,799097.77,217536.39,0,56,0.147,1,94.8,8277249.4,7.3,0.588,0,35.3,0
MSME004015,Lakshmi Bakers,5.0,retail,Karnataka,41,171590.7,146704.48,33449.12,0,54,0.144,0,,,,0.873,1,70.4,0
MSME004016,Balaji Textiles,6.8,food,Punjab,7,183725.3,159525.09,17002.14,0,53,0.328,0,,,,0.798,1,67.3,0
MSME004017,Lakshmi Agencies,2.3,retail,Uttar Pradesh,10,325182.04,344052.02,3996.46,2,26,0.469,1,65.0,3093253.2,21.1,0.653,0,40.4,1
MSME004018,Annapurna Fabrics,6.0,retail,Delhi,18,327038.94,338261.4,210.09,3,35,0.418,1,79.3,4174863.13,9.0,0.726,1,59.5,0
MSME004019,Annapurna Industries,14.6,retail,Karnataka,9,874361.76,777677.64,141809.77,0,138,0.374,1,77.3,8530182.37,4.3,0.495,0,33.7,0
MSME004020,Durga Electricals,5.4,manufacturing,Kerala,17,281896.31,247910.08,54033.42,0,63,0.242,1,91.8,2508503.06,0.0,0.194,0,17.3,0
MSME004021,Balaji Fabrics,3.8,services,Maharashtra,37,1523915.61,1586146.07,72436.0,2,27,0.419,1,65.6,15627218.58,15.1,0.434,0,11.2,1
MSME004022,Shree Associates,3.8,manufacturing,West Bengal,7,460469.02,432058.27,52102.9,0,33,0.192,1,81.9,4887643.71,9.9,0.043,0,0.0,0
MSME004023,Om Fabrics,6.6,food,Andhra Pradesh,19,217910.06,227836.67,0.0,4,53,0.522,0,,,,0.773,0,40.0,0
MSME004024,Lakshmi Garments,5.8,services,Telangana,9,132859.79,146145.77,0.0,4,37,0.642,1,65.0,1444130.32,15.4,0.527,0,44.9,0
MSME004025,Shiv Bakers,8.2,retail,Maharashtra,32,582974.0,611896.5,9833.23,1,64,0.462,1,84.0,5189468.82,12.3,0.406,1,64.0,0
MSME004026,Balaji Bakers,3.0,retail,Rajasthan,34,454282.75,408422.37,87706.16,0,33,0.05,1,75.0,4584287.72,13.2,0.446,1,14.5,0
MSME004027,Kaveri Solutions,4.4,manufacturing,Maharashtra,2,418355.05,353212.67,92984.35,0,50,0.224,1,85.7,5395571.45,7.6,0.2,0,13.2,0
MSME004028,Vishwakarma Industries,9.2,retail,Uttar Pradesh,8,336734.78,335575.84,4838.7,3,93,0.543,1,71.9,4407191.39,5.5,0.581,1,57.2,1
MSME004029,Durga Associates,9.7,manufacturing,Madhya Pradesh,10,1011110.76,1092868.14,46863.02,2,75,0.347,1,72.3,11164201.91,7.1,0.07,0,0.0,1
MSME004030,Vishwakarma Industries,9.8,manufacturing,Delhi,10,552660.09,479247.24,88471.25,0,93,0.218,1,76.5,6006026.42,11.9,0.193,0,9.2,0
MSME004031,Om Foods,8.5,services,West Bengal,3,239681.65,236367.71,15873.59,0,92,0.278,0,,,,0.547,0,24.0,1
MSME004032,Om Electricals,8.7,services,Maharashtra,5,603216.31,484324.53,95396.27,0,100,0.106,1,90.1,6018350.47,13.0,0.266,0,12.7,0
MSME004033,Lakshmi Suppliers,6.0,food,Tamil Nadu,7,386077.89,327342.0,66355.3,0,61,0.182,1,84.5,3964443.98,11.5,0.825,1,68.8,0
MSME004034,Lakshmi Exports,1.4,manufacturing,Gujarat,1,456061.98,378888.45,71097.46,0,12,0.233,1,77.4,4633513.01,15.3,0.101,0,0.0,0
MSME004035,Vishwakarma Bakers,1.5,services,Maharashtra,7,735486.54,677591.17,31457.88,1,15,0.475,0,,,,0.588,0,30.3,1
MSME004036,Shree Engineering Works,5.3,trading,Andhra Pradesh,3,315172.35,274072.56,37466.21,1,49,0.258,1,69.5,2931207.3,13.0,0.339,0,16.2,0
MSME004037,Durga Suppliers,5.5,trading,Uttar Pradesh,9,527461.79,395596.34,121287.75,0,63,0.19,1,100.0,6414015.7,7.3,0.251,0,20.0,0
MSME004038,Hanuman Fabrics,2.5,trading,Maharashtra,7,761362.54,722042.67,108648.07,2,26,0.215,1,69.7,8706497.45,18.4,0.452,0,26.4,0
MSME004039,Ganesh Solutions,2.6,food,Bihar,4,74694.12,65723.82,7655.14,1,30,0.429,1,100.0,827103.32,6.1,0.865,0,54.7,1
MSME004040,Maruti Foods,4.7,services,Maharashtra,15,465608.04,431631.21,61368.64,0,53,0.486,1,60.5,4322711.56,19.4,0.663,0,40.7,0
MSME004041,Ganesh Logistics,20.3,manufacturing,Gujarat,1,263197.38,274329.21,0.0,1,227,0.555,0,,,,0.271,1,52.4,0
MSME004042,Durga Enterprises,2.1,retail,Karnataka,7,508998.95,558650.52,37908.19,5,23,0.495,1,70.5,5431895.95,15.0,0.888,0,46.1,0
MSME004043,New Garments,3.7,manufacturing,Maharashtra,24,501363.89,480217.54,14013.93,4,34,0.51,1,75.2,5422910.52,2.7,0.079,0,12.6,1
MSME004044,Balaji Exports,9.6,trading,Karnataka,18,1163529.3,1135592.89,0.0,2,87,0.502,1,84.1,12910111.44,16.8,0.274,0,15.7,0
MSME004045,Vishwakarma Solutions,8.4,services,Rajasthan,6,248730.16,241877.84,4204.0,0,89,0.471,0,,,,0.329,0,31.8,0
MSME004046,Shree Fabrics,6.4,retail,Madhya Pradesh,7,321905.37,340685.64,0.0,2,75,0.602,1,61.9,2714899.36,18.8,0.599,0,36.3,0
MSME004047,Shiv Caterers,0.8,manufacturing,Uttar Pradesh,11,426886.92,406368.24,38494.32,0,7,0.436,1,84.1,4838455.65,12.8,0.141,0,0.0,0
MSME004048,Kaveri Bakers,4.2,services,Gujarat,1,426906.94,426037.28,81769.06,1,41,0.163,1,87.4,5449025.2,3.6,0.553,0,29.9,0
MSME004049,Ganesh Exports,16.7,trading,West Bengal,5,137299.88,137367.64,10738.81,0,103,0.279,0,,,,0.245,0,11.7,0
MSME004050,Shiv Logistics,2.5,trading,Maharashtra,8,1331677.51,1246567.5,198768.93,2,26,0.25,1,78.2,14975230.76,8.3,0.286,0,8.3,0
MSME004051,Ganesh Traders,2.4,trading,Maharashtra,10,1199026.72,1161818.75,219249.54,0,26,0.104,1,96.2,10909136.65,2.1,0.44,0,20.0,0
MSME004052,Maruti Associates,14.1,trading,Tamil Nadu,4,296206.77,231379.96,36402.22,0,115,0.05,1,79.4,2958583.93,10.4,0.285,0,0.0,0
MSME004053,New Traders,4.7,retail,Maharashtra,134,1780205.21,1335695.46,445051.3,0,43,0.05,1,82.8,15955286.39,0.7,0.432,0,18.5,0
MSME004054,National Logistics,0.9,trading,Maharashtra,101,1152862.22,1033336.22,121465.42,0,7,0.289,1,98.7,11149487.39,0.0,0.377,0,26.9,0
MSME004055,Shree Solutions,1.8,trading,Haryana,3,919482.59,920465.04,71624.86,1,16,0.27,1,68.6,10636211.58,7.1,0.394,0,26.7,1
MSME004056,Maruti Stores,3.1,trading,Rajasthan,48,1445596.76,1381147.52,147385.02,0,30,0.402,1,61.4,13367169.94,12.8,0.376,0,16.0,1
MSME004057,National Metals,6.2,services,Karnataka,11,1497756.89,1443810.97,240720.97,2,66,0.394,1,89.7,17688270.41,13.3,0.513,1,56.5,0
MSME004058,Om Foods,4.3,trading,Tamil Nadu,184,544962.52,524603.59,40320.0,0,32,0.434,1,72.0,5424406.7,1.7,0.383,0,32.5,0
MSME004059,Kaveri Solutions,2.3,retail,Maharashtra,44,802744.61,791618.43,120824.96,0,24,0.226,1,88.8,9932687.84,10.2,0.499,1,45.8,0
MSME004060,Krishna Associates,4.4,manufacturing,Bihar,27,312722.13,264327.26,18002.97,4,33,0.285,1,94.6,3225317.86,0.0,0.033,0,0.0,0
MSME004061,Balaji Stores,2.5,trading,Bihar,8,374697.18,341346.26,0.0,3,29,0.318,1,96.1,4381919.44,0.7,0.246,0,13.7,1
MSME004062,Shree Fabrics,17.4,services,Punjab,3,1042910.13,1053278.76,0.0,6,120,0.644,1,75.6,11236800.15,12.9,0.359,0,31.8,0
MSME004063,Hanuman Suppliers,1.7,food,Maharashtra,9,475363.02,454181.36,36747.27,0,19,0.416,1,78.4,4908055.76,10.9,0.457,1,61.6,1
MSME004064,Om Electricals,3.5,manufacturing,Uttar Pradesh,7,922158.18,692572.21,206086.02,0,19,0.112,1,68.4,8113940.61,18.7,0.226,0,10.7,0
MSME004065,New Suppliers,3.1,trading,Madhya Pradesh,22,897924.73,802100.56,160640.03,0,25,0.05,1,78.6,8616350.88,0.0,0.106,0,12.6,0
MSME004066,Ganesh Stores,3.1,trading,Tamil Nadu,137,1507831.56,1288073.74,231532.56,0,22,0.11,1,79.3,17523166.28,22.3,0.406,0,22.1,0
MSME004067,Royal Bakers,1.9,manufacturing,Maharashtra,31,631483.03,628532.8,46663.94,3,19,0.455,1,83.2,6765668.9,14.0,0.274,0,32.9,0
MSME004068,Vishwakarma Plastics,13.4,manufacturing,Tamil Nadu,47,646451.15,621060.09,10257.02,3,91,0.446,1,69.7,8209758.75,10.1,0.279,0,20.3,0
MSME004069,Sri Garments,21.4,retail,Maharashtra,10,341236.09,292616.2,85309.02,0,221,0.05,0,,,,0.654,1,47.0,0
MSME004070,Balaji Garments,6.7,services,Andhra Pradesh,2,59625.98,54114.43,5223.27,0,50,0.336,0,,,,0.318,0,14.0,0
MSME004071,Sai Industries,6.3,manufacturing,Andhra Pradesh,1,284706.86,263296.23,29935.43,1,61,0.288,1,77.7,3233779.23,30.2,0.076,0,4.9,0
MSME004072,New Enterprises,1.1,manufacturing,West Bengal,9,660607.09,552777.15,157885.61,1,8,0.052,1,64.6,5590388.43,21.6,0.197,0,2.1,0
MSME004073,National Traders,13.2,retail,Gujarat,37,487753.89,463646.11,59056.04,0,120,0.167,1,78.6,6330655.02,9.4,0.707,1,66.1,1
MSME004074,Classic Stores,2.5,trading,Bihar,3,344755.3,322228.81,46860.28,0,20,0.313,1,79.7,3716635.35,8.6,0.334,0,13.8,0
MSME004075,Ganesh Exports,1.0,trading,West Bengal,4,539428.62,411725.02,134857.15,0,7,0.094,1,100.0,5954508.47,0.0,0.462,0,31.3,0
MSME004076,Shree Bakers,7.7,retail,Telangana,3,521678.15,508909.5,52757.95,0,65,0.237,1,73.4,5205253.11,19.6,0.853,0,37.8,0
MSME004077,Modern Logistics,10.8,services,Karnataka,5,182763.08,163875.31,22566.06,0,99,0.234,0,,,,0.314,0,14.9,0
MSME004078,Hanuman Industries,13.1,trading,Delhi,14,381292.9,308351.9,93293.2,0,33,0.113,1,100.0,4529919.19,5.1,0.376,0,31.5,0
MSME004079,Kaveri Industries,3.5,retail,Tamil Nadu,41,1070159.04,1177174.94,0.0,4,27,0.664,1,67.4,11233247.43,17.3,0.804,0,45.1,0
MSME004080,New Agencies,3.2,trading,West Bengal,9,714079.33,649605.99,72706.29,0,37,0.363,1,80.5,6272620.0,0.0,0.121,0,8.7,0
MSME004081,Classic Caterers,5.9,manufacturing,Telangana,41,1918609.85,1837446.54,0.0,3,68,0.425,1,78.0,21167486.72,4.9,0.231,0,4.2,0
MSME004082,Lakshmi Traders,4.3,manufacturing,Kerala,7,1098639.68,1005875.81,80422.63,0,38,0.401,1,92.2,9599045.59,0.0,0.132,1,29.5,0
MSME004083,New Textiles,7.8,manufacturing,Delhi,1,1124126.47,1072811.9,143883.03,0,87,0.165,1,76.2,13058654.48,14.1,0.141,0,3.0,1
MSME004084,New Traders,6.0,food,Gujarat,9,312794.77,292850.74,14869.68,4,36,0.408,1,88.1,3188411.29,2.3,0.547,0,28.9,0
MSME004085,Om Exports,2.3,food,Madhya Pradesh,49,1461756.29,1373449.72,128187.32,0,21,0.234,1,91.1,12294250.17,4.7,0.448,1,70.7,1
MSME004086,Hanuman Solutions,13.4,trading,Tamil Nadu,19,390358.04,373998.76,45000.36,1,90,0.311,1,78.8,3936213.7,9.0,0.384,0,27.4,0
MSME004087,Lakshmi Stores,7.8,retail,West Bengal,5,1396414.76,1272613.27,261036.87,0,63,0.294,1,82.5,18006712.92,20.0,0.604,1,60.8,0
MSME004088,Classic Plastics,10.6,manufacturing,Uttar Pradesh,44,1201567.18,1167433.49,92418.66,0,115,0.426,1,77.0,13602781.57,7.8,0.109,0,2.3,0
MSME004089,Modern Industries,2.4,services,Gujarat,25,774294.23,723802.42,69195.9,1,9,0.233,1,76.0,8714802.48,8.9,0.253,1,34.1,0
MSME004090,Modern Agencies,7.6,trading,Delhi,216,2328222.7,2101180.38,194862.09,0,75,0.25,1,78.0,28726146.02,4.8,0.209,0,12.6,0
MSME004091,Sri Garments,9.2,food,Telangana,7,161595.47,135936.32,29513.83,0,47,0.32,0,,,,0.797,1,74.1,1
MSME004092,Shree Engineering Works,5.8,trading,Rajasthan,4,223769.92,225946.0,0.0,0,59,0.42,1,72.4,2444945.23,10.8,0.491,0,28.0,0
MSME004093,Maruti Logistics,1.9,food,Uttar Pradesh,1,201447.45,172418.08,34254.23,0,18,0.05,1,87.9,2552729.77,3.6,0.56,1,49.9,0
MSME004094,Vishwakarma Solutions,5.4,services,Gujarat,25,695052.04,684934.71,72637.46,0,44,0.346,1,73.6,5953047.53,14.2,0.424,0,24.7,0
MSME004095,Modern Foods,8.6,retail,Uttar Pradesh,5,1176546.74,1179469.51,101537.04,0,51,0.312,1,83.6,14234825.54,0.0,0.749,0,47.8,0
MSME004096,Om Engineering Works,11.1,manufacturing,Maharashtra,4,268775.22,270296.27,47203.54,0,102,0.285,1,93.7,3420067.51,0.0,0.191,0,21.6,0
MSME004097,Om Industries,1.2,manufacturing,Kerala,94,2746366.7,2496383.43,374251.87,0,10,0.163,1,73.5,23463470.76,14.3,0.024,0,11.2,0
MSME004098,Balaji Logistics,5.7,services,Rajasthan,1,187552.15,161447.09,32072.59,0,59,0.1,0,,,,0.447,0,20.9,0
MSME004099,New Plastics,1.5,services,Maharashtra,8,349122.86,290816.42,63632.04,1,12,0.189,1,77.8,2991132.1,10.1,0.483,0,2.8,0
MSME004100,Ganesh Engineering Works,8.7,retail,Madhya Pradesh,155,966423.2,937428.03,105447.63,0,77,0.302,1,82.2,9123405.69,10.3,0.615,0,23.0,0
MSME004101,Sai Foods,10.4,retail,Maharashtra,9,377978.5,309160.19,59859.82,0,113,0.231,1,89.5,4830374.49,4.6,0.697,0,27.2,0
MSME004102,Modern Enterprises,2.2,retail,Gujarat,10,603175.01,578575.48,96930.0,0,24,0.245,1,74.5,5343455.12,10.3,0.763,1,68.6,0
MSME004103,Annapurna Plastics,1.8,retail,Uttar Pradesh,3,258059.67,251340.04,9492.1,3,19,0.502,1,92.8,2291129.09,5.4,0.463,1,41.2,0
MSME004104,Shree Stores,3.0,trading,Uttar Pradesh,7,220360.76,199654.53,49970.21,0,33,0.169,1,92.7,2684727.48,0.0,0.305,0,10.4,0
MSME004105,Sai Foods,4.4,trading,Karnataka,6,394291.99,433721.18,0.0,5,28,0.632,1,81.3,5163831.65,20.5,0.289,0,12.5,0
MSME004106,Shiv Traders,2.7,retail,Madhya Pradesh,6,508384.47,558447.63,0.0,4,22,0.654,1,68.7,6643781.77,10.2,0.558,1,84.2,1
MSME004107,Balaji Plastics,9.3,services,Rajasthan,8,188270.86,153211.18,11773.08,0,106,0.05,0,,,,0.698,0,52.4,0
MSME004108,National Stores,11.2,retail,Telangana,4,481757.01,438734.2,68836.41,0,120,0.351,1,80.8,5688378.73,13.9,0.575,1,53.2,0
MSME004109,Om Electricals,5.5,retail,Kerala,36,1301639.09,1184556.76,195546.6,0,51,0.196,1,91.4,10953210.65,0.0,0.562,1,72.4,0
MSME004110,Ganesh Engineering Works,2.8,food,Telangana,3,594785.16,486607.3,133445.46,0,31,0.05,1,66.4,7012880.34,8.3,0.785,1,69.3,0
MSME004111,Shree Textiles,4.3,food,Delhi,32,649373.72,589577.5,104641.32,0,29,0.289,1,75.8,8276879.59,13.7,0.877,1,66.6,0
MSME004112,Shiv Logistics,5.5,manufacturing,Delhi,73,404190.96,369316.39,42020.37,0,38,0.306,1,86.4,3857871.86,20.2,0.239,0,17.1,0
MSME004113,Annapurna Bakers,4.2,retail,Andhra Pradesh,20,812795.32,724028.82,99278.35,0,37,0.222,1,79.9,8400718.07,14.5,0.823,1,61.7,0
MSME004114,Modern Fabrics,4.8,services,Tamil Nadu,5,601201.54,560166.18,46726.11,2,49,0.444,1,83.1,5629968.21,16.4,0.319,0,0.0,0
MSME004115,Lakshmi Garments,10.6,retail,Uttar Pradesh,7,282484.4,272589.72,34316.62,0,66,0.296,1,78.0,2627204.75,9.2,0.891,1,55.3,0
MSME004116,Shiv Logistics,2.6,services,Bihar,5,339342.65,299843.47,35694.39,0,25,0.348,1,99.7,4339529.04,11.2,0.59,0,42.5,0
MSME004117,Shree Agencies,18.4,manufacturing,Andhra Pradesh,4,591058.53,523434.21,69591.58,2,184,0.144,1,92.7,5413974.03,11.7,0.284,0,14.3,0
MSME004118,Balaji Traders,5.7,trading,Telangana,1,710076.64,720089.19,80327.36,2,65,0.135,1,88.0,7949787.85,0.0,0.28,0,5.6,0
MSME004119,Kaveri Agencies,4.0,food,West Bengal,193,806863.53,816592.47,60272.82,1,22,0.382,1,69.3,7047661.6,11.6,0.699,0,41.7,0
MSME004120,Sai Logistics,2.6,services,Telangana,6,609311.12,584054.78,41951.17,0,20,0.434,1,76.8,6460825.81,7.3,0.678,0,23.9,0
MSME004121,Sri Suppliers,2.8,trading,Madhya Pradesh,1,316190.02,297679.06,19091.21,0,24,0.24,0,,,,0.187,0,0.5,0
MSME004122,Classic Solutions,5.1,retail,Madhya Pradesh,19,625441.15,526343.41,100042.2,0,46,0.1,1,100.0,5509672.22,2.7,0.549,1,59.2,0
MSME004123,Modern Solutions,5.6,manufacturing,Maharashtra,130,2699356.5,2367059.12,249618.79,0,37,0.184,1,79.1,26973982.68,19.6,0.255,0,31.0,0
MSME004124,Lakshmi Foods,3.9,trading,Rajasthan,37,501397.93,496109.32,54337.29,0,34,0.263,1,97.7,4506286.05,1.3,0.266,0,2.5,0
MSME004125,New Traders,1.5,retail,Maharashtra,5,424816.71,442296.68,11143.31,2,14,0.578,1,81.1,4708886.11,5.1,0.414,1,37.8,1
MSME004126,Om Engineering Works,5.1,retail,Maharashtra,7,420594.43,315445.83,105148.61,2,35,0.05,1,99.2,5511632.89,3.4,0.777,0,41.0,1
MSME004127,Shree Bakers,2.8,food,Karnataka,5,134284.02,133052.27,2121.47,2,17,0.439,1,84.5,1298727.8,10.3,0.633,1,65.5,1
MSME004128,Sai Metals,0.9,retail,Maharashtra,6,778997.15,841557.96,26316.25,0,9,0.422,1,80.1,6976571.32,11.8,0.614,1,61.6,0
MSME004129,Om Enterprises,8.0,food,Kerala,3,415797.25,344166.42,51382.58,0,76,0.324,1,92.4,3876972.47,0.0,0.478,1,47.1,0
MSME004130,Vishwakarma Textiles,1.0,services,Rajasthan,49,717691.88,749118.74,44619.15,2,7,0.471,1,77.3,6212870.47,18.6,0.619,1,57.6,0
MSME004131,Shree Associates,3.7,trading,Madhya Pradesh,3,320842.85,309349.83,54174.17,0,32,0.191,1,76.0,3023042.85,2.0,0.27,0,16.8,0
MSME004132,Classic Stores,4.7,trading,Uttar Pradesh,89,1033094.77,1053519.0,0.0,6,36,0.41,1,73.5,10762371.74,5.9,0.462,0,41.0,1
MSME004133,Sri Solutions,12.2,manufacturing,Andhra Pradesh,9,854311.69,723454.56,156541.15,0,137,0.212,1,81.8,7804743.33,13.7,0.259,0,22.2,0
MSME004134,Om Fabrics,0.9,trading,Rajasthan,9,531728.18,463152.39,51534.49,0,7,0.335,1,100.0,4484285.6,9.1,0.111,0,0.0,0
MSME004135,Modern Foods,8.6,retail,Karnataka,20,394320.15,384455.92,56033.27,0,65,0.451,1,73.5,4321212.31,9.7,0.657,0,22.4,0
MSME004136,Modern Traders,9.6,retail,West Bengal,2,213441.45,215447.76,0.0,1,80,0.295,1,71.6,2091594.32,9.7,0.626,0,40.2,0
MSME004137,Modern Suppliers,14.8,manufacturing,Karnataka,3,412502.85,406782.31,20307.46,0,62,0.526,1,100.0,5107163.15,0.0,0.291,0,4.5,0
MSME004138,Lakshmi Associates,10.9,services,Karnataka,4,197662.07,181973.43,21722.03,0,106,0.234,1,75.5,2154142.37,5.0,0.403,1,50.9,0
MSME004139,Royal Caterers,4.8,trading,Bihar,8,598686.91,627829.82,25188.44,2,52,0.632,1,92.4,6376199.98,1.1,0.36,0,26.5,0
MSME004140,Om Associates,8.9,retail,Telangana,1,148698.44,163568.28,10866.29,2,99,0.353,0,,,,0.459,1,59.5,1
MSME004141,Sri Garments,12.6,trading,Tamil Nadu,32,448486.61,367694.13,77704.58,0,120,0.052,1,77.4,4398059.68,5.3,0.24,0,3.3,0
MSME004142,Royal Electricals,0.7,manufacturing,Delhi,8,3235164.29,2986372.42,437319.25,0,6,0.274,1,66.1,35578917.32,13.7,0.1,0,12.7,0
MSME004143,Annapurna Enterprises,1.5,retail,Gujarat,162,3115034.4,2751592.76,412923.66,0,15,0.247,1,90.6,33443409.42,6.0,0.783,1,77.9,0
MSME004144,Vishwakarma Bakers,6.1,food,Tamil Nadu,23,528247.47,458854.83,36964.51,0,71,0.194,1,80.9,4621405.57,13.9,0.669,0,34.5,0
MSME004145,Balaji Metals,9.5,manufacturing,Tamil Nadu,20,1177147.32,1044918.05,86817.1,3,88,0.408,1,85.4,11855441.32,7.2,0.148,0,0.0,0
MSME004146,Lakshmi Textiles,7.8,trading,Gujarat,42,1443096.07,1237658.89,174725.7,0,79,0.42,1,100.0,16864118.51,1.3,0.268,0,14.6,0
MSME004147,Vishwakarma Logistics,6.5,manufacturing,Tamil Nadu,39,865506.26,828483.09,160208.48,0,49,0.151,1,70.4,11307288.78,12.2,0.119,0,7.4,0
MSME004148,Royal Agencies,14.7,services,Andhra Pradesh,1,253571.72,225976.79,54314.14,0,113,0.334,1,79.6,2863577.73,4.6,0.441,0,32.7,0
MSME004149,Royal Exports,3.9,services,Karnataka,30,525736.16,473045.1,53627.08,0,22,0.12,1,85.8,4510325.35,6.6,0.484,0,27.2,0
MSME004150,Maruti Metals,2.7,retail,Punjab,9,891903.97,699319.71,220484.61,0,30,0.05,1,98.5,9493688.37,5.1,0.849,0,49.4,0
MSME004151,Ganesh Metals,3.3,food,Maharashtra,1,379971.5,351294.15,56191.93,1,29,0.525,1,75.9,3545138.74,14.4,0.545,1,61.0,0
MSME004152,Om Textiles,6.2,trading,West Bengal,9,1219377.15,1178508.68,36756.43,3,60,0.522,1,81.7,12777198.24,5.0,0.476,0,24.6,0
MSME004153,Classic Electricals,4.6,manufacturing,Maharashtra,10,691879.99,589798.75,79901.43,0,42,0.089,1,75.5,8921521.72,11.0,0.17,0,10.4,0
MSME004154,Modern Metals,9.9,retail,Rajasthan,8,1421407.86,1370013.41,105247.34,0,80,0.358,1,80.9,18107924.62,14.2,0.656,0,28.1,0
MSME004155,Kaveri Caterers,2.8,trading,Gujarat,165,1193845.69,1142132.22,71610.04,0,27,0.471,1,79.7,12058059.13,11.9,0.259,0,14.3,0
MSME004156,Annapurna Enterprises,6.8,food,Madhya Pradesh,10,1169406.75,984985.6,177290.28,0,75,0.231,1,95.2,14904598.2,0.0,0.856,0,45.2,0
MSME004157,Sri Metals,8.9,trading,Bihar,5,335096.91,294694.56,20123.61,0,80,0.363,1,87.8,2898248.48,0.0,0.467,0,24.6,0
MSME004158,Ganesh Plastics,12.6,retail,Uttar Pradesh,7,202983.55,215213.98,2302.38,3,93,0.401,0,,,,0.653,1,50.9,0
MSME004159,Annapurna Associates,1.8,manufacturing,Uttar Pradesh,7,1636824.79,1461908.95,203573.2,0,16,0.147,1,89.8,19257599.59,13.6,0.266,0,14.3,0
MSME004160,Shree Enterprises,3.2,retail,Gujarat,1,330724.84,248043.63,82681.21,0,24,0.05,1,75.5,4247216.28,25.5,0.497,0,21.1,0
MSME004161,Vishwakarma Stores,4.4,manufacturing,Tamil Nadu,9,770283.88,726778.1,115119.54,0,36,0.18,1,83.9,7852680.32,12.6,0.155,1,32.6,0
MSME004162,Maruti Stores,1.3,food,Madhya Pradesh,30,433765.37,422962.72,47876.83,0,14,0.34,1,60.0,4840826.74,13.1,0.791,0,44.3,0
MSME004163,Krishna Stores,6.4,retail,Karnataka,8,271043.24,286276.61,0.0,5,65,0.438,1,73.8,3384236.77,10.6,0.839,1,86.8,0
MSME004164,Kaveri Fabrics,6.4,services,Telangana,5,233772.3,203076.95,58443.08,0,68,0.05,1,95.4,2625923.84,0.0,0.606,0,28.0,0
MSME004165,Sri Caterers,6.0,food,Haryana,3,284416.39,275138.4,20158.28,0,57,0.429,1,59.5,2700099.19,16.5,0.87,1,66.0,0
MSME004166,Durga Metals,4.2,food,Gujarat,7,313542.7,329250.04,13613.36,2,37,0.387,1,67.5,3663292.54,17.0,0.878,0,46.5,0
MSME004167,Shiv Logistics,11.7,trading,Kerala,10,183385.9,173430.18,18172.2,0,138,0.228,0,,,,0.435,0,15.4,0
MSME004168,Annapurna Solutions,3.3,services,Bihar,2,679512.49,613799.11,104696.33,1,36,0.113,1,99.6,6414593.65,0.0,0.336,0,0.0,0
MSME004169,Om Stores,11.0,services,Uttar Pradesh,10,345786.56,287812.92,79588.88,0,118,0.107,1,89.7,3145969.59,7.7,0.418,0,20.0,0
MSME004170,Durga Stores,3.2,retail,Andhra Pradesh,6,781497.36,738369.12,71643.66,0,27,0.379,1,74.8,7001983.61,0.0,0.747,1,65.0,0
MSME004171,Maruti Garments,1.7,services,Rajasthan,8,276180.78,272190.07,32978.99,0,11,0.395,1,77.6,2770990.07,19.5,0.45,0,26.0,0
MSME004172,Lakshmi Fabrics,4.8,trading,Madhya Pradesh,2,356815.93,348265.95,58983.84,1,20,0.388,1,88.0,4258456.07,0.0,0.277,0,12.9,0
MSME004173,Om Enterprises,5.5,trading,Madhya Pradesh,2,559379.37,517639.97,139844.84,1,46,0.091,1,100.0,6647716.71,1.8,0.474,0,19.3,0
MSME004174,Maruti Garments,6.9,trading,Kerala,7,757412.28,688699.88,147370.6,1,72,0.279,1,81.2,8336643.95,12.4,0.308,0,19.7,0
MSME004175,Vishwakarma Exports,0.5,manufacturing,Bihar,28,704293.24,583590.39,72392.0,0,6,0.386,1,74.3,8986562.56,13.5,0.164,0,4.9,0
MSME004176,Ganesh Caterers,3.8,retail,Telangana,3,424334.13,370938.56,86193.4,0,30,0.281,1,77.8,4132999.2,13.8,0.762,0,36.9,0
MSME004177,Ganesh Enterprises,17.5,retail,Tamil Nadu,50,1089241.58,1118683.01,20165.6,8,127,0.509,1,80.9,10540783.55,17.3,0.617,0,39.3,0
MSME004178,Sri Suppliers,3.0,retail,Punjab,4,322489.99,310239.01,38628.06,0,16,0.236,0,,,,0.873,1,71.9,0
MSME004179,Shiv Textiles,9.6,retail,Madhya Pradesh,7,224566.54,217247.89,22360.62,0,69,0.143,0,,,,0.822,1,82.0,0
MSME004180,Shiv Bakers,29.5,food,Bihar,3,186928.55,180225.47,21669.52,2,240,0.27,1,64.0,1866201.2,12.7,0.762,1,57.4,0
MSME004181,Durga Bakers,19.7,trading,Andhra Pradesh,48,695646.79,587005.86,84251.38,0,188,0.2,1,91.1,8902780.84,12.0,0.45,0,40.6,0
MSME004182,Maruti Foods,2.0,retail,Maharashtra,4,354875.02,312065.97,59500.75,0,8,0.384,0,,,,0.506,0,32.1,0
MSME004183,Balaji Bakers,9.1,food,Tamil Nadu,13,985958.75,938335.96,92365.43,0,103,0.356,1,91.8,9540099.8,4.1,0.554,1,46.0,0
MSME004184,Royal Plastics,9.5,retail,Andhra Pradesh,43,1181993.48,886495.11,295498.37,0,104,0.05,1,76.2,12519031.58,10.1,0.742,0,38.7,0
MSME004185,Sai Solutions,8.0,trading,Delhi,4,257984.27,217536.35,51060.98,0,38,0.054,0,,,,0.284,0,10.3,0
MSME004186,Krishna Logistics,1.7,manufacturing,Bihar,4,1243919.56,1153743.54,241422.48,0,13,0.05,1,90.5,11906737.03,4.9,0.275,0,20.1,0
MSME004187,Lakshmi Traders,5.9,manufacturing,Rajasthan,8,534994.28,538225.79,11021.6,3,21,0.438,1,62.1,6835238.78,16.8,0.16,0,3.5,1
MSME004188,Kaveri Foods,5.9,retail,Tamil Nadu,24,870613.13,827999.68,54657.34,2,52,0.479,1,86.5,9894833.62,4.8,0.73,0,32.4,1
MSME004189,Shree Exports,1.5,services,Karnataka,2,159710.9,144283.33,17611.87,0,17,0.414,1,71.8,1450725.74,11.7,0.524,1,58.1,0
MSME004190,Classic Foods,4.0,services,Gujarat,111,703475.99,616286.59,130135.23,2,20,0.126,1,81.2,6279555.03,9.9,0.564,0,29.3,0
MSME004191,Vishwakarma Industries,6.1,services,Kerala,10,770877.26,790569.51,5568.22,4,64,0.621,1,80.9,7900053.39,15.5,0.457,0,5.4,0
MSME004192,Ganesh Solutions,4.7,retail,Karnataka,37,422843.51,396068.68,78349.9,0,51,0.221,1,95.5,4259039.45,5.4,0.79,0,53.7,0
MSME004193,Sri Bakers,8.5,manufacturing,Gujarat,8,575912.98,519732.92,97414.13,0,91,0.218,1,80.9,7465317.88,6.5,0.025,0,0.0,0
MSME004194,Shree Exports,3.9,services,Rajasthan,1,281218.5,300253.23,3627.36,7,39,0.376,0,,,,0.565,1,54.6,0
MSME004195,Krishna Foods,5.5,services,Delhi,6,212623.51,210820.19,20774.62,1,42,0.463,1,74.7,2791439.59,21.6,0.272,0,23.8,0
MSME004196,Shiv Textiles,10.1,food,West Bengal,48,229362.58,212793.57,54030.1,0,101,0.121,0,,,,0.548,1,60.1,0
MSME004197,Krishna Caterers,16.1,manufacturing,Uttar Pradesh,2,605055.25,501941.52,83670.4,0,173,0.228,1,87.3,7311084.89,0.0,0.249,0,33.5,0
MSME004198,Balaji Electricals,1.6,manufacturing,Rajasthan,27,3898832.29,3986714.82,162110.14,4,15,0.412,1,69.4,43843619.32,9.7,0.138,1,26.6,0
MSME004199,Modern Traders,8.2,retail,Rajasthan,2,365085.92,330410.87,54212.01,0,87,0.143,0,,,,0.478,1,58.4,0
MSME004200,Kaveri Agencies,3.4,retail,Tamil Nadu,8,617093.93,590412.5,21203.04,1,33,0.256,1,75.8,7603187.88,6.2,0.668,1,55.9,0
MSME004201,Durga Plastics,6.9,services,Bihar,3,186088.34,175966.28,20439.76,0,78,0.219,1,85.2,1748439.1,2.1,0.481,0,30.1,0
MSME004202,Sri Suppliers,1.5,retail,Tamil Nadu,29,1429396.2,1473324.98,30854.49,0,12,0.462,1,72.9,17469025.95,18.5,0.642,0,45.1,0
MSME004203,Ganesh Electricals,11.9,services,Rajasthan,6,303359.0,277296.9,37791.8,1,106,0.416,0,,,,0.57,0,26.9,0
MSME004204,Balaji Caterers,2.5,services,Rajasthan,36,1217055.91,1006318.3,227854.26,0,28,0.257,1,88.2,14661569.65,10.5,0.295,0,38.1,0
MSME004205,Lakshmi Suppliers,10.2,services,Rajasthan,23,782607.85,726087.53,30516.53,4,115,0.388,1,81.7,8352761.92,16.5,0.566,0,36.6,0
MSME004206,National Solutions,1.7,retail,Karnataka,238,1704239.93,1666621.17,327771.01,0,14,0.166,1,77.7,18010399.87,15.2,0.472,1,47.9,0
MSME004207,Classic Agencies,1.2,manufacturing,Madhya Pradesh,3,575494.64,524551.28,63229.33,0,13,0.493,1,82.8,7332977.14,9.9,0.222,1,12.0,0
MSME004208,Classic Stores,4.2,services,Uttar Pradesh,4,449562.28,388663.25,96973.98,0,46,0.21,1,52.1,4166654.57,25.8,0.571,1,57.1,0
MSME004209,Kaveri Agencies,6.0,trading,Tamil Nadu,7,559409.69,560346.84,20585.71,8,56,0.418,1,90.3,4911839.78,21.3,0.467,0,39.2,0
MSME004210,Hanuman Stores,20.9,services,Bihar,7,666382.3,540152.03,128021.63,0,191,0.05,1,94.1,7165951.11,4.1,0.561,0,34.3,0
MSME004211,Annapurna Logistics,5.9,retail,Kerala,1,154277.43,136393.33,22212.64,0,42,0.228,1,72.6,1386875.47,13.2,0.787,0,49.4,0
MSME004212,Sri Electricals,2.0,services,Maharashtra,21,478065.55,448452.42,64817.38,0,15,0.154,1,63.1,5005302.31,29.7,0.689,1,61.7,1
MSME004213,Vishwakarma Caterers,9.0,retail,Maharashtra,9,1002436.05,870082.29,126317.53,1,36,0.448,1,68.0,8480798.23,11.5,0.415,1,47.2,1
MSME004214,Sri Bakers,13.3,services,Delhi,6,410442.87,363540.09,51388.76,0,117,0.289,1,91.6,4585892.4,3.5,0.656,0,35.8,0
MSME004215,Durga Bakers,2.4,retail,Uttar Pradesh,3,268041.72,249419.11,29258.89,0,21,0.319,0,,,,0.44,1,45.5,0
MSME004216,Modern Foods,9.9,retail,Punjab,35,1191240.23,1188941.04,122425.09,1,101,0.205,1,90.5,10392800.97,11.2,0.756,0,41.0,1
MSME004217,Shiv Logistics,12.1,retail,Telangana,2,449593.36,442918.43,58091.04,2,123,0.435,1,84.1,4792921.19,0.6,0.859,0,46.5,0
MSME004218,Ganesh Industries,9.2,retail,Maharashtra,19,274203.75,268349.74,17799.34,0,100,0.445,1,81.9,2739621.43,9.8,0.438,0,28.9,0
MSME004219,Om Industries,2.9,manufacturing,Maharashtra,5,724077.63,672897.87,64866.46,0,24,0.431,1,84.4,8998307.01,12.4,0.231,0,11.9,1
MSME004220,Annapurna Solutions,6.0,manufacturing,Punjab,7,578683.01,553845.78,81054.82,0,51,0.224,1,77.4,6006907.03,10.5,0.112,0,15.3,0
MSME004221,Balaji Textiles,6.9,retail,Tamil Nadu,66,1208331.45,1055905.05,208989.69,0,62,0.283,1,87.9,11577428.81,5.8,0.671,1,81.2,0
MSME004222,Om Bakers,11.6,retail,Karnataka,1,231358.15,189367.86,53673.64,0,124,0.05,1,89.7,2122525.62,0.0,0.706,1,60.2,0
MSME004223,National Exports,3.1,manufacturing,Uttar Pradesh,3,536076.58,507532.7,18186.08,0,32,0.414,1,88.0,6648745.35,10.4,0.276,0,30.7,0
MSME004224,Om Electricals,10.1,retail,West Bengal,37,250468.31,275515.15,28703.27,1,119,0.425,0,,,,0.622,0,40.2,0
MSME004225,New Enterprises,4.6,trading,Andhra Pradesh,10,325934.78,343837.45,0.0,5,49,0.442,1,75.8,4141408.16,14.0,0.464,0,20.8,1
MSME004226,Annapurna Stores,3.8,retail,West Bengal,2,426158.77,384903.96,49753.18,0,39,0.274,1,85.9,4330090.89,13.1,0.638,1,73.1,0
MSME004227,Vishwakarma Logistics,5.3,services,Maharashtra,117,3875688.61,2906766.46,723182.6,0,49,0.115,1,71.2,39487096.58,8.3,0.635,0,40.7,0
MSME004228,Hanuman Plastics,0.5,food,West Bengal,9,449695.16,450986.97,38190.0,0,6,0.074,1,93.7,5244700.49,0.0,0.508,1,59.7,0
MSME004229,Ganesh Metals,0.5,retail,Madhya Pradesh,100,632766.01,565307.65,59264.98,0,6,0.42,1,92.4,5375479.84,0.0,0.626,0,13.7,0
MSME004230,Shree Electricals,0.8,food,Uttar Pradesh,20,504008.29,447459.79,34159.47,1,8,0.41,1,80.0,4959796.62,11.7,0.85,0,52.7,0
MSME004231,Sai Associates,7.1,manufacturing,Bihar,3,254049.25,222053.5,39231.31,0,79,0.147,1,75.6,3011148.37,12.4,0.214,0,11.3,0
MSME004232,Classic Engineering Works,4.2,food,West Bengal,6,646335.16,603326.56,118813.95,1,49,0.092,1,72.2,8178328.17,3.4,0.708,0,42.7,0
MSME004233,Hanuman Associates,2.9,manufacturing,Maharashtra,8,573671.12,455235.93,137395.92,1,26,0.153,1,99.8,6462926.52,0.0,0.069,0,9.4,0
MSME004234,Lakshmi Industries,5.0,manufacturing,Delhi,10,1066756.18,873689.84,192490.3,0,48,0.29,1,100.0,9372328.6,1.7,0.042,0,6.2,0
MSME004235,Lakshmi Plastics,10.3,services,Rajasthan,7,359375.79,316356.46,75944.69,1,84,0.256,1,75.3,4546297.13,13.9,0.285,0,20.0,0
MSME004236,Shree Garments,4.8,manufacturing,Uttar Pradesh,14,1240133.66,1122533.93,47930.91,2,50,0.373,1,81.3,15661615.35,9.7,0.071,0,11.1,0
MSME004237,Classic Associates,1.9,retail,Maharashtra,236,491720.74,469850.93,78320.12,0,19,0.349,1,72.7,6016448.32,18.2,0.818,1,67.6,0
MSME004238,Balaji Exports,23.1,services,Gujarat,100,885947.67,814337.14,89212.67,0,154,0.221,1,72.9,9186631.03,4.6,0.683,0,53.4,0
MSME004239,New Suppliers,5.2,services,Tamil Nadu,95,1158003.33,1015760.56,42946.81,3,48,0.3,1,76.3,12523039.17,22.4,0.647,1,66.2,0
MSME004240,Kaveri Garments,12.2,retail,Tamil Nadu,3,276667.53,253689.94,36899.58,0,118,0.372,1,91.6,2762369.19,0.0,0.855,0,40.4,0
MSME004241,Ganesh Engineering Works,9.3,retail,Telangana,1,280285.81,247609.81,41944.52,0,88,0.272,1,85.8,2694813.05,13.9,0.437,1,52.2,0
MSME004242,Lakshmi Foods,3.6,retail,West Bengal,8,520874.74,449450.52,75301.76,0,34,0.317,1,88.6,5890761.23,14.3,0.453,1,40.6,0
MSME004243,National Suppliers,15.9,trading,Uttar Pradesh,6,813418.1,692733.55,77642.6,0,127,0.281,1,71.8,8182351.59,7.4,0.206,0,18.6,0
MSME004244,Shree Caterers,3.1,retail,Madhya Pradesh,15,734436.84,686926.72,96437.43,0,32,0.371,1,80.7,6551800.36,21.1,0.63,1,50.6,1
MSME004245,Maruti Fabrics,7.0,retail,Bihar,21,717058.78,704981.93,19774.7,3,79,0.347,1,72.5,6083829.46,12.2,0.725,1,63.4,0
MSME004246,Lakshmi Suppliers,6.4,retail,Karnataka,15,846380.91,730432.76,110231.57,0,65,0.321,1,82.5,9550992.23,7.8,0.723,0,37.2,0
MSME004247,Lakshmi Caterers,6.8,services,Haryana,8,193443.14,192710.52,20706.25,0,76,0.293,0,,,,0.508,0,35.4,0
MSME004248,Annapurna Bakers,14.1,retail,Tamil Nadu,10,305144.62,278875.86,3289.04,2,111,0.383,0,,,,0.815,1,62.9,0
MSME004249,Classic Garments,5.3,retail,Maharashtra,9,208689.45,187965.12,32640.22,0,58,0.238,1,92.1,2642111.71,2.0,0.85,1,75.7,0
MSME004250,Maruti Industries,6.1,trading,Maharashtra,6,617771.06,572878.93,122196.14,0,58,0.248,1,84.1,5740630.43,6.1,0.317,0,5.4,0
MSME004251,Vishwakarma Suppliers,6.3,trading,Tamil Nadu,7,601012.14,589630.68,26571.95,0,39,0.429,1,70.8,6237420.08,15.0,0.499,0,37.0,0
MSME004252,Maruti Suppliers,20.3,retail,Rajasthan,23,1272169.0,1037508.06,226640.29,0,198,0.094,1,92.5,16709775.08,1.1,0.638,1,59.8,0
MSME004253,Modern Engineering Works,11.6,food,Maharashtra,7,413212.59,352299.07,63346.39,0,75,0.249,1,89.2,4048915.08,9.2,0.607,0,29.9,0
MSME004254,Ganesh Metals,1.1,trading,Karnataka,27,508738.69,391314.23,119797.2,1,6,0.112,1,100.0,4795862.29,0.0,0.308,1,43.9,1
MSME004255,Ganesh Bakers,3.2,retail,Kerala,20,612769.45,531579.23,23815.91,2,31,0.326,1,71.1,7457555.93,10.9,0.813,1,72.3,0
MSME004256,Ganesh Electricals,5.6,services,Telangana,2,95423.63,90879.09,10001.8,0,42,0.168,0,,,,0.603,1,53.8,0
MSME004257,Ganesh Plastics,13.9,manufacturing,Madhya Pradesh,4,361915.55,352012.07,22357.74,0,137,0.366,1,70.6,3725132.68,1.9,0.186,0,24.7,0
MSME004258,Sai Textiles,14.9,trading,Madhya Pradesh,32,208483.15,179982.72,23783.61,0,116,0.129,0,,,,0.324,0,27.4,0
MSME004259,Hanuman Textiles,5.0,retail,Bihar,169,1300572.75,1274039.12,50006.56,1,27,0.127,1,85.1,16165834.03,10.2,0.64,0,20.6,0
MSME004260,Shree Engineering Works,3.1,services,Rajasthan,1,186143.31,155382.34,22467.39,0,27,0.112,0,,,,0.604,0,34.0,0
MSME004261,Kaveri Agencies,4.5,trading,Gujarat,4,375771.81,388687.75,53399.84,1,23,0.507,1,64.6,4476715.38,25.4,0.104,0,3.5,1
MSME004262,Kaveri Engineering Works,5.7,trading,Tamil Nadu,2,196308.1,173442.85,28337.71,0,46,0.227,1,91.6,2357728.68,5.0,0.281,0,0.0,0
MSME004263,Lakshmi Textiles,4.2,food,Maharashtra,9,254346.48,228637.66,10958.11,1,15,0.309,0,,,,0.556,1,57.0,1
MSME004264,New Exports,12.4,food,Karnataka,9,537811.18,544671.47,0.0,4,85,0.622,1,65.8,6614388.95,11.7,0.786,0,36.3,0
MSME004265,Krishna Suppliers,3.9,services,Rajasthan,8,184809.14,164589.4,28519.32,0,41,0.267,1,86.5,1666722.29,11.7,0.61,0,32.4,0
MSME004266,Modern Electricals,2.4,retail,Maharashtra,5,494260.4,493686.67,1653.84,2,17,0.413,1,80.1,4497326.83,2.3,0.89,1,77.3,0
MSME004267,Maruti Garments,4.4,services,Tamil Nadu,1,138928.43,131757.49,12597.09,0,43,0.491,1,89.2,1337384.24,0.7,0.562,1,62.6,0
MSME004268,Classic Engineering Works,6.6,food,Telangana,6,128942.16,118632.55,22006.78,1,54,0.338,0,,,,0.789,1,71.3,0
MSME004269,Shree Logistics,12.6,food,Tamil Nadu,1,371072.41,337458.19,67463.46,0,121,0.383,0,,,,0.74,1,45.8,0
MSME004270,Om Suppliers,2.3,retail,Gujarat,26,1280112.1,1183600.25,162210.87,1,23,0.24,1,85.4,14231658.84,8.8,0.6,0,32.9,0
MSME004271,New Solutions,6.6,retail,Uttar Pradesh,1,170950.14,167122.82,17061.55,0,64,0.119,0,,,,0.552,1,39.5,0
MSME004272,Om Enterprises,6.8,retail,Uttar Pradesh,2,209695.22,183993.97,31203.86,0,57,0.239,0,,,,0.781,0,33.4,0
MSME004273,Classic Bakers,7.8,manufacturing,Bihar,5,422189.91,399736.84,23590.79,2,65,0.216,1,88.3,5424025.2,9.8,0.064,0,20.7,0
MSME004274,Ganesh Electricals,3.9,trading,Maharashtra,8,319218.18,245515.85,79804.54,0,28,0.05,1,83.3,2922376.67,7.0,0.135,0,8.7,0
MSME004275,Shree Enterprises,7.7,trading,Tamil Nadu,5,305093.59,272593.59,28081.69,0,67,0.22,1,85.9,3125484.06,1.7,0.424,0,7.5,0
MSME004276,New Stores,9.1,trading,Haryana,14,756141.12,787687.89,0.0,5,106,0.474,1,78.1,8012623.49,6.9,0.492,0,25.5,1
MSME004277,Sai Textiles,3.9,retail,Rajasthan,8,1349854.32,1443628.58,0.0,3,26,0.551,1,95.6,12822501.34,7.5,0.461,1,70.1,0
MSME004278,New Textiles,6.1,manufacturing,West Bengal,6,421364.46,392808.25,74222.91,0,38,0.246,1,71.0,4831854.28,17.1,0.144,1,28.2,0
MSME004279,Sri Solutions,4.6,trading,West Bengal,9,906641.76,893927.88,0.0,2,38,0.478,1,64.8,8257564.67,15.4,0.135,1,14.4,1
MSME004280,National Foods,2.7,retail,Uttar Pradesh,24,730355.31,703141.6,0.0,1,26,0.309,1,92.8,9430249.02,0.0,0.838,1,70.4,0
MSME004281,Shiv Garments,1.6,services,Gujarat,4,131598.51,134499.69,0.0,3,9,0.354,1,88.9,1590425.11,0.0,0.529,0,49.0,0
MSME004282,Royal Foods,3.1,services,Gujarat,4,325722.32,290686.9,57370.3,0,33,0.168,0,,,,0.504,0,23.6,0
MSME004283,Annapurna Industries,3.3,services,Uttar Pradesh,1,199857.05,167443.47,49964.26,0,25,0.05,1,80.3,2301937.83,4.3,0.585,1,71.2,0
MSME004284,Vishwakarma Traders,1.5,manufacturing,Uttar Pradesh,11,1376694.37,1346745.39,78718.57,1,11,0.425,1,100.0,12541694.08,5.2,0.077,0,4.0,0
MSME004285,Balaji Traders,7.3,retail,West Bengal,40,1606478.36,1461491.45,46485.58,3,39,0.172,1,90.9,20891281.32,0.6,0.802,0,65.9,0
MSME004286,New Plastics,9.6,retail,Maharashtra,3,394511.92,389336.9,0.0,4,82,0.553,1,87.7,4878745.87,0.5,0.787,1,66.8,0
MSME004287,Sri Exports,4.5,retail,Maharashtra,1,448505.91,455249.73,80827.69,1,41,0.276,1,79.8,5024801.25,4.3,0.583,0,30.1,0
MSME004288,National Traders,5.1,services,Karnataka,28,548740.06,527570.25,86526.79,0,55,0.072,1,100.0,4751428.03,0.0,0.624,1,64.9,0
MSME004289,New Electricals,3.5,food,Rajasthan,2,431484.22,398781.5,0.0,6,27,0.339,1,68.4,5527253.95,21.0,0.471,1,45.2,0
MSME004290,Ganesh Engineering Works,4.8,trading,West Bengal,10,563460.51,490512.53,140865.13,0,50,0.095,1,74.2,6722003.14,6.7,0.29,0,12.5,0
MSME004291,Sai Associates,7.7,manufacturing,Maharashtra,34,1582919.82,1741211.8,0.0,8,84,0.615,1,100.0,13920965.06,0.0,0.026,0,0.2,0
MSME004292,Classic Solutions,6.7,services,Madhya Pradesh,6,721847.54,709663.86,56754.14,0,73,0.396,1,75.6,8098857.66,4.6,0.476,0,41.6,0
MSME004293,Shiv Stores,4.8,food,Andhra Pradesh,7,505017.88,461373.75,51295.63,0,51,0.218,1,74.2,4583801.66,17.8,0.511,0,11.3,0
MSME004294,Sai Caterers,3.3,trading,Karnataka,4,268771.18,266425.19,58562.51,1,23,0.297,1,84.0,2413598.59,7.9,0.203,0,0.5,1
MSME004295,Classic Textiles,9.0,retail,Andhra Pradesh,7,328789.58,327354.72,31759.16,1,82,0.095,1,84.3,3579438.27,0.0,0.687,0,52.2,0
MSME004296,Modern Foods,3.6,manufacturing,Gujarat,6,774586.21,668030.97,80588.0,0,38,0.33,1,86.3,9549504.28,0.9,0.133,0,8.0,0
MSME004297,Vishwakarma Fabrics,1.7,manufacturing,Maharashtra,10,977029.18,966784.1,65095.65,0,16,0.496,1,81.4,11070852.29,11.6,0.086,0,0.0,1
MSME004298,New Electricals,5.8,services,Gujarat,8,444200.78,457179.21,16036.79,6,55,0.391,1,80.4,4200817.67,16.1,0.46,1,55.1,0
MSME004299,Shree Metals,0.9,manufacturing,Rajasthan,6,431310.58,341903.69,107827.64,0,9,0.05,1,88.7,4048531.99,2.4,0.144,0,7.1,0
MSME004300,Sai Plastics,6.4,trading,Andhra Pradesh,8,553728.53,583330.03,28194.74,3,51,0.48,1,70.4,5628505.8,17.8,0.416,0,17.5,0
MSME004301,Lakshmi Foods,6.8,services,Tamil Nadu,7,335495.06,301278.5,5740.08,3,55,0.539,0,,,,0.648,0,27.2,0
MSME004302,Durga Metals,3.1,retail,Tamil Nadu,10,397227.83,311710.11,47152.67,0,34,0.079,1,99.3,4980424.02,13.0,0.887,0,45.4,0
MSME004303,Balaji Associates,3.5,trading,Kerala,6,1342656.38,1468006.28,11151.75,5,38,0.503,1,82.0,16411463.95,3.0,0.339,0,0.0,1
MSME004304,Shree Metals,9.9,retail,Tamil Nadu,9,344199.66,290242.48,76424.37,0,92,0.206,1,77.3,3543435.08,21.7,0.467,0,20.6,0
MSME004305,Durga Plastics,19.0,retail,West Bengal,2,375042.74,283633.89,93760.68,0,87,0.05,1,100.0,4539403.58,6.1,0.551,1,64.5,0
MSME004306,New Industries,5.3,retail,Tamil Nadu,2,308544.07,272984.76,37501.56,0,57,0.451,0,,,,0.838,1,76.9,0
MSME004307,Sri Stores,3.1,services,Delhi,103,449230.27,398731.82,62371.4,1,8,0.299,1,81.9,4848156.42,13.0,0.383,1,42.1,0
MSME004308,New Industries,6.9,manufacturing,Uttar Pradesh,4,226416.29,245935.33,1550.89,3,65,0.579,0,,,,0.172,0,0.0,1
MSME004309,National Stores,4.7,trading,Bihar,16,587850.79,463598.85,74366.07,0,45,0.093,1,71.5,5803559.0,14.8,0.178,0,4.8,1
MSME004310,Hanuman Exports,6.5,trading,Karnataka,9,176453.6,185530.71,0.0,5,57,0.583,1,82.4,1588596.14,12.3,0.257,0,0.0,0
MSME004311,Om Fabrics,5.8,retail,Punjab,28,1724675.77,1798039.31,24078.92,4,39,0.399,1,69.1,20853446.45,10.7,0.739,1,69.2,1
MSME004312,Royal Bakers,5.9,trading,Haryana,9,423329.99,402665.42,57418.08,0,52,0.368,1,79.6,5322962.91,20.9,0.447,0,29.1,0
MSME004313,Ganesh Exports,0.6,retail,Telangana,43,562328.94,486702.2,98219.48,0,6,0.156,1,78.5,4833429.2,10.4,0.458,1,56.9,0
MSME004314,Sai Bakers,3.5,services,Maharashtra,107,1748208.44,1893285.71,0.0,4,34,0.666,1,84.8,20117738.02,8.1,0.262,0,23.5,1
MSME004315,New Industries,3.2,food,Rajasthan,5,284680.46,289083.39,19407.43,1,33,0.415,1,69.1,3069537.42,19.3,0.888,1,80.8,1
MSME004316,Lakshmi Industries,3.2,trading,Andhra Pradesh,19,926251.87,886119.62,37417.43,1,29,0.568,1,100.0,10833012.21,5.9,0.443,0,24.8,0
MSME004317,Modern Solutions,8.1,services,West Bengal,5,257769.16,266556.56,25376.49,2,83,0.225,1,80.0,2499057.92,15.2,0.296,0,11.5,0
MSME004318,Vishwakarma Associates,1.8,services,Andhra Pradesh,50,726694.65,758940.7,36653.33,0,20,0.472,1,86.2,9257913.69,11.5,0.457,0,19.9,0
MSME004319,Royal Plastics,0.6,retail,Telangana,5,637527.4,627854.36,14584.04,3,6,0.369,1,72.2,6682973.4,26.1,0.703,0,37.8,0
MSME004320,Shree Textiles,3.1,trading,Tamil Nadu,3,230606.45,202368.66,40260.24,0,15,0.158,1,73.0,1995624.83,14.3,0.456,0,31.6,0
MSME004321,Durga Engineering Works,2.6,retail,Uttar Pradesh,27,833242.12,791377.8,67534.87,0,29,0.202,1,78.4,7420021.79,11.7,0.529,1,45.2,0
MSME004322,Vishwakarma Stores,5.3,trading,Tamil Nadu,6,120941.33,110951.92,17299.34,0,54,0.11,0,,,,0.392,0,23.6,0
MSME004323,Shiv Metals,2.6,manufacturing,Madhya Pradesh,9,1161269.83,1074716.22,97271.62,0,26,0.319,1,75.0,13890780.37,12.0,0.136,0,0.0,0
MSME004324,Lakshmi Caterers,4.1,trading,Rajasthan,8,367007.29,352374.07,63842.9,0,46,0.185,1,87.7,3096044.47,0.0,0.202,0,15.0,0
MSME004325,Modern Exports,3.7,trading,Maharashtra,1,253475.72,209680.6,21948.23,0,30,0.187,0,,,,0.226,0,5.8,0
MSME004326,Maruti Plastics,12.1,retail,Bihar,16,504169.7,469458.8,32320.82,0,80,0.415,1,81.2,6477085.62,6.4,0.847,0,63.3,0
MSME004327,Royal Textiles,2.6,trading,Maharashtra,18,372615.06,339992.24,43992.83,1,28,0.412,1,90.4,3870233.64,15.7,0.454,0,21.8,0
MSME004328,Vishwakarma Enterprises,7.8,food,Gujarat,29,293570.67,280957.21,21038.82,0,84,0.231,1,84.9,3122137.88,3.2,0.799,0,45.6,1
MSME004329,Shree Exports,4.8,trading,Rajasthan,49,1148709.91,1134975.66,108497.27,0,28,0.336,1,52.1,9705785.84,14.4,0.2,0,0.0,0
MSME004330,Royal Associates,10.1,services,Rajasthan,4,451271.69,354469.0,77898.69,0,91,0.3,1,92.0,5608185.9,10.0,0.298,1,45.7,0
MSME004331,Annapurna Industries,14.7,retail,Uttar Pradesh,29,391421.85,332353.06,65450.81,0,173,0.094,1,100.0,4074673.35,13.7,0.747,1,75.1,0
MSME004332,Lakshmi Exports,4.7,retail,Bihar,7,557968.32,562609.54,52984.06,0,52,0.381,1,72.2,7114912.01,4.6,0.657,0,28.3,0
MSME004333,Royal Suppliers,1.0,trading,Andhra Pradesh,6,620936.42,493156.81,127998.86,0,10,0.213,1,84.0,5238878.22,20.8,0.191,0,9.4,1
MSME004334,Royal Metals,1.8,food,Madhya Pradesh,17,361743.22,364437.72,16853.37,0,12,0.538,1,74.6,3060100.56,6.4,0.55,0,21.4,0
MSME004335,Classic Caterers,1.4,retail,Delhi,26,302545.3,279507.32,13410.0,3,10,0.506,0,,,,0.624,1,57.3,1
MSME004336,Vishwakarma Electricals,3.5,services,Tamil Nadu,45,672496.97,673031.09,56646.18,1,19,0.244,1,84.6,6059033.79,0.0,0.698,1,71.4,1
MSME004337,New Agencies,3.0,retail,Uttar Pradesh,8,527371.59,500885.54,83194.08,0,32,0.317,1,81.5,6210918.06,9.6,0.72,0,57.6,0
MSME004338,Ganesh Bakers,6.0,services,Maharashtra,8,394171.59,348224.55,73363.3,0,58,0.152,1,84.7,3507791.21,5.3,0.605,0,39.8,0
MSME004339,Sri Stores,9.5,services,Bihar,4,238319.77,208913.47,15353.65,0,69,0.219,1,76.2,2024016.03,10.9,0.378,0,9.5,0
MSME004340,Om Engineering Works,0.9,services,Uttar Pradesh,50,916306.72,828148.2,136200.3,0,9,0.245,1,77.7,10611449.43,7.5,0.401,1,46.0,0
MSME004341,Sai Stores,5.1,retail,Delhi,5,750592.39,684647.64,126134.29,0,49,0.254,1,87.9,6521264.93,0.0,0.87,1,79.5,0
MSME004342,Vishwakarma Textiles,2.7,retail,West Bengal,2,185692.68,174464.34,15438.97,0,17,0.224,0,,,,0.508,0,0.1,0
MSME004343,Shiv Exports,5.2,manufacturing,Telangana,8,474237.49,435712.92,118559.37,2,46,0.05,1,90.4,5313905.93,2.2,0.117,0,9.2,0
MSME004344,Lakshmi Electricals,3.5,services,Rajasthan,5,1596732.17,1561834.04,0.0,5,30,0.708,1,81.7,16246808.3,15.9,0.435,0,25.5,1
MSME004345,Maruti Solutions,8.4,retail,Bihar,4,410514.22,407951.26,28096.12,0,85,0.269,1,94.2,3998042.97,8.0,0.633,0,54.0,0
MSME004346,Om Traders,2.0,trading,Rajasthan,8,248307.26,212080.37,40749.28,0,14,0.353,0,,,,0.455,0,25.0,0
MSME004347,Shree Bakers,2.8,retail,Karnataka,10,354937.2,326825.43,79142.0,0,18,0.05,1,99.0,3844536.28,0.0,0.62,1,72.5,0
MSME004348,Annapurna Engineering Works,4.5,trading,Bihar,9,340608.48,326528.58,31057.14,1,29,0.357,1,81.7,3857116.34,0.0,0.215,0,9.5,0
MSME004349,New Traders,3.8,trading,Uttar Pradesh,35,960149.22,849608.58,53125.35,1,39,0.514,1,78.1,8929123.67,15.6,0.36,0,25.8,0
MSME004350,Maruti Stores,4.5,retail,Kerala,2,335964.76,338887.2,0.0,1,51,0.552,1,86.4,3660304.75,8.2,0.886,1,76.7,0
MSME004351,Hanuman Stores,1.1,trading,Madhya Pradesh,45,592189.75,529986.38,54583.28,0,11,0.246,1,85.9,7775870.86,10.2,0.147,0,23.4,0
MSME004352,Krishna Industries,13.2,services,Bihar,9,1171174.66,994048.87,100247.08,0,108,0.171,1,92.1,15407698.23,0.0,0.286,0,28.3,0
MSME004353,Krishna Traders,3.3,food,Uttar Pradesh,6,340610.18,289599.4,85152.55,0,15,0.077,1,83.9,3244616.64,8.2,0.51,1,49.0,0
MSME004354,Vishwakarma Industries,2.1,services,Maharashtra,2,208336.91,212210.28,17808.3,0,9,0.434,0,,,,0.353,0,5.6,0
MSME004355,Shiv Exports,4.6,trading,Maharashtra,4,206462.07,214712.81,15154.61,4,49,0.416,0,,,,0.22,0,20.0,1
MSME004356,National Industries,5.1,manufacturing,West Bengal,3,253861.93,233520.89,36684.59,0,31,0.276,0,,,,0.124,0,22.3,0
MSME004357,Modern Logistics,17.2,retail,Uttar Pradesh,3,161595.52,173154.51,20608.5,0,189,0.681,0,,,,0.518,0,14.7,0
MSME004358,Lakshmi Enterprises,10.6,services,Haryana,7,352114.5,311246.19,86424.99,0,98,0.269,1,71.2,4513000.4,12.6,0.251,0,29.7,0
MSME004359,Durga Fabrics,3.7,retail,Punjab,43,441029.74,485132.72,0.0,6,41,0.535,1,65.5,5565860.49,7.0,0.543,1,47.4,1
MSME004360,Modern Bakers,15.2,retail,Maharashtra,5,576010.26,505642.42,119594.41,1,167,0.2,1,75.3,6277092.69,5.9,0.891,0,61.4,0
MSME004361,Shree Logistics,13.2,services,Bihar,8,295221.06,290656.93,10617.03,2,119,0.05,0,,,,0.569,0,31.0,0
MSME004362,New Caterers,2.1,retail,Tamil Nadu,27,989480.94,822710.09,136954.98,0,12,0.097,1,83.4,9446782.38,6.6,0.692,1,74.5,0
MSME004363,Shiv Caterers,19.9,services,Gujarat,9,552856.51,536881.94,74064.84,0,179,0.125,1,70.0,6211144.65,10.2,0.272,0,18.8,0
MSME004364,Modern Traders,3.3,services,Tamil Nadu,1,309562.55,278227.81,30600.21,0,35,0.294,1,76.0,3289365.65,9.4,0.343,0,28.6,0
MSME004365,Krishna Electricals,5.6,retail,Andhra Pradesh,9,732125.34,633882.56,109718.81,1,44,0.324,1,90.2,9067452.2,8.7,0.828,1,67.5,0
MSME004366,National Fabrics,11.9,trading,Kerala,2,980815.7,840891.8,159404.11,0,135,0.361,1,82.1,12481672.93,17.5,0.381,0,8.7,0
MSME004367,Annapurna Electricals,0.9,services,Maharashtra,1,136071.77,104155.91,34017.94,0,8,0.163,0,,,,0.605,0,43.1,1
MSME004368,Balaji Logistics,4.5,services,Tamil Nadu,46,1100582.26,1131925.9,17548.79,2,47,0.39,1,63.7,10688902.18,10.3,0.458,0,35.3,0
MSME004369,Classic Fabrics,6.3,manufacturing,Rajasthan,1,370756.96,407832.66,0.0,5,57,0.58,1,52.1,3150678.5,13.6,0.053,0,0.0,0
MSME004370,Om Solutions,10.4,trading,Karnataka,1,476841.39,444752.07,30384.34,0,108,0.553,1,79.1,6186873.64,4.1,0.45,0,28.7,0
MSME004371,Krishna Electricals,4.9,manufacturing,Maharashtra,14,703336.04,737236.22,11925.18,2,38,0.414,1,87.9,7466046.34,7.4,0.186,0,5.3,0
MSME004372,Annapurna Electricals,0.9,trading,Andhra Pradesh,4,771656.82,740520.22,15492.02,1,9,0.389,1,68.6,7092153.3,20.7,0.106,1,18.2,0
MSME004373,Kaveri Traders,17.1,retail,Delhi,100,455211.24,486218.88,15326.12,7,173,0.447,1,70.3,5536610.96,19.7,0.865,0,50.9,0
MSME004374,National Engineering Works,5.1,services,Gujarat,43,389757.34,401514.69,57059.38,0,56,0.55,1,92.6,4800808.57,17.0,0.505,0,33.6,0
MSME004375,Ganesh Engineering Works,6.5,retail,Andhra Pradesh,9,326906.47,281600.28,39685.98,0,77,0.215,1,87.3,3443717.69,6.1,0.464,0,22.1,0
MSME004376,Krishna Plastics,1.2,retail,Madhya Pradesh,7,397662.95,338403.54,46046.29,2,12,0.094,1,91.2,4965677.75,1.9,0.851,1,83.6,0
MSME004377,Ganesh Exports,12.8,retail,West Bengal,5,383918.41,342760.82,17787.94,1,104,0.349,1,73.4,4622846.26,12.2,0.807,0,37.2,0
MSME004378,Lakshmi Bakers,3.4,manufacturing,Telangana,10,397859.25,423700.06,31865.18,1,17,0.415,1,84.1,4135810.08,0.0,0.08,0,15.5,0
MSME004379,Annapurna Fabrics,2.7,food,Rajasthan,5,178356.29,152528.9,44589.07,1,17,0.05,1,88.4,1581392.59,6.2,0.867,0,37.7,0
MSME004380,Classic Logistics,10.9,food,Karnataka,1,131828.06,104070.3,16460.65,1,116,0.185,0,,,,0.572,1,60.7,0
MSME004381,Classic Traders,1.4,trading,Tamil Nadu,1,103778.72,98660.79,9250.01,0,11,0.342,0,,,,0.197,0,11.9,1
MSME004382,Balaji Plastics,6.5,trading,Madhya Pradesh,6,389908.73,337617.34,28306.39,0,59,0.409,1,89.8,4319964.4,13.4,0.481,0,35.4,0
MSME004383,Maruti Logistics,2.6,manufacturing,Uttar Pradesh,34,838137.23,775126.88,47584.0,0,29,0.45,1,100.0,8882321.34,0.0,0.134,0,11.1,0
MSME004384,Krishna Foods,7.1,trading,Tamil Nadu,3,472142.06,354106.55,107302.97,0,45,0.05,1,89.9,4420498.85,2.7,0.301,0,20.5,0
MSME004385,Maruti Exports,8.5,trading,Rajasthan,4,442974.92,373538.36,9297.95,8,93,0.312,1,80.4,4404620.81,0.3,0.394,0,21.5,0
MSME004386,Sri Logistics,3.3,retail,Gujarat,4,938049.14,860444.33,94559.43,0,27,0.251,1,81.8,9782825.84,10.0,0.409,1,52.6,0
MSME004387,Lakshmi Fabrics,12.3,services,Uttar Pradesh,4,516094.77,567704.25,0.0,3,103,0.626,1,80.1,6304169.79,21.4,0.563,0,19.8,0
MSME004388,Sai Bakers,5.1,services,Uttar Pradesh,10,653397.3,606512.01,39019.62,2,54,0.354,1,82.3,5577323.8,10.1,0.7,1,42.3,1
MSME004389,Ganesh Exports,17.3,trading,Andhra Pradesh,1,324720.77,328979.85,42500.1,0,95,0.204,0,,,,0.453,0,42.8,0
MSME004390,Krishna Agencies,11.0,retail,West Bengal,2,380849.84,361188.13,33617.53,0,71,0.275,1,86.5,4603249.99,3.1,0.699,1,48.4,0
MSME004391,Annapurna Agencies,5.5,services,Gujarat,3,268018.07,273473.0,24449.26,1,59,0.456,1,83.4,2439218.01,12.4,0.366,0,36.3,0
MSME004392,National Stores,5.5,services,Andhra Pradesh,8,430072.57,441444.13,73865.42,3,51,0.257,1,72.3,4846956.62,8.5,0.445,0,18.1,1
MSME004393,Shree Exports,1.5,retail,Telangana,3,922664.72,941307.34,93489.58,0,11,0.552,1,72.9,12134211.31,6.4,0.676,1,75.7,0
MSME004394,Sai Exports,10.9,trading,Maharashtra,3,356444.97,391119.09,16018.35,5,99,0.405,1,76.3,4661476.73,13.9,0.124,0,19.6,0
MSME004395,Om Textiles,3.0,food,Karnataka,34,264041.52,251509.36,20093.25,0,27,0.587,1,97.3,3145174.2,11.0,0.653,0,34.9,0
MSME004396,Om Plastics,6.0,services,Tamil Nadu,8,597292.22,584991.4,71683.22,1,59,0.204,1,83.9,7813554.32,3.0,0.531,1,53.2,0
MSME004397,Lakshmi Foods,17.2,services,Karnataka,7,632786.83,631730.43,98770.89,1,146,0.31,1,82.0,6783631.85,10.8,0.516,0,22.3,0
MSME004398,Lakshmi Garments,12.2,services,Madhya Pradesh,48,762160.54,689725.28,76667.9,0,99,0.254,1,92.4,8715168.66,0.0,0.254,0,14.4,0
MSME004399,Sai Bakers,2.2,food,Maharashtra,7,121201.68,98657.23,1768.16,4,24,0.41,1,73.5,1304937.18,6.0,0.851,1,74.9,0
MSME004400,Durga Fabrics,5.1,trading,Karnataka,7,971315.16,851140.29,137041.3,0,56,0.388,1,53.1,12123779.65,36.7,0.211,0,31.0,0
MSME004401,Maruti Plastics,6.5,retail,Tamil Nadu,7,470203.62,430871.72,84047.55,1,52,0.294,1,81.9,4656518.34,6.2,0.513,0,12.0,0
MSME004402,Balaji Solutions,13.2,trading,Karnataka,6,385193.09,397130.15,9689.44,3,99,0.383,0,,,,0.386,0,20.0,0
MSME004403,Maruti Solutions,11.9,manufacturing,Maharashtra,6,984388.93,881876.99,114785.88,2,105,0.268,1,91.7,10703589.98,8.7,0.21,1,43.3,0
MSME004404,Classic Exports,7.7,retail,Telangana,8,141678.33,113829.07,34093.88,0,87,0.385,0,,,,0.631,1,48.1,0
MSME004405,Lakshmi Fabrics,7.2,retail,Karnataka,21,614353.82,559218.12,29558.56,0,78,0.339,1,93.6,7583962.63,7.8,0.52,1,64.2,0
MSME004406,Royal Electricals,5.0,retail,Uttar Pradesh,4,259822.06,266538.08,0.0,3,49,0.517,1,92.6,2821135.92,8.3,0.823,0,56.8,0
MSME004407,Lakshmi Bakers,6.3,services,Bihar,4,750069.22,617975.01,167607.77,0,57,0.134,1,100.0,6601264.64,0.0,0.25,1,46.5,0
MSME004408,Annapurna Agencies,4.1,services,Maharashtra,157,1145081.37,927954.05,222961.7,0,36,0.05,1,99.6,13540137.64,10.3,0.549,1,51.6,0
MSME004409,Lakshmi Engineering Works,9.1,trading,West Bengal,3,230246.34,200495.24,48550.21,0,96,0.182,1,95.1,2108648.3,0.0,0.112,0,14.2,0
MSME004410,Ganesh Industries,7.5,retail,Rajasthan,18,1031166.39,1033198.79,111337.95,0,76,0.37,1,100.0,10703030.38,0.0,0.42,0,21.9,0
MSME004411,Balaji Metals,10.6,manufacturing,Maharashtra,37,229617.83,212948.78,11729.74,1,75,0.249,1,67.7,2223446.83,22.9,0.201,0,7.7,0
MSME004412,Krishna Engineering Works,10.4,retail,Tamil Nadu,200,1510455.07,1515556.79,31248.22,4,112,0.641,1,100.0,15895283.34,7.0,0.786,1,75.6,0
MSME004413,Ganesh Metals,3.0,services,Maharashtra,9,210604.32,163984.49,43196.65,0,34,0.141,1,62.8,2724112.94,14.3,0.294,0,11.9,0
MSME004414,Sri Enterprises,0.5,retail,Bihar,1,178348.34,133761.26,41717.39,0,6,0.05,1,99.8,1927480.09,0.0,0.515,1,61.9,0
MSME004415,Shiv Garments,2.8,food,Madhya Pradesh,40,505436.09,528814.13,7462.73,3,25,0.457,1,82.7,4913814.65,10.1,0.75,1,74.6,1
MSME004416,Vishwakarma Exports,6.3,trading,Maharashtra,3,611106.77,672217.45,0.0,10,38,0.571,1,60.7,6949982.91,6.1,0.291,0,26.1,1
MSME004417,Shiv Exports,4.1,services,Maharashtra,2,899360.8,822759.33,78185.6,0,32,0.158,1,88.7,10649777.67,6.3,0.539,0,23.1,0
MSME004418,Annapurna Textiles,4.0,retail,Kerala,4,131456.93,142625.9,9144.15,2,37,0.402,0,,,,0.785,0,48.6,1
MSME004419,Sri Enterprises,2.6,retail,Uttar Pradesh,3,409885.09,388201.6,24175.19,0,22,0.379,1,89.4,3756739.07,1.3,0.84,0,43.7,0
MSME004420,Balaji Electricals,7.0,services,Tamil Nadu,11,1505447.11,1407519.48,161265.97,0,54,0.192,1,93.5,15264076.83,4.1,0.552,0,49.6,0
MSME004421,Sri Plastics,0.9,services,Madhya Pradesh,145,713713.52,702790.59,103382.73,3,8,0.172,1,69.8,8183421.73,14.1,0.646,0,23.8,1
MSME004422,Modern Fabrics,7.7,manufacturing,Maharashtra,6,361166.5,339147.72,19272.3,1,75,0.316,1,92.1,4369257.55,0.0,0.292,0,17.5,0
MSME004423,New Plastics,7.8,services,Delhi,10,495929.34,479220.78,64953.18,0,73,0.249,1,85.3,5837981.75,7.2,0.463,0,24.9,0
MSME004424,Shiv Foods,10.5,services,Maharashtra,5,557155.99,513372.95,72788.7,0,85,0.376,1,88.0,6260659.78,0.0,0.62,0,34.5,0
MSME004425,Ganesh Engineering Works,31.5,manufacturing,Andhra Pradesh,10,858161.42,905651.31,0.0,2,240,0.635,1,59.9,8793389.61,14.3,0.225,0,1.0,0
MSME004426,Royal Suppliers,0.5,trading,Gujarat,4,331771.85,287450.95,50362.14,1,6,0.221,0,,,,0.156,0,1.9,1
MSME004427,Lakshmi Exports,7.5,manufacturing,Uttar Pradesh,30,535953.92,457251.97,35396.56,0,54,0.199,1,83.6,6572820.51,17.4,0.071,0,0.0,0
MSME004428,Shiv Caterers,8.7,trading,Gujarat,8,1027909.28,1111709.44,0.0,2,89,0.474,1,88.5,11516240.47,11.4,0.398,0,9.2,0
MSME004429,New Exports,2.8,trading,Punjab,26,464954.68,461297.75,28065.28,2,28,0.304,1,60.0,3949611.48,27.4,0.485,0,23.7,1
MSME004430,Classic Associates,4.4,manufacturing,Karnataka,2,128041.77,116312.18,10228.76,0,47,0.117,0,,,,0.025,0,22.4,0
MSME004431,Classic Enterprises,3.4,retail,Maharashtra,7,186298.38,166199.86,17405.51,0,39,0.373,1,94.5,1596035.61,2.0,0.849,1,79.7,0
MSME004432,Sai Textiles,7.9,retail,Delhi,43,522677.92,470660.24,65230.04,0,78,0.09,1,72.2,6568810.77,14.7,0.602,1,52.3,0
MSME004433,Royal Bakers,11.3,retail,Uttar Pradesh,8,980427.22,925142.59,113186.26,0,68,0.247,1,100.0,11461918.17,2.0,0.451,1,48.6,0
MSME004434,Balaji Electricals,1.8,trading,Maharashtra,7,248991.4,248564.38,1258.99,2,14,0.42,0,,,,0.127,0,0.0,0
MSME004435,Krishna Exports,7.0,services,Maharashtra,10,1005980.54,1106578.59,0.0,2,62,0.628,1,67.5,9058867.76,19.1,0.426,0,0.0,0
MSME004436,Classic Associates,12.9,retail,Telangana,7,850196.52,795181.67,110618.65,0,143,0.393,1,100.0,11173580.42,6.9,0.809,0,45.0,0
MSME004437,Durga Enterprises,3.0,retail,Uttar Pradesh,6,447628.52,394434.32,70747.71,0,31,0.158,1,100.0,4825232.69,0.0,0.551,0,28.5,0
MSME004438,Classic Garments,2.4,trading,Uttar Pradesh,45,206829.18,204717.29,28575.45,0,25,0.28,1,88.9,2172992.25,10.7,0.324,1,41.3,1
MSME004439,Ganesh Electricals,2.1,retail,Delhi,7,216044.52,185444.39,54011.13,0,15,0.141,0,,,,0.855,0,43.2,0
MSME004440,Ganesh Industries,2.5,retail,West Bengal,4,246901.24,231479.39,14232.78,2,19,0.456,1,66.6,2290370.21,29.8,0.496,1,47.9,1
MSME004441,Ganesh Exports,17.0,retail,Tamil Nadu,3,830722.23,790487.76,97660.41,0,139,0.334,1,87.5,7016994.34,4.8,0.55,0,34.8,0
MSME004442,Maruti Exports,19.7,manufacturing,Karnataka,16,503834.11,501921.71,27898.0,0,226,0.366,1,74.9,4924529.14,12.8,0.031,0,0.0,0
MSME004443,Durga Textiles,14.1,services,Tamil Nadu,10,284732.55,247738.11,51675.73,0,113,0.119,0,,,,0.665,1,62.4,0
MSME004444,Shiv Garments,4.1,retail,Rajasthan,34,741273.34,780725.98,0.0,2,45,0.424,1,86.0,8572367.82,21.7,0.693,0,22.6,0
MSME004445,Sri Logistics,14.5,retail,Tamil Nadu,10,212591.44,172376.61,33914.35,0,149,0.05,1,94.3,2523741.32,10.3,0.665,1,78.8,0
MSME004446,Vishwakarma Engineering Works,2.0,retail,West Bengal,39,687295.88,659382.32,597.76,3,17,0.525,1,84.9,8090346.54,2.7,0.712,1,71.1,0
MSME004447,Ganesh Solutions,9.3,trading,Bihar,21,430153.08,375890.08,61947.23,5,107,0.141,1,100.0,4574383.29,7.9,0.166,0,3.3,0
MSME004448,Annapurna Suppliers,3.2,trading,Gujarat,48,3758143.41,3638903.8,464507.09,0,24,0.399,1,72.8,48526740.89,3.3,0.399,0,18.9,0
MSME004449,Krishna Fabrics,1.8,food,Uttar Pradesh,46,363354.51,313454.72,77238.66,2,15,0.105,0,,,,0.745,0,48.1,0
MSME004450,Royal Enterprises,6.9,services,Gujarat,10,1259068.05,1059708.57,235814.07,0,61,0.092,1,86.0,13915462.12,2.7,0.291,0,24.4,0
MSME004451,Royal Fabrics,7.0,trading,Bihar,8,266218.89,251561.01,28556.45,0,77,0.426,0,,,,0.409,0,17.6,1
MSME004452,Lakshmi Electricals,7.5,retail,Telangana,3,370530.59,312750.36,52462.72,0,80,0.314,1,71.8,3747976.58,17.9,0.759,0,36.8,1
MSME004453,Shiv Logistics,8.1,services,Telangana,3,398470.69,320901.66,60466.59,0,82,0.172,0,,,,0.484,1,46.2,0
MSME004454,Sri Metals,6.6,food,Punjab,4,310825.81,286751.41,45913.42,0,74,0.307,1,74.8,3659459.73,19.5,0.522,0,35.3,0
MSME004455,Hanuman Engineering Works,4.7,retail,Telangana,6,413355.08,414946.92,30869.67,2,50,0.284,1,89.1,5120277.48,3.0,0.643,0,33.0,0
MSME004456,Sai Engineering Works,5.4,manufacturing,Punjab,3,666948.36,567458.88,125675.12,0,52,0.33,1,88.7,6343590.35,0.0,0.022,1,31.1,0
MSME004457,Krishna Enterprises,9.4,retail,West Bengal,228,1495190.25,1426829.73,81996.99,0,82,0.382,1,75.4,14767723.03,14.7,0.862,1,76.0,0
MSME004458,Shree Suppliers,6.4,services,Uttar Pradesh,17,465020.63,405936.37,83634.68,0,63,0.233,1,92.8,3932865.88,5.8,0.652,0,32.2,0
MSME004459,Balaji Fabrics,3.5,retail,West Bengal,8,297725.55,313610.63,12120.17,2,16,0.722,1,79.4,3620566.27,0.0,0.729,1,53.2,1
MSME004460,Durga Exports,2.8,services,Uttar Pradesh,1,198139.74,181587.2,43099.87,0,16,0.115,0,,,,0.478,0,35.8,1
MSME004461,Balaji Textiles,5.4,retail,Maharashtra,10,418494.15,450606.38,0.0,3,45,0.542,1,88.2,4165700.4,0.2,0.428,0,24.8,1
MSME004462,Ganesh Electricals,12.9,trading,Tamil Nadu,5,387789.99,389807.51,20922.96,0,111,0.442,1,98.4,3336024.86,0.0,0.478,0,28.1,0
MSME004463,Krishna Exports,8.2,services,Gujarat,4,344259.18,328495.32,22206.98,0,67,0.404,0,,,,0.614,0,33.6,1
MSME004464,Durga Caterers,13.4,services,Madhya Pradesh,5,162692.0,149504.67,24554.67,0,128,0.231,1,97.8,2067790.03,0.0,0.457,1,39.0,0
MSME004465,Vishwakarma Industries,4.0,services,Gujarat,5,200701.29,212840.09,10350.72,1,29,0.532,0,,,,0.432,0,20.2,1
MSME004466,Sai Electricals,6.1,retail,Maharashtra,6,624881.55,611657.24,7293.83,5,55,0.323,1,78.0,7709802.9,11.1,0.872,0,50.4,1
MSME004467,New Suppliers,6.8,services,Kerala,4,95751.4,86241.93,14621.24,0,49,0.217,0,,,,0.519,1,48.8,0
MSME004468,Classic Foods,9.7,retail,Karnataka,4,675734.98,590826.92,167057.31,1,112,0.188,1,76.3,6001110.5,4.7,0.446,0,27.9,0
MSME004469,Royal Bakers,4.0,services,Uttar Pradesh,4,242761.31,267037.44,0.0,4,44,0.633,1,69.2,3108592.61,15.8,0.658,0,35.1,0
MSME004470,Sri Caterers,8.2,retail,Tamil Nadu,2,710497.78,702256.04,69213.46,0,90,0.376,1,79.4,8858271.46,13.4,0.871,0,35.5,0
MSME004471,Vishwakarma Agencies,12.4,trading,Maharashtra,11,1077244.34,877365.64,174272.64,0,80,0.264,1,90.3,11498975.21,13.6,0.17,0,0.0,0
MSME004472,Royal Logistics,4.9,trading,Kerala,3,309401.54,274572.6,39732.2,0,37,0.298,0,,,,0.151,0,12.0,0
MSME004473,Shiv Fabrics,2.5,food,Uttar Pradesh,5,271977.42,257543.01,30926.59,0,28,0.259,1,66.1,2572670.73,19.2,0.787,1,61.1,0
MSME004474,Balaji Stores,12.7,services,Delhi,104,2124629.55,2086020.22,386470.2,1,106,0.259,1,85.1,20738105.34,8.2,0.655,0,33.4,0
MSME004475,Royal Textiles,8.8,retail,Tamil Nadu,1,463292.29,483225.32,31824.01,0,69,0.438,1,95.1,5633255.0,8.7,0.421,1,40.6,0
MSME004476,Ganesh Traders,1.4,services,Telangana,5,603045.77,467705.02,101196.12,0,13,0.32,1,77.4,5124422.72,4.0,0.575,0,41.0,0
MSME004477,Classic Electricals,5.0,retail,Maharashtra,34,1254018.6,1077300.72,131717.86,0,53,0.179,0,,,,0.628,1,47.3,0
MSME004478,Maruti Industries,17.7,retail,Rajasthan,46,402665.54,373770.35,55043.98,0,138,0.484,1,86.1,4495917.82,6.6,0.65,0,44.0,1
MSME004479,Royal Engineering Works,7.7,trading,Gujarat,5,484030.6,436907.05,40248.18,0,62,0.372,1,96.6,6007184.53,2.8,0.304,0,4.1,0
MSME004480,Om Suppliers,5.4,manufacturing,Tamil Nadu,1,194975.54,170820.35,4108.12,2,62,0.561,0,,,,0.235,0,18.0,1
MSME004481,Shiv Associates,2.2,food,Haryana,38,307969.78,304543.39,14290.33,1,17,0.659,1,58.0,2701378.47,9.5,0.772,1,66.0,1
MSME004482,Lakshmi Foods,2.2,food,Bihar,5,336602.03,304380.86,66718.33,0,19,0.169,1,71.6,3015750.05,7.8,0.62,1,59.9,1
MSME004483,National Traders,9.2,retail,Tamil Nadu,7,330003.65,350249.46,21286.1,2,87,0.523,1,77.2,3573568.27,6.6,0.575,1,59.2,0
MSME004484,Sai Foods,2.4,retail,Bihar,41,645482.15,625324.27,33322.8,0,21,0.447,1,77.0,5429567.84,13.0,0.512,1,51.6,0
MSME004485,Shiv Plastics,6.8,manufacturing,Maharashtra,39,685253.89,589365.49,127977.55,0,28,0.289,1,93.9,8804296.81,0.0,0.165,0,15.2,0
MSME004486,Maruti Fabrics,4.9,retail,Delhi,8,216404.2,187730.2,32332.09,0,42,0.271,1,99.2,2060341.72,15.5,0.574,1,52.7,0
MSME004487,Om Agencies,6.5,services,Gujarat,4,839428.47,830400.72,41555.7,1,37,0.476,1,74.6,10756399.01,6.8,0.49,1,41.1,0
MSME004488,Lakshmi Engineering Works,4.6,food,Uttar Pradesh,6,354114.36,379563.45,0.0,3,54,0.381,1,72.4,3602217.36,3.2,0.612,0,29.4,0
MSME004489,Durga Associates,7.5,retail,Tamil Nadu,16,240707.12,235551.55,25297.15,0,68,0.252,1,85.4,2251859.73,0.0,0.588,0,28.5,0
MSME004490,Maruti Enterprises,10.4,trading,Uttar Pradesh,13,638014.39,625636.89,36772.65,3,101,0.371,1,67.7,5837062.06,14.1,0.329,0,20.2,0
MSME004491,Annapurna Foods,4.7,manufacturing,Delhi,13,1494045.58,1241268.83,219201.37,2,44,0.173,1,72.4,19303301.41,7.3,0.155,0,0.0,0
MSME004492,Annapurna Traders,9.8,services,Tamil Nadu,1,367760.22,348901.19,21777.14,0,108,0.216,1,78.0,4313624.71,9.5,0.472,0,34.3,0
MSME004493,Durga Garments,13.8,food,Uttar Pradesh,50,464052.51,508319.71,0.0,5,104,0.625,1,75.4,5479019.63,9.3,0.673,1,73.9,1
MSME004494,Lakshmi Exports,6.8,services,Telangana,4,251488.17,236420.82,0.0,2,34,0.394,0,,,,0.44,1,46.6,0
MSME004495,Ganesh Associates,9.1,trading,Uttar Pradesh,7,282767.76,270226.5,37730.82,0,57,0.299,0,,,,0.479,0,31.4,0
MSME004496,Hanuman Suppliers,1.8,manufacturing,Maharashtra,49,642660.98,601944.45,34650.25,3,17,0.353,1,76.3,5658235.73,13.8,0.188,0,29.2,0
MSME004497,Ganesh Agencies,4.7,manufacturing,Madhya Pradesh,5,336954.84,370650.32,8656.91,5,42,0.573,1,72.2,3045681.01,23.0,0.071,0,5.4,1
MSME004498,Maruti Bakers,1.2,food,Maharashtra,10,169167.71,161223.3,8421.23,2,11,0.355,1,79.1,1445901.46,7.7,0.856,0,35.8,0
MSME004499,Kaveri Caterers,3.5,trading,Andhra Pradesh,8,390419.44,339057.04,62752.97,0,39,0.096,1,90.8,4415944.94,0.0,0.291,0,13.1,0
MSME004500,Ganesh Industries,4.8,trading,Karnataka,44,1008566.44,944729.2,159491.19,0,50,0.071,1,90.6,12798288.34,10.8,0.498,0,21.5,0
MSME004501,Durga Caterers,18.7,trading,Tamil Nadu,10,424627.92,374182.05,32482.72,0,209,0.362,1,80.5,5068845.49,11.9,0.243,0,15.4,0
MSME004502,Om Textiles,2.8,retail,Rajasthan,5,421777.8,423333.27,41528.11,0,30,0.445,1,91.2,3748882.64,4.4,0.517,0,39.2,0
MSME004503,Modern Foods,5.2,food,Tamil Nadu,1,461264.38,458096.43,27366.77,0,42,0.417,1,83.7,4035622.82,9.3,0.616,1,42.9,0
MSME004504,New Garments,2.4,food,Karnataka,13,1127120.24,993222.51,181695.01,0,15,0.247,1,91.6,11001998.44,1.6,0.856,1,84.2,0
MSME004505,Shree Traders,4.5,trading,Karnataka,46,814996.45,794398.77,24535.53,5,35,0.226,1,86.5,8582581.96,15.1,0.337,0,20.8,0
MSME004506,Maruti Agencies,7.6,food,Bihar,6,527429.67,452648.3,123676.51,0,42,0.213,1,79.7,4931070.4,15.5,0.744,0,47.3,0
MSME004507,Lakshmi Textiles,8.5,trading,Rajasthan,49,786820.21,766994.56,137924.13,0,85,0.235,1,80.3,6734604.21,11.2,0.217,0,15.8,0
MSME004508,Krishna Plastics,4.0,manufacturing,Telangana,10,457045.35,364729.85,14738.41,2,39,0.257,1,82.0,5525214.28,7.0,0.089,0,0.0,0
MSME004509,Lakshmi Metals,3.2,services,Maharashtra,2,144829.05,137690.44,11843.22,3,26,0.388,1,85.5,1772091.85,0.0,0.672,0,41.3,0
MSME004510,Modern Caterers,15.0,services,Delhi,10,456824.74,432507.56,29262.3,0,108,0.266,1,76.9,4742938.53,15.8,0.591,0,41.7,0
MSME004511,Lakshmi Foods,3.8,services,Uttar Pradesh,1,394075.01,409191.55,0.0,4,21,0.635,1,88.8,4497233.09,6.7,0.37,0,31.4,0
MSME004512,Om Garments,0.6,services,Andhra Pradesh,7,193996.07,191611.3,28989.8,1,6,0.185,0,,,,0.657,0,46.2,1
MSME004513,Balaji Plastics,12.4,manufacturing,Rajasthan,10,510408.71,466261.72,69763.47,0,113,0.31,1,80.9,4983688.83,0.9,0.29,0,11.5,0
MSME004514,Classic Exports,0.8,trading,Maharashtra,3,308053.05,323772.63,7866.16,1,8,0.534,1,71.4,2956541.24,12.5,0.194,0,22.6,1
MSME004515,Classic Suppliers,12.5,manufacturing,Gujarat,42,1056809.51,820171.41,264202.38,1,83,0.072,1,100.0,9141889.45,0.0,0.058,0,12.7,0
MSME004516,New Solutions,1.2,retail,Kerala,3,370528.61,345698.21,61732.7,0,11,0.317,1,74.1,4473671.27,1.1,0.61,1,66.9,0
MSME004517,Maruti Exports,1.5,retail,Andhra Pradesh,27,837607.43,822507.1,0.0,6,15,0.52,1,78.5,9083333.02,1.4,0.714,1,53.7,0
MSME004518,Sai Enterprises,2.0,services,Bihar,14,1368931.92,1098317.26,342232.98,0,16,0.05,1,80.2,14381725.9,11.3,0.285,0,10.9,0
MSME004519,Sri Caterers,3.5,manufacturing,Gujarat,9,358693.78,343826.44,42538.32,0,26,0.579,1,69.1,3142105.78,30.0,0.045,0,3.8,1
MSME004520,Vishwakarma Caterers,12.5,food,Karnataka,25,300852.22,247473.09,61532.09,1,132,0.282,1,89.2,3388311.45,13.7,0.49,1,59.7,0
MSME004521,Modern Electricals,2.0,retail,Uttar Pradesh,4,400808.76,402338.86,31809.63,2,20,0.256,1,76.0,4386002.03,0.6,0.547,1,42.1,0
MSME004522,Durga Garments,7.6,retail,West Bengal,7,921234.92,851418.12,77541.74,0,79,0.339,0,,,,0.856,0,36.9,0
MSME004523,Om Bakers,6.4,trading,Tamil Nadu,19,289676.44,269301.04,13648.49,1,56,0.416,1,90.2,2993969.65,1.3,0.35,0,20.2,0
MSME004524,Modern Garments,5.6,manufacturing,Telangana,2,440765.56,346703.22,95232.88,0,50,0.057,1,100.0,4452802.95,5.3,0.262,1,29.8,0
MSME004525,National Plastics,11.0,food,Madhya Pradesh,7,304846.9,270937.25,44205.66,1,123,0.062,1,100.0,2657378.69,2.1,0.664,0,33.2,0
MSME004526,Shiv Caterers,5.9,manufacturing,Gujarat,37,1420469.13,1299246.73,100826.86,0,62,0.325,1,92.6,17161776.36,0.7,0.282,1,39.5,0
MSME004527,Shree Metals,6.3,trading,West Bengal,46,1195175.41,1314692.95,0.0,6,67,0.383,1,73.2,12729283.97,17.6,0.391,0,3.4,0
MSME004528,Sai Garments,9.0,manufacturing,Tamil Nadu,6,525985.05,491999.88,55706.32,0,95,0.29,1,80.5,4987026.53,10.0,0.029,0,3.6,0
MSME004529,Vishwakarma Textiles,3.6,retail,Uttar Pradesh,6,517093.65,518857.44,0.0,6,36,0.532,1,94.3,4780675.22,5.3,0.822,1,68.6,0
MSME004530,Krishna Exports,5.2,food,Uttar Pradesh,30,368233.54,311824.2,58920.61,0,55,0.201,1,86.5,3643294.17,7.1,0.453,0,11.0,0
MSME004531,Shree Stores,6.8,services,Tamil Nadu,219,1720634.82,1676669.92,14046.94,1,67,0.503,1,73.1,22301793.65,12.8,0.304,0,11.3,0
MSME004532,Balaji Engineering Works,10.2,trading,Uttar Pradesh,8,1068486.74,1067056.56,59909.66,1,84,0.462,1,85.0,11319475.84,8.3,0.245,0,20.3,0
MSME004533,Sri Garments,4.7,services,Madhya Pradesh,12,486337.86,472901.16,5611.23,1,43,0.298,1,87.0,5153036.1,14.8,0.541,0,26.4,0
MSME004534,New Stores,5.2,manufacturing,Bihar,5,387246.83,329758.57,51895.05,0,39,0.161,1,69.9,3537379.9,19.4,0.23,0,12.5,0
MSME004535,Shree Enterprises,7.4,retail,Rajasthan,7,382559.23,383559.71,10457.63,2,67,0.501,1,85.9,4810094.58,14.4,0.861,1,74.6,0
MSME004536,Om Associates,4.8,retail,Haryana,26,951454.78,942429.3,139931.42,1,20,0.168,1,97.8,9823912.77,0.0,0.501,0,10.4,0
MSME004537,Sai Logistics,2.9,services,Kerala,5,345143.31,309242.67,37571.49,0,29,0.355,1,82.9,3049570.03,11.2,0.474,0,38.6,1
MSME004538,Sri Foods,9.0,food,Maharashtra,9,189950.71,164565.43,25586.09,0,94,0.366,0,,,,0.767,1,71.1,1
MSME004539,National Garments,6.0,services,Rajasthan,6,630047.93,571838.46,85180.19,0,55,0.298,1,77.7,6261880.67,11.9,0.397,0,25.3,0
MSME004540,Royal Logistics,3.9,retail,Kerala,3,186764.78,164117.89,28549.02,1,42,0.252,1,78.1,1738099.03,17.7,0.857,0,52.7,0
MSME004541,Krishna Traders,2.0,services,Uttar Pradesh,9,532862.37,563789.88,61238.51,1,19,0.294,1,76.4,5700457.82,4.9,0.46,0,24.4,0
MSME004542,Hanuman Suppliers,0.8,retail,Gujarat,4,125328.0,119426.91,7426.71,4,6,0.319,1,74.2,1384122.62,13.7,0.571,1,56.1,0
MSME004543,Classic Engineering Works,7.7,trading,Delhi,10,565887.09,513144.81,65850.07,0,54,0.43,1,84.0,7031792.29,4.9,0.147,0,28.4,0
MSME004544,Hanuman Agencies,2.8,retail,Bihar,10,444543.75,378685.36,102529.28,0,24,0.288,1,82.3,4405108.64,14.9,0.573,1,43.4,0
MSME004545,Vishwakarma Suppliers,1.2,trading,Andhra Pradesh,6,154856.64,167521.63,2390.0,1,8,0.672,0,,,,0.302,0,22.0,1
MSME004546,New Traders,2.5,trading,Andhra Pradesh,5,519196.59,481765.16,92838.33,0,27,0.255,1,90.6,5106059.73,3.5,0.251,0,4.3,1
MSME004547,Krishna Traders,6.7,retail,Uttar Pradesh,42,388765.44,369329.8,18875.96,2,75,0.337,1,48.3,5047575.59,21.7,0.602,1,70.5,0
MSME004548,National Exports,2.8,trading,Madhya Pradesh,3,388123.44,345517.15,24608.57,0,28,0.423,1,94.7,4942979.4,5.4,0.242,0,13.9,1
MSME004549,Om Caterers,6.8,services,Telangana,9,336412.33,336189.34,0.0,2,54,0.523,1,81.5,3175792.1,19.6,0.465,0,12.8,1
MSME004550,Royal Traders,3.3,retail,Uttar Pradesh,36,301203.99,293179.46,0.0,5,27,0.417,1,77.6,3479336.49,12.5,0.686,0,42.4,1
MSME004551,Shree Fabrics,5.2,retail,Maharashtra,12,274407.5,245596.53,38921.51,2,47,0.416,1,75.3,2476727.43,14.8,0.438,0,33.6,0
MSME004552,Shree Enterprises,5.6,trading,Uttar Pradesh,25,413624.31,412640.28,11893.13,4,27,0.371,1,83.2,4948976.36,14.3,0.437,0,27.0,0
MSME004553,Sai Plastics,8.7,manufacturing,Bihar,199,2535466.87,2110603.01,464490.5,0,49,0.266,1,94.2,31303100.29,2.9,0.137,0,15.4,0
MSME004554,Krishna Exports,8.9,manufacturing,Madhya Pradesh,3,657608.7,667521.01,16305.83,3,80,0.511,1,72.8,6293011.78,6.9,0.08,0,17.2,0
MSME004555,Sri Plastics,5.4,trading,Kerala,25,2352103.65,2019450.59,460401.28,0,52,0.39,1,76.5,30738011.86,12.0,0.302,0,23.6,0
MSME004556,Kaveri Enterprises,2.3,services,Tamil Nadu,7,295077.15,281297.18,22797.06,0,18,0.458,1,71.9,3655083.93,18.7,0.559,0,26.8,0
MSME004557,Annapurna Fabrics,11.8,manufacturing,West Bengal,9,429235.39,407500.39,26210.2,0,122,0.334,1,69.6,4629479.96,13.8,0.035,1,39.1,0
MSME004558,Royal Engineering Works,3.8,services,Maharashtra,2,288296.12,286098.54,13941.76,3,43,0.526,0,,,,0.342,1,48.0,0
MSME004559,New Fabrics,6.6,trading,Delhi,12,463435.52,425273.79,77221.69,0,47,0.206,1,95.9,4772902.08,7.2,0.39,0,17.0,0
MSME004560,Hanuman Stores,6.8,retail,Karnataka,2,205890.95,167324.14,34502.75,0,48,0.112,1,73.7,2200658.13,23.1,0.875,1,77.0,0
MSME004561,Shiv Associates,3.9,retail,Bihar,24,619786.0,604135.18,35740.52,0,43,0.179,1,84.3,7701619.37,8.4,0.435,1,52.5,0
MSME004562,Vishwakarma Electricals,1.3,trading,Tamil Nadu,10,785166.96,708085.71,167306.4,0,8,0.206,1,88.8,8232619.39,1.3,0.205,0,12.5,0
MSME004563,Shree Stores,1.0,trading,Maharashtra,43,259424.35,246465.77,32960.25,0,10,0.146,0,,,,0.182,0,0.0,1
MSME004564,Annapurna Solutions,4.2,food,Maharashtra,10,276920.27,285243.81,0.0,4,31,0.616,0,,,,0.436,0,34.7,0
MSME004565,Royal Caterers,2.1,retail,Telangana,4,161724.98,149042.65,11796.49,0,17,0.106,0,,,,0.447,0,31.3,0
MSME004566,Ganesh Caterers,10.2,trading,Uttar Pradesh,3,340393.66,316652.67,38488.59,0,67,0.308,1,87.1,3948632.62,8.3,0.158,0,3.4,0
MSME004567,Sri Foods,4.0,food,Telangana,7,432028.87,475231.76,0.0,3,42,0.636,1,78.0,4135883.01,11.8,0.477,0,30.8,0
MSME004568,Sri Associates,3.6,services,Tamil Nadu,16,928116.37,941650.53,91387.73,0,25,0.37,1,87.8,8479692.35,15.9,0.576,0,34.8,0
MSME004569,Ganesh Agencies,17.4,retail,Karnataka,6,311539.6,318946.76,4018.52,1,146,0.459,1,79.9,3233393.27,14.3,0.683,1,48.5,0
MSME004570,Kaveri Solutions,0.5,food,Tamil Nadu,3,279412.23,277527.05,12885.82,1,6,0.575,1,89.4,3159830.55,5.6,0.68,0,36.7,0
MSME004571,Durga Solutions,5.2,trading,Maharashtra,3,146869.03,143777.72,13620.61,1,53,0.35,0,,,,0.266,0,17.5,0
MSME004572,Sai Bakers,0.8,retail,Karnataka,6,246368.98,223595.85,11304.13,2,8,0.309,1,97.0,2591339.45,1.7,0.535,0,44.3,0
MSME004573,Shiv Textiles,12.7,trading,Gujarat,3,415149.19,395426.22,11244.51,2,124,0.358,1,71.4,4882203.27,12.2,0.349,0,20.1,0
MSME004574,Royal Electricals,1.1,retail,Rajasthan,6,187284.45,171214.99,32722.52,0,8,0.276,0,,,,0.612,1,74.0,0
MSME004575,Sri Logistics,7.0,manufacturing,West Bengal,7,1059524.78,971047.19,129786.76,0,68,0.442,1,83.7,8912772.7,12.5,0.111,1,28.7,0
MSME004576,New Logistics,6.2,retail,Tamil Nadu,31,866788.03,884787.62,63686.69,0,71,0.602,1,95.9,7543224.16,2.0,0.646,1,58.7,0
MSME004577,Sai Agencies,0.8,manufacturing,Karnataka,3,252495.05,228167.43,23697.45,0,6,0.209,1,100.0,2694951.32,1.2,0.236,0,0.0,0
MSME004578,Annapurna Industries,7.0,retail,West Bengal,6,175019.33,140836.32,35080.75,0,63,0.119,1,100.0,1539801.66,2.8,0.609,0,33.1,0
MSME004579,Lakshmi Industries,3.3,food,Maharashtra,10,255398.88,275903.05,0.0,5,27,0.429,1,100.0,3143946.36,6.2,0.809,1,66.1,1
MSME004580,Lakshmi Stores,8.0,retail,Gujarat,6,241159.98,207591.68,47793.87,0,68,0.179,1,94.1,2728873.84,11.5,0.409,0,17.6,0
MSME004581,Annapurna Plastics,3.1,food,Maharashtra,2,119371.01,118079.51,8530.64,1,25,0.263,0,,,,0.657,1,56.6,0
MSME004582,Modern Plastics,7.0,retail,Maharashtra,8,199011.92,201294.6,5626.72,5,71,0.434,1,83.2,2185738.22,11.8,0.43,0,15.2,1
MSME004583,Annapurna Metals,4.8,manufacturing,Maharashtra,37,782241.81,727871.67,85928.99,0,52,0.467,1,72.0,7943447.55,16.8,0.253,0,5.9,0
MSME004584,Sri Traders,7.0,manufacturing,West Bengal,5,725005.84,760417.98,30570.81,2,72,0.387,1,83.6,6220100.69,9.4,0.209,0,11.7,0
MSME004585,Krishna Fabrics,7.9,services,Maharashtra,38,441159.11,405892.34,23928.06,0,71,0.362,1,81.3,5534790.03,0.0,0.523,0,34.4,0
MSME004586,Hanuman Engineering Works,4.4,retail,Andhra Pradesh,24,768258.71,638944.92,131755.99,0,30,0.3,1,86.7,6817785.86,6.9,0.607,1,70.8,0
MSME004587,Kaveri Caterers,3.8,services,Bihar,8,339985.72,313038.59,59550.99,0,36,0.342,1,91.1,4390778.81,6.4,0.254,0,17.4,0
MSME004588,Ganesh Solutions,7.8,services,Maharashtra,1,303962.76,312893.95,0.0,3,67,0.467,1,86.5,3544515.73,14.9,0.478,0,12.2,0
MSME004589,Hanuman Garments,3.3,services,Karnataka,34,409236.16,354941.7,70164.99,0,22,0.218,1,81.2,4607979.26,16.7,0.286,1,43.6,0
MSME004590,Lakshmi Electricals,4.5,services,Maharashtra,8,475186.52,401022.27,76023.14,0,50,0.149,1,80.1,5408281.66,13.7,0.472,0,38.0,0
MSME004591,Durga Foods,14.4,food,Maharashtra,39,611679.04,626061.65,48333.73,0,99,0.603,1,76.9,7512125.54,25.6,0.839,1,73.8,0
MSME004592,Shree Textiles,5.2,food,Haryana,7,720410.8,677572.11,87222.64,1,38,0.286,1,77.7,7450869.88,14.2,0.873,1,84.1,0
MSME004593,Sai Solutions,8.9,trading,Rajasthan,1,361292.69,310635.97,57506.57,2,94,0.351,1,88.9,3078868.46,3.3,0.384,0,18.2,0
MSME004594,Sri Textiles,2.9,retail,Maharashtra,35,776173.46,774894.6,1061.27,2,32,0.441,1,62.3,9414637.41,23.0,0.719,1,59.4,0
MSME004595,Hanuman Exports,6.9,retail,Andhra Pradesh,44,321937.72,285553.64,19689.83,0,63,0.28,1,83.8,2723517.33,7.5,0.754,1,61.7,0
MSME004596,Shree Plastics,4.5,services,Kerala,5,264568.29,273153.57,17461.16,3,45,0.393,0,,,,0.383,1,50.8,0
MSME004597,Royal Stores,3.9,food,Karnataka,5,198054.87,187523.36,36347.62,0,17,0.247,1,71.2,1953777.29,8.1,0.888,0,40.7,0
MSME004598,Shree Metals,0.7,trading,Madhya Pradesh,6,290665.77,282367.22,18213.7,0,6,0.38,0,,,,0.146,0,5.4,0
MSME004599,Modern Associates,2.1,retail,Telangana,7,417901.52,368780.26,98559.72,0,20,0.05,1,71.4,3519300.7,4.6,0.645,1,64.0,0
MSME004600,Sri Fabrics,18.2,trading,Bihar,19,739167.12,699348.72,89030.63,0,133,0.395,1,74.4,6553589.49,12.3,0.16,0,20.9,0
MSME004601,Modern Associates,4.7,trading,Rajasthan,7,558349.49,579145.21,47196.6,2,31,0.391,1,80.8,6294774.83,5.6,0.356,0,12.1,0
MSME004602,Classic Exports,5.3,food,Andhra Pradesh,10,759176.44,751702.15,68730.58,1,59,0.326,1,71.5,7204089.11,27.1,0.657,1,74.0,0
MSME004603,Ganesh Textiles,10.0,services,Karnataka,8,531187.03,456152.07,97710.73,0,116,0.132,1,83.1,5179977.76,16.0,0.485,0,40.1,0
MSME004604,New Foods,6.5,retail,Tamil Nadu,15,265588.07,281686.78,13161.63,3,70,0.296,1,84.3,2994612.81,5.4,0.613,0,24.2,0
MSME004605,Kaveri Exports,3.9,trading,Maharashtra,4,451751.02,365728.02,81194.46,0,23,0.05,1,79.7,4181639.07,5.5,0.464,0,21.3,0
MSME004606,Shiv Traders,3.9,retail,Gujarat,10,636521.94,592615.2,26436.69,3,31,0.364,1,95.4,7449530.68,0.0,0.653,1,55.9,0
MSME004607,Kaveri Electricals,1.9,services,Maharashtra,48,1401605.01,1535172.89,96478.83,4,14,0.545,1,54.2,15693136.59,15.9,0.427,0,14.6,0
MSME004608,Shiv Plastics,7.4,services,Maharashtra,40,608630.7,585192.01,63832.46,0,70,0.175,1,67.5,6537045.82,9.5,0.437,0,26.4,0
MSME004609,Royal Plastics,7.6,retail,Rajasthan,5,345667.43,307152.4,26533.16,1,45,0.521,1,77.3,3692906.88,10.6,0.884,0,56.5,0
MSME004610,Vishwakarma Metals,5.3,trading,Delhi,9,934894.04,924084.24,0.0,4,49,0.397,1,71.2,11566565.27,9.6,0.4,0,22.6,0
MSME004611,Sai Solutions,4.6,food,Maharashtra,65,737216.11,633265.58,126860.19,0,49,0.363,1,83.5,7468083.65,2.1,0.705,1,63.4,0
MSME004612,Ganesh Logistics,7.6,manufacturing,Tamil Nadu,5,201202.47,194400.51,30274.37,1,72,0.224,1,92.5,2127047.98,12.2,0.075,0,18.6,0
MSME004613,New Enterprises,1.9,services,Andhra Pradesh,4,121803.08,96758.5,24112.67,0,18,0.05,1,59.2,1173037.75,15.3,0.419,1,43.4,0
MSME004614,Om Exports,6.7,trading,Gujarat,8,1371743.77,1220531.77,342935.94,0,58,0.18,1,98.0,13559185.25,0.0,0.44,0,25.4,0
MSME004615,Krishna Logistics,14.9,food,Bihar,28,201814.65,151360.99,50453.66,0,163,0.05,0,,,,0.703,0,37.8,0
MSME004616,Vishwakarma Associates,3.0,services,Karnataka,33,570126.36,603087.44,56986.74,2,26,0.243,0,,,,0.6,0,26.7,0
MSME004617,Lakshmi Plastics,4.3,food,West Bengal,8,576314.48,474646.29,51448.7,0,43,0.341,1,75.5,7444639.98,17.2,0.824,0,38.3,0
MSME004618,Krishna Exports,12.3,retail,Uttar Pradesh,2,107471.15,104737.35,9664.79,1,110,0.441,0,,,,0.636,1,62.9,0
MSME004619,Hanuman Exports,5.3,retail,Gujarat,47,406624.69,349171.44,88708.49,1,46,0.101,1,93.2,4878125.71,0.0,0.829,0,60.1,0
MSME004620,Royal Associates,9.4,retail,West Bengal,1,115858.78,110901.39,8194.88,1,99,0.405,0,,,,0.883,1,77.6,0
MSME004621,Hanuman Textiles,7.0,manufacturing,Maharashtra,45,2536945.75,2104249.4,601406.1,0,51,0.074,1,88.0,28159493.52,3.4,0.128,0,0.0,0
MSME004622,Modern Garments,7.5,services,Uttar Pradesh,8,1235395.99,983551.6,301526.18,0,84,0.058,1,73.3,12236718.93,4.1,0.425,1,42.2,0
MSME004623,National Foods,2.8,retail,Gujarat,2,189419.07,190243.44,16368.14,0,28,0.455,1,79.9,2166250.1,7.3,0.549,1,57.0,0
MSME004624,Sai Stores,2.8,food,Madhya Pradesh,5,423048.61,385606.95,51619.92,0,21,0.067,1,74.8,3771053.1,5.4,0.596,0,27.0,0
MSME004625,Maruti Bakers,8.5,food,Rajasthan,5,364380.04,319419.32,53373.1,0,75,0.05,1,78.2,3218653.43,5.7,0.68,0,40.4,0
MSME004626,Maruti Garments,1.4,retail,Madhya Pradesh,5,320697.39,331499.9,25823.98,2,9,0.48,1,86.9,4188993.82,15.4,0.579,1,61.8,0
MSME004627,Shree Agencies,4.4,services,Bihar,43,276764.51,264899.08,30602.06,1,42,0.318,0,,,,0.453,0,21.7,0
MSME004628,Annapurna Caterers,7.6,services,Maharashtra,5,1256507.35,1267614.7,183748.04,0,72,0.314,1,70.5,13551431.84,9.6,0.593,0,12.8,0
MSME004629,New Stores,4.3,retail,Kerala,10,170000.9,146737.62,23896.14,1,43,0.188,0,,,,0.771,1,67.1,0
MSME004630,Maruti Exports,4.7,services,Telangana,6,419387.81,332701.5,80488.32,1,37,0.071,1,94.4,4178761.44,0.0,0.541,1,63.8,0
MSME004631,Balaji Traders,9.7,retail,Tamil Nadu,9,313112.02,275037.87,34585.31,0,94,0.357,1,90.3,4100862.79,16.1,0.754,1,70.2,0
MSME004632,Lakshmi Traders,13.3,food,Rajasthan,5,535497.8,494402.73,288.89,2,96,0.441,1,76.1,4683766.81,20.8,0.734,1,79.5,0
MSME004633,Lakshmi Foods,23.2,manufacturing,Tamil Nadu,5,771785.72,713315.86,128303.16,0,202,0.394,1,76.3,8822426.73,7.5,0.059,1,35.2,0
MSME004634,Annapurna Foods,12.5,food,Kerala,7,198779.97,208429.55,1212.35,4,75,0.625,1,79.8,1687421.42,16.5,0.607,0,29.0,1
MSME004635,Balaji Logistics,3.6,manufacturing,Gujarat,34,560447.51,504265.34,39774.09,0,28,0.294,1,79.9,6427766.71,11.4,0.031,0,0.0,0
MSME004636,New Garments,2.4,retail,Gujarat,3,136705.13,124289.92,16234.25,0,27,0.38,0,,,,0.515,0,26.0,0
MSME004637,National Solutions,3.6,trading,Kerala,10,593508.96,498796.63,90258.12,0,21,0.359,1,93.1,7586924.39,8.1,0.185,0,6.7,0
MSME004638,Shiv Garments,7.7,services,West Bengal,10,643965.74,548804.79,148729.82,0,79,0.072,1,87.8,8094483.73,5.3,0.331,0,20.0,0
MSME004639,Hanuman Caterers,3.9,trading,Uttar Pradesh,2,257016.79,240984.15,19250.71,0,30,0.328,1,95.9,3211363.67,1.3,0.46,0,15.0,0
MSME004640,Classic Associates,2.9,services,West Bengal,2,233963.64,221953.67,16187.13,1,19,0.478,0,,,,0.608,0,26.9,1
MSME004641,National Agencies,14.5,trading,Telangana,4,1154069.18,1108615.81,107725.57,0,56,0.187,1,99.1,11234634.83,1.9,0.244,0,10.6,0
MSME004642,Shree Logistics,3.8,retail,Tamil Nadu,2,474701.9,408058.78,103184.58,0,28,0.246,1,90.2,5417862.06,8.0,0.713,1,64.4,0
MSME004643,Modern Exports,7.3,trading,Karnataka,1,557604.68,575835.14,50017.58,1,73,0.448,1,73.1,7193321.98,24.1,0.331,0,25.4,0
MSME004644,Sai Engineering Works,7.1,services,West Bengal,9,122936.37,117223.41,12923.75,1,56,0.301,1,54.3,1243758.69,23.9,0.544,0,25.9,0
MSME004645,Shree Plastics,0.7,trading,Karnataka,2,442753.11,401261.52,100104.4,0,6,0.261,1,73.9,4028864.22,13.0,0.452,1,30.7,0
MSME004646,Vishwakarma Stores,13.9,services,Haryana,4,379077.21,315272.9,60288.82,0,101,0.136,0,,,,0.482,0,35.5,0
MSME004647,Sri Agencies,1.8,trading,Rajasthan,10,267821.23,289589.74,14450.48,2,20,0.282,1,76.8,3530823.68,7.0,0.178,0,7.4,0
MSME004648,Sai Logistics,1.2,manufacturing,West Bengal,4,255134.67,248450.47,3036.29,0,9,0.581,1,65.5,2156828.03,17.7,0.068,0,1.7,0
MSME004649,Lakshmi Solutions,3.5,services,Telangana,1,192479.82,188090.58,27097.48,0,26,0.313,0,,,,0.51,0,35.0,0
MSME004650,Lakshmi Exports,2.5,services,Uttar Pradesh,184,502477.84,488331.57,479.47,7,27,0.453,1,72.7,4229625.6,11.2,0.513,0,38.1,0
MSME004651,Maruti Engineering Works,12.4,trading,Maharashtra,39,518698.05,570567.86,16419.82,5,59,0.537,1,64.0,5824864.71,5.9,0.486,0,30.5,0
MSME004652,Modern Exports,6.4,trading,Punjab,3,287388.14,298226.49,8079.39,4,56,0.36,1,69.8,2502539.24,16.9,0.449,0,24.9,0
MSME004653,Ganesh Metals,3.2,retail,Bihar,249,1673285.6,1291029.02,331529.88,0,32,0.223,1,95.3,19630841.2,0.0,0.643,0,33.1,0
MSME004654,Kaveri Textiles,1.2,services,Gujarat,3,205145.19,171891.1,40675.29,0,11,0.127,1,83.8,1947974.31,20.1,0.464,0,16.3,0
MSME004655,Balaji Solutions,6.9,retail,Maharashtra,6,309236.38,244987.61,77309.1,0,68,0.092,0,,,,0.855,1,74.4,0
MSME004656,Annapurna Exports,4.1,manufacturing,Uttar Pradesh,34,1520340.77,1532240.38,164377.59,0,34,0.492,1,92.2,18558194.87,2.8,0.151,0,0.0,1
MSME004657,Balaji Metals,7.7,manufacturing,Maharashtra,29,312575.45,270711.52,52646.9,1,78,0.252,1,92.5,4043375.06,4.4,0.132,0,6.9,0
MSME004658,Krishna Fabrics,6.4,trading,Gujarat,5,489920.02,442535.09,62707.86,0,47,0.273,1,87.2,5791616.08,4.6,0.118,0,23.6,0
MSME004659,Vishwakarma Fabrics,2.5,manufacturing,Karnataka,1,368984.02,351642.15,39213.91,0,20,0.34,0,,,,0.11,0,0.0,0
MSME004660,Shiv Caterers,8.4,services,Uttar Pradesh,187,1328488.59,1321320.9,160616.49,1,94,0.256,1,67.8,13267619.82,15.5,0.326,0,21.7,0
MSME004661,National Textiles,1.6,retail,West Bengal,3,243389.83,225396.47,14974.64,0,16,0.308,1,79.5,2953206.56,13.2,0.895,0,45.7,0
MSME004662,Krishna Associates,4.0,services,Delhi,5,196627.56,179827.9,18883.04,0,37,0.248,1,89.9,2114928.1,4.0,0.444,0,17.6,0
MSME004663,Annapurna Enterprises,4.4,food,Haryana,6,749681.51,622178.52,31735.18,0,34,0.1,1,90.6,9025281.35,4.1,0.866,0,43.3,0
MSME004664,Maruti Engineering Works,4.9,retail,Andhra Pradesh,102,581761.81,535688.62,16524.52,2,25,0.381,1,78.3,7404900.58,8.8,0.473,0,27.0,0
MSME004665,Ganesh Traders,1.5,retail,Rajasthan,5,202465.19,171622.27,32130.31,0,17,0.109,1,98.2,2369400.65,0.0,0.493,1,72.9,0
MSME004666,National Stores,11.9,services,Karnataka,10,440439.76,354224.0,83166.6,0,126,0.066,1,79.3,3879940.76,6.6,0.327,0,25.4,0
MSME004667,Ganesh Suppliers,2.5,trading,Rajasthan,5,287929.97,245578.78,65924.99,0,16,0.057,1,92.9,3295883.4,13.7,0.396,0,27.4,0
MSME004668,Balaji Logistics,0.9,services,Uttar Pradesh,8,725676.44,680902.95,35522.66,0,8,0.394,1,84.0,8217798.4,11.1,0.646,0,30.8,0
MSME004669,Sri Textiles,6.6,services,Andhra Pradesh,6,322560.95,308042.95,59875.48,0,73,0.276,1,78.6,2931948.37,15.6,0.694,0,28.6,0
MSME004670,Vishwakarma Electricals,18.0,manufacturing,Madhya Pradesh,5,927689.16,787261.49,123119.79,0,197,0.253,1,75.5,9853815.1,8.8,0.125,0,0.2,0
MSME004671,Sai Stores,0.7,retail,West Bengal,37,877615.04,884276.9,0.0,2,7,0.373,1,77.6,8600621.42,16.7,0.58,0,43.1,0
MSME004672,Durga Metals,9.8,trading,Uttar Pradesh,11,443291.33,449199.57,0.0,4,69,0.375,1,80.4,5307721.16,16.9,0.434,0,19.3,0
MSME004673,Kaveri Bakers,5.2,manufacturing,Uttar Pradesh,1,549654.84,498475.2,91702.74,2,44,0.288,1,87.6,4813087.88,4.6,0.133,0,9.6,0
MSME004674,Royal Enterprises,1.5,trading,Andhra Pradesh,44,583553.8,594970.26,47585.05,2,17,0.255,1,86.8,5191279.02,22.6,0.342,0,19.3,1
MSME004675,National Exports,4.4,trading,Uttar Pradesh,7,401392.1,370693.63,53533.27,1,41,0.444,1,96.2,4457875.26,0.0,0.311,0,18.5,0
MSME004676,Maruti Traders,15.1,retail,Maharashtra,9,598111.54,597016.67,34275.19,0,164,0.303,1,77.1,7184661.53,4.3,0.827,1,69.5,0
MSME004677,Krishna Metals,12.8,retail,West Bengal,9,506428.63,412550.43,123387.66,1,97,0.05,1,100.0,5903108.26,0.0,0.897,1,78.9,0
MSME004678,Krishna Industries,26.1,trading,Madhya Pradesh,8,344083.07,326426.84,6086.11,3,240,0.405,1,80.8,4214892.66,6.9,0.381,0,14.4,0
MSME004679,Durga Metals,8.7,trading,Maharashtra,3,159129.33,131458.56,22185.47,1,67,0.104,0,,,,0.176,0,15.4,0
MSME004680,Sai Textiles,3.4,services,Uttar Pradesh,5,349579.87,296999.91,51277.13,0,33,0.151,1,70.6,3844381.35,9.9,0.619,0,52.3,0
MSME004681,Ganesh Traders,9.7,services,Telangana,8,272938.66,300232.52,6044.69,3,83,0.48,1,70.0,3254155.17,2.4,0.616,1,59.3,0
MSME004682,Annapurna Bakers,2.8,manufacturing,Delhi,8,567884.21,483836.89,131899.77,0,31,0.165,1,87.6,5277520.03,3.4,0.281,0,12.5,0
MSME004683,Durga Exports,4.7,manufacturing,Rajasthan,7,425678.16,380188.86,95077.01,0,49,0.377,1,85.4,4392435.4,5.8,0.153,0,7.1,0
MSME004684,Sai Exports,2.8,retail,Telangana,1,154998.74,138051.49,17918.28,1,28,0.445,0,,,,0.729,0,47.0,1
MSME004685,Om Suppliers,8.6,retail,Tamil Nadu,137,879090.32,828604.84,169232.18,0,85,0.267,1,93.6,11456216.51,0.0,0.835,1,60.2,0
MSME004686,Sri Engineering Works,8.1,manufacturing,Madhya Pradesh,8,536587.12,477529.99,56936.86,0,92,0.195,1,83.8,6875429.99,6.4,0.122,1,42.8,0
MSME004687,Classic Stores,3.0,trading,Karnataka,224,2001511.37,1751823.36,295036.29,0,28,0.098,1,84.4,17089100.94,7.8,0.396,1,47.9,1
MSME004688,Lakshmi Exports,11.3,trading,Andhra Pradesh,23,865771.11,940596.23,0.0,2,96,0.688,1,78.9,8792228.72,10.7,0.406,0,25.7,0
MSME004689,Shree Engineering Works,13.8,retail,Bihar,6,1251401.33,1010491.35,197192.08,0,109,0.323,1,74.3,14251279.36,16.6,0.596,0,32.0,0
MSME004690,Sri Agencies,3.4,services,Tamil Nadu,1,234609.12,206273.41,42479.73,0,28,0.346,0,,,,0.326,1,43.1,1
MSME004691,Shree Traders,7.0,retail,Uttar Pradesh,32,453208.54,404794.13,43652.24,2,46,0.345,1,100.0,5821473.51,0.7,0.54,1,46.7,0
MSME004692,Sai Electricals,14.4,retail,Telangana,37,625730.43,645788.54,24495.09,3,154,0.379,1,75.2,5398873.81,12.4,0.469,1,42.7,1
MSME004693,Modern Associates,6.6,trading,Maharashtra,24,949863.92,877129.1,48586.22,1,69,0.485,1,74.4,12459871.04,10.5,0.45,0,13.6,1
MSME004694,Royal Industries,4.0,manufacturing,Madhya Pradesh,24,1352657.83,1184331.7,141318.54,0,43,0.269,1,87.4,15180157.91,9.2,0.026,0,0.0,0
MSME004695,Sri Industries,4.9,retail,Rajasthan,6,827074.75,771763.74,0.0,5,40,0.315,1,100.0,7868838.92,0.0,0.475,1,62.3,0
MSME004696,National Stores,3.4,services,Maharashtra,8,232713.88,201662.63,31369.19,2,36,0.322,0,,,,0.379,0,19.6,0
MSME004697,Sai Exports,11.5,trading,Madhya Pradesh,114,2251721.62,1688791.22,403529.32,0,134,0.05,1,93.0,19748591.7,2.9,0.408,0,25.9,0
MSME004698,Sai Industries,10.6,trading,Rajasthan,10,519881.17,555192.73,0.0,3,50,0.382,1,85.9,6143717.1,12.0,0.212,0,15.3,0
MSME004699,Ganesh Logistics,2.7,trading,Andhra Pradesh,8,299342.3,280206.8,35186.08,0,23,0.31,1,72.9,3928907.92,19.8,0.253,0,15.2,0
MSME004700,Shree Fabrics,3.2,retail,Uttar Pradesh,3,286669.98,275141.09,30416.21,0,36,0.194,1,74.8,3730764.34,17.3,0.597,0,39.4,0
MSME004701,Royal Traders,1.3,trading,Maharashtra,18,1239709.62,1183126.84,85758.83,0,11,0.416,1,57.9,10546479.25,11.3,0.479,0,38.5,0
MSME004702,Sai Foods,7.8,manufacturing,Uttar Pradesh,14,850987.72,818519.45,94406.0,0,54,0.249,1,64.2,8969120.1,12.6,0.289,0,17.1,0
MSME004703,Om Agencies,1.8,retail,Tamil Nadu,7,212744.78,203961.52,28928.95,0,19,0.432,1,76.1,2050903.32,12.9,0.453,0,18.9,0
MSME004704,Royal Logistics,19.7,food,West Bengal,7,175571.62,152350.25,17526.4,3,215,0.315,0,,,,0.609,1,69.3,0
MSME004705,Sri Enterprises,2.5,retail,Gujarat,2,144026.01,139234.97,0.0,2,21,0.555,0,,,,0.495,0,14.3,0
MSME004706,Kaveri Metals,0.7,trading,Maharashtra,9,345396.87,307069.06,51060.85,0,7,0.05,1,92.8,3835111.71,9.6,0.489,0,32.9,0
MSME004707,Shiv Electricals,1.8,services,Haryana,146,1022769.41,959202.36,108078.43,2,14,0.136,1,69.0,9001968.73,8.0,0.416,0,24.2,0
MSME004708,Om Industries,6.4,manufacturing,Maharashtra,2,197721.34,181675.06,29629.43,1,63,0.184,1,65.8,2413321.38,6.0,0.062,0,9.2,0
MSME004709,New Bakers,4.8,retail,Gujarat,169,857734.16,686429.14,184050.96,0,52,0.185,1,77.1,8514665.64,5.3,0.856,1,62.4,0
MSME004710,Vishwakarma Enterprises,2.4,retail,Andhra Pradesh,8,932836.68,957925.73,0.0,3,26,0.575,1,65.1,11357070.03,18.2,0.768,1,73.4,0
MSME004711,Lakshmi Industries,4.6,services,West Bengal,46,1682590.0,1529579.14,319228.43,2,35,0.315,1,87.7,14657908.41,15.3,0.488,0,24.1,0
MSME004712,New Caterers,3.1,retail,Tamil Nadu,8,1012189.1,918455.14,112515.63,0,30,0.372,1,96.5,10111872.05,14.0,0.51,1,48.2,0
MSME004713,Royal Garments,7.6,services,Punjab,31,228540.88,178874.77,30175.88,0,62,0.063,0,,,,0.536,1,68.4,0
MSME004714,Shiv Plastics,1.9,manufacturing,Rajasthan,10,1500660.32,1429758.29,0.0,1,17,0.454,1,70.4,13617574.24,8.1,0.063,0,12.7,0
MSME004715,Shree Stores,5.8,retail,Maharashtra,38,726968.14,621026.23,101931.71,1,47,0.185,1,85.3,9265564.31,7.8,0.447,1,53.8,0
MSME004716,Om Suppliers,5.9,manufacturing,Maharashtra,17,732535.4,797670.88,30014.85,3,29,0.562,1,69.4,9249151.46,15.2,0.264,0,17.2,0
MSME004717,Royal Suppliers,4.9,retail,Delhi,7,729685.69,627473.32,110285.82,0,45,0.16,1,88.9,6876028.12,0.0,0.583,1,49.7,0
MSME004718,Modern Traders,7.0,manufacturing,Tamil Nadu,45,1387139.83,1258160.31,175067.44,0,64,0.201,1,100.0,13993927.31,0.0,0.138,0,0.8,0
MSME004719,Vishwakarma Associates,4.6,food,Telangana,1,67635.65,70545.74,6988.69,0,37,0.357,0,,,,0.693,1,68.0,0
MSME004720,Annapurna Engineering Works,8.6,services,Maharashtra,10,311004.26,294700.05,26116.1,0,87,0.572,0,,,,0.363,0,9.6,0
MSME004721,Krishna Metals,4.9,food,Uttar Pradesh,4,235079.66,232454.61,19906.96,2,54,0.334,1,82.6,3030300.57,7.2,0.689,1,72.9,0
MSME004722,National Garments,11.9,manufacturing,Andhra Pradesh,5,233175.11,193500.49,43567.85,0,116,0.224,0,,,,0.102,0,16.8,0
MSME004723,Classic Industries,5.7,retail,Haryana,23,1027621.91,869306.99,256905.48,0,57,0.095,1,81.6,12690942.57,12.2,0.459,1,59.8,0
MSME004724,Sai Bakers,11.4,retail,Maharashtra,29,1405428.59,1278856.96,257747.82,0,54,0.05,1,74.3,17355720.53,18.7,0.413,0,28.3,0
MSME004725,Lakshmi Engineering Works,3.1,retail,Uttar Pradesh,9,444491.36,414577.91,91882.89,0,31,0.33,1,71.0,4459724.39,9.1,0.808,0,36.6,0
MSME004726,Shiv Engineering Works,2.1,trading,Bihar,3,436564.4,401636.24,16602.65,4,22,0.275,1,82.4,5585603.38,9.6,0.32,0,9.3,1
MSME004727,Sai Caterers,8.5,services,Karnataka,7,388605.03,330710.33,43723.39,0,79,0.197,1,96.7,4303482.64,4.1,0.501,0,39.4,0
MSME004728,Royal Fabrics,5.0,trading,Gujarat,8,526338.78,413824.73,118650.67,1,47,0.05,1,82.7,5532109.71,13.9,0.294,1,44.7,0
MSME004729,Balaji Bakers,0.5,services,Uttar Pradesh,31,1134148.29,981365.55,101255.27,0,6,0.199,1,83.2,10451832.24,8.4,0.576,0,38.4,1
MSME004730,Durga Stores,2.7,trading,Delhi,6,173012.3,147297.14,19089.16,0,23,0.226,0,,,,0.227,0,24.0,0
MSME004731,Classic Caterers,6.5,retail,Uttar Pradesh,8,563668.99,475074.49,50131.31,1,75,0.317,1,84.9,7436641.31,7.6,0.872,0,66.5,0
MSME004732,Durga Industries,4.7,retail,Tamil Nadu,8,434254.13,390681.96,54158.41,0,52,0.328,1,80.6,4266498.99,11.7,0.652,0,28.7,0
MSME004733,New Associates,2.6,food,Tamil Nadu,6,219533.73,197882.15,35525.34,0,18,0.272,1,83.6,2437602.66,7.5,0.708,1,75.5,0
MSME004734,Lakshmi Engineering Works,5.0,trading,Uttar Pradesh,1,201448.9,209218.1,12786.71,1,54,0.317,1,88.4,1898436.72,2.3,0.351,0,4.6,0
MSME004735,National Agencies,5.6,trading,Karnataka,8,1365416.09,1279314.63,143769.98,0,49,0.35,1,82.6,11614144.97,0.8,0.279,0,12.6,0
MSME004736,Vishwakarma Foods,0.9,retail,Gujarat,8,207884.98,196253.44,26631.06,0,7,0.275,0,,,,0.827,1,59.8,0
MSME004737,Sai Foods,11.1,food,West Bengal,40,525887.67,460979.68,35230.99,0,74,0.295,1,74.3,6391366.84,16.5,0.637,1,64.8,0
MSME004738,Maruti Exports,12.9,retail,Gujarat,4,857182.7,727084.46,133653.45,0,125,0.164,1,86.6,9397243.07,7.3,0.608,0,49.5,0
MSME004739,Ganesh Caterers,2.7,services,Maharashtra,15,244874.26,186216.79,33039.63,0,25,0.287,0,,,,0.349,1,37.8,0
MSME004740,Om Suppliers,17.6,retail,Andhra Pradesh,9,347876.95,355993.0,29737.91,0,208,0.386,1,96.9,3939094.03,6.9,0.879,0,33.0,0
MSME004741,Lakshmi Electricals,4.7,retail,Rajasthan,3,328218.55,297237.03,52275.22,0,52,0.203,1,84.5,4037638.18,4.6,0.793,1,59.8,0
MSME004742,Shiv Exports,2.9,services,Tamil Nadu,2,335885.8,312403.7,22091.37,0,31,0.22,1,77.5,4010257.55,0.4,0.656,0,25.3,0
MSME004743,Vishwakarma Garments,2.9,services,Maharashtra,2,256117.48,281729.23,0.0,4,24,0.824,1,73.6,2247076.29,17.9,0.463,0,2.9,1
MSME004744,Ganesh Foods,16.8,services,West Bengal,47,425111.18,467622.29,0.0,3,133,0.43,1,89.5,4407877.63,0.0,0.613,1,63.4,0
MSME004745,Durga Garments,1.9,retail,Telangana,15,667364.17,573080.4,108111.92,0,17,0.263,1,83.8,7216060.78,6.8,0.819,1,73.2,0
MSME004746,Ganesh Stores,5.7,food,West Bengal,6,307533.43,288982.54,7946.24,1,56,0.382,1,67.6,3502660.96,19.7,0.422,0,17.9,0
MSME004747,New Foods,6.3,services,Telangana,3,427402.88,414636.33,81106.57,0,60,0.131,1,87.0,5245838.45,7.8,0.432,0,28.0,0
MSME004748,Lakshmi Associates,8.6,food,Uttar Pradesh,7,565990.7,455419.72,93970.02,0,89,0.393,1,84.0,6093630.92,12.3,0.437,1,55.0,0
MSME004749,Royal Logistics,5.4,retail,Punjab,7,182963.26,185431.6,15908.66,0,51,0.221,1,72.4,2061587.15,19.5,0.499,0,41.6,0
MSME004750,Maruti Garments,16.0,trading,Uttar Pradesh,5,763151.08,738460.92,53793.39,0,126,0.464,1,65.0,9560737.63,10.4,0.437,0,26.8,0
MSME004751,Shree Engineering Works,18.1,trading,Tamil Nadu,3,322036.15,306255.09,28748.31,1,215,0.433,1,83.1,2863735.56,8.5,0.233,0,3.5,0
MSME004752,Balaji Associates,13.6,manufacturing,Karnataka,10,941033.97,810460.94,81954.44,0,147,0.283,1,90.5,8870456.11,5.1,0.101,0,12.3,0
MSME004753,National Fabrics,6.7,services,Maharashtra,9,553588.33,562328.72,74222.95,1,69,0.252,1,88.3,6223973.46,5.7,0.459,1,41.2,0
MSME004754,Royal Foods,9.9,trading,Rajasthan,4,1120442.46,1204213.7,0.0,2,83,0.477,1,77.7,11755780.56,14.8,0.464,0,28.6,0
MSME004755,Kaveri Associates,3.9,retail,Uttar Pradesh,3,321773.95,304500.22,12588.37,2,33,0.405,0,,,,0.736,0,55.4,1
MSME004756,Hanuman Stores,11.4,retail,Bihar,9,358137.21,368267.59,19661.14,1,114,0.546,0,,,,0.898,0,51.6,1
MSME004757,Krishna Electricals,3.1,retail,Bihar,36,512839.23,550806.24,0.0,5,32,0.663,1,69.6,6745668.68,8.2,0.855,1,78.5,0
MSME004758,Balaji Agencies,2.3,manufacturing,West Bengal,7,303328.81,299039.72,6944.09,2,20,0.373,1,74.9,3195470.1,13.8,0.095,0,0.0,1
MSME004759,Shiv Bakers,2.2,retail,Gujarat,5,583701.87,567313.13,41517.84,0,22,0.666,1,89.5,5170740.4,0.0,0.875,0,60.3,0
MSME004760,Durga Agencies,7.8,retail,Tamil Nadu,6,215790.03,208108.84,14604.89,0,45,0.428,0,,,,0.891,1,49.9,0
MSME004761,Modern Associates,14.7,trading,Telangana,8,773589.39,722531.66,31197.56,1,165,0.432,1,78.0,9428418.97,20.4,0.493,0,42.8,0
MSME004762,National Industries,15.5,retail,Rajasthan,3,283577.65,243620.88,39940.28,0,91,0.164,1,81.7,2453940.6,18.1,0.602,0,51.9,0
MSME004763,Sai Caterers,0.5,food,Rajasthan,19,174657.51,157269.55,20843.07,0,6,0.115,1,75.0,1800258.16,4.1,0.765,0,39.5,0
MSME004764,Kaveri Associates,10.3,trading,Maharashtra,10,1208893.79,1320952.96,16964.74,2,74,0.57,1,76.0,12674332.09,4.8,0.495,1,48.2,0
MSME004765,Vishwakarma Fabrics,2.1,food,Uttar Pradesh,47,94620.78,84044.3,10225.74,0,17,0.252,0,,,,0.445,1,48.3,0
MSME004766,Annapurna Suppliers,22.9,services,Gujarat,34,602982.24,453088.97,150745.56,0,224,0.05,1,100.0,5332302.88,0.0,0.622,0,44.8,0
MSME004767,Krishna Agencies,1.5,services,Madhya Pradesh,6,424459.06,371867.61,73675.42,0,8,0.161,1,77.9,3875625.65,18.2,0.374,0,6.5,0
MSME004768,Shree Electricals,0.9,trading,Andhra Pradesh,2,92178.81,86598.43,15527.04,0,7,0.209,0,,,,0.424,0,21.4,0
MSME004769,Balaji Logistics,10.5,services,Haryana,48,892350.41,800901.59,87369.95,0,69,0.33,1,72.7,11338109.13,15.9,0.311,1,45.3,0
MSME004770,Shree Bakers,3.7,services,Gujarat,48,484339.43,472422.56,21088.68,3,24,0.269,1,52.1,5095651.0,15.2,0.675,0,51.6,1
MSME004771,Lakshmi Industries,3.5,retail,Rajasthan,216,1019854.99,942077.98,53998.27,1,37,0.212,1,99.5,12621044.34,6.4,0.494,0,18.3,0
MSME004772,New Metals,2.6,food,Bihar,10,794009.89,716776.02,93343.33,0,28,0.187,1,91.4,7642029.11,8.5,0.497,1,57.7,0
MSME004773,Annapurna Metals,3.0,trading,Tamil Nadu,242,1512137.34,1607053.81,124533.83,0,28,0.36,1,69.5,13982446.21,13.9,0.334,0,20.8,0
MSME004774,Modern Industries,10.8,trading,Karnataka,10,439704.03,350564.12,52420.1,0,117,0.265,1,73.1,5506591.55,4.0,0.145,0,17.1,0
MSME004775,Lakshmi Industries,2.2,trading,Madhya Pradesh,10,485490.09,451656.49,87072.85,0,16,0.246,1,77.6,5037411.87,19.7,0.305,1,50.3,1
MSME004776,Shree Stores,4.5,services,Uttar Pradesh,7,1038596.69,1078527.27,0.0,3,44,0.497,1,77.6,12716418.91,4.0,0.502,0,22.0,0
MSME004777,Ganesh Metals,2.0,trading,Tamil Nadu,3,462777.85,461145.71,1688.17,2,21,0.569,1,84.4,5797784.39,0.0,0.493,0,54.8,0
MSME004778,Sri Agencies,5.5,trading,Gujarat,6,280989.52,253847.0,58973.08,0,37,0.118,0,,,,0.304,0,30.4,0
MSME004779,Balaji Suppliers,3.5,retail,Karnataka,6,302327.87,252579.66,47265.46,0,35,0.285,0,,,,0.526,0,19.1,0
MSME004780,Sai Solutions,7.3,trading,Tamil Nadu,6,237424.0,261166.4,0.0,3,74,0.799,1,54.9,2901815.26,15.9,0.394,0,15.3,0
MSME004781,National Electricals,8.0,retail,Uttar Pradesh,21,450612.05,452051.08,31421.15,1,93,0.413,1,61.2,4547824.58,12.0,0.672,0,43.7,0
MSME004782,Krishna Foods,14.9,manufacturing,Uttar Pradesh,191,3532409.41,3019292.94,564970.35,0,120,0.126,1,85.0,42290370.57,9.7,0.103,0,1.4,0
MSME004783,Ganesh Solutions,21.9,trading,Telangana,20,600105.29,526552.73,47490.97,0,144,0.327,1,100.0,6592941.33,12.8,0.138,0,6.4,0
MSME004784,New Engineering Works,2.9,food,Kerala,137,401354.57,347056.36,26170.31,1,30,0.178,1,100.0,4725178.37,11.8,0.572,0,47.0,0
MSME004785,National Plastics,8.7,services,Kerala,15,624109.79,629683.22,70147.61,1,58,0.221,1,73.8,6770099.25,18.0,0.401,0,32.4,0
MSME004786,Maruti Exports,3.4,manufacturing,Telangana,39,726974.05,667685.94,79680.33,0,37,0.38,1,87.8,7569258.41,8.4,0.103,0,2.6,0
MSME004787,Krishna Garments,7.8,food,Uttar Pradesh,2,317462.8,291586.08,48442.9,0,63,0.216,1,91.7,3419085.47,3.6,0.569,1,54.3,0
MSME004788,Shree Engineering Works,7.6,retail,Maharashtra,4,306161.9,283701.27,14128.31,0,84,0.534,1,73.1,3671982.64,11.2,0.78,0,24.5,0
MSME004789,Ganesh Stores,7.4,services,Rajasthan,11,992664.78,919930.44,147045.09,0,57,0.151,1,85.3,9913257.62,5.7,0.476,0,30.3,0
MSME004790,Krishna Stores,9.2,retail,Karnataka,5,226802.36,184913.5,56700.59,0,102,0.05,0,,,,0.584,1,37.9,0
MSME004791,Annapurna Foods,5.8,retail,Bihar,18,290492.44,258899.59,53358.13,0,51,0.42,0,,,,0.506,1,43.5,0
MSME004792,Modern Plastics,3.7,trading,Uttar Pradesh,6,765146.34,702374.51,112262.32,0,29,0.152,1,63.4,9374665.74,15.1,0.484,0,15.8,0
MSME004793,Modern Enterprises,5.6,services,Delhi,4,109675.87,104933.47,0.0,2,59,0.214,1,86.5,1034522.01,3.4,0.493,0,36.4,0
MSME004794,Lakshmi Foods,20.8,manufacturing,Tamil Nadu,8,508288.54,418606.23,66574.88,0,200,0.05,1,80.7,4407346.19,8.5,0.161,0,11.9,0
MSME004795,Maruti Solutions,3.2,retail,Karnataka,47,1144916.25,1018743.54,113078.48,0,36,0.359,1,76.9,9893154.21,10.6,0.407,1,52.9,1
MSME004796,Annapurna Garments,4.0,services,Andhra Pradesh,10,130287.69,112018.54,16260.33,0,46,0.101,0,,,,0.577,1,44.2,0
MSME004797,Om Suppliers,2.7,retail,Karnataka,5,387799.31,305071.29,64335.98,0,31,0.143,1,91.9,5105633.87,8.1,0.561,0,42.5,0
MSME004798,Balaji Bakers,0.7,retail,Bihar,7,181988.85,161089.16,33920.09,0,6,0.05,1,85.0,2347106.45,25.4,0.514,0,28.6,0
MSME004799,Maruti Logistics,4.9,retail,Bihar,2,102831.52,84958.32,19475.77,0,55,0.257,0,,,,0.869,0,36.5,0
MSME004800,Krishna Fabrics,8.2,services,Telangana,2,148939.54,125479.74,20992.48,1,77,0.202,0,,,,0.639,0,31.4,0
MSME004801,Hanuman Logistics,2.3,trading,Telangana,1,240210.06,244072.37,13899.6,1,18,0.362,1,69.7,3167288.26,22.1,0.492,0,43.0,0
MSME004802,Krishna Plastics,13.3,retail,Gujarat,10,313055.27,297410.6,9863.98,1,134,0.212,0,,,,0.855,1,65.4,0
MSME004803,Kaveri Suppliers,7.1,retail,Gujarat,36,1250102.09,1209252.54,43218.48,1,68,0.411,1,77.1,12971313.99,1.5,0.543,1,58.1,0
MSME004804,New Engineering Works,10.9,services,Telangana,4,345432.6,359898.89,677.53,1,124,0.56,0,,,,0.393,0,22.2,0
MSME004805,Durga Bakers,6.6,manufacturing,Karnataka,133,999231.08,916973.16,249807.77,0,70,0.183,1,76.1,10169389.83,9.6,0.099,0,0.0,0
MSME004806,New Textiles,4.5,retail,West Bengal,29,309896.75,323693.93,28412.13,0,51,0.417,1,69.9,3502531.15,10.8,0.578,1,61.9,0
MSME004807,Shiv Bakers,3.8,services,Gujarat,16,567987.33,609365.53,60064.14,0,33,0.413,1,69.4,5006432.26,5.3,0.463,0,29.8,0
MSME004808,Royal Bakers,6.4,services,Uttar Pradesh,44,2115915.38,1838707.14,346876.78,0,53,0.256,1,81.5,22229646.14,0.8,0.296,1,40.2,1
MSME004809,Maruti Industries,6.9,trading,Rajasthan,7,325191.23,316295.67,17261.58,1,64,0.432,1,76.8,3970849.21,10.0,0.176,1,33.2,0
MSME004810,National Logistics,3.4,retail,Punjab,7,300264.47,228731.42,74959.58,0,31,0.063,0,,,,0.535,0,20.7,0
MSME004811,Kaveri Solutions,4.4,food,Tamil Nadu,2,130085.52,132760.21,6650.02,1,37,0.325,0,,,,0.583,0,17.7,1
MSME004812,Kaveri Associates,18.2,trading,Tamil Nadu,2,628512.13,593742.32,94578.57,0,202,0.204,1,86.3,5914472.57,4.6,0.199,0,18.6,0
MSME004813,Om Electricals,5.7,trading,Uttar Pradesh,8,829865.62,810302.49,46654.31,2,43,0.48,1,70.4,8503463.95,16.9,0.266,0,8.6,0
MSME004814,Krishna Bakers,6.1,manufacturing,Rajasthan,8,437100.57,407344.65,0.0,4,37,0.667,1,71.7,5195585.32,17.6,0.1,0,9.7,0
MSME004815,Sri Garments,15.3,manufacturing,Tamil Nadu,44,673053.19,621274.92,20172.91,0,148,0.376,1,79.1,6544458.53,13.5,0.098,0,8.4,0
MSME004816,Lakshmi Industries,6.9,services,Madhya Pradesh,6,222075.86,224719.85,16073.02,0,60,0.408,0,,,,0.609,0,34.5,0
MSME004817,Royal Foods,5.1,manufacturing,Uttar Pradesh,4,386377.14,372742.61,17729.13,2,25,0.334,0,,,,0.12,0,24.7,0
MSME004818,Ganesh Stores,10.6,retail,Tamil Nadu,5,655807.79,679740.52,0.0,5,113,0.531,0,,,,0.571,1,44.5,0
MSME004819,Om Plastics,9.0,manufacturing,Maharashtra,8,571606.69,543687.4,71600.14,0,102,0.198,1,93.5,6004617.5,6.4,0.211,0,9.3,0
MSME004820,Classic Foods,6.3,trading,Maharashtra,2,665316.38,672080.06,55686.2,0,65,0.475,1,90.3,5769706.04,2.1,0.404,0,21.9,1
MSME004821,Om Fabrics,6.7,manufacturing,Telangana,12,425037.31,424609.24,0.0,4,66,0.596,1,70.1,4708630.44,25.0,0.282,1,45.4,1
MSME004822,Durga Industries,4.1,trading,Kerala,1,74469.17,70905.35,6692.48,0,45,0.441,0,,,,0.398,0,20.8,0
MSME004823,Classic Foods,1.8,retail,Bihar,40,2942161.61,2816284.86,535466.43,0,13,0.143,1,90.5,36361865.13,7.2,0.597,0,26.0,0
MSME004824,Modern Plastics,8.1,trading,Andhra Pradesh,3,416851.74,382485.46,80106.63,1,88,0.319,1,95.3,3574722.85,2.2,0.278,1,27.5,0
MSME004825,Shiv Traders,1.2,manufacturing,Maharashtra,2,563658.01,604737.08,0.0,1,13,0.661,1,66.6,5765096.18,2.5,0.278,0,12.4,1
MSME004826,Vishwakarma Agencies,1.9,trading,Kerala,2,212496.02,211626.24,17699.86,0,18,0.39,1,71.2,1998824.55,6.6,0.401,0,11.2,1
MSME004827,Annapurna Caterers,4.4,manufacturing,Rajasthan,5,229072.27,243616.52,2821.08,3,43,0.605,0,,,,0.173,0,16.5,0
MSME004828,Om Caterers,4.0,retail,Bihar,9,486799.03,475441.8,13229.85,1,44,0.299,1,91.4,4732401.43,7.3,0.512,1,40.6,0
MSME004829,Classic Bakers,8.7,retail,West Bengal,7,138557.78,113664.72,25465.04,0,91,0.109,1,96.0,1399480.08,0.8,0.425,1,50.3,0
MSME004830,Shiv Electricals,10.4,services,Gujarat,24,490099.59,438336.43,31796.46,0,109,0.388,1,95.1,4304040.21,12.3,0.423,0,37.1,0
MSME004831,Ganesh Enterprises,19.9,trading,Tamil Nadu,3,650005.73,598004.64,0.0,1,135,0.404,1,62.1,5851116.13,13.8,0.433,0,34.8,0
MSME004832,Balaji Metals,1.0,services,Maharashtra,5,451983.14,430861.38,30139.67,1,7,0.376,1,63.1,4359811.72,30.8,0.371,1,48.0,0
MSME004833,Maruti Agencies,7.4,food,Gujarat,38,653585.92,492225.95,163396.48,1,65,0.05,1,95.3,7620375.05,0.0,0.608,1,57.0,0
MSME004834,Kaveri Logistics,7.2,services,Rajasthan,5,921536.75,1010426.78,0.0,4,42,0.588,1,73.6,9307876.15,16.8,0.564,1,63.7,1
MSME004835,Modern Industries,6.5,trading,Haryana,4,496792.15,502889.56,55368.95,5,70,0.352,1,81.0,5382963.08,8.8,0.278,0,30.6,0
MSME004836,Om Stores,8.1,trading,Maharashtra,10,187068.96,181387.89,4136.06,4,65,0.428,0,,,,0.444,0,15.7,0
MSME004837,Balaji Associates,9.3,food,West Bengal,10,349481.82,328616.65,8984.14,2,106,0.657,1,72.3,4148937.21,12.7,0.467,1,38.1,0
MSME004838,Sai Caterers,13.6,services,Karnataka,22,1594150.45,1350127.59,313547.39,0,138,0.05,1,100.0,17911797.23,0.0,0.55,0,20.8,0
MSME004839,Royal Industries,6.7,manufacturing,Maharashtra,10,504174.81,539425.0,0.0,9,59,0.621,1,82.9,6126555.17,10.2,0.103,0,1.1,1
MSME004840,Classic Exports,16.5,trading,Tamil Nadu,5,1205304.41,1172133.99,113511.53,0,136,0.322,1,90.1,10204408.58,1.1,0.24,0,11.0,0
MSME004841,New Solutions,6.7,services,Gujarat,8,714916.92,643034.9,85620.78,1,74,0.295,1,72.1,8342753.74,14.5,0.252,0,29.6,0
MSME004842,Balaji Agencies,3.6,retail,Rajasthan,8,344622.18,317850.13,38374.84,0,29,0.307,1,75.8,4066726.42,13.9,0.789,0,45.1,0
MSME004843,Sai Stores,6.2,services,Uttar Pradesh,8,224727.62,246238.21,6854.78,9,67,0.547,1,59.9,2286119.01,19.1,0.619,1,55.0,1
MSME004844,Annapurna Textiles,2.5,manufacturing,Maharashtra,2,442836.17,424841.36,32792.74,1,28,0.288,1,97.5,5264541.38,0.0,0.175,0,24.7,0
MSME004845,New Logistics,2.6,food,Tamil Nadu,184,1841252.21,1747839.21,126301.24,0,26,0.386,1,92.7,23589348.89,12.8,0.442,1,48.0,0
MSME004846,New Engineering Works,4.7,retail,Andhra Pradesh,10,193709.6,154645.23,34510.13,0,45,0.239,1,84.5,1876381.9,0.0,0.502,1,60.6,0
MSME004847,National Associates,4.2,manufacturing,Telangana,10,638630.74,577962.44,98938.89,0,47,0.285,1,95.2,6400575.62,6.3,0.145,0,0.0,1
MSME004848,Sai Bakers,13.3,retail,Uttar Pradesh,8,140379.14,105284.35,33049.44,0,141,0.156,0,,,,0.826,0,56.7,0
MSME004849,Annapurna Stores,4.6,trading,West Bengal,6,379028.67,356831.34,67888.67,0,48,0.231,1,79.6,4607586.41,16.6,0.177,0,7.8,0
MSME004850,Classic Plastics,2.2,services,Delhi,5,142150.02,127457.99,18399.7,0,20,0.279,0,,,,0.387,0,18.7,1
MSME004851,Classic Textiles,5.4,trading,Uttar Pradesh,65,1279675.1,1355138.64,183247.01,2,55,0.407,1,86.9,11639146.79,2.7,0.214,0,0.0,0
MSME004852,Sri Electricals,6.6,trading,Maharashtra,11,375701.18,302921.79,67608.49,0,68,0.068,1,81.7,4622006.56,8.5,0.103,1,25.4,0
MSME004853,Balaji Metals,5.8,services,Maharashtra,3,572138.56,588913.15,55708.65,0,64,0.45,1,98.0,6961089.09,0.0,0.595,1,45.7,0
MSME004854,Sai Foods,2.1,services,Uttar Pradesh,41,495821.57,466704.17,64249.16,0,8,0.257,1,74.2,5495430.31,8.0,0.456,1,51.7,0
MSME004855,Sai Stores,14.3,services,Telangana,44,481778.11,413757.41,53473.2,0,163,0.238,1,67.4,6191964.26,6.3,0.366,0,11.1,0
MSME004856,Durga Plastics,0.9,trading,Telangana,1,109293.69,100809.55,4276.43,3,6,0.418,0,,,,0.158,0,0.0,0
MSME004857,National Electricals,5.8,services,Karnataka,38,808821.57,745023.13,75827.36,0,58,0.262,1,91.4,8450046.29,11.5,0.666,0,41.9,0
MSME004858,Hanuman Logistics,2.0,trading,Tamil Nadu,17,820638.1,749787.41,71639.0,0,22,0.338,1,91.5,8787306.05,0.9,0.247,0,6.8,1
MSME004859,Lakshmi Agencies,11.1,retail,Telangana,29,1068002.86,945397.85,213519.2,0,128,0.188,1,77.2,11561792.98,8.9,0.869,1,65.6,0
MSME004860,New Engineering Works,7.4,trading,Uttar Pradesh,10,764538.49,608781.68,155617.42,0,84,0.256,1,73.9,7310807.58,6.6,0.366,0,43.0,1
MSME004861,Sai Garments,6.6,services,Uttar Pradesh,3,377344.89,372296.39,59484.26,0,76,0.453,1,86.7,4609956.07,10.4,0.412,0,16.9,0
MSME004862,National Fabrics,4.4,retail,Maharashtra,32,910671.79,896934.68,127788.63,1,36,0.281,1,78.0,8909763.41,6.3,0.682,0,46.4,0
MSME004863,Royal Bakers,13.5,retail,Andhra Pradesh,4,513212.77,395343.68,83272.24,0,123,0.169,1,96.4,4363042.96,0.0,0.673,1,51.1,0
MSME004864,Sri Suppliers,4.4,food,Madhya Pradesh,139,1385474.15,1464694.89,28730.04,4,51,0.459,1,61.8,15951237.99,21.8,0.766,0,44.8,1
MSME004865,Royal Stores,17.5,manufacturing,West Bengal,5,209195.99,212136.69,25135.93,1,182,0.209,1,100.0,2657300.19,8.6,0.216,0,17.2,0
MSME004866,Krishna Fabrics,2.5,services,Bihar,7,303314.1,316658.39,0.0,3,24,0.673,0,,,,0.674,1,45.8,0
MSME004867,Shiv Engineering Works,5.4,manufacturing,Uttar Pradesh,42,377867.96,323009.26,56116.7,0,51,0.183,1,81.9,3314643.57,0.0,0.135,0,0.0,0
MSME004868,Ganesh Engineering Works,9.2,food,Gujarat,3,316369.83,298117.06,35008.06,0,61,0.418,1,79.1,3875709.86,16.9,0.482,0,37.2,0
MSME004869,Classic Plastics,7.8,services,Telangana,3,741695.64,765147.27,35942.17,3,84,0.53,1,91.2,7304707.73,0.0,0.63,0,30.8,0
MSME004870,Durga Suppliers,5.1,retail,Kerala,42,1166440.54,1070557.4,177032.97,0,36,0.401,1,89.8,10754923.67,0.0,0.502,1,53.3,0
MSME004871,Annapurna Suppliers,1.0,services,Karnataka,46,494929.91,427587.06,77622.16,1,8,0.16,1,77.3,6100161.91,8.6,0.432,0,33.4,0
MSME004872,Modern Textiles,6.1,food,Maharashtra,4,379646.12,297503.94,94911.53,0,64,0.05,1,95.1,3412532.34,5.1,0.841,0,57.9,0
MSME004873,Sai Fabrics,3.9,services,Punjab,4,399975.05,439972.55,7767.16,8,26,0.643,1,75.9,4286721.04,8.9,0.588,0,26.6,0
MSME004874,Krishna Agencies,3.2,retail,Gujarat,1,261465.05,257904.81,17834.89,2,27,0.264,0,,,,0.617,1,58.7,0
MSME004875,Annapurna Bakers,9.5,food,Tamil Nadu,4,140389.67,125010.73,16979.91,2,69,0.248,0,,,,0.471,1,46.1,0
MSME004876,Durga Logistics,0.8,manufacturing,Maharashtra,36,1815144.5,1754615.09,143202.55,0,7,0.284,1,84.9,16104881.09,8.0,0.195,0,8.9,0
MSME004877,Vishwakarma Solutions,5.2,trading,Maharashtra,6,238993.71,216143.89,46025.43,0,38,0.403,1,85.9,2054672.28,0.0,0.134,0,1.6,0
MSME004878,Vishwakarma Suppliers,0.5,food,West Bengal,5,251402.22,220021.33,39248.3,1,6,0.393,1,93.6,3055029.97,12.1,0.672,1,58.0,0
MSME004879,Durga Garments,7.8,services,West Bengal,4,559482.94,485187.17,97611.83,0,84,0.131,1,86.3,6945112.4,6.3,0.568,1,74.0,0
MSME004880,New Textiles,9.6,manufacturing,Uttar Pradesh,10,486742.08,438314.91,31772.79,0,100,0.332,1,79.5,5557061.92,3.9,0.21,0,6.8,0
MSME004881,Maruti Agencies,6.0,food,Uttar Pradesh,3,275298.0,228967.62,34253.9,0,65,0.15,1,90.5,2818994.69,1.6,0.85,1,47.4,0
MSME004882,Modern Bakers,3.6,retail,Karnataka,9,477480.39,429620.2,60104.38,0,35,0.613,1,66.5,6215056.24,23.8,0.626,1,57.0,0
MSME004883,Shiv Agencies,13.4,manufacturing,Rajasthan,48,996124.23,765651.92,179130.49,0,151,0.05,1,99.6,10868655.45,3.1,0.245,0,0.0,0
MSME004884,Annapurna Enterprises,14.0,trading,Tamil Nadu,122,1210606.1,1331666.71,0.0,2,157,0.567,1,65.9,12489793.17,14.5,0.215,0,14.8,0
MSME004885,Shree Foods,6.9,manufacturing,Uttar Pradesh,7,603577.48,531374.18,37038.72,2,50,0.393,1,53.8,7401271.65,17.6,0.206,0,9.6,0
MSME004886,Kaveri Associates,15.4,manufacturing,Andhra Pradesh,43,968192.36,1022956.04,0.0,6,149,0.406,1,99.9,11175850.1,4.4,0.252,1,57.8,0
MSME004887,Durga Suppliers,2.5,manufacturing,Haryana,7,327897.39,275937.9,63835.39,0,27,0.165,1,89.6,4183544.98,0.0,0.219,0,21.0,0
MSME004888,Om Solutions,4.8,manufacturing,Gujarat,3,177042.23,148548.62,30694.19,0,39,0.079,1,71.1,2199006.13,14.5,0.253,0,0.0,0
MSME004889,Ganesh Caterers,0.5,manufacturing,Madhya Pradesh,10,1034924.97,1068525.81,6224.1,5,6,0.612,1,73.6,12603419.58,9.6,0.137,0,0.0,1
MSME004890,Shiv Garments,1.9,retail,Andhra Pradesh,5,664485.19,615134.13,154445.6,0,15,0.163,1,78.6,7733430.34,1.9,0.804,0,41.3,0
MSME004891,National Associates,1.7,trading,Maharashtra,6,550043.47,579634.49,12368.02,9,18,0.48,0,,,,0.329,0,20.3,1
MSME004892,Krishna Metals,7.8,retail,Kerala,19,671685.12,615984.06,74764.28,0,86,0.202,1,78.2,8345350.4,1.8,0.577,0,40.0,0
MSME004893,Sai Traders,2.0,manufacturing,Rajasthan,3,251026.38,221640.42,52360.28,0,19,0.334,1,51.1,2672722.06,18.4,0.238,0,18.2,0
MSME004894,Shree Associates,3.0,services,Karnataka,5,92366.47,89292.39,4356.86,2,27,0.337,1,80.3,981730.56,0.0,0.319,0,22.1,0
MSME004895,Shiv Plastics,3.3,services,Karnataka,7,341036.73,337680.38,63374.96,0,23,0.269,1,89.0,3949417.01,2.1,0.481,0,21.8,0
MSME004896,Vishwakarma Fabrics,1.5,retail,Tamil Nadu,237,423529.77,391957.15,65562.86,0,13,0.371,1,69.7,4124574.99,6.8,0.563,0,27.7,0
MSME004897,Royal Metals,5.7,services,Telangana,10,482066.87,464247.45,20602.52,4,56,0.25,1,89.0,6163082.15,5.6,0.475,0,29.0,1
MSME004898,Krishna Stores,6.5,trading,Bihar,222,2790625.69,2566175.98,220437.73,0,52,0.428,1,90.0,32059035.35,4.5,0.139,0,10.5,1
MSME004899,New Stores,1.2,food,Maharashtra,103,547322.06,557854.79,6781.02,2,8,0.938,1,83.5,4933764.49,9.9,0.572,1,60.5,1
MSME004900,Krishna Stores,8.7,manufacturing,Karnataka,9,425795.54,437331.38,39130.98,0,83,0.215,0,,,,0.274,0,7.1,0
MSME004901,Ganesh Associates,2.4,trading,Delhi,2,188453.54,186812.01,9595.89,3,17,0.411,0,,,,0.22,0,11.5,1
MSME004902,Durga Foods,3.3,manufacturing,Andhra Pradesh,1,305185.54,257506.25,65321.88,0,26,0.05,1,79.7,3751144.19,7.7,0.041,0,10.9,0
MSME004903,Hanuman Engineering Works,7.5,retail,West Bengal,10,453200.5,477147.48,11535.52,1,77,0.528,1,65.0,4220871.51,16.1,0.893,1,68.6,0
MSME004904,Sri Logistics,3.3,retail,Uttar Pradesh,9,255243.49,204096.84,42764.99,0,36,0.149,0,,,,0.673,1,66.4,0
MSME004905,Annapurna Suppliers,1.9,services,Gujarat,39,1086019.46,999789.91,134996.94,0,21,0.5,1,78.4,9416623.48,9.4,0.339,0,10.6,1
MSME004906,Hanuman Foods,5.4,services,Uttar Pradesh,14,2131858.17,1853572.89,314149.07,0,56,0.22,1,79.3,20153096.18,18.3,0.627,0,33.8,0
MSME004907,Lakshmi Bakers,11.2,retail,Telangana,2,545759.66,569338.14,0.0,5,113,0.579,1,61.5,5501197.55,12.0,0.767,0,47.7,0
MSME004908,New Solutions,10.2,retail,Bihar,9,420694.71,408051.61,30326.54,0,115,0.156,1,80.1,5381954.86,21.5,0.721,0,47.0,0
MSME004909,New Suppliers,3.0,trading,Kerala,8,465919.25,440991.53,6530.44,3,27,0.407,1,67.9,5477607.44,3.0,0.191,0,2.6,0
MSME004910,Hanuman Foods,2.2,retail,Maharashtra,10,347983.04,307673.15,86995.76,0,21,0.05,1,100.0,3222269.14,2.4,0.712,1,36.0,0
MSME004911,Classic Caterers,2.7,trading,Punjab,2,244266.92,238620.75,19277.21,0,23,0.45,1,71.8,3205776.69,8.1,0.176,0,21.9,0
MSME004912,Om Foods,10.3,trading,Punjab,41,1383983.7,1182479.44,274252.53,0,105,0.242,1,76.5,13447938.04,0.0,0.115,0,17.7,0
MSME004913,Shree Exports,2.6,food,Madhya Pradesh,9,637470.08,583577.78,134480.37,0,23,0.083,1,78.0,7174919.05,16.3,0.821,1,52.5,0
MSME004914,Hanuman Bakers,14.9,trading,Kerala,4,212404.5,171305.18,41295.85,1,137,0.189,1,94.6,1842476.17,4.1,0.473,0,30.4,0
MSME004915,New Garments,7.4,retail,Rajasthan,6,483746.02,457395.27,46005.56,0,55,0.351,1,71.5,6013212.25,16.0,0.667,0,37.5,0
MSME004916,Balaji Foods,4.9,retail,Tamil Nadu,3,590830.1,483259.14,136993.46,0,48,0.052,1,84.9,7378012.72,3.2,0.506,0,40.2,0
MSME004917,Balaji Enterprises,3.0,retail,Uttar Pradesh,19,462280.56,346710.42,115570.14,0,24,0.055,1,86.7,4958821.87,11.7,0.532,1,65.8,0
MSME004918,Lakshmi Agencies,5.5,manufacturing,Maharashtra,22,675381.72,602730.39,61252.1,0,42,0.158,1,96.4,7138627.67,0.3,0.186,0,18.6,0
MSME004919,National Stores,1.9,trading,Maharashtra,1,389619.31,414992.0,11111.25,5,21,0.275,1,65.6,4785142.3,21.6,0.47,0,23.0,1
MSME004920,Om Logistics,1.2,retail,Madhya Pradesh,7,617171.52,667591.09,32578.17,6,11,0.499,1,77.0,5623981.21,8.1,0.843,0,24.7,0
MSME004921,Modern Foods,7.4,food,Tamil Nadu,33,689235.98,649148.41,115088.16,2,79,0.173,1,96.7,8337275.7,8.5,0.494,0,31.1,0
MSME004922,Royal Textiles,4.9,manufacturing,Maharashtra,1,342546.4,337269.29,35918.14,0,50,0.406,1,67.9,4314857.86,17.3,0.045,0,0.0,0
MSME004923,Krishna Logistics,8.9,retail,Maharashtra,5,463430.98,436495.9,67254.93,0,68,0.115,1,77.3,5292513.08,20.1,0.714,0,23.0,0
MSME004924,Durga Textiles,6.3,retail,Madhya Pradesh,182,952935.12,955579.51,25247.97,0,64,0.573,1,92.1,9179232.86,7.2,0.77,1,93.4,0
MSME004925,Ganesh Enterprises,2.9,manufacturing,Delhi,2,198644.05,200605.13,8064.36,0,19,0.296,0,,,,0.171,0,2.9,0
MSME004926,Sai Plastics,10.2,services,Gujarat,10,185031.31,148485.66,46257.83,2,116,0.131,0,,,,0.395,0,26.5,0
MSME004927,Maruti Associates,3.3,food,Bihar,5,426802.7,393239.01,52500.68,0,34,0.199,1,59.5,5230491.98,23.9,0.637,0,42.9,0
MSME004928,Krishna Foods,12.3,retail,Punjab,2,301046.5,281035.66,14433.93,2,99,0.228,0,,,,0.872,1,76.9,0
MSME004929,Annapurna Foods,3.2,manufacturing,Madhya Pradesh,26,1025249.5,938292.16,146202.59,0,35,0.416,1,79.1,8703940.37,10.7,0.044,1,1.8,0
MSME004930,Kaveri Foods,1.4,retail,Bihar,36,431044.0,456784.44,3408.56,2,12,0.467,1,80.9,5636387.13,17.3,0.515,0,41.8,0
MSME004931,Shree Electricals,13.9,trading,West Bengal,10,564157.75,608312.37,20625.09,1,112,0.318,1,91.6,5846004.62,5.5,0.305,0,16.3,0
MSME004932,Sri Traders,3.1,manufacturing,Punjab,7,560299.32,574438.5,39087.5,0,29,0.542,1,74.0,6663940.2,3.0,0.203,0,15.2,0
MSME004933,Royal Traders,3.3,services,Tamil Nadu,31,1239379.56,1118663.36,153091.75,0,32,0.18,1,85.8,13978936.99,9.7,0.688,0,31.3,0
MSME004934,National Agencies,1.5,retail,Telangana,2,453149.25,445259.01,14747.85,4,16,0.321,1,71.3,5464667.26,21.6,0.896,1,66.1,1
MSME004935,Maruti Traders,4.6,retail,Gujarat,4,232864.12,242549.58,15160.99,3,45,0.518,1,80.2,2050030.27,10.2,0.545,1,47.3,0
MSME004936,Krishna Electricals,1.7,manufacturing,Uttar Pradesh,6,675932.12,638905.0,98417.91,0,18,0.218,1,96.4,8186803.11,2.8,0.116,0,0.0,0
MSME004937,Modern Associates,13.3,retail,Bihar,8,286093.9,249346.41,12308.42,1,129,0.45,0,,,,0.517,1,47.9,0
MSME004938,Krishna Traders,3.7,trading,Telangana,10,126693.74,124460.85,3125.98,4,40,0.425,0,,,,0.301,0,27.5,0
MSME004939,Lakshmi Suppliers,2.2,retail,Andhra Pradesh,9,1155181.59,947837.44,186483.0,0,11,0.272,1,82.1,12404467.77,3.9,0.48,0,22.5,0
MSME004940,Ganesh Suppliers,5.3,retail,Delhi,1,187142.05,165985.86,21689.16,0,54,0.42,0,,,,0.76,0,46.7,0
MSME004941,Sri Associates,21.6,manufacturing,Bihar,5,858460.77,756842.84,72709.43,0,208,0.261,1,75.0,9731033.01,3.7,0.055,0,0.0,0
MSME004942,Vishwakarma Suppliers,5.4,retail,Karnataka,1,159866.75,138170.63,15602.12,0,57,0.308,1,85.6,1510611.21,0.0,0.69,1,66.6,1
MSME004943,National Metals,4.1,trading,Delhi,4,259223.87,217092.34,31039.03,0,35,0.103,0,,,,0.109,0,5.6,0
MSME004944,Royal Enterprises,5.2,services,Uttar Pradesh,36,475097.21,410774.28,55882.51,0,39,0.259,1,79.3,4616663.83,14.9,0.424,1,42.8,0
MSME004945,Shree Textiles,9.3,retail,Maharashtra,3,368472.71,348097.44,36934.05,0,94,0.282,0,,,,0.876,0,35.5,0
MSME004946,Sri Electricals,8.7,services,Rajasthan,3,333399.63,293678.48,55734.26,0,93,0.397,1,72.7,3981279.51,26.3,0.274,0,18.5,0
MSME004947,Maruti Stores,6.2,trading,Karnataka,3,487087.15,452590.91,69974.58,0,68,0.382,1,85.5,5472400.62,12.9,0.206,0,2.5,0
MSME004948,Om Bakers,10.5,manufacturing,Madhya Pradesh,5,368865.97,364459.85,27054.41,0,118,0.369,1,87.2,4005045.66,8.2,0.231,0,17.2,0
MSME004949,Lakshmi Caterers,5.4,manufacturing,Telangana,5,495551.44,473929.13,61123.13,0,39,0.342,1,72.5,5052424.19,22.4,0.119,0,0.0,0
MSME004950,Maruti Associates,4.4,manufacturing,Maharashtra,10,375917.3,406887.75,3693.93,7,44,0.413,1,67.9,3300132.53,12.5,0.138,0,1.1,0
MSME004951,Ganesh Exports,5.3,trading,Telangana,5,970050.82,1020685.25,13465.24,7,54,0.484,1,63.1,12199668.26,17.1,0.409,0,2.8,1
MSME004952,Sai Exports,3.2,manufacturing,West Bengal,1,144586.93,127957.46,17273.36,0,32,0.333,1,67.8,1329188.52,5.4,0.13,1,22.9,0
MSME004953,New Enterprises,9.4,services,Delhi,6,237473.11,196440.24,22924.22,0,61,0.21,0,,,,0.516,0,24.1,0
MSME004954,Balaji Plastics,3.1,trading,Gujarat,34,611686.8,672855.48,0.0,4,26,0.57,1,65.4,7800350.07,19.5,0.451,0,36.6,0
MSME004955,Maruti Garments,0.6,retail,West Bengal,4,1301595.21,1188451.64,81791.12,0,6,0.404,1,72.4,11601344.86,11.4,0.508,0,40.8,1
MSME004956,Annapurna Foods,1.2,retail,Bihar,142,1570225.05,1404890.85,143441.02,0,12,0.317,1,89.0,16229567.5,4.7,0.568,1,65.3,1
MSME004957,Annapurna Fabrics,6.7,retail,Karnataka,2,177378.82,136478.11,35235.85,0,61,0.121,1,76.5,1590275.92,4.3,0.497,0,32.4,0
MSME004958,Maruti Metals,2.6,retail,Uttar Pradesh,7,651268.65,488451.49,162817.16,0,16,0.05,1,88.3,7738846.35,15.5,0.575,0,33.1,0
MSME004959,Classic Electricals,8.8,food,Maharashtra,7,452257.8,457240.6,36631.02,0,83,0.32,1,76.2,5205551.29,0.5,0.491,0,21.3,0
MSME004960,Classic Caterers,4.9,food,Maharashtra,19,535478.29,428534.17,133869.57,0,46,0.05,1,90.5,5497580.06,15.7,0.828,0,43.3,0
MSME004961,Maruti Industries,9.3,retail,Rajasthan,4,512925.75,444532.18,80923.52,0,89,0.192,1,90.1,6249930.58,0.9,0.593,1,51.3,1
MSME004962,Om Caterers,0.7,food,West Bengal,217,993532.1,843090.43,174261.68,0,6,0.254,1,70.6,12979926.7,3.7,0.629,0,44.1,0
MSME004963,Modern Fabrics,3.0,services,Karnataka,38,716543.95,781277.52,386.43,7,31,0.525,1,70.7,8457493.28,12.4,0.605,0,29.4,1
MSME004964,Kaveri Foods,2.2,trading,Madhya Pradesh,3,157685.06,136464.0,23583.57,0,12,0.267,1,91.2,2061398.98,4.0,0.406,0,32.3,0
MSME004965,Classic Stores,24.5,food,Maharashtra,5,680254.83,605854.63,122095.63,0,141,0.083,1,81.8,7146551.85,9.7,0.728,1,52.4,0
MSME004966,Balaji Electricals,3.5,services,Uttar Pradesh,5,276126.25,282153.48,0.0,2,34,0.485,1,92.8,2775886.53,0.5,0.526,1,67.6,0
MSME004967,Kaveri Fabrics,1.2,services,Bihar,10,220564.21,242620.63,0.0,4,10,0.831,0,,,,0.277,0,8.4,1
MSME004968,Ganesh Textiles,6.6,retail,Telangana,49,565650.82,496085.02,38352.53,0,77,0.333,1,92.3,6716785.64,8.6,0.412,0,18.6,0
MSME004969,Shree Foods,2.0,retail,Madhya Pradesh,33,513137.04,449032.51,51027.95,0,22,0.33,1,91.5,6673149.09,5.5,0.545,1,57.2,0
MSME004970,National Electricals,10.1,food,Bihar,1,121659.8,94982.07,30414.95,0,88,0.05,1,69.6,1235616.81,12.4,0.728,0,27.4,0
MSME004971,Royal Textiles,11.3,retail,Punjab,2,435051.22,436892.94,27749.52,2,122,0.374,1,87.6,4384484.84,22.0,0.825,1,70.1,0
MSME004972,Maruti Electricals,2.2,retail,Delhi,8,737242.29,795444.59,17719.89,2,18,0.354,1,81.8,6488536.19,7.3,0.458,1,46.0,0
MSME004973,National Suppliers,2.7,retail,West Bengal,35,229525.1,241067.72,10918.68,1,28,0.446,0,,,,0.775,1,78.2,0
MSME004974,New Suppliers,6.1,trading,Tamil Nadu,10,401731.88,378082.35,46183.3,0,54,0.504,1,79.3,3913170.16,7.8,0.288,0,10.0,0
MSME004975,National Associates,10.3,trading,Maharashtra,7,375143.98,301129.75,93785.99,0,98,0.05,1,100.0,3229519.49,8.5,0.342,0,31.4,0
MSME004976,National Textiles,6.7,food,West Bengal,4,261538.68,266144.56,0.0,3,77,0.491,1,97.0,2735947.75,3.2,0.668,1,62.8,0
MSME004977,Krishna Foods,3.5,trading,Rajasthan,39,2057159.46,2019894.13,119157.21,1,19,0.495,1,85.9,21986225.1,1.9,0.252,0,6.6,0
MSME004978,Balaji Caterers,1.4,manufacturing,Uttar Pradesh,3,265454.45,243482.69,36127.09,0,14,0.307,0,,,,0.133,1,34.7,0
MSME004979,Classic Engineering Works,15.9,services,Uttar Pradesh,9,996369.46,759955.16,249092.37,0,148,0.05,1,82.7,11829939.76,12.7,0.61,0,34.8,0
MSME004980,Hanuman Industries,6.8,trading,Delhi,14,544723.98,459200.67,53881.08,0,76,0.075,1,92.8,6754332.79,0.6,0.331,0,8.6,0
MSME004981,Classic Plastics,18.2,retail,Maharashtra,17,1286366.15,1135121.48,308189.75,0,174,0.157,0,,,,0.47,1,46.7,0
MSME004982,Modern Traders,7.5,retail,Telangana,7,349216.06,325177.75,41633.81,1,70,0.46,1,98.5,3018965.54,15.0,0.743,1,66.6,0
MSME004983,Annapurna Electricals,16.6,manufacturing,Kerala,33,677784.85,642501.28,59757.95,0,188,0.44,1,79.1,8284893.69,19.6,0.121,0,17.7,0
MSME004984,Vishwakarma Bakers,2.5,manufacturing,Madhya Pradesh,5,478657.71,474224.67,32885.78,0,16,0.304,1,58.5,5573897.64,26.0,0.283,1,52.6,0
MSME004985,Annapurna Engineering Works,2.7,trading,Maharashtra,5,880044.54,784117.57,94021.77,1,27,0.399,1,88.7,10025933.62,7.2,0.195,1,32.7,1
MSME004986,Sai Logistics,4.3,food,Andhra Pradesh,2,254336.73,224608.12,9009.53,2,43,0.239,0,,,,0.8,0,51.9,0
MSME004987,Modern Plastics,2.3,manufacturing,West Bengal,9,649582.99,636617.95,83739.97,1,14,0.205,1,91.2,6959800.25,12.0,0.199,0,26.0,0
MSME004988,Classic Agencies,1.0,retail,Tamil Nadu,26,874661.75,745541.73,161286.38,0,9,0.177,1,86.7,10607484.8,0.0,0.484,1,47.5,0
MSME004989,Classic Stores,2.9,services,West Bengal,1,133791.58,128064.2,9940.78,0,31,0.522,0,,,,0.584,0,26.7,0
MSME004990,Royal Associates,7.4,manufacturing,Uttar Pradesh,10,719309.52,717158.71,62339.55,2,58,0.383,1,86.2,7079557.85,2.9,0.099,0,3.9,0
MSME004991,Hanuman Electricals,1.6,manufacturing,Madhya Pradesh,38,633632.85,633636.79,0.0,5,14,0.41,1,71.9,5440907.32,9.5,0.24,0,21.6,1
MSME004992,Om Foods,1.8,retail,Kerala,2,637116.34,569701.32,74362.3,1,14,0.229,1,93.9,8082179.05,6.2,0.757,1,72.5,0
MSME004993,Modern Caterers,3.1,retail,Karnataka,2,357101.65,287627.66,39686.39,0,25,0.182,1,84.2,3426059.4,11.4,0.513,1,52.2,0
MSME004994,Krishna Textiles,2.1,trading,Delhi,1,388922.16,328622.61,87457.68,0,20,0.05,1,86.3,5129353.43,2.3,0.432,0,28.8,0
MSME004995,Hanuman Solutions,3.2,retail,Rajasthan,47,240115.28,216676.05,60028.82,2,29,0.06,1,71.6,2937525.33,3.3,0.412,0,9.7,0
MSME004996,Kaveri Plastics,4.6,retail,Andhra Pradesh,5,552049.01,577442.41,20206.89,2,38,0.343,1,64.1,6813390.09,23.0,0.605,0,23.0,1
MSME004997,Sri Solutions,1.7,services,Bihar,149,894421.71,813546.68,108164.32,0,12,0.261,1,81.4,8081388.67,11.0,0.341,1,50.2,0
MSME004998,National Agencies,3.1,trading,Maharashtra,42,373376.68,361385.3,42903.75,0,30,0.352,1,76.3,4229776.66,10.2,0.243,0,0.0,0
MSME004999,Durga Associates,4.9,retail,Kerala,19,590524.27,631234.48,0.0,5,51,0.549,1,72.0,5245768.28,7.4,0.464,1,43.9,0
MSME005000,Shiv Suppliers,2.4,services,Kerala,23,243121.11,224855.11,29341.69,0,26,0.361,1,70.7,2273285.55,15.7,0.588,1,68.0,0
